0 0
1 31
2 29
3 26
4 24
5 14
6 15
7 12
8 2
9 4
10 3
11 6
12 0
13 2
14 3
15 1
16 1
17 0
18 1
19 1
20 1
21 0
22 0
23 1
24 0
25 0
26 0
27 0
28 0
29 0
30 1
31 0
32 0
33 0
34 0
35 0
36 0
37 0
38 0
39 0
40 0
41 0
42 0
43 0
44 0
45 1
46 2
47 2
48 0
49 1
50 0
51 0
52 0
53 1
54 0
55 2
56 2
57 1
58 1
59 1
60 2
61 0
62 2
63 3
64 3
65 5
66 5
67 3
68 6
69 3
70 5
71 7
72 6
73 4
74 5
75 6
76 15
77 15
78 12
79 14
80 14
81 13
82 16
83 14
84 10
85 13
86 14
87 12
88 15
89 19
90 16
91 21
92 16
93 12
94 24
95 22
96 12
97 14
98 27
99 30
100 33
101 37
102 27
103 30
104 20
105 16
106 20
107 25
108 30
109 26
110 27
111 35
112 29
113 19
114 26
115 30
116 28
117 38
118 45
119 42
120 41
121 32
122 29
123 39
124 41
125 40
126 29
127 38
128 33
129 40
130 32
131 37
132 49
133 36
134 37
135 37
136 32
137 35
138 26
139 34
140 35
141 35
142 43
143 34
144 47
145 34
146 47
147 38
148 45
149 48
150 43
151 46
152 33
153 33
154 46
155 38
156 45
157 34
158 29
159 30
160 39
161 39
162 44
163 35
164 41
165 33
166 41
167 48
168 35
169 33
170 33
171 41
172 37
173 46
174 37
175 34
176 32
177 32
178 36
179 52
180 51
181 40
182 35
183 37
184 36
185 39
186 35
187 38
188 37
189 41
190 42
191 45
192 50
193 36
194 47
195 42
196 44
197 38
198 40
199 38
200 41
201 48
202 48
203 37
204 46
205 41
206 42
207 48
208 39
209 40
210 41
211 34
212 45
213 36
214 31
215 41
216 34
217 44
218 47
219 42
220 37
221 50
222 46
223 41
224 36
225 42
226 48
227 51
228 53
229 51
230 46
231 44
232 38
233 53
234 49
235 40
236 37
237 47
238 42
239 40
240 47
241 49
242 36
243 39
244 43
245 51
246 50
247 40
248 53
249 51
250 49
251 45
252 45
253 47
254 44
255 40
256 55
257 45
258 45
259 42
260 47
261 50
262 50
263 50
264 44
265 49
266 41
267 39
268 51
269 42
270 50
271 40
272 53
273 55
274 44
275 44
276 42
277 49
278 52
279 37
280 51
281 61
282 49
283 46
284 42
285 39
286 49
287 49
288 44
289 49
290 45
291 50
292 52
293 51
294 44
295 51
296 45
297 56
298 48
299 56
300 42
301 42
302 51
303 46
304 51
305 49
306 50
307 47
308 48
309 51
310 44
311 53
312 48
313 53
314 52
315 42
316 57
317 49
318 51
319 52
320 55
321 44
322 50
323 46
324 61
325 44
326 50
327 43
328 43
329 50
330 46
331 42
332 39
333 47
334 58
335 50
336 50
337 41
338 54
339 43
340 51
341 52
342 47
343 56
344 48
345 44
346 54
347 51
348 41
349 44
350 52
351 63
352 45
353 55
354 42
355 49
356 60
357 52
358 58
359 46
360 40
361 51
362 45
363 44
364 47
365 57
366 47
367 47
368 51
369 45
370 48
371 63
372 49
373 45
374 44
375 44
376 46
377 44
378 53
379 43
380 55
381 32
382 38
383 51
384 35
385 49
386 50
387 32
388 56
389 50
390 51
391 63
392 56
393 48
394 48
395 54
396 49
397 41
398 50
399 50
400 48
401 51
402 49
403 49
404 56
405 50
406 44
407 52
408 41
409 47
410 52
411 52
412 50
413 55
414 45
415 57
416 35
417 58
418 54
419 52
420 42
421 50
422 47
423 53
424 45
425 47
426 36
427 39
428 52
429 45
430 35
431 46
432 55
433 44
434 46
435 57
436 41
437 60
438 57
439 47
440 47
441 51
442 46
443 54
444 43
445 45
446 39
447 56
448 37
449 53
450 43
451 38
452 44
453 47
454 48
455 43
456 48
457 38
458 42
459 45
460 53
461 43
462 71
463 43
464 53
465 42
466 42
467 36
468 56
469 48
470 54
471 56
472 52
473 48
474 55
475 36
476 47
477 42
478 35
479 43
480 55
481 60
482 49
483 65
484 53
485 50
486 59
487 55
488 53
489 45
490 31
491 55
492 47
493 47
494 44
495 44
496 46
497 59
498 27
499 45
500 47
501 50
502 44
503 43
504 55
505 51
506 41
507 51
508 36
509 52
510 45
511 56
512 62
513 42
514 56
515 47
516 39
517 59
518 43
519 48
520 52
521 44
522 42
523 39
524 61
525 54
526 49
527 59
528 46
529 46
530 48
531 41
532 42
533 47
534 60
535 44
536 54
537 37
538 56
539 48
540 48
541 55
542 50
543 54
544 53
545 42
546 46
547 57
548 48
549 59
550 42
551 46
552 53
553 51
554 51
555 36
556 57
557 49
558 48
559 59
560 53
561 55
562 36
563 61
564 41
565 35
566 53
567 51
568 38
569 44
570 53
571 51
572 53
573 57
574 53
575 50
576 45
577 51
578 44
579 50
580 42
581 46
582 50
583 43
584 50
585 58
586 42
587 51
588 55
589 50
590 48
591 50
592 54
593 36
594 36
595 61
596 36
597 56
598 49
599 45
600 50
601 40
602 42
603 45
604 46
605 56
606 53
607 44
608 52
609 40
610 51
611 43
612 38
613 50
614 56
615 57
616 41
617 54
618 32
619 41
620 54
621 54
622 53
623 64
624 49
625 52
626 60
627 44
628 48
629 51
630 34
631 55
632 44
633 50
634 50
635 66
636 36
637 54
638 37
639 56
640 41
641 30
642 57
643 60
644 42
645 67
646 56
647 50
648 40
649 56
650 51
651 49
652 60
653 56
654 43
655 49
656 42
657 64
658 46
659 48
660 46
661 40
662 44
663 59
664 51
665 46
666 46
667 39
668 45
669 50
670 51
671 46
672 48
673 50
674 47
675 55
676 48
677 42
678 53
679 44
680 52
681 44
682 48
683 54
684 44
685 65
686 62
687 41
688 47
689 54
690 46
691 33
692 53
693 44
694 41
695 54
696 48
697 53
698 38
699 44
700 48
701 57
702 44
703 54
704 30
705 49
706 44
707 42
708 52
709 40
710 52
711 50
712 44
713 50
714 42
715 59
716 43
717 51
718 51
719 51
720 51
721 42
722 45
723 45
724 58
725 46
726 62
727 53
728 50
729 53
730 53
731 58
732 49
733 46
734 45
735 38
736 38
737 51
738 35
739 54
740 47
741 56
742 43
743 47
744 49
745 48
746 41
747 48
748 37
749 43
750 44
751 50
752 31
753 43
754 40
755 58
756 40
757 56
758 42
759 55
760 59
761 39
762 50
763 48
764 43
765 48
766 56
767 45
768 46
769 44
770 58
771 49
772 60
773 49
774 49
775 52
776 60
777 48
778 51
779 49
780 57
781 43
782 41
783 48
784 44
785 44
786 68
787 46
788 53
789 41
790 47
791 61
792 37
793 53
794 51
795 51
796 52
797 54
798 50
799 55
800 69
801 45
802 47
803 62
804 48
805 50
806 41
807 56
808 61
809 51
810 55
811 60
812 42
813 41
814 52
815 54
816 44
817 58
818 47
819 57
820 51
821 53
822 58
823 48
824 58
825 49
826 58
827 34
828 52
829 49
830 49
831 44
832 64
833 54
834 50
835 49
836 54
837 54
838 54
839 58
840 55
841 59
842 44
843 49
844 45
845 51
846 38
847 61
848 42
849 60
850 60
851 50
852 51
853 64
854 59
855 43
856 56
857 48
858 52
859 47
860 43
861 53
862 61
863 46
864 41
865 51
866 54
867 56
868 46
869 60
870 41
871 59
872 53
873 47
874 42
875 43
876 25
877 54
878 45
879 60
880 41
881 48
882 54
883 47
884 62
885 58
886 53
887 53
888 59
889 61
890 64
891 36
892 43
893 49
894 61
895 65
896 49
897 49
898 39
899 42
900 45
901 51
902 55
903 50
904 59
905 49
906 53
907 48
908 39
909 65
910 44
911 39
912 50
913 45
914 49
915 69
916 52
917 51
918 52
919 70
920 50
921 39
922 39
923 48
924 60
925 50
926 63
927 48
928 48
929 46
930 46
931 51
932 59
933 52
934 53
935 45
936 38
937 45
938 58
939 55
940 49
941 54
942 54
943 55
944 50
945 43
946 47
947 55
948 45
949 49
950 46
951 50
952 52
953 42
954 50
955 49
956 52
957 43
958 48
959 47
960 49
961 39
962 42
963 42
964 40
965 64
966 56
967 59
968 55
969 57
970 49
971 56
972 48
973 64
974 47
975 55
976 42
977 47
978 58
979 46
980 38
981 44
982 46
983 45
984 61
985 55
986 52
987 47
988 55
989 63
990 46
991 57
992 53
993 60
994 45
995 49
996 47
997 55
998 45
999 63
1000 56
1001 39
1002 48
1003 51
1004 42
1005 47
1006 60
1007 60
1008 52
1009 42
1010 43
1011 51
1012 61
1013 54
1014 53
1015 49
1016 58
1017 49
1018 52
1019 55
1020 53
1021 66
1022 57
1023 43
1024 44
1025 57
1026 52
1027 41
1028 59
1029 40
1030 53
1031 60
1032 48
1033 50
1034 56
1035 64
1036 66
1037 56
1038 54
1039 60
1040 47
1041 45
1042 50
1043 44
1044 49
1045 50
1046 55
1047 53
1048 56
1049 51
1050 47
1051 52
1052 52
1053 51
1054 54
1055 50
1056 58
1057 51
1058 53
1059 39
1060 48
1061 59
1062 50
1063 50
1064 52
1065 63
1066 54
1067 53
1068 46
1069 52
1070 56
1071 58
1072 46
1073 52
1074 66
1075 62
1076 38
1077 42
1078 52
1079 39
1080 42
1081 50
1082 52
1083 59
1084 51
1085 63
1086 60
1087 37
1088 48
1089 67
1090 49
1091 54
1092 52
1093 48
1094 55
1095 37
1096 60
1097 55
1098 56
1099 60
1100 57
1101 47
1102 65
1103 44
1104 35
1105 54
1106 56
1107 47
1108 51
1109 47
1110 55
1111 59
1112 40
1113 64
1114 53
1115 55
1116 53
1117 59
1118 44
1119 45
1120 64
1121 52
1122 51
1123 53
1124 37
1125 53
1126 56
1127 62
1128 43
1129 41
1130 48
1131 40
1132 54
1133 46
1134 61
1135 54
1136 45
1137 57
1138 61
1139 46
1140 62
1141 50
1142 59
1143 73
1144 47
1145 43
1146 54
1147 49
1148 52
1149 42
1150 60
1151 52
1152 52
1153 44
1154 55
1155 49
1156 55
1157 55
1158 62
1159 45
1160 50
1161 47
1162 39
1163 49
1164 51
1165 46
1166 48
1167 41
1168 53
1169 43
1170 48
1171 40
1172 44
1173 42
1174 53
1175 62
1176 46
1177 45
1178 65
1179 47
1180 52
1181 53
1182 42
1183 54
1184 51
1185 49
1186 42
1187 42
1188 49
1189 58
1190 42
1191 58
1192 48
1193 55
1194 47
1195 59
1196 55
1197 54
1198 53
1199 48
1200 48
1201 61
1202 49
1203 61
1204 46
1205 67
1206 49
1207 52
1208 39
1209 54
1210 55
1211 50
1212 51
1213 52
1214 46
1215 46
1216 54
1217 49
1218 49
1219 69
1220 64
1221 54
1222 67
1223 58
1224 53
1225 50
1226 39
1227 55
1228 55
1229 55
1230 35
1231 60
1232 37
1233 46
1234 56
1235 45
1236 47
1237 56
1238 44
1239 47
1240 46
1241 59
1242 56
1243 54
1244 45
1245 53
1246 59
1247 55
1248 45
1249 52
1250 51
1251 47
1252 60
1253 45
1254 42
1255 49
1256 53
1257 56
1258 59
1259 53
1260 51
1261 43
1262 68
1263 41
1264 42
1265 48
1266 60
1267 58
1268 47
1269 52
1270 47
1271 54
1272 63
1273 52
1274 58
1275 60
1276 50
1277 44
1278 60
1279 48
1280 57
1281 48
1282 46
1283 60
1284 57
1285 48
1286 49
1287 47
1288 64
1289 37
1290 55
1291 50
1292 46
1293 54
1294 54
1295 45
1296 51
1297 50
1298 59
1299 53
1300 50
1301 44
1302 52
1303 42
1304 62
1305 35
1306 55
1307 43
1308 52
1309 59
1310 43
1311 49
1312 43
1313 50
1314 61
1315 49
1316 45
1317 42
1318 54
1319 46
1320 41
1321 66
1322 54
1323 51
1324 49
1325 46
1326 44
1327 53
1328 49
1329 37
1330 51
1331 59
1332 40
1333 46
1334 58
1335 51
1336 46
1337 47
1338 53
1339 60
1340 57
1341 67
1342 52
1343 46
1344 40
1345 60
1346 38
1347 55
1348 40
1349 38
1350 49
1351 46
1352 56
1353 47
1354 53
1355 40
1356 54
1357 42
1358 50
1359 66
1360 64
1361 47
1362 57
1363 57
1364 49
1365 50
1366 54
1367 50
1368 51
1369 51
1370 38
1371 63
1372 53
1373 50
1374 54
1375 60
1376 49
1377 58
1378 50
1379 42
1380 53
1381 65
1382 41
1383 52
1384 50
1385 55
1386 36
1387 51
1388 53
1389 46
1390 49
1391 44
1392 49
1393 46
1394 55
1395 54
1396 53
1397 69
1398 52
1399 50
1400 56
1401 54
1402 58
1403 53
1404 53
1405 53
1406 55
1407 55
1408 53
1409 51
1410 49
1411 67
1412 61
1413 51
1414 58
1415 62
1416 56
1417 54
1418 54
1419 57
1420 43
1421 50
1422 51
1423 45
1424 59
1425 47
1426 42
1427 53
1428 64
1429 45
1430 50
1431 60
1432 49
1433 42
1434 63
1435 49
1436 52
1437 46
1438 44
1439 54
1440 43
1441 32
1442 50
1443 54
1444 48
1445 48
1446 48
1447 47
1448 50
1449 48
1450 61
1451 45
1452 48
1453 43
1454 47
1455 43
1456 45
1457 56
1458 54
1459 49
1460 52
1461 53
1462 39
1463 67
1464 58
1465 52
1466 49
1467 41
1468 50
1469 59
1470 52
1471 63
1472 44
1473 55
1474 57
1475 42
1476 49
1477 31
1478 54
1479 55
1480 54
1481 49
1482 44
1483 59
1484 47
1485 43
1486 45
1487 54
1488 44
1489 48
1490 47
1491 56
1492 52
1493 48
1494 47
1495 46
1496 48
1497 44
1498 54
1499 42
1500 52
1501 42
1502 51
1503 56
1504 53
1505 74
1506 54
1507 46
1508 48
1509 44
1510 46
1511 55
1512 48
1513 40
1514 48
1515 40
1516 43
1517 67
1518 46
1519 54
1520 44
1521 31
1522 48
1523 46
1524 39
1525 59
1526 31
1527 47
1528 45
1529 44
1530 54
1531 58
1532 42
1533 48
1534 52
1535 48
1536 46
1537 56
1538 58
1539 46
1540 55
1541 38
1542 62
1543 49
1544 50
1545 43
1546 51
1547 57
1548 48
1549 43
1550 42
1551 55
1552 55
1553 38
1554 60
1555 57
1556 47
1557 51
1558 56
1559 35
1560 58
1561 57
1562 50
1563 47
1564 56
1565 47
1566 50
1567 53
1568 51
1569 57
1570 48
1571 52
1572 50
1573 41
1574 56
1575 51
1576 64
1577 32
1578 46
1579 49
1580 58
1581 59
1582 45
1583 38
1584 43
1585 42
1586 50
1587 38
1588 37
1589 49
1590 47
1591 47
1592 64
1593 42
1594 49
1595 48
1596 56
1597 54
1598 52
1599 45
1600 48
1601 43
1602 58
1603 46
1604 53
1605 42
1606 64
1607 57
1608 50
1609 45
1610 51
1611 42
1612 57
1613 40
1614 45
1615 45
1616 42
1617 56
1618 38
1619 43
1620 56
1621 31
1622 42
1623 65
1624 45
1625 60
1626 50
1627 56
1628 63
1629 46
1630 39
1631 58
1632 37
1633 59
1634 41
1635 38
1636 48
1637 56
1638 32
1639 58
1640 48
1641 45
1642 50
1643 42
1644 46
1645 37
1646 38
1647 55
1648 51
1649 48
1650 45
1651 43
1652 48
1653 39
1654 50
1655 50
1656 46
1657 48
1658 43
1659 44
1660 46
1661 39
1662 39
1663 50
1664 48
1665 46
1666 60
1667 51
1668 52
1669 56
1670 55
1671 51
1672 55
1673 40
1674 38
1675 50
1676 47
1677 52
1678 51
1679 41
1680 56
1681 45
1682 52
1683 41
1684 43
1685 36
1686 44
1687 49
1688 47
1689 47
1690 46
1691 55
1692 53
1693 40
1694 48
1695 65
1696 50
1697 52
1698 39
1699 33
1700 46
1701 53
1702 55
1703 39
1704 46
1705 42
1706 43
1707 52
1708 41
1709 52
1710 49
1711 46
1712 36
1713 49
1714 51
1715 46
1716 50
1717 43
1718 49
1719 26
1720 37
1721 40
1722 42
1723 42
1724 43
1725 39
1726 47
1727 59
1728 47
1729 56
1730 37
1731 34
1732 62
1733 52
1734 38
1735 48
1736 43
1737 45
1738 46
1739 44
1740 48
1741 47
1742 51
1743 48
1744 34
1745 48
1746 49
1747 49
1748 59
1749 48
1750 36
1751 42
1752 38
1753 40
1754 41
1755 40
1756 39
1757 44
1758 29
1759 52
1760 40
1761 41
1762 49
1763 42
1764 48
1765 51
1766 51
1767 31
1768 60
1769 38
1770 47
1771 50
1772 46
1773 47
1774 44
1775 47
1776 37
1777 38
1778 40
1779 47
1780 49
1781 39
1782 46
1783 48
1784 52
1785 47
1786 48
1787 48
1788 60
1789 42
1790 46
1791 55
1792 50
1793 50
1794 45
1795 60
1796 47
1797 51
1798 44
1799 36
1800 43
1801 41
1802 35
1803 47
1804 48
1805 35
1806 47
1807 48
1808 48
1809 33
1810 40
1811 47
1812 49
1813 36
1814 35
1815 48
1816 55
1817 39
1818 46
1819 43
1820 37
1821 33
1822 36
1823 47
1824 42
1825 51
1826 48
1827 44
1828 48
1829 49
1830 32
1831 29
1832 58
1833 48
1834 47
1835 40
1836 39
1837 48
1838 43
1839 44
1840 42
1841 42
1842 48
1843 46
1844 47
1845 42
1846 43
1847 41
1848 49
1849 45
1850 52
1851 42
1852 50
1853 54
1854 54
1855 43
1856 42
1857 43
1858 44
1859 51
1860 54
1861 39
1862 47
1863 27
1864 33
1865 46
1866 49
1867 52
1868 44
1869 48
1870 49
1871 42
1872 39
1873 42
1874 47
1875 41
1876 36
1877 33
1878 45
1879 36
1880 49
1881 39
1882 42
1883 50
1884 53
1885 35
1886 43
1887 44
1888 46
1889 50
1890 56
1891 38
1892 43
1893 49
1894 47
1895 28
1896 32
1897 54
1898 46
1899 30
1900 47
1901 36
1902 57
1903 38
1904 27
1905 47
1906 43
1907 40
1908 35
1909 39
1910 50
1911 44
1912 36
1913 42
1914 40
1915 51
1916 58
1917 50
1918 42
1919 43
1920 39
1921 47
1922 43
1923 43
1924 50
1925 39
1926 44
1927 49
1928 38
1929 42
1930 42
1931 51
1932 48
1933 39
1934 37
1935 41
1936 37
1937 50
1938 38
1939 39
1940 39
1941 37
1942 45
1943 47
1944 42
1945 50
1946 46
1947 53
1948 33
1949 46
1950 48
1951 35
1952 38
1953 47
1954 29
1955 40
1956 33
1957 36
1958 48
1959 42
1960 48
1961 49
1962 42
1963 53
1964 55
1965 44
1966 41
1967 44
1968 52
1969 46
1970 42
1971 44
1972 46
1973 55
1974 41
1975 41
1976 54
1977 40
1978 44
1979 47
1980 64
1981 44
1982 45
1983 45
1984 43
1985 42
1986 44
1987 54
1988 41
1989 38
1990 36
1991 45
1992 51
1993 50
1994 40
1995 30
1996 39
1997 34
1998 49
1999 41
2000 42
2001 45
2002 47
2003 45
2004 42
2005 41
2006 53
2007 42
2008 36
2009 54
2010 58
2011 51
2012 49
2013 34
2014 41
2015 48
2016 30
2017 48
2018 52
2019 38
2020 44
2021 27
2022 46
2023 42
2024 41
2025 40
2026 41
2027 45
2028 35
2029 48
2030 45
2031 52
2032 35
2033 45
2034 52
2035 40
2036 42
2037 43
2038 40
2039 34
2040 36
2041 38
2042 43
2043 42
2044 34
2045 48
2046 38
2047 43
2048 39
2049 38
2050 46
2051 31
2052 36
2053 52
2054 43
2055 51
2056 51
2057 41
2058 36
2059 44
2060 34
2061 43
2062 45
2063 40
2064 44
2065 43
2066 32
2067 38
2068 36
2069 40
2070 40
2071 51
2072 46
2073 34
2074 40
2075 36
2076 42
2077 37
2078 38
2079 48
2080 37
2081 42
2082 46
2083 44
2084 45
2085 59
2086 37
2087 54
2088 41
2089 41
2090 40
2091 55
2092 36
2093 40
2094 39
2095 36
2096 39
2097 39
2098 45
2099 51
2100 45
2101 35
2102 29
2103 31
2104 43
2105 37
2106 44
2107 35
2108 47
2109 39
2110 47
2111 46
2112 49
2113 36
2114 30
2115 42
2116 35
2117 35
2118 38
2119 43
2120 35
2121 43
2122 43
2123 36
2124 42
2125 40
2126 49
2127 50
2128 39
2129 43
2130 40
2131 48
2132 45
2133 51
2134 41
2135 38
2136 31
2137 41
2138 46
2139 50
2140 33
2141 41
2142 36
2143 51
2144 54
2145 39
2146 40
2147 29
2148 41
2149 45
2150 49
2151 36
2152 33
2153 43
2154 49
2155 57
2156 43
2157 37
2158 39
2159 40
2160 47
2161 40
2162 46
2163 33
2164 38
2165 42
2166 39
2167 45
2168 43
2169 40
2170 47
2171 47
2172 46
2173 38
2174 26
2175 44
2176 44
2177 31
2178 39
2179 36
2180 33
2181 43
2182 38
2183 36
2184 39
2185 43
2186 52
2187 50
2188 47
2189 45
2190 38
2191 51
2192 43
2193 49
2194 46
2195 49
2196 46
2197 45
2198 32
2199 35
2200 44
2201 43
2202 39
2203 52
2204 33
2205 37
2206 44
2207 48
2208 43
2209 47
2210 48
2211 47
2212 36
2213 40
2214 40
2215 46
2216 51
2217 47
2218 33
2219 45
2220 39
2221 46
2222 42
2223 37
2224 37
2225 40
2226 30
2227 35
2228 51
2229 40
2230 38
2231 33
2232 47
2233 48
2234 40
2235 40
2236 51
2237 36
2238 48
2239 43
2240 42
2241 36
2242 35
2243 39
2244 34
2245 48
2246 46
2247 57
2248 42
2249 49
2250 38
2251 44
2252 50
2253 43
2254 30
2255 49
2256 43
2257 35
2258 50
2259 50
2260 54
2261 45
2262 51
2263 57
2264 44
2265 45
2266 45
2267 42
2268 38
2269 45
2270 39
2271 34
2272 55
2273 53
2274 41
2275 53
2276 57
2277 42
2278 32
2279 56
2280 57
2281 38
2282 39
2283 37
2284 47
2285 35
2286 50
2287 42
2288 48
2289 55
2290 42
2291 41
2292 44
2293 50
2294 36
2295 55
2296 46
2297 45
2298 44
2299 46
2300 40
2301 55
2302 59
2303 54
2304 39
2305 45
2306 46
2307 47
2308 35
2309 50
2310 49
2311 51
2312 51
2313 52
2314 52
2315 35
2316 49
2317 47
2318 51
2319 56
2320 48
2321 49
2322 47
2323 56
2324 53
2325 46
2326 36
2327 53
2328 41
2329 53
2330 60
2331 55
2332 52
2333 41
2334 50
2335 49
2336 54
2337 53
2338 44
2339 47
2340 42
2341 40
2342 45
2343 52
2344 49
2345 58
2346 55
2347 46
2348 45
2349 40
2350 47
2351 38
2352 41
2353 46
2354 45
2355 43
2356 43
2357 46
2358 40
2359 41
2360 66
2361 54
2362 38
2363 48
2364 42
2365 46
2366 55
2367 40
2368 56
2369 40
2370 52
2371 48
2372 33
2373 48
2374 42
2375 46
2376 51
2377 53
2378 54
2379 38
2380 47
2381 35
2382 42
2383 52
2384 40
2385 46
2386 44
2387 47
2388 44
2389 62
2390 34
2391 60
2392 54
2393 45
2394 45
2395 47
2396 43
2397 41
2398 40
2399 42
2400 45
2401 55
2402 49
2403 48
2404 51
2405 54
2406 46
2407 58
2408 41
2409 56
2410 41
2411 54
2412 53
2413 42
2414 43
2415 46
2416 48
2417 50
2418 43
2419 44
2420 40
2421 45
2422 39
2423 41
2424 45
2425 53
2426 35
2427 39
2428 50
2429 39
2430 60
2431 50
2432 46
2433 44
2434 43
2435 29
2436 41
2437 41
2438 60
2439 36
2440 53
2441 51
2442 50
2443 53
2444 60
2445 41
2446 48
2447 49
2448 42
2449 49
2450 55
2451 36
2452 46
2453 38
2454 54
2455 50
2456 37
2457 53
2458 37
2459 32
2460 55
2461 42
2462 48
2463 41
2464 43
2465 50
2466 44
2467 39
2468 40
2469 46
2470 51
2471 56
2472 37
2473 52
2474 54
2475 49
2476 43
2477 27
2478 36
2479 46
2480 42
2481 46
2482 42
2483 45
2484 41
2485 43
2486 54
2487 43
2488 40
2489 34
2490 40
2491 42
2492 39
2493 43
2494 41
2495 35
2496 44
2497 44
2498 46
2499 51
2500 50
2501 41
2502 55
2503 40
2504 44
2505 39
2506 43
2507 62
2508 56
2509 48
2510 32
2511 55
2512 42
2513 50
2514 55
2515 48
2516 50
2517 50
2518 40
2519 43
2520 47
2521 50
2522 43
2523 44
2524 49
2525 45
2526 58
2527 35
2528 49
2529 41
2530 38
2531 46
2532 49
2533 35
2534 46
2535 46
2536 60
2537 37
2538 48
2539 43
2540 36
2541 31
2542 45
2543 48
2544 40
2545 46
2546 52
2547 45
2548 38
2549 46
2550 51
2551 44
2552 40
2553 42
2554 40
2555 51
2556 52
2557 47
2558 56
2559 46
2560 47
2561 39
2562 49
2563 41
2564 46
2565 58
2566 51
2567 44
2568 47
2569 61
2570 58
2571 50
2572 57
2573 53
2574 47
2575 50
2576 68
2577 38
2578 42
2579 45
2580 46
2581 59
2582 57
2583 55
2584 43
2585 34
2586 56
2587 50
2588 41
2589 43
2590 37
2591 44
2592 54
2593 45
2594 43
2595 54
2596 45
2597 37
2598 56
2599 43
2600 46
2601 45
2602 40
2603 53
2604 42
2605 40
2606 42
2607 37
2608 49
2609 42
2610 42
2611 47
2612 44
2613 41
2614 46
2615 42
2616 51
2617 38
2618 45
2619 43
2620 42
2621 47
2622 37
2623 41
2624 41
2625 38
2626 59
2627 52
2628 48
2629 41
2630 48
2631 51
2632 37
2633 40
2634 36
2635 43
2636 56
2637 54
2638 39
2639 40
2640 40
2641 42
2642 45
2643 39
2644 38
2645 35
2646 36
2647 53
2648 36
2649 39
2650 47
2651 44
2652 30
2653 42
2654 45
2655 45
2656 54
2657 25
2658 45
2659 43
2660 36
2661 46
2662 45
2663 48
2664 44
2665 46
2666 40
2667 35
2668 33
2669 37
2670 35
2671 39
2672 49
2673 43
2674 53
2675 40
2676 63
2677 51
2678 37
2679 36
2680 35
2681 50
2682 44
2683 45
2684 38
2685 39
2686 40
2687 44
2688 47
2689 47
2690 47
2691 45
2692 44
2693 45
2694 51
2695 45
2696 43
2697 44
2698 50
2699 46
2700 42
2701 46
2702 49
2703 46
2704 52
2705 38
2706 36
2707 39
2708 43
2709 49
2710 35
2711 53
2712 45
2713 39
2714 46
2715 40
2716 39
2717 43
2718 41
2719 42
2720 46
2721 32
2722 43
2723 40
2724 45
2725 35
2726 35
2727 45
2728 39
2729 33
2730 45
2731 41
2732 33
2733 43
2734 32
2735 42
2736 47
2737 44
2738 36
2739 46
2740 38
2741 41
2742 40
2743 43
2744 37
2745 46
2746 48
2747 49
2748 34
2749 35
2750 36
2751 38
2752 38
2753 46
2754 57
2755 42
2756 53
2757 52
2758 53
2759 40
2760 42
2761 42
2762 39
2763 45
2764 46
2765 38
2766 46
2767 44
2768 35
2769 44
2770 44
2771 49
2772 52
2773 45
2774 49
2775 51
2776 35
2777 45
2778 48
2779 47
2780 50
2781 39
2782 39
2783 36
2784 41
2785 42
2786 40
2787 34
2788 44
2789 48
2790 29
2791 42
2792 46
2793 48
2794 57
2795 40
2796 40
2797 48
2798 31
2799 56
2800 40
2801 38
2802 36
2803 44
2804 44
2805 36
2806 28
2807 33
2808 45
2809 36
2810 46
2811 42
2812 45
2813 33
2814 41
2815 54
2816 40
2817 38
2818 37
2819 44
2820 41
2821 40
2822 35
2823 36
2824 41
2825 37
2826 40
2827 28
2828 45
2829 53
2830 34
2831 39
2832 43
2833 47
2834 35
2835 41
2836 44
2837 41
2838 45
2839 50
2840 38
2841 33
2842 40
2843 38
2844 44
2845 42
2846 39
2847 40
2848 43
2849 37
2850 50
2851 45
2852 50
2853 39
2854 51
2855 43
2856 45
2857 52
2858 45
2859 42
2860 38
2861 43
2862 39
2863 37
2864 46
2865 46
2866 45
2867 44
2868 42
2869 22
2870 37
2871 54
2872 44
2873 30
2874 43
2875 55
2876 33
2877 36
2878 30
2879 50
2880 33
2881 52
2882 43
2883 51
2884 36
2885 48
2886 57
2887 34
2888 41
2889 35
2890 37
2891 40
2892 47
2893 47
2894 46
2895 36
2896 36
2897 34
2898 33
2899 44
2900 48
2901 37
2902 42
2903 39
2904 30
2905 44
2906 52
2907 52
2908 52
2909 46
2910 46
2911 39
2912 36
2913 38
2914 42
2915 52
2916 46
2917 39
2918 53
2919 51
2920 47
2921 37
2922 24
2923 30
2924 44
2925 46
2926 37
2927 42
2928 38
2929 36
2930 37
2931 48
2932 47
2933 43
2934 35
2935 53
2936 47
2937 28
2938 42
2939 32
2940 32
2941 43
2942 38
2943 36
2944 29
2945 29
2946 44
2947 50
2948 40
2949 43
2950 43
2951 36
2952 46
2953 36
2954 54
2955 50
2956 36
2957 48
2958 40
2959 41
2960 39
2961 47
2962 41
2963 36
2964 46
2965 36
2966 44
2967 36
2968 44
2969 36
2970 30
2971 51
2972 28
2973 39
2974 34
2975 43
2976 31
2977 41
2978 43
2979 47
2980 35
2981 32
2982 41
2983 34
2984 44
2985 46
2986 37
2987 35
2988 35
2989 33
2990 35
2991 38
2992 43
2993 41
2994 39
2995 37
2996 41
2997 33
2998 38
2999 42
3000 45
3001 42
3002 31
3003 42
3004 36
3005 32
3006 50
3007 50
3008 34
3009 48
3010 42
3011 34
3012 31
3013 27
3014 40
3015 42
3016 36
3017 31
3018 42
3019 41
3020 42
3021 41
3022 42
3023 51
3024 31
3025 31
3026 47
3027 27
3028 44
3029 42
3030 35
3031 39
3032 32
3033 42
3034 28
3035 25
3036 39
3037 43
3038 37
3039 45
3040 40
3041 36
3042 38
3043 44
3044 41
3045 36
3046 38
3047 35
3048 42
3049 53
3050 37
3051 39
3052 42
3053 37
3054 44
3055 47
3056 40
3057 30
3058 44
3059 33
3060 51
3061 39
3062 45
3063 40
3064 41
3065 51
3066 36
3067 34
3068 30
3069 45
3070 42
3071 23
3072 52
3073 36
3074 24
3075 46
3076 27
3077 33
3078 42
3079 36
3080 39
3081 44
3082 36
3083 34
3084 34
3085 24
3086 40
3087 34
3088 34
3089 41
3090 45
3091 44
3092 31
3093 36
3094 44
3095 41
3096 31
3097 45
3098 27
3099 32
3100 36
3101 38
3102 42
3103 30
3104 32
3105 42
3106 54
3107 29
3108 46
3109 37
3110 44
3111 47
3112 40
3113 36
3114 39
3115 37
3116 31
3117 38
3118 38
3119 36
3120 39
3121 36
3122 32
3123 33
3124 47
3125 44
3126 49
3127 41
3128 36
3129 29
3130 46
3131 37
3132 41
3133 42
3134 38
3135 35
3136 42
3137 36
3138 48
3139 33
3140 27
3141 32
3142 42
3143 46
3144 41
3145 44
3146 40
3147 35
3148 42
3149 32
3150 43
3151 38
3152 35
3153 46
3154 43
3155 43
3156 36
3157 44
3158 33
3159 44
3160 35
3161 34
3162 29
3163 33
3164 26
3165 33
3166 41
3167 34
3168 51
3169 35
3170 37
3171 45
3172 38
3173 36
3174 35
3175 41
3176 46
3177 37
3178 39
3179 30
3180 49
3181 39
3182 39
3183 38
3184 49
3185 48
3186 37
3187 45
3188 47
3189 34
3190 38
3191 40
3192 31
3193 34
3194 45
3195 41
3196 34
3197 41
3198 28
3199 31
3200 44
3201 31
3202 40
3203 38
3204 25
3205 31
3206 34
3207 42
3208 41
3209 46
3210 35
3211 41
3212 31
3213 41
3214 30
3215 42
3216 49
3217 39
3218 44
3219 36
3220 33
3221 46
3222 47
3223 44
3224 37
3225 47
3226 43
3227 41
3228 31
3229 46
3230 30
3231 40
3232 49
3233 45
3234 40
3235 35
3236 35
3237 37
3238 39
3239 42
3240 36
3241 44
3242 41
3243 40
3244 41
3245 33
3246 38
3247 32
3248 57
3249 38
3250 35
3251 29
3252 36
3253 38
3254 58
3255 48
3256 25
3257 35
3258 45
3259 42
3260 37
3261 42
3262 45
3263 36
3264 40
3265 41
3266 36
3267 38
3268 44
3269 30
3270 32
3271 37
3272 44
3273 34
3274 50
3275 37
3276 39
3277 34
3278 36
3279 24
3280 36
3281 38
3282 37
3283 31
3284 36
3285 50
3286 31
3287 40
3288 37
3289 39
3290 39
3291 37
3292 33
3293 30
3294 38
3295 45
3296 33
3297 45
3298 34
3299 39
3300 31
3301 42
3302 47
3303 41
3304 38
3305 34
3306 46
3307 48
3308 35
3309 28
3310 33
3311 35
3312 44
3313 33
3314 29
3315 43
3316 35
3317 41
3318 39
3319 40
3320 29
3321 41
3322 40
3323 39
3324 39
3325 42
3326 26
3327 38
3328 35
3329 35
3330 32
3331 41
3332 32
3333 38
3334 44
3335 25
3336 33
3337 43
3338 38
3339 51
3340 31
3341 32
3342 52
3343 42
3344 53
3345 46
3346 50
3347 47
3348 34
3349 46
3350 47
3351 39
3352 53
3353 47
3354 45
3355 41
3356 39
3357 36
3358 39
3359 51
3360 42
3361 34
3362 41
3363 48
3364 39
3365 38
3366 44
3367 42
3368 40
3369 38
3370 33
3371 44
3372 33
3373 38
3374 34
3375 41
3376 33
3377 43
3378 39
3379 44
3380 40
3381 47
3382 31
3383 39
3384 31
3385 44
3386 36
3387 45
3388 30
3389 47
3390 28
3391 52
3392 31
3393 35
3394 31
3395 45
3396 34
3397 27
3398 40
3399 29
3400 46
3401 37
3402 36
3403 35
3404 37
3405 33
3406 39
3407 32
3408 48
3409 36
3410 28
3411 40
3412 34
3413 33
3414 37
3415 32
3416 29
3417 41
3418 29
3419 32
3420 24
3421 32
3422 33
3423 46
3424 30
3425 36
3426 31
3427 36
3428 38
3429 35
3430 43
3431 37
3432 38
3433 42
3434 37
3435 38
3436 43
3437 34
3438 33
3439 30
3440 43
3441 36
3442 31
3443 44
3444 40
3445 44
3446 24
3447 34
3448 35
3449 36
3450 37
3451 39
3452 30
3453 37
3454 28
3455 30
3456 29
3457 34
3458 35
3459 31
3460 33
3461 41
3462 30
3463 39
3464 32
3465 39
3466 35
3467 45
3468 40
3469 32
3470 31
3471 41
3472 44
3473 40
3474 37
3475 38
3476 33
3477 47
3478 32
3479 34
3480 45
3481 47
3482 35
3483 41
3484 27
3485 42
3486 41
3487 32
3488 29
3489 48
3490 29
3491 46
3492 36
3493 34
3494 42
3495 31
3496 37
3497 26
3498 33
3499 34
3500 33
3501 42
3502 40
3503 40
3504 29
3505 31
3506 39
3507 36
3508 39
3509 37
3510 50
3511 29
3512 23
3513 44
3514 33
3515 29
3516 37
3517 32
3518 39
3519 32
3520 42
3521 39
3522 39
3523 33
3524 42
3525 41
3526 30
3527 34
3528 33
3529 40
3530 29
3531 24
3532 36
3533 46
3534 36
3535 34
3536 36
3537 37
3538 37
3539 38
3540 40
3541 35
3542 27
3543 38
3544 28
3545 40
3546 47
3547 46
3548 32
3549 37
3550 33
3551 33
3552 38
3553 24
3554 37
3555 45
3556 45
3557 40
3558 29
3559 36
3560 41
3561 37
3562 34
3563 34
3564 39
3565 41
3566 41
3567 36
3568 46
3569 39
3570 39
3571 40
3572 44
3573 35
3574 31
3575 38
3576 28
3577 51
3578 35
3579 44
3580 40
3581 36
3582 32
3583 40
3584 36
3585 33
3586 30
3587 29
3588 37
3589 33
3590 25
3591 29
3592 35
3593 36
3594 33
3595 32
3596 27
3597 31
3598 32
3599 26
3600 45
3601 38
3602 32
3603 31
3604 31
3605 44
3606 37
3607 43
3608 43
3609 37
3610 29
3611 34
3612 45
3613 34
3614 39
3615 32
3616 38
3617 33
3618 32
3619 39
3620 44
3621 40
3622 42
3623 40
3624 46
3625 28
3626 35
3627 49
3628 29
3629 31
3630 34
3631 41
3632 45
3633 26
3634 42
3635 41
3636 37
3637 34
3638 37
3639 45
3640 30
3641 38
3642 43
3643 43
3644 43
3645 37
3646 32
3647 24
3648 36
3649 34
3650 28
3651 27
3652 45
3653 38
3654 37
3655 48
3656 33
3657 34
3658 22
3659 34
3660 27
3661 39
3662 30
3663 36
3664 32
3665 33
3666 39
3667 36
3668 32
3669 34
3670 35
3671 28
3672 33
3673 43
3674 38
3675 34
3676 33
3677 42
3678 35
3679 42
3680 36
3681 33
3682 29
3683 35
3684 48
3685 35
3686 28
3687 42
3688 33
3689 22
3690 32
3691 37
3692 37
3693 42
3694 45
3695 43
3696 31
3697 36
3698 21
3699 38
3700 38
3701 35
3702 36
3703 52
3704 41
3705 37
3706 43
3707 36
3708 25
3709 29
3710 40
3711 32
3712 25
3713 28
3714 30
3715 31
3716 44
3717 39
3718 38
3719 39
3720 36
3721 45
3722 25
3723 36
3724 45
3725 34
3726 42
3727 30
3728 35
3729 29
3730 28
3731 27
3732 33
3733 43
3734 39
3735 29
3736 40
3737 37
3738 36
3739 46
3740 45
3741 29
3742 41
3743 27
3744 27
3745 31
3746 32
3747 40
3748 39
3749 32
3750 34
3751 43
3752 36
3753 37
3754 32
3755 39
3756 24
3757 33
3758 35
3759 26
3760 55
3761 29
3762 29
3763 34
3764 35
3765 37
3766 38
3767 38
3768 41
3769 41
3770 36
3771 33
3772 30
3773 43
3774 32
3775 36
3776 34
3777 33
3778 39
3779 35
3780 26
3781 36
3782 30
3783 30
3784 45
3785 45
3786 40
3787 33
3788 27
3789 39
3790 36
3791 32
3792 35
3793 37
3794 32
3795 45
3796 45
3797 23
3798 40
3799 38
3800 49
3801 46
3802 35
3803 34
3804 34
3805 39
3806 35
3807 30
3808 39
3809 33
3810 34
3811 32
3812 36
3813 39
3814 40
3815 34
3816 23
3817 35
3818 35
3819 36
3820 47
3821 39
3822 37
3823 34
3824 34
3825 32
3826 33
3827 33
3828 32
3829 37
3830 32
3831 40
3832 38
3833 35
3834 40
3835 32
3836 28
3837 37
3838 18
3839 34
3840 27
3841 41
3842 43
3843 22
3844 24
3845 30
3846 47
3847 28
3848 38
3849 27
3850 23
3851 42
3852 27
3853 35
3854 21
3855 37
3856 34
3857 39
3858 33
3859 26
3860 37
3861 37
3862 47
3863 29
3864 22
3865 40
3866 40
3867 36
3868 33
3869 41
3870 46
3871 30
3872 33
3873 27
3874 24
3875 45
3876 45
3877 28
3878 26
3879 37
3880 30
3881 31
3882 27
3883 47
3884 31
3885 36
3886 48
3887 38
3888 28
3889 25
3890 32
3891 41
3892 35
3893 33
3894 25
3895 31
3896 37
3897 33
3898 29
3899 26
3900 25
3901 38
3902 36
3903 35
3904 22
3905 33
3906 28
3907 33
3908 27
3909 34
3910 29
3911 38
3912 43
3913 35
3914 32
3915 39
3916 35
3917 34
3918 27
3919 33
3920 29
3921 37
3922 28
3923 23
3924 36
3925 44
3926 37
3927 33
3928 31
3929 24
3930 32
3931 39
3932 28
3933 33
3934 34
3935 19
3936 36
3937 40
3938 28
3939 35
3940 41
3941 29
3942 28
3943 35
3944 32
3945 30
3946 40
3947 32
3948 30
3949 28
3950 41
3951 38
3952 38
3953 36
3954 43
3955 33
3956 43
3957 45
3958 37
3959 33
3960 22
3961 31
3962 38
3963 23
3964 27
3965 27
3966 34
3967 40
3968 34
3969 33
3970 36
3971 31
3972 26
3973 37
3974 28
3975 32
3976 33
3977 36
3978 33
3979 21
3980 34
3981 35
3982 36
3983 28
3984 42
3985 31
3986 33
3987 29
3988 23
3989 22
3990 37
3991 35
3992 32
3993 29
3994 40
3995 27
3996 34
3997 22
3998 32
3999 50
4000 28
4001 35
4002 37
4003 31
4004 37
4005 33
4006 30
4007 27
4008 28
4009 36
4010 29
4011 40
4012 26
4013 29
4014 28
4015 29
4016 44
4017 26
4018 33
4019 30
4020 26
4021 32
4022 33
4023 30
4024 36
4025 33
4026 31
4027 27
4028 30
4029 40
4030 37
4031 30
4032 32
4033 32
4034 30
4035 37
4036 26
4037 38
4038 26
4039 30
4040 37
4041 37
4042 32
4043 36
4044 29
4045 31
4046 41
4047 46
4048 37
4049 29
4050 33
4051 37
4052 39
4053 38
4054 38
4055 25
4056 33
4057 19
4058 31
4059 42
4060 47
4061 38
4062 27
4063 28
4064 36
4065 36
4066 24
4067 39
4068 37
4069 31
4070 34
4071 27
4072 25
4073 30
4074 31
4075 33
4076 25
4077 29
4078 33
4079 45
4080 37
4081 33
4082 34
4083 27
4084 23
4085 32
4086 28
4087 31
4088 23
4089 30
4090 34
4091 39
4092 34
4093 22
4094 44
4095 28
4096 34
4097 28
4098 29
4099 42
4100 34
4101 27
4102 33
4103 37
4104 26
4105 24
4106 30
4107 25
4108 43
4109 30
4110 39
4111 30
4112 26
4113 44
4114 41
4115 38
4116 27
4117 38
4118 41
4119 26
4120 34
4121 29
4122 31
4123 41
4124 37
4125 30
4126 28
4127 34
4128 35
4129 24
4130 37
4131 30
4132 26
4133 28
4134 27
4135 34
4136 37
4137 36
4138 40
4139 36
4140 41
4141 34
4142 44
4143 25
4144 35
4145 33
4146 35
4147 34
4148 27
4149 24
4150 38
4151 39
4152 44
4153 33
4154 38
4155 36
4156 42
4157 32
4158 26
4159 28
4160 28
4161 29
4162 36
4163 29
4164 38
4165 36
4166 27
4167 44
4168 36
4169 31
4170 35
4171 42
4172 34
4173 39
4174 21
4175 24
4176 33
4177 30
4178 29
4179 42
4180 33
4181 41
4182 40
4183 25
4184 34
4185 29
4186 33
4187 34
4188 34
4189 32
4190 38
4191 46
4192 28
4193 29
4194 31
4195 26
4196 42
4197 35
4198 27
4199 39
4200 20
4201 30
4202 25
4203 29
4204 33
4205 29
4206 30
4207 26
4208 23
4209 28
4210 30
4211 40
4212 27
4213 32
4214 34
4215 35
4216 26
4217 26
4218 38
4219 43
4220 23
4221 30
4222 30
4223 33
4224 25
4225 31
4226 29
4227 35
4228 41
4229 24
4230 34
4231 30
4232 43
4233 27
4234 39
4235 38
4236 28
4237 36
4238 35
4239 31
4240 34
4241 28
4242 24
4243 33
4244 29
4245 33
4246 38
4247 31
4248 24
4249 27
4250 33
4251 35
4252 27
4253 31
4254 22
4255 30
4256 25
4257 35
4258 31
4259 33
4260 34
4261 35
4262 24
4263 34
4264 41
4265 27
4266 33
4267 35
4268 39
4269 37
4270 33
4271 39
4272 22
4273 30
4274 26
4275 28
4276 35
4277 43
4278 33
4279 29
4280 32
4281 26
4282 41
4283 40
4284 39
4285 45
4286 29
4287 34
4288 30
4289 31
4290 28
4291 23
4292 31
4293 30
4294 30
4295 38
4296 26
4297 29
4298 31
4299 30
4300 32
4301 39
4302 35
4303 32
4304 24
4305 37
4306 32
4307 29
4308 40
4309 34
4310 23
4311 18
4312 37
4313 29
4314 43
4315 24
4316 42
4317 36
4318 29
4319 33
4320 32
4321 36
4322 26
4323 31
4324 26
4325 35
4326 39
4327 34
4328 30
4329 32
4330 36
4331 38
4332 50
4333 36
4334 32
4335 32
4336 32
4337 32
4338 35
4339 25
4340 35
4341 43
4342 37
4343 19
4344 36
4345 25
4346 37
4347 36
4348 35
4349 38
4350 37
4351 26
4352 26
4353 25
4354 34
4355 39
4356 32
4357 30
4358 36
4359 36
4360 34
4361 29
4362 39
4363 23
4364 38
4365 31
4366 34
4367 26
4368 32
4369 34
4370 29
4371 50
4372 32
4373 40
4374 35
4375 44
4376 36
4377 23
4378 32
4379 41
4380 34
4381 33
4382 37
4383 38
4384 48
4385 30
4386 34
4387 23
4388 40
4389 30
4390 24
4391 31
4392 25
4393 31
4394 31
4395 26
4396 33
4397 31
4398 33
4399 25
4400 32
4401 28
4402 35
4403 42
4404 31
4405 24
4406 24
4407 40
4408 34
4409 45
4410 33
4411 35
4412 29
4413 30
4414 33
4415 36
4416 35
4417 28
4418 26
4419 26
4420 22
4421 35
4422 28
4423 21
4424 35
4425 34
4426 20
4427 35
4428 25
4429 22
4430 31
4431 32
4432 28
4433 32
4434 34
4435 37
4436 35
4437 29
4438 37
4439 30
4440 35
4441 32
4442 30
4443 31
4444 32
4445 29
4446 26
4447 39
4448 29
4449 36
4450 28
4451 31
4452 29
4453 29
4454 32
4455 37
4456 35
4457 31
4458 28
4459 26
4460 34
4461 32
4462 30
4463 30
4464 30
4465 33
4466 38
4467 30
4468 29
4469 39
4470 37
4471 27
4472 35
4473 32
4474 26
4475 26
4476 25
4477 32
4478 40
4479 25
4480 27
4481 34
4482 21
4483 27
4484 30
4485 37
4486 41
4487 33
4488 28
4489 30
4490 29
4491 34
4492 29
4493 33
4494 31
4495 27
4496 31
4497 31
4498 30
4499 35
4500 27
4501 27
4502 18
4503 33
4504 25
4505 38
4506 39
4507 29
4508 27
4509 22
4510 32
4511 30
4512 21
4513 25
4514 32
4515 47
4516 25
4517 24
4518 25
4519 28
4520 31
4521 34
4522 31
4523 34
4524 30
4525 32
4526 40
4527 28
4528 29
4529 24
4530 18
4531 26
4532 35
4533 27
4534 40
4535 26
4536 26
4537 28
4538 29
4539 35
4540 30
4541 30
4542 34
4543 25
4544 36
4545 20
4546 36
4547 33
4548 38
4549 35
4550 25
4551 33
4552 30
4553 30
4554 24
4555 37
4556 23
4557 28
4558 39
4559 33
4560 28
4561 22
4562 39
4563 39
4564 29
4565 40
4566 25
4567 42
4568 40
4569 19
4570 24
4571 30
4572 38
4573 24
4574 23
4575 19
4576 26
4577 33
4578 26
4579 21
4580 25
4581 26
4582 19
4583 51
4584 33
4585 26
4586 29
4587 32
4588 31
4589 39
4590 20
4591 42
4592 29
4593 32
4594 26
4595 28
4596 35
4597 28
4598 36
4599 40
4600 19
4601 23
4602 32
4603 29
4604 45
4605 32
4606 28
4607 19
4608 38
4609 29
4610 36
4611 32
4612 31
4613 38
4614 28
4615 21
4616 21
4617 28
4618 26
4619 41
4620 28
4621 25
4622 35
4623 32
4624 33
4625 33
4626 27
4627 30
4628 35
4629 36
4630 32
4631 37
4632 42
4633 28
4634 27
4635 27
4636 32
4637 31
4638 29
4639 32
4640 25
4641 39
4642 30
4643 31
4644 26
4645 36
4646 22
4647 28
4648 35
4649 25
4650 32
4651 38
4652 36
4653 31
4654 32
4655 25
4656 28
4657 36
4658 31
4659 35
4660 31
4661 31
4662 35
4663 35
4664 31
4665 31
4666 26
4667 28
4668 34
4669 35
4670 28
4671 30
4672 41
4673 40
4674 37
4675 27
4676 30
4677 30
4678 31
4679 32
4680 38
4681 28
4682 29
4683 25
4684 33
4685 21
4686 26
4687 35
4688 24
4689 29
4690 28
4691 31
4692 32
4693 29
4694 34
4695 29
4696 30
4697 45
4698 31
4699 36
4700 27
4701 36
4702 32
4703 31
4704 32
4705 24
4706 30
4707 23
4708 37
4709 30
4710 37
4711 29
4712 45
4713 20
4714 32
4715 41
4716 29
4717 32
4718 29
4719 28
4720 31
4721 31
4722 25
4723 25
4724 29
4725 31
4726 36
4727 26
4728 36
4729 23
4730 32
4731 36
4732 22
4733 27
4734 22
4735 34
4736 44
4737 18
4738 37
4739 32
4740 30
4741 40
4742 26
4743 37
4744 33
4745 34
4746 28
4747 34
4748 30
4749 38
4750 27
4751 33
4752 27
4753 36
4754 38
4755 41
4756 36
4757 24
4758 35
4759 36
4760 37
4761 37
4762 36
4763 28
4764 30
4765 27
4766 29
4767 29
4768 28
4769 29
4770 33
4771 32
4772 30
4773 31
4774 28
4775 25
4776 30
4777 25
4778 22
4779 34
4780 36
4781 28
4782 28
4783 30
4784 28
4785 28
4786 31
4787 41
4788 29
4789 40
4790 33
4791 34
4792 40
4793 18
4794 28
4795 34
4796 30
4797 38
4798 28
4799 35
4800 27
4801 27
4802 26
4803 27
4804 30
4805 31
4806 29
4807 25
4808 35
4809 33
4810 29
4811 34
4812 18
4813 29
4814 30
4815 27
4816 32
4817 33
4818 26
4819 34
4820 30
4821 35
4822 38
4823 31
4824 30
4825 23
4826 30
4827 25
4828 40
4829 28
4830 29
4831 36
4832 37
4833 27
4834 37
4835 29
4836 36
4837 26
4838 36
4839 28
4840 28
4841 34
4842 34
4843 25
4844 40
4845 24
4846 29
4847 32
4848 39
4849 22
4850 33
4851 36
4852 22
4853 31
4854 28
4855 25
4856 38
4857 30
4858 34
4859 27
4860 19
4861 27
4862 34
4863 33
4864 21
4865 29
4866 37
4867 28
4868 22
4869 30
4870 22
4871 18
4872 35
4873 34
4874 26
4875 24
4876 33
4877 25
4878 33
4879 28
4880 25
4881 30
4882 24
4883 25
4884 21
4885 31
4886 29
4887 25
4888 31
4889 20
4890 32
4891 28
4892 39
4893 40
4894 22
4895 27
4896 18
4897 33
4898 38
4899 34
4900 33
4901 42
4902 31
4903 37
4904 32
4905 25
4906 33
4907 24
4908 27
4909 29
4910 34
4911 37
4912 31
4913 28
4914 29
4915 30
4916 17
4917 20
4918 27
4919 25
4920 37
4921 30
4922 33
4923 33
4924 27
4925 28
4926 34
4927 36
4928 26
4929 26
4930 29
4931 36
4932 31
4933 27
4934 38
4935 27
4936 37
4937 20
4938 31
4939 32
4940 21
4941 30
4942 27
4943 45
4944 44
4945 25
4946 33
4947 31
4948 38
4949 39
4950 27
4951 28
4952 31
4953 24
4954 26
4955 35
4956 37
4957 22
4958 30
4959 32
4960 27
4961 31
4962 28
4963 24
4964 34
4965 23
4966 33
4967 35
4968 28
4969 31
4970 29
4971 26
4972 26
4973 31
4974 31
4975 20
4976 36
4977 32
4978 32
4979 27
4980 27
4981 27
4982 30
4983 38
4984 33
4985 29
4986 29
4987 17
4988 30
4989 30
4990 37
4991 39
4992 32
4993 35
4994 33
4995 33
4996 36
4997 31
4998 42
4999 26
5000 39
5001 31
5002 28
5003 38
5004 34
5005 34
5006 32
5007 21
5008 17
5009 36
5010 29
5011 35
5012 38
5013 26
5014 21
5015 26
5016 28
5017 40
5018 27
5019 33
5020 26
5021 29
5022 27
5023 41
5024 29
5025 24
5026 27
5027 29
5028 31
5029 24
5030 28
5031 38
5032 26
5033 31
5034 36
5035 23
5036 33
5037 29
5038 21
5039 31
5040 40
5041 41
5042 33
5043 35
5044 33
5045 27
5046 30
5047 30
5048 30
5049 28
5050 29
5051 25
5052 35
5053 28
5054 32
5055 32
5056 28
5057 32
5058 31
5059 26
5060 28
5061 34
5062 22
5063 29
5064 34
5065 30
5066 32
5067 32
5068 25
5069 42
5070 25
5071 23
5072 28
5073 33
5074 30
5075 28
5076 33
5077 26
5078 26
5079 22
5080 29
5081 35
5082 33
5083 33
5084 35
5085 38
5086 23
5087 40
5088 17
5089 33
5090 43
5091 31
5092 24
5093 28
5094 31
5095 35
5096 30
5097 30
5098 36
5099 22
5100 29
5101 28
5102 31
5103 24
5104 29
5105 26
5106 28
5107 36
5108 29
5109 37
5110 31
5111 30
5112 31
5113 36
5114 36
5115 37
5116 27
5117 35
5118 27
5119 21
5120 40
5121 36
5122 34
5123 35
5124 22
5125 28
5126 36
5127 26
5128 24
5129 39
5130 31
5131 21
5132 31
5133 24
5134 29
5135 35
5136 30
5137 28
5138 33
5139 36
5140 31
5141 33
5142 32
5143 32
5144 30
5145 32
5146 34
5147 44
5148 33
5149 25
5150 34
5151 26
5152 29
5153 31
5154 33
5155 35
5156 30
5157 27
5158 35
5159 30
5160 29
5161 41
5162 18
5163 29
5164 19
5165 27
5166 33
5167 26
5168 30
5169 33
5170 36
5171 36
5172 38
5173 21
5174 27
5175 24
5176 38
5177 42
5178 36
5179 41
5180 30
5181 24
5182 33
5183 25
5184 32
5185 22
5186 36
5187 28
5188 22
5189 30
5190 24
5191 28
5192 32
5193 29
5194 27
5195 42
5196 30
5197 25
5198 25
5199 35
5200 30
5201 30
5202 26
5203 22
5204 24
5205 21
5206 29
5207 26
5208 40
5209 20
5210 35
5211 39
5212 21
5213 32
5214 26
5215 32
5216 27
5217 35
5218 35
5219 26
5220 20
5221 21
5222 28
5223 38
5224 28
5225 28
5226 33
5227 35
5228 22
5229 32
5230 27
5231 26
5232 22
5233 34
5234 19
5235 29
5236 30
5237 25
5238 28
5239 28
5240 37
5241 37
5242 31
5243 24
5244 26
5245 32
5246 27
5247 33
5248 24
5249 45
5250 29
5251 30
5252 19
5253 29
5254 26
5255 31
5256 35
5257 27
5258 23
5259 31
5260 20
5261 34
5262 25
5263 30
5264 27
5265 26
5266 29
5267 29
5268 30
5269 28
5270 34
5271 27
5272 26
5273 32
5274 44
5275 39
5276 32
5277 35
5278 24
5279 28
5280 24
5281 28
5282 27
5283 27
5284 26
5285 24
5286 24
5287 32
5288 21
5289 25
5290 29
5291 24
5292 36
5293 26
5294 29
5295 30
5296 20
5297 20
5298 25
5299 25
5300 30
5301 34
5302 40
5303 41
5304 31
5305 28
5306 27
5307 36
5308 37
5309 30
5310 40
5311 23
5312 35
5313 26
5314 25
5315 36
5316 29
5317 28
5318 25
5319 20
5320 33
5321 40
5322 37
5323 22
5324 33
5325 34
5326 33
5327 27
5328 32
5329 29
5330 43
5331 28
5332 20
5333 38
5334 28
5335 35
5336 31
5337 31
5338 32
5339 29
5340 30
5341 32
5342 29
5343 30
5344 33
5345 27
5346 37
5347 22
5348 17
5349 29
5350 30
5351 32
5352 27
5353 32
5354 29
5355 31
5356 27
5357 28
5358 28
5359 25
5360 21
5361 27
5362 24
5363 34
5364 35
5365 26
5366 26
5367 28
5368 28
5369 32
5370 43
5371 29
5372 26
5373 33
5374 23
5375 20
5376 31
5377 32
5378 40
5379 33
5380 31
5381 29
5382 30
5383 29
5384 32
5385 17
5386 21
5387 34
5388 29
5389 41
5390 26
5391 31
5392 46
5393 33
5394 30
5395 37
5396 31
5397 39
5398 29
5399 30
5400 27
5401 30
5402 28
5403 25
5404 22
5405 23
5406 31
5407 33
5408 31
5409 30
5410 37
5411 30
5412 22
5413 23
5414 24
5415 36
5416 27
5417 24
5418 28
5419 26
5420 29
5421 23
5422 35
5423 31
5424 36
5425 36
5426 27
5427 25
5428 34
5429 21
5430 34
5431 22
5432 33
5433 31
5434 27
5435 25
5436 41
5437 32
5438 30
5439 29
5440 37
5441 27
5442 33
5443 33
5444 26
5445 35
5446 44
5447 26
5448 25
5449 28
5450 35
5451 27
5452 24
5453 36
5454 24
5455 33
5456 24
5457 32
5458 33
5459 38
5460 32
5461 29
5462 23
5463 26
5464 36
5465 37
5466 34
5467 21
5468 35
5469 25
5470 31
5471 23
5472 26
5473 21
5474 32
5475 28
5476 31
5477 24
5478 27
5479 23
5480 30
5481 24
5482 22
5483 32
5484 21
5485 35
5486 25
5487 30
5488 30
5489 32
5490 29
5491 39
5492 20
5493 32
5494 38
5495 32
5496 29
5497 31
5498 40
5499 30
5500 36
5501 21
5502 33
5503 35
5504 41
5505 32
5506 42
5507 29
5508 29
5509 30
5510 33
5511 44
5512 26
5513 38
5514 35
5515 29
5516 19
5517 24
5518 33
5519 33
5520 35
5521 34
5522 30
5523 27
5524 29
5525 33
5526 33
5527 31
5528 23
5529 25
5530 27
5531 26
5532 21
5533 20
5534 31
5535 28
5536 29
5537 25
5538 32
5539 28
5540 31
5541 28
5542 37
5543 32
5544 38
5545 27
5546 14
5547 28
5548 29
5549 26
5550 38
5551 33
5552 26
5553 20
5554 27
5555 32
5556 30
5557 35
5558 36
5559 34
5560 25
5561 34
5562 26
5563 25
5564 24
5565 27
5566 26
5567 25
5568 27
5569 16
5570 27
5571 33
5572 19
5573 26
5574 22
5575 39
5576 34
5577 42
5578 35
5579 30
5580 30
5581 31
5582 23
5583 33
5584 19
5585 18
5586 25
5587 35
5588 23
5589 28
5590 30
5591 34
5592 22
5593 37
5594 33
5595 27
5596 23
5597 27
5598 39
5599 40
5600 36
5601 32
5602 26
5603 31
5604 23
5605 40
5606 28
5607 34
5608 31
5609 34
5610 27
5611 32
5612 19
5613 38
5614 32
5615 25
5616 22
5617 36
5618 28
5619 28
5620 35
5621 24
5622 26
5623 43
5624 28
5625 30
5626 35
5627 31
5628 34
5629 26
5630 29
5631 32
5632 33
5633 29
5634 29
5635 36
5636 26
5637 37
5638 18
5639 40
5640 32
5641 27
5642 26
5643 25
5644 34
5645 24
5646 37
5647 33
5648 37
5649 30
5650 34
5651 24
5652 33
5653 28
5654 35
5655 33
5656 18
5657 41
5658 40
5659 31
5660 29
5661 23
5662 31
5663 29
5664 27
5665 36
5666 26
5667 31
5668 29
5669 27
5670 23
5671 27
5672 26
5673 41
5674 23
5675 30
5676 33
5677 43
5678 30
5679 30
5680 27
5681 29
5682 23
5683 29
5684 42
5685 27
5686 38
5687 31
5688 33
5689 31
5690 35
5691 25
5692 25
5693 31
5694 41
5695 29
5696 34
5697 24
5698 31
5699 34
5700 29
5701 29
5702 31
5703 20
5704 40
5705 34
5706 29
5707 21
5708 30
5709 26
5710 34
5711 33
5712 28
5713 45
5714 25
5715 26
5716 40
5717 34
5718 28
5719 28
5720 36
5721 35
5722 23
5723 22
5724 40
5725 27
5726 31
5727 37
5728 29
5729 32
5730 31
5731 30
5732 30
5733 33
5734 31
5735 24
5736 21
5737 39
5738 36
5739 31
5740 36
5741 31
5742 29
5743 33
5744 28
5745 27
5746 27
5747 37
5748 40
5749 35
5750 40
5751 29
5752 26
5753 27
5754 23
5755 43
5756 26
5757 36
5758 24
5759 38
5760 33
5761 29
5762 31
5763 33
5764 34
5765 32
5766 26
5767 32
5768 29
5769 36
5770 34
5771 33
5772 31
5773 33
5774 41
5775 23
5776 22
5777 24
5778 20
5779 24
5780 33
5781 23
5782 34
5783 29
5784 22
5785 32
5786 36
5787 36
5788 31
5789 27
5790 32
5791 31
5792 30
5793 38
5794 39
5795 34
5796 34
5797 27
5798 31
5799 27
5800 29
5801 18
5802 33
5803 32
5804 31
5805 23
5806 29
5807 36
5808 18
5809 32
5810 35
5811 31
5812 31
5813 25
5814 27
5815 34
5816 25
5817 30
5818 20
5819 29
5820 26
5821 24
5822 38
5823 26
5824 29
5825 23
5826 29
5827 40
5828 25
5829 31
5830 35
5831 25
5832 26
5833 33
5834 32
5835 31
5836 31
5837 35
5838 37
5839 28
5840 34
5841 25
5842 26
5843 35
5844 30
5845 31
5846 32
5847 26
5848 37
5849 26
5850 31
5851 27
5852 40
5853 29
5854 32
5855 29
5856 24
5857 36
5858 42
5859 27
5860 26
5861 18
5862 23
5863 31
5864 40
5865 24
5866 27
5867 30
5868 29
5869 27
5870 23
5871 26
5872 25
5873 24
5874 27
5875 27
5876 30
5877 26
5878 32
5879 35
5880 36
5881 32
5882 29
5883 21
5884 32
5885 27
5886 20
5887 29
5888 26
5889 26
5890 31
5891 31
5892 34
5893 31
5894 30
5895 36
5896 37
5897 28
5898 25
5899 29
5900 29
5901 29
5902 32
5903 32
5904 38
5905 27
5906 31
5907 21
5908 26
5909 23
5910 32
5911 31
5912 29
5913 31
5914 26
5915 33
5916 26
5917 29
5918 32
5919 25
5920 24
5921 20
5922 34
5923 18
5924 37
5925 34
5926 20
5927 21
5928 36
5929 41
5930 35
5931 29
5932 25
5933 23
5934 32
5935 39
5936 23
5937 34
5938 35
5939 32
5940 27
5941 26
5942 33
5943 34
5944 31
5945 30
5946 21
5947 43
5948 31
5949 32
5950 43
5951 22
5952 31
5953 27
5954 25
5955 39
5956 23
5957 32
5958 26
5959 14
5960 33
5961 42
5962 37
5963 32
5964 30
5965 35
5966 34
5967 26
5968 33
5969 30
5970 40
5971 29
5972 29
5973 24
5974 28
5975 21
5976 31
5977 24
5978 21
5979 36
5980 32
5981 23
5982 20
5983 30
5984 34
5985 33
5986 33
5987 28
5988 31
5989 25
5990 26
5991 38
5992 29
5993 22
5994 31
5995 32
5996 25
5997 32
5998 27
5999 32
6000 31
6001 24
6002 33
6003 40
6004 31
6005 29
6006 35
6007 26
6008 27
6009 31
6010 27
6011 35
6012 32
6013 32
6014 33
6015 29
6016 23
6017 27
6018 31
6019 33
6020 27
6021 22
6022 27
6023 27
6024 31
6025 32
6026 40
6027 40
6028 32
6029 31
6030 28
6031 37
6032 30
6033 32
6034 39
6035 23
6036 28
6037 29
6038 26
6039 34
6040 27
6041 26
6042 29
6043 27
6044 35
6045 30
6046 43
6047 39
6048 33
6049 33
6050 24
6051 27
6052 31
6053 25
6054 28
6055 33
6056 31
6057 29
6058 29
6059 29
6060 35
6061 33
6062 28
6063 26
6064 28
6065 21
6066 26
6067 28
6068 24
6069 30
6070 22
6071 28
6072 31
6073 29
6074 29
6075 27
6076 34
6077 23
6078 28
6079 31
6080 37
6081 31
6082 30
6083 28
6084 24
6085 33
6086 33
6087 37
6088 19
6089 35
6090 23
6091 33
6092 32
6093 26
6094 28
6095 23
6096 26
6097 29
6098 34
6099 29
6100 38
6101 27
6102 30
6103 24
6104 28
6105 28
6106 24
6107 34
6108 27
6109 30
6110 29
6111 31
6112 32
6113 33
6114 39
6115 25
6116 33
6117 24
6118 34
6119 30
6120 26
6121 29
6122 30
6123 34
6124 27
6125 30
6126 33
6127 28
6128 16
6129 37
6130 30
6131 27
6132 27
6133 46
6134 29
6135 33
6136 29
6137 35
6138 39
6139 40
6140 36
6141 31
6142 46
6143 38
6144 30
6145 23
6146 21
6147 36
6148 34
6149 29
6150 30
6151 29
6152 29
6153 29
6154 38
6155 28
6156 34
6157 28
6158 30
6159 30
6160 27
6161 31
6162 25
6163 28
6164 39
6165 31
6166 36
6167 33
6168 35
6169 36
6170 27
6171 23
6172 36
6173 24
6174 32
6175 38
6176 34
6177 38
6178 23
6179 28
6180 31
6181 31
6182 25
6183 27
6184 27
6185 26
6186 22
6187 27
6188 29
6189 39
6190 29
6191 18
6192 25
6193 26
6194 39
6195 36
6196 40
6197 36
6198 28
6199 26
6200 23
6201 35
6202 36
6203 31
6204 30
6205 22
6206 34
6207 33
6208 28
6209 26
6210 28
6211 22
6212 32
6213 29
6214 27
6215 18
6216 29
6217 33
6218 27
6219 36
6220 41
6221 39
6222 38
6223 37
6224 22
6225 29
6226 30
6227 33
6228 31
6229 36
6230 31
6231 24
6232 22
6233 20
6234 40
6235 32
6236 26
6237 29
6238 28
6239 23
6240 25
6241 36
6242 36
6243 32
6244 30
6245 33
6246 15
6247 40
6248 31
6249 36
6250 28
6251 30
6252 27
6253 23
6254 32
6255 24
6256 37
6257 22
6258 28
6259 30
6260 27
6261 30
6262 41
6263 34
6264 36
6265 19
6266 37
6267 22
6268 36
6269 29
6270 25
6271 35
6272 29
6273 28
6274 26
6275 30
6276 25
6277 25
6278 28
6279 35
6280 38
6281 34
6282 31
6283 37
6284 33
6285 25
6286 30
6287 30
6288 29
6289 26
6290 27
6291 24
6292 34
6293 28
6294 38
6295 41
6296 34
6297 33
6298 28
6299 31
6300 23
6301 31
6302 23
6303 42
6304 43
6305 25
6306 37
6307 26
6308 43
6309 34
6310 39
6311 32
6312 37
6313 24
6314 28
6315 35
6316 28
6317 23
6318 27
6319 32
6320 31
6321 30
6322 27
6323 26
6324 36
6325 29
6326 28
6327 19
6328 38
6329 36
6330 37
6331 30
6332 25
6333 36
6334 31
6335 23
6336 33
6337 44
6338 36
6339 22
6340 26
6341 27
6342 23
6343 26
6344 26
6345 23
6346 38
6347 24
6348 37
6349 19
6350 21
6351 19
6352 29
6353 26
6354 24
6355 44
6356 22
6357 28
6358 35
6359 32
6360 30
6361 21
6362 31
6363 23
6364 23
6365 30
6366 39
6367 31
6368 22
6369 23
6370 28
6371 35
6372 33
6373 27
6374 35
6375 32
6376 32
6377 23
6378 30
6379 27
6380 37
6381 30
6382 25
6383 31
6384 36
6385 33
6386 39
6387 27
6388 38
6389 23
6390 46
6391 30
6392 29
6393 28
6394 39
6395 37
6396 28
6397 36
6398 25
6399 48
6400 28
6401 27
6402 23
6403 23
6404 31
6405 33
6406 31
6407 38
6408 24
6409 29
6410 29
6411 19
6412 29
6413 34
6414 26
6415 38
6416 28
6417 18
6418 34
6419 27
6420 26
6421 33
6422 28
6423 23
6424 26
6425 30
6426 18
6427 28
6428 24
6429 30
6430 25
6431 32
6432 27
6433 29
6434 31
6435 27
6436 26
6437 38
6438 34
6439 31
6440 29
6441 33
6442 37
6443 37
6444 24
6445 34
6446 30
6447 36
6448 39
6449 38
6450 23
6451 30
6452 29
6453 30
6454 31
6455 29
6456 27
6457 43
6458 24
6459 27
6460 29
6461 40
6462 34
6463 26
6464 29
6465 20
6466 41
6467 33
6468 26
6469 25
6470 29
6471 30
6472 23
6473 26
6474 30
6475 23
6476 35
6477 32
6478 27
6479 27
6480 36
6481 22
6482 28
6483 26
6484 30
6485 40
6486 22
6487 27
6488 22
6489 28
6490 30
6491 25
6492 34
6493 29
6494 27
6495 24
6496 24
6497 36
6498 40
6499 23
6500 27
6501 24
6502 28
6503 25
6504 37
6505 27
6506 33
6507 26
6508 26
6509 25
6510 25
6511 35
6512 25
6513 28
6514 33
6515 19
6516 34
6517 26
6518 32
6519 39
6520 35
6521 34
6522 28
6523 32
6524 29
6525 30
6526 37
6527 38
6528 29
6529 31
6530 34
6531 29
6532 33
6533 41
6534 32
6535 25
6536 30
6537 34
6538 26
6539 28
6540 29
6541 33
6542 26
6543 29
6544 23
6545 29
6546 26
6547 31
6548 30
6549 35
6550 30
6551 26
6552 30
6553 27
6554 21
6555 30
6556 34
6557 20
6558 36
6559 34
6560 33
6561 36
6562 30
6563 39
6564 31
6565 29
6566 35
6567 31
6568 32
6569 25
6570 26
6571 42
6572 21
6573 39
6574 30
6575 28
6576 37
6577 36
6578 25
6579 32
6580 36
6581 30
6582 23
6583 28
6584 30
6585 35
6586 31
6587 29
6588 25
6589 28
6590 27
6591 33
6592 25
6593 30
6594 37
6595 28
6596 25
6597 28
6598 35
6599 35
6600 30
6601 24
6602 24
6603 31
6604 19
6605 32
6606 42
6607 35
6608 36
6609 26
6610 32
6611 41
6612 27
6613 38
6614 24
6615 35
6616 29
6617 29
6618 25
6619 34
6620 28
6621 30
6622 22
6623 34
6624 27
6625 29
6626 17
6627 33
6628 27
6629 34
6630 27
6631 30
6632 33
6633 27
6634 26
6635 35
6636 26
6637 19
6638 37
6639 33
6640 25
6641 32
6642 33
6643 33
6644 23
6645 29
6646 22
6647 33
6648 29
6649 33
6650 31
6651 27
6652 23
6653 23
6654 31
6655 36
6656 32
6657 37
6658 34
6659 33
6660 41
6661 28
6662 28
6663 33
6664 21
6665 24
6666 28
6667 43
6668 29
6669 33
6670 30
6671 35
6672 21
6673 27
6674 25
6675 32
6676 32
6677 29
6678 23
6679 43
6680 32
6681 29
6682 26
6683 21
6684 21
6685 32
6686 24
6687 23
6688 30
6689 28
6690 36
6691 30
6692 31
6693 28
6694 26
6695 35
6696 33
6697 25
6698 31
6699 34
6700 36
6701 23
6702 31
6703 32
6704 32
6705 27
6706 35
6707 32
6708 23
6709 27
6710 31
6711 26
6712 38
6713 32
6714 24
6715 36
6716 29
6717 37
6718 28
6719 31
6720 31
6721 39
6722 17
6723 49
6724 30
6725 21
6726 31
6727 31
6728 25
6729 29
6730 36
6731 30
6732 31
6733 27
6734 29
6735 29
6736 29
6737 37
6738 37
6739 38
6740 40
6741 27
6742 30
6743 35
6744 35
6745 37
6746 28
6747 33
6748 30
6749 29
6750 23
6751 39
6752 29
6753 33
6754 20
6755 40
6756 27
6757 33
6758 25
6759 28
6760 24
6761 25
6762 28
6763 37
6764 25
6765 24
6766 37
6767 36
6768 41
6769 24
6770 28
6771 23
6772 29
6773 36
6774 26
6775 33
6776 25
6777 31
6778 34
6779 19
6780 27
6781 34
6782 22
6783 27
6784 28
6785 38
6786 30
6787 23
6788 36
6789 30
6790 33
6791 21
6792 31
6793 26
6794 34
6795 32
6796 34
6797 35
6798 26
6799 22
6800 26
6801 34
6802 28
6803 34
6804 31
6805 28
6806 21
6807 34
6808 32
6809 30
6810 42
6811 30
6812 27
6813 24
6814 29
6815 35
6816 23
6817 29
6818 27
6819 25
6820 30
6821 19
6822 39
6823 31
6824 43
6825 18
6826 28
6827 31
6828 25
6829 24
6830 30
6831 26
6832 22
6833 37
6834 23
6835 29
6836 28
6837 30
6838 30
6839 32
6840 36
6841 31
6842 33
6843 31
6844 24
6845 36
6846 34
6847 31
6848 35
6849 35
6850 25
6851 38
6852 33
6853 19
6854 26
6855 26
6856 37
6857 33
6858 35
6859 32
6860 26
6861 23
6862 29
6863 27
6864 43
6865 32
6866 34
6867 43
6868 24
6869 32
6870 37
6871 42
6872 21
6873 30
6874 31
6875 26
6876 30
6877 28
6878 33
6879 25
6880 35
6881 33
6882 29
6883 29
6884 39
6885 16
6886 31
6887 35
6888 27
6889 30
6890 28
6891 24
6892 34
6893 27
6894 25
6895 31
6896 24
6897 29
6898 34
6899 34
6900 20
6901 34
6902 29
6903 36
6904 26
6905 24
6906 31
6907 27
6908 25
6909 26
6910 31
6911 21
6912 34
6913 31
6914 30
6915 33
6916 27
6917 29
6918 37
6919 34
6920 29
6921 29
6922 23
6923 21
6924 32
6925 30
6926 29
6927 25
6928 35
6929 34
6930 25
6931 25
6932 33
6933 28
6934 31
6935 35
6936 28
6937 29
6938 36
6939 27
6940 33
6941 21
6942 37
6943 27
6944 31
6945 32
6946 41
6947 23
6948 30
6949 36
6950 25
6951 35
6952 32
6953 29
6954 35
6955 29
6956 29
6957 28
6958 26
6959 39
6960 35
6961 33
6962 29
6963 28
6964 29
6965 32
6966 38
6967 26
6968 33
6969 37
6970 34
6971 29
6972 35
6973 34
6974 33
6975 34
6976 17
6977 37
6978 25
6979 25
6980 26
6981 28
6982 23
6983 25
6984 31
6985 23
6986 30
6987 36
6988 35
6989 31
6990 30
6991 25
6992 30
6993 38
6994 35
6995 35
6996 34
6997 36
6998 22
6999 33
7000 34
7001 31
7002 28
7003 28
7004 26
7005 38
7006 36
7007 25
7008 34
7009 28
7010 27
7011 20
7012 24
7013 27
7014 28
7015 24
7016 30
7017 26
7018 43
7019 32
7020 34
7021 29
7022 29
7023 28
7024 31
7025 37
7026 31
7027 34
7028 24
7029 25
7030 40
7031 35
7032 30
7033 26
7034 24
7035 25
7036 27
7037 30
7038 22
7039 27
7040 23
7041 26
7042 27
7043 27
7044 35
7045 39
7046 24
7047 30
7048 26
7049 33
7050 35
7051 31
7052 32
7053 37
7054 29
7055 29
7056 33
7057 31
7058 25
7059 27
7060 38
7061 31
7062 34
7063 30
7064 25
7065 40
7066 30
7067 38
7068 40
7069 31
7070 21
7071 30
7072 25
7073 34
7074 29
7075 30
7076 22
7077 25
7078 31
7079 36
7080 24
7081 32
7082 24
7083 30
7084 38
7085 35
7086 34
7087 34
7088 22
7089 32
7090 30
7091 27
7092 34
7093 29
7094 32
7095 26
7096 29
7097 34
7098 31
7099 30
7100 23
7101 31
7102 26
7103 35
7104 24
7105 35
7106 24
7107 27
7108 33
7109 29
7110 41
7111 29
7112 28
7113 26
7114 30
7115 27
7116 40
7117 28
7118 35
7119 28
7120 28
7121 28
7122 33
7123 30
7124 31
7125 31
7126 35
7127 29
7128 37
7129 28
7130 34
7131 39
7132 43
7133 42
7134 38
7135 46
7136 36
7137 43
7138 40
7139 28
7140 46
7141 34
7142 38
7143 29
7144 38
7145 41
7146 38
7147 27
7148 33
7149 36
7150 34
7151 24
7152 28
7153 23
7154 23
7155 33
7156 34
7157 36
7158 29
7159 32
7160 21
7161 39
7162 33
7163 38
7164 39
7165 32
7166 32
7167 28
7168 36
7169 25
7170 35
7171 29
7172 33
7173 39
7174 29
7175 28
7176 36
7177 33
7178 25
7179 48
7180 34
7181 40
7182 23
7183 24
7184 25
7185 39
7186 33
7187 27
7188 36
7189 42
7190 25
7191 35
7192 38
7193 32
7194 36
7195 28
7196 28
7197 36
7198 27
7199 34
7200 28
7201 42
7202 33
7203 25
7204 37
7205 31
7206 29
7207 22
7208 34
7209 31
7210 26
7211 33
7212 30
7213 33
7214 23
7215 31
7216 38
7217 32
7218 40
7219 34
7220 30
7221 29
7222 34
7223 31
7224 31
7225 29
7226 38
7227 22
7228 27
7229 26
7230 31
7231 16
7232 29
7233 21
7234 22
7235 39
7236 39
7237 24
7238 33
7239 36
7240 27
7241 28
7242 34
7243 28
7244 37
7245 31
7246 31
7247 42
7248 36
7249 27
7250 34
7251 33
7252 33
7253 34
7254 22
7255 27
7256 27
7257 27
7258 32
7259 33
7260 21
7261 27
7262 30
7263 29
7264 28
7265 30
7266 20
7267 30
7268 30
7269 37
7270 35
7271 34
7272 27
7273 30
7274 29
7275 33
7276 29
7277 26
7278 29
7279 22
7280 35
7281 39
7282 27
7283 24
7284 20
7285 25
7286 22
7287 26
7288 35
7289 25
7290 38
7291 31
7292 23
7293 25
7294 31
7295 32
7296 41
7297 29
7298 31
7299 31
7300 33
7301 22
7302 25
7303 38
7304 39
7305 28
7306 35
7307 24
7308 28
7309 38
7310 32
7311 30
7312 37
7313 28
7314 26
7315 31
7316 31
7317 46
7318 28
7319 25
7320 34
7321 37
7322 41
7323 36
7324 43
7325 23
7326 32
7327 29
7328 26
7329 32
7330 27
7331 35
7332 31
7333 25
7334 30
7335 35
7336 30
7337 25
7338 23
7339 30
7340 26
7341 26
7342 24
7343 25
7344 34
7345 28
7346 36
7347 23
7348 38
7349 25
7350 39
7351 22
7352 24
7353 36
7354 32
7355 36
7356 36
7357 30
7358 28
7359 28
7360 35
7361 38
7362 30
7363 27
7364 35
7365 29
7366 37
7367 21
7368 35
7369 28
7370 29
7371 30
7372 34
7373 25
7374 28
7375 31
7376 24
7377 32
7378 34
7379 24
7380 17
7381 32
7382 36
7383 38
7384 35
7385 33
7386 32
7387 34
7388 29
7389 35
7390 33
7391 25
7392 41
7393 24
7394 29
7395 28
7396 30
7397 27
7398 29
7399 33
7400 36
7401 36
7402 34
7403 26
7404 33
7405 28
7406 35
7407 33
7408 22
7409 23
7410 41
7411 38
7412 25
7413 16
7414 30
7415 40
7416 34
7417 34
7418 37
7419 23
7420 33
7421 29
7422 37
7423 36
7424 27
7425 33
7426 28
7427 27
7428 46
7429 29
7430 26
7431 22
7432 33
7433 33
7434 33
7435 29
7436 25
7437 28
7438 32
7439 27
7440 36
7441 27
7442 34
7443 34
7444 31
7445 37
7446 28
7447 29
7448 36
7449 27
7450 35
7451 21
7452 32
7453 36
7454 37
7455 25
7456 27
7457 34
7458 30
7459 23
7460 29
7461 31
7462 22
7463 33
7464 35
7465 28
7466 23
7467 34
7468 33
7469 27
7470 26
7471 27
7472 37
7473 32
7474 23
7475 36
7476 17
7477 37
7478 35
7479 29
7480 24
7481 30
7482 29
7483 28
7484 38
7485 31
7486 23
7487 38
7488 38
7489 25
7490 31
7491 30
7492 37
7493 34
7494 38
7495 29
7496 32
7497 27
7498 25
7499 28
7500 39
7501 36
7502 20
7503 33
7504 31
7505 31
7506 22
7507 33
7508 26
7509 33
7510 41
7511 27
7512 34
7513 32
7514 24
7515 28
7516 41
7517 34
7518 26
7519 27
7520 20
7521 31
7522 30
7523 34
7524 38
7525 31
7526 34
7527 33
7528 22
7529 36
7530 27
7531 38
7532 37
7533 27
7534 40
7535 27
7536 25
7537 36
7538 24
7539 25
7540 25
7541 30
7542 32
7543 29
7544 35
7545 37
7546 26
7547 33
7548 27
7549 35
7550 32
7551 27
7552 33
7553 29
7554 33
7555 28
7556 33
7557 36
7558 19
7559 38
7560 30
7561 33
7562 22
7563 34
7564 34
7565 25
7566 25
7567 26
7568 25
7569 33
7570 36
7571 27
7572 34
7573 27
7574 26
7575 31
7576 29
7577 25
7578 23
7579 29
7580 35
7581 37
7582 30
7583 19
7584 25
7585 38
7586 34
7587 28
7588 38
7589 38
7590 33
7591 31
7592 31
7593 35
7594 30
7595 31
7596 22
7597 33
7598 25
7599 23
7600 24
7601 28
7602 31
7603 28
7604 28
7605 30
7606 30
7607 35
7608 29
7609 28
7610 24
7611 43
7612 29
7613 32
7614 26
7615 40
7616 31
7617 30
7618 36
7619 35
7620 40
7621 31
7622 37
7623 27
7624 38
7625 36
7626 32
7627 44
7628 39
7629 48
7630 27
7631 30
7632 36
7633 28
7634 22
7635 23
7636 30
7637 21
7638 36
7639 43
7640 30
7641 32
7642 33
7643 37
7644 28
7645 32
7646 38
7647 35
7648 25
7649 27
7650 35
7651 26
7652 24
7653 32
7654 38
7655 24
7656 32
7657 42
7658 42
7659 35
7660 28
7661 32
7662 34
7663 28
7664 43
7665 35
7666 27
7667 36
7668 32
7669 42
7670 29
7671 36
7672 26
7673 38
7674 32
7675 15
7676 21
7677 34
7678 33
7679 32
7680 32
7681 30
7682 31
7683 22
7684 33
7685 35
7686 25
7687 34
7688 38
7689 25
7690 18
7691 30
7692 30
7693 22
7694 32
7695 22
7696 32
7697 33
7698 23
7699 33
7700 34
7701 26
7702 39
7703 30
7704 28
7705 36
7706 29
7707 29
7708 21
7709 32
7710 31
7711 28
7712 35
7713 27
7714 24
7715 30
7716 29
7717 27
7718 33
7719 28
7720 30
7721 31
7722 27
7723 31
7724 32
7725 26
7726 37
7727 29
7728 29
7729 25
7730 36
7731 28
7732 24
7733 33
7734 40
7735 32
7736 25
7737 30
7738 28
7739 35
7740 41
7741 32
7742 36
7743 30
7744 22
7745 34
7746 26
7747 32
7748 27
7749 30
7750 27
7751 43
7752 28
7753 24
7754 32
7755 36
7756 18
7757 45
7758 28
7759 38
7760 31
7761 29
7762 37
7763 34
7764 29
7765 37
7766 33
7767 30
7768 34
7769 29
7770 32
7771 26
7772 39
7773 33
7774 28
7775 35
7776 25
7777 31
7778 35
7779 47
7780 27
7781 34
7782 28
7783 31
7784 38
7785 19
7786 27
7787 44
7788 32
7789 34
7790 30
7791 27
7792 49
7793 25
7794 33
7795 28
7796 40
7797 32
7798 34
7799 35
7800 24
7801 43
7802 43
7803 23
7804 31
7805 36
7806 32
7807 22
7808 46
7809 30
7810 36
7811 29
7812 43
7813 33
7814 32
7815 36
7816 37
7817 37
7818 30
7819 28
7820 34
7821 25
7822 30
7823 29
7824 33
7825 34
7826 36
7827 24
7828 29
7829 32
7830 28
7831 29
7832 34
7833 28
7834 31
7835 48
7836 21
7837 35
7838 34
7839 25
7840 25
7841 33
7842 37
7843 27
7844 24
7845 35
7846 25
7847 44
7848 32
7849 35
7850 27
7851 30
7852 34
7853 30
7854 30
7855 28
7856 30
7857 40
7858 40
7859 38
7860 27
7861 32
7862 32
7863 34
7864 28
7865 36
7866 38
7867 23
7868 29
7869 32
7870 29
7871 41
7872 38
7873 32
7874 21
7875 31
7876 32
7877 33
7878 34
7879 37
7880 35
7881 34
7882 28
7883 44
7884 34
7885 36
7886 27
7887 34
7888 34
7889 38
7890 31
7891 34
7892 30
7893 36
7894 38
7895 22
7896 44
7897 32
7898 32
7899 34
7900 44
7901 38
7902 44
7903 30
7904 26
7905 52
7906 37
7907 32
7908 41
7909 31
7910 38
7911 34
7912 34
7913 38
7914 49
7915 30
7916 38
7917 39
7918 30
7919 36
7920 33
7921 26
7922 32
7923 35
7924 41
7925 28
7926 29
7927 32
7928 35
7929 38
7930 31
7931 38
7932 37
7933 37
7934 34
7935 34
7936 41
7937 32
7938 43
7939 34
7940 24
7941 34
7942 31
7943 31
7944 28
7945 39
7946 36
7947 27
7948 39
7949 31
7950 35
7951 24
7952 45
7953 31
7954 42
7955 33
7956 37
7957 31
7958 34
7959 31
7960 32
7961 27
7962 25
7963 35
7964 37
7965 29
7966 34
7967 35
7968 30
7969 34
7970 38
7971 29
7972 30
7973 28
7974 36
7975 29
7976 29
7977 33
7978 22
7979 28
7980 38
7981 36
7982 24
7983 32
7984 36
7985 38
7986 29
7987 42
7988 37
7989 38
7990 25
7991 27
7992 36
7993 26
7994 33
7995 35
7996 23
7997 33
7998 31
7999 32
8000 38
8001 29
8002 30
8003 34
8004 35
8005 31
8006 42
8007 35
8008 23
8009 28
8010 30
8011 33
8012 41
8013 44
8014 27
8015 28
8016 29
8017 38
8018 22
8019 31
8020 28
8021 34
8022 25
8023 32
8024 34
8025 37
8026 34
8027 37
8028 34
8029 36
8030 32
8031 35
8032 42
8033 34
8034 43
8035 30
8036 27
8037 32
8038 24
8039 33
8040 39
8041 28
8042 38
8043 33
8044 33
8045 35
8046 39
8047 29
8048 30
8049 32
8050 30
8051 27
8052 26
8053 27
8054 33
8055 31
8056 25
8057 33
8058 32
8059 36
8060 27
8061 23
8062 25
8063 43
8064 32
8065 25
8066 32
8067 31
8068 35
8069 32
8070 25
8071 36
8072 31
8073 29
8074 38
8075 30
8076 44
8077 25
8078 40
8079 31
8080 25
8081 38
8082 35
8083 32
8084 44
8085 29
8086 31
8087 29
8088 31
8089 42
8090 39
8091 36
8092 26
8093 34
8094 31
8095 35
8096 37
8097 34
8098 44
8099 19
8100 35
8101 25
8102 31
8103 33
8104 36
8105 36
8106 35
8107 29
8108 30
8109 36
8110 30
8111 31
8112 32
8113 27
8114 32
8115 33
8116 37
8117 26
8118 32
8119 39
8120 34
8121 32
8122 33
8123 37
8124 32
8125 38
8126 30
8127 37
8128 33
8129 33
8130 29
8131 30
8132 39
8133 30
8134 28
8135 36
8136 38
8137 30
8138 26
8139 33
8140 25
8141 24
8142 33
8143 30
8144 35
8145 42
8146 29
8147 23
8148 30
8149 46
8150 36
8151 35
8152 35
8153 30
8154 27
8155 28
8156 25
8157 34
8158 29
8159 40
8160 36
8161 33
8162 29
8163 25
8164 34
8165 30
8166 21
8167 29
8168 36
8169 28
8170 41
8171 39
8172 37
8173 41
8174 36
8175 41
8176 40
8177 34
8178 28
8179 25
8180 34
8181 32
8182 21
8183 36
8184 27
8185 33
8186 26
8187 26
8188 29
8189 35
8190 36
8191 36
8192 30
8193 33
8194 30
8195 28
8196 36
8197 35
8198 26
8199 36
8200 33
8201 44
8202 34
8203 31
8204 49
8205 31
8206 26
8207 32
8208 34
8209 33
8210 39
8211 29
8212 32
8213 36
8214 34
8215 26
8216 38
8217 34
8218 24
8219 31
8220 32
8221 38
8222 37
8223 34
8224 25
8225 30
8226 42
8227 29
8228 38
8229 38
8230 36
8231 38
8232 38
8233 28
8234 31
8235 36
8236 39
8237 31
8238 38
8239 43
8240 38
8241 37
8242 36
8243 34
8244 34
8245 36
8246 28
8247 28
8248 34
8249 29
8250 49
8251 36
8252 29
8253 26
8254 34
8255 34
8256 20
8257 31
8258 35
8259 38
8260 30
8261 30
8262 28
8263 32
8264 29
8265 46
8266 31
8267 29
8268 36
8269 36
8270 29
8271 28
8272 41
8273 39
8274 32
8275 33
8276 34
8277 32
8278 38
8279 34
8280 30
8281 45
8282 22
8283 31
8284 39
8285 33
8286 34
8287 39
8288 31
8289 36
8290 32
8291 26
8292 28
8293 31
8294 41
8295 32
8296 42
8297 27
8298 38
8299 36
8300 40
8301 37
8302 23
8303 35
8304 37
8305 33
8306 33
8307 27
8308 37
8309 42
8310 28
8311 28
8312 17
8313 33
8314 41
8315 36
8316 44
8317 25
8318 39
8319 36
8320 38
8321 26
8322 47
8323 31
8324 30
8325 33
8326 35
8327 30
8328 43
8329 30
8330 40
8331 39
8332 32
8333 38
8334 36
8335 40
8336 39
8337 39
8338 40
8339 23
8340 24
8341 35
8342 34
8343 29
8344 28
8345 40
8346 28
8347 30
8348 39
8349 29
8350 41
8351 32
8352 35
8353 40
8354 36
8355 36
8356 35
8357 27
8358 27
8359 37
8360 24
8361 30
8362 36
8363 44
8364 46
8365 40
8366 42
8367 41
8368 37
8369 38
8370 54
8371 34
8372 37
8373 27
8374 29
8375 31
8376 38
8377 36
8378 39
8379 39
8380 37
8381 42
8382 29
8383 37
8384 37
8385 33
8386 42
8387 28
8388 38
8389 39
8390 36
8391 38
8392 32
8393 36
8394 47
8395 40
8396 51
8397 33
8398 37
8399 23
8400 33
8401 48
8402 31
8403 44
8404 38
8405 35
8406 29
8407 37
8408 32
8409 32
8410 30
8411 33
8412 34
8413 38
8414 38
8415 40
8416 37
8417 36
8418 36
8419 37
8420 35
8421 40
8422 30
8423 24
8424 29
8425 26
8426 31
8427 29
8428 43
8429 31
8430 42
8431 35
8432 26
8433 32
8434 31
8435 37
8436 29
8437 30
8438 43
8439 30
8440 34
8441 30
8442 34
8443 30
8444 31
8445 37
8446 44
8447 34
8448 32
8449 41
8450 31
8451 37
8452 18
8453 30
8454 32
8455 32
8456 28
8457 43
8458 31
8459 34
8460 36
8461 27
8462 28
8463 33
8464 36
8465 34
8466 39
8467 31
8468 33
8469 33
8470 43
8471 34
8472 41
8473 38
8474 30
8475 30
8476 25
8477 39
8478 28
8479 31
8480 26
8481 23
8482 39
8483 35
8484 37
8485 46
8486 35
8487 32
8488 32
8489 35
8490 33
8491 27
8492 29
8493 37
8494 30
8495 36
8496 28
8497 35
8498 29
8499 35
8500 34
8501 40
8502 37
8503 38
8504 28
8505 41
8506 30
8507 31
8508 47
8509 37
8510 31
8511 38
8512 34
8513 37
8514 33
8515 39
8516 28
8517 32
8518 32
8519 39
8520 32
8521 34
8522 37
8523 31
8524 37
8525 36
8526 45
8527 30
8528 34
8529 40
8530 42
8531 31
8532 26
8533 22
8534 35
8535 39
8536 41
8537 37
8538 34
8539 30
8540 29
8541 33
8542 35
8543 30
8544 27
8545 30
8546 29
8547 29
8548 35
8549 40
8550 34
8551 33
8552 43
8553 35
8554 29
8555 33
8556 40
8557 36
8558 30
8559 44
8560 34
8561 34
8562 32
8563 35
8564 40
8565 40
8566 31
8567 38
8568 30
8569 29
8570 51
8571 44
8572 24
8573 30
8574 40
8575 35
8576 33
8577 19
8578 32
8579 29
8580 29
8581 50
8582 38
8583 25
8584 38
8585 38
8586 36
8587 44
8588 26
8589 39
8590 33
8591 31
8592 26
8593 34
8594 41
8595 41
8596 41
8597 31
8598 33
8599 30
8600 42
8601 35
8602 36
8603 33
8604 32
8605 36
8606 37
8607 26
8608 33
8609 32
8610 36
8611 36
8612 29
8613 29
8614 35
8615 32
8616 41
8617 37
8618 39
8619 41
8620 29
8621 40
8622 38
8623 33
8624 38
8625 31
8626 39
8627 35
8628 33
8629 29
8630 33
8631 27
8632 35
8633 35
8634 33
8635 34
8636 37
8637 27
8638 41
8639 27
8640 36
8641 24
8642 32
8643 29
8644 26
8645 33
8646 44
8647 28
8648 41
8649 29
8650 33
8651 23
8652 28
8653 32
8654 23
8655 32
8656 36
8657 26
8658 35
8659 34
8660 35
8661 33
8662 23
8663 28
8664 35
8665 24
8666 38
8667 46
8668 37
8669 37
8670 43
8671 24
8672 25
8673 38
8674 34
8675 42
8676 36
8677 37
8678 28
8679 29
8680 39
8681 24
8682 36
8683 32
8684 35
8685 32
8686 40
8687 38
8688 28
8689 30
8690 35
8691 25
8692 38
8693 31
8694 42
8695 26
8696 26
8697 36
8698 44
8699 37
8700 35
8701 45
8702 26
8703 35
8704 35
8705 28
8706 29
8707 26
8708 46
8709 41
8710 34
8711 33
8712 40
8713 28
8714 37
8715 39
8716 33
8717 31
8718 33
8719 34
8720 44
8721 29
8722 31
8723 40
8724 36
8725 38
8726 35
8727 25
8728 34
8729 37
8730 38
8731 31
8732 48
8733 38
8734 37
8735 39
8736 39
8737 38
8738 32
8739 31
8740 41
8741 31
8742 38
8743 32
8744 38
8745 43
8746 45
8747 38
8748 55
8749 44
8750 44
8751 49
8752 29
8753 43
8754 37
8755 33
8756 33
8757 31
8758 33
8759 40
8760 29
8761 32
8762 39
8763 32
8764 30
8765 26
8766 35
8767 29
8768 42
8769 45
8770 33
8771 32
8772 33
8773 42
8774 29
8775 36
8776 38
8777 31
8778 44
8779 32
8780 42
8781 36
8782 25
8783 46
8784 42
8785 34
8786 32
8787 39
8788 38
8789 36
8790 33
8791 45
8792 43
8793 30
8794 32
8795 31
8796 28
8797 32
8798 33
8799 43
8800 29
8801 30
8802 52
8803 40
8804 34
8805 38
8806 43
8807 34
8808 39
8809 36
8810 36
8811 26
8812 40
8813 32
8814 28
8815 35
8816 34
8817 34
8818 32
8819 32
8820 43
8821 41
8822 38
8823 47
8824 41
8825 45
8826 51
8827 31
8828 31
8829 29
8830 34
8831 33
8832 32
8833 44
8834 32
8835 41
8836 38
8837 33
8838 36
8839 42
8840 39
8841 38
8842 34
8843 44
8844 31
8845 42
8846 41
8847 39
8848 36
8849 45
8850 42
8851 42
8852 32
8853 40
8854 41
8855 47
8856 58
8857 34
8858 30
8859 43
8860 27
8861 30
8862 30
8863 40
8864 45
8865 54
8866 38
8867 39
8868 30
8869 36
8870 33
8871 37
8872 40
8873 37
8874 43
8875 48
8876 38
8877 38
8878 34
8879 49
8880 53
8881 29
8882 42
8883 35
8884 29
8885 35
8886 31
8887 35
8888 47
8889 40
8890 32
8891 35
8892 46
8893 40
8894 31
8895 29
8896 47
8897 37
8898 33
8899 48
8900 39
8901 38
8902 52
8903 27
8904 29
8905 43
8906 47
8907 38
8908 29
8909 36
8910 39
8911 38
8912 44
8913 40
8914 39
8915 35
8916 46
8917 32
8918 47
8919 33
8920 39
8921 33
8922 40
8923 32
8924 50
8925 39
8926 25
8927 35
8928 32
8929 31
8930 35
8931 38
8932 34
8933 46
8934 36
8935 38
8936 41
8937 44
8938 34
8939 37
8940 36
8941 31
8942 40
8943 40
8944 38
8945 33
8946 35
8947 42
8948 44
8949 29
8950 33
8951 43
8952 31
8953 42
8954 46
8955 46
8956 30
8957 39
8958 37
8959 48
8960 35
8961 37
8962 41
8963 39
8964 36
8965 33
8966 41
8967 40
8968 40
8969 44
8970 44
8971 37
8972 42
8973 44
8974 36
8975 39
8976 26
8977 41
8978 41
8979 43
8980 36
8981 35
8982 27
8983 27
8984 36
8985 33
8986 43
8987 39
8988 35
8989 28
8990 42
8991 32
8992 33
8993 37
8994 47
8995 36
8996 45
8997 37
8998 38
8999 34
9000 34
9001 38
9002 32
9003 43
9004 40
9005 34
9006 33
9007 41
9008 44
9009 30
9010 44
9011 31
9012 33
9013 48
9014 42
9015 39
9016 36
9017 34
9018 46
9019 26
9020 39
9021 32
9022 29
9023 34
9024 48
9025 33
9026 33
9027 41
9028 39
9029 40
9030 43
9031 38
9032 36
9033 52
9034 46
9035 31
9036 42
9037 41
9038 33
9039 31
9040 39
9041 46
9042 41
9043 36
9044 40
9045 43
9046 50
9047 37
9048 44
9049 47
9050 32
9051 37
9052 30
9053 32
9054 37
9055 40
9056 37
9057 38
9058 36
9059 43
9060 29
9061 41
9062 35
9063 45
9064 28
9065 41
9066 41
9067 34
9068 46
9069 34
9070 30
9071 36
9072 42
9073 45
9074 44
9075 38
9076 47
9077 43
9078 31
9079 34
9080 32
9081 35
9082 37
9083 45
9084 41
9085 41
9086 32
9087 39
9088 41
9089 38
9090 39
9091 36
9092 33
9093 40
9094 38
9095 36
9096 33
9097 34
9098 37
9099 38
9100 36
9101 53
9102 32
9103 42
9104 41
9105 38
9106 36
9107 28
9108 35
9109 36
9110 42
9111 40
9112 47
9113 37
9114 38
9115 48
9116 46
9117 30
9118 35
9119 39
9120 44
9121 43
9122 45
9123 32
9124 35
9125 44
9126 47
9127 26
9128 29
9129 36
9130 41
9131 49
9132 40
9133 33
9134 36
9135 43
9136 41
9137 39
9138 40
9139 41
9140 30
9141 43
9142 29
9143 45
9144 40
9145 32
9146 34
9147 47
9148 44
9149 47
9150 38
9151 36
9152 34
9153 34
9154 53
9155 32
9156 51
9157 37
9158 32
9159 42
9160 45
9161 38
9162 32
9163 36
9164 41
9165 53
9166 32
9167 41
9168 34
9169 32
9170 30
9171 37
9172 40
9173 44
9174 50
9175 41
9176 41
9177 32
9178 39
9179 47
9180 41
9181 37
9182 34
9183 36
9184 42
9185 38
9186 45
9187 46
9188 38
9189 35
9190 37
9191 38
9192 48
9193 31
9194 41
9195 32
9196 34
9197 35
9198 23
9199 46
9200 43
9201 45
9202 42
9203 46
9204 32
9205 32
9206 49
9207 33
9208 39
9209 25
9210 29
9211 40
9212 32
9213 43
9214 37
9215 35
9216 31
9217 37
9218 46
9219 33
9220 35
9221 32
9222 45
9223 40
9224 50
9225 45
9226 36
9227 48
9228 44
9229 45
9230 50
9231 47
9232 45
9233 44
9234 47
9235 45
9236 33
9237 32
9238 35
9239 39
9240 34
9241 44
9242 47
9243 44
9244 45
9245 49
9246 42
9247 40
9248 51
9249 50
9250 42
9251 37
9252 41
9253 49
9254 38
9255 37
9256 31
9257 50
9258 36
9259 39
9260 23
9261 37
9262 42
9263 39
9264 54
9265 39
9266 39
9267 43
9268 42
9269 43
9270 32
9271 48
9272 51
9273 33
9274 41
9275 41
9276 44
9277 54
9278 37
9279 36
9280 37
9281 44
9282 41
9283 52
9284 36
9285 39
9286 36
9287 39
9288 42
9289 47
9290 36
9291 42
9292 32
9293 42
9294 32
9295 39
9296 46
9297 49
9298 29
9299 40
9300 54
9301 43
9302 38
9303 37
9304 37
9305 38
9306 40
9307 42
9308 39
9309 48
9310 25
9311 35
9312 36
9313 32
9314 39
9315 46
9316 38
9317 40
9318 46
9319 41
9320 41
9321 43
9322 30
9323 47
9324 41
9325 48
9326 36
9327 38
9328 49
9329 46
9330 34
9331 41
9332 42
9333 41
9334 47
9335 50
9336 41
9337 41
9338 42
9339 43
9340 52
9341 39
9342 41
9343 43
9344 44
9345 43
9346 30
9347 37
9348 33
9349 38
9350 39
9351 36
9352 42
9353 49
9354 41
9355 38
9356 37
9357 30
9358 42
9359 28
9360 46
9361 42
9362 46
9363 45
9364 34
9365 48
9366 33
9367 43
9368 47
9369 45
9370 39
9371 47
9372 36
9373 33
9374 43
9375 28
9376 44
9377 47
9378 28
9379 43
9380 37
9381 41
9382 36
9383 48
9384 27
9385 38
9386 48
9387 35
9388 40
9389 33
9390 53
9391 44
9392 47
9393 45
9394 37
9395 43
9396 38
9397 49
9398 31
9399 32
9400 44
9401 34
9402 46
9403 38
9404 40
9405 44
9406 58
9407 39
9408 37
9409 46
9410 39
9411 49
9412 41
9413 31
9414 37
9415 32
9416 38
9417 41
9418 45
9419 35
9420 45
9421 42
9422 34
9423 38
9424 49
9425 45
9426 38
9427 51
9428 35
9429 28
9430 34
9431 45
9432 42
9433 42
9434 34
9435 44
9436 52
9437 50
9438 47
9439 39
9440 37
9441 35
9442 41
9443 45
9444 45
9445 35
9446 39
9447 46
9448 46
9449 37
9450 44
9451 53
9452 39
9453 44
9454 37
9455 40
9456 36
9457 40
9458 36
9459 44
9460 52
9461 41
9462 45
9463 38
9464 38
9465 48
9466 32
9467 45
9468 37
9469 36
9470 42
9471 43
9472 40
9473 42
9474 26
9475 43
9476 47
9477 45
9478 50
9479 30
9480 44
9481 43
9482 44
9483 53
9484 43
9485 33
9486 46
9487 47
9488 48
9489 45
9490 36
9491 38
9492 40
9493 42
9494 45
9495 37
9496 48
9497 46
9498 47
9499 40
9500 43
9501 40
9502 51
9503 45
9504 41
9505 49
9506 38
9507 35
9508 32
9509 43
9510 34
9511 44
9512 43
9513 35
9514 43
9515 37
9516 36
9517 40
9518 47
9519 42
9520 33
9521 45
9522 37
9523 48
9524 50
9525 29
9526 36
9527 38
9528 45
9529 50
9530 41
9531 50
9532 34
9533 37
9534 31
9535 36
9536 42
9537 38
9538 44
9539 43
9540 51
9541 41
9542 52
9543 32
9544 52
9545 56
9546 31
9547 41
9548 42
9549 33
9550 41
9551 50
9552 40
9553 42
9554 38
9555 50
9556 45
9557 56
9558 36
9559 36
9560 48
9561 36
9562 40
9563 51
9564 42
9565 47
9566 31
9567 40
9568 50
9569 40
9570 51
9571 43
9572 38
9573 48
9574 44
9575 46
9576 51
9577 55
9578 40
9579 41
9580 41
9581 46
9582 42
9583 38
9584 49
9585 51
9586 38
9587 49
9588 45
9589 48
9590 44
9591 40
9592 33
9593 39
9594 46
9595 43
9596 45
9597 43
9598 53
9599 48
9600 38
9601 37
9602 46
9603 42
9604 54
9605 55
9606 48
9607 45
9608 50
9609 47
9610 44
9611 45
9612 42
9613 42
9614 46
9615 35
9616 51
9617 37
9618 41
9619 50
9620 46
9621 42
9622 53
9623 34
9624 48
9625 42
9626 42
9627 46
9628 60
9629 47
9630 46
9631 43
9632 41
9633 42
9634 37
9635 48
9636 36
9637 30
9638 48
9639 50
9640 53
9641 42
9642 54
9643 48
9644 46
9645 44
9646 50
9647 47
9648 37
9649 47
9650 39
9651 49
9652 48
9653 48
9654 45
9655 48
9656 59
9657 55
9658 39
9659 49
9660 39
9661 41
9662 48
9663 37
9664 43
9665 57
9666 45
9667 47
9668 47
9669 47
9670 43
9671 53
9672 48
9673 39
9674 48
9675 58
9676 54
9677 39
9678 43
9679 44
9680 45
9681 41
9682 47
9683 48
9684 37
9685 48
9686 44
9687 46
9688 40
9689 39
9690 40
9691 36
9692 32
9693 52
9694 41
9695 56
9696 44
9697 39
9698 37
9699 37
9700 45
9701 57
9702 53
9703 43
9704 56
9705 53
9706 52
9707 40
9708 45
9709 43
9710 47
9711 54
9712 48
9713 47
9714 38
9715 37
9716 39
9717 46
9718 35
9719 49
9720 52
9721 50
9722 37
9723 49
9724 38
9725 52
9726 40
9727 46
9728 37
9729 48
9730 49
9731 41
9732 48
9733 40
9734 41
9735 51
9736 57
9737 50
9738 47
9739 48
9740 42
9741 54
9742 37
9743 34
9744 52
9745 38
9746 54
9747 50
9748 49
9749 48
9750 41
9751 42
9752 55
9753 38
9754 50
9755 40
9756 54
9757 41
9758 54
9759 54
9760 45
9761 44
9762 52
9763 47
9764 43
9765 39
9766 49
9767 42
9768 48
9769 38
9770 39
9771 46
9772 37
9773 53
9774 43
9775 40
9776 47
9777 42
9778 45
9779 41
9780 41
9781 41
9782 52
9783 46
9784 43
9785 48
9786 44
9787 42
9788 53
9789 65
9790 38
9791 58
9792 39
9793 46
9794 47
9795 46
9796 46
9797 40
9798 54
9799 59
9800 49
9801 46
9802 51
9803 40
9804 54
9805 45
9806 53
9807 50
9808 33
9809 35
9810 39
9811 41
9812 49
9813 29
9814 45
9815 52
9816 45
9817 60
9818 45
9819 40
9820 50
9821 42
9822 38
9823 47
9824 56
9825 50
9826 36
9827 62
9828 41
9829 33
9830 54
9831 47
9832 62
9833 41
9834 50
9835 44
9836 48
9837 54
9838 56
9839 57
9840 54
9841 45
9842 49
9843 44
9844 60
9845 54
9846 42
9847 50
9848 43
9849 50
9850 58
9851 54
9852 47
9853 41
9854 38
9855 49
9856 36
9857 45
9858 47
9859 51
9860 44
9861 38
9862 51
9863 44
9864 45
9865 45
9866 56
9867 43
9868 54
9869 51
9870 49
9871 45
9872 44
9873 52
9874 60
9875 55
9876 37
9877 50
9878 44
9879 51
9880 53
9881 64
9882 37
9883 36
9884 41
9885 46
9886 63
9887 36
9888 41
9889 47
9890 38
9891 46
9892 49
9893 42
9894 62
9895 40
9896 52
9897 54
9898 49
9899 59
9900 52
9901 48
9902 44
9903 57
9904 57
9905 65
9906 48
9907 49
9908 51
9909 34
9910 46
9911 63
9912 45
9913 49
9914 55
9915 42
9916 57
9917 55
9918 58
9919 47
9920 64
9921 53
9922 45
9923 55
9924 55
9925 50
9926 59
9927 41
9928 46
9929 43
9930 54
9931 42
9932 52
9933 58
9934 42
9935 52
9936 44
9937 55
9938 47
9939 53
9940 51
9941 46
9942 48
9943 59
9944 52
9945 56
9946 56
9947 44
9948 52
9949 64
9950 54
9951 62
9952 30
9953 58
9954 47
9955 46
9956 58
9957 58
9958 52
9959 49
9960 46
9961 51
9962 53
9963 52
9964 36
9965 35
9966 49
9967 52
9968 35
9969 53
9970 60
9971 44
9972 44
9973 56
9974 55
9975 39
9976 54
9977 49
9978 62
9979 41
9980 62
9981 62
9982 44
9983 49
9984 57
9985 51
9986 49
9987 44
9988 63
9989 49
9990 51
9991 48
9992 43
9993 47
9994 49
9995 51
9996 42
9997 46
9998 46
9999 50
10000 52
10001 41
10002 47
10003 54
10004 52
10005 49
10006 40
10007 39
10008 56
10009 57
10010 48
10011 40
10012 41
10013 50
10014 62
10015 51
10016 48
10017 51
10018 49
10019 44
10020 53
10021 43
10022 49
10023 43
10024 57
10025 52
10026 38
10027 46
10028 47
10029 49
10030 44
10031 56
10032 39
10033 49
10034 56
10035 52
10036 33
10037 69
10038 44
10039 41
10040 41
10041 56
10042 55
10043 51
10044 47
10045 35
10046 55
10047 50
10048 58
10049 61
10050 38
10051 58
10052 51
10053 47
10054 53
10055 58
10056 49
10057 38
10058 40
10059 58
10060 44
10061 47
10062 57
10063 56
10064 50
10065 48
10066 35
10067 44
10068 57
10069 47
10070 47
10071 54
10072 66
10073 43
10074 57
10075 52
10076 43
10077 55
10078 53
10079 43
10080 54
10081 48
10082 46
10083 50
10084 49
10085 71
10086 55
10087 55
10088 52
10089 52
10090 55
10091 47
10092 64
10093 44
10094 55
10095 52
10096 63
10097 68
10098 52
10099 49
10100 57
10101 58
10102 49
10103 53
10104 53
10105 64
10106 46
10107 52
10108 48
10109 51
10110 42
10111 64
10112 56
10113 37
10114 57
10115 40
10116 62
10117 48
10118 61
10119 43
10120 56
10121 58
10122 56
10123 60
10124 55
10125 43
10126 63
10127 49
10128 38
10129 58
10130 48
10131 54
10132 46
10133 47
10134 43
10135 54
10136 52
10137 51
10138 54
10139 58
10140 41
10141 51
10142 43
10143 48
10144 50
10145 52
10146 60
10147 63
10148 59
10149 55
10150 43
10151 60
10152 46
10153 58
10154 40
10155 51
10156 42
10157 55
10158 56
10159 58
10160 41
10161 42
10162 46
10163 52
10164 44
10165 48
10166 46
10167 49
10168 56
10169 50
10170 45
10171 53
10172 46
10173 55
10174 52
10175 49
10176 48
10177 50
10178 62
10179 45
10180 53
10181 54
10182 53
10183 50
10184 43
10185 61
10186 51
10187 53
10188 47
10189 48
10190 44
10191 56
10192 49
10193 42
10194 52
10195 43
10196 50
10197 57
10198 41
10199 54
10200 58
10201 46
10202 38
10203 54
10204 53
10205 59
10206 62
10207 65
10208 52
10209 64
10210 49
10211 49
10212 54
10213 54
10214 65
10215 54
10216 51
10217 66
10218 52
10219 36
10220 34
10221 63
10222 42
10223 48
10224 64
10225 53
10226 53
10227 51
10228 66
10229 52
10230 63
10231 70
10232 52
10233 53
10234 52
10235 53
10236 53
10237 56
10238 48
10239 58
10240 61
10241 59
10242 45
10243 50
10244 65
10245 64
10246 53
10247 61
10248 32
10249 55
10250 55
10251 56
10252 68
10253 59
10254 58
10255 45
10256 55
10257 60
10258 47
10259 58
10260 58
10261 55
10262 58
10263 57
10264 47
10265 54
10266 63
10267 55
10268 58
10269 52
10270 47
10271 49
10272 57
10273 63
10274 48
10275 54
10276 64
10277 49
10278 55
10279 56
10280 53
10281 60
10282 57
10283 68
10284 46
10285 55
10286 45
10287 60
10288 48
10289 60
10290 64
10291 61
10292 54
10293 48
10294 60
10295 52
10296 42
10297 65
10298 55
10299 57
10300 66
10301 44
10302 49
10303 60
10304 40
10305 54
10306 61
10307 52
10308 55
10309 63
10310 61
10311 65
10312 59
10313 45
10314 66
10315 62
10316 58
10317 54
10318 53
10319 60
10320 53
10321 56
10322 45
10323 55
10324 56
10325 41
10326 48
10327 77
10328 59
10329 48
10330 57
10331 48
10332 50
10333 50
10334 57
10335 45
10336 55
10337 69
10338 47
10339 63
10340 70
10341 58
10342 60
10343 60
10344 50
10345 52
10346 60
10347 68
10348 50
10349 48
10350 56
10351 55
10352 49
10353 62
10354 40
10355 58
10356 65
10357 59
10358 50
10359 49
10360 77
10361 57
10362 53
10363 54
10364 48
10365 65
10366 54
10367 44
10368 47
10369 46
10370 53
10371 46
10372 60
10373 60
10374 55
10375 60
10376 52
10377 55
10378 53
10379 63
10380 52
10381 65
10382 58
10383 42
10384 53
10385 51
10386 53
10387 46
10388 56
10389 42
10390 53
10391 58
10392 51
10393 53
10394 58
10395 57
10396 46
10397 57
10398 49
10399 40
10400 43
10401 52
10402 48
10403 52
10404 42
10405 36
10406 53
10407 54
10408 50
10409 42
10410 50
10411 50
10412 50
10413 51
10414 51
10415 47
10416 42
10417 45
10418 51
10419 44
10420 52
10421 28
10422 44
10423 43
10424 52
10425 37
10426 35
10427 49
10428 41
10429 44
10430 35
10431 51
10432 60
10433 39
10434 31
10435 59
10436 43
10437 45
10438 48
10439 66
10440 46
10441 28
10442 42
10443 43
10444 41
10445 47
10446 38
10447 46
10448 47
10449 42
10450 46
10451 49
10452 49
10453 47
10454 47
10455 45
10456 43
10457 39
10458 43
10459 42
10460 52
10461 33
10462 31
10463 33
10464 42
10465 38
10466 34
10467 40
10468 49
10469 30
10470 51
10471 51
10472 35
10473 50
10474 51
10475 38
10476 35
10477 47
10478 32
10479 40
10480 37
10481 43
10482 35
10483 50
10484 42
10485 44
10486 39
10487 47
10488 46
10489 41
10490 35
10491 55
10492 44
10493 35
10494 29
10495 41
10496 34
10497 56
10498 44
10499 48
10500 41
10501 33
10502 39
10503 42
10504 42
10505 48
10506 42
10507 38
10508 35
10509 36
10510 41
10511 44
10512 38
10513 32
10514 42
10515 42
10516 42
10517 45
10518 35
10519 34
10520 44
10521 35
10522 44
10523 46
10524 40
10525 36
10526 41
10527 48
10528 40
10529 47
10530 40
10531 41
10532 50
10533 49
10534 49
10535 37
10536 38
10537 37
10538 48
10539 32
10540 42
10541 45
10542 26
10543 36
10544 42
10545 28
10546 41
10547 43
10548 50
10549 38
10550 49
10551 38
10552 31
10553 44
10554 34
10555 35
10556 42
10557 42
10558 27
10559 38
10560 40
10561 50
10562 28
10563 40
10564 34
10565 44
10566 43
10567 43
10568 37
10569 25
10570 38
10571 37
10572 29
10573 42
10574 39
10575 32
10576 54
10577 43
10578 48
10579 56
10580 39
10581 43
10582 27
10583 41
10584 40
10585 43
10586 43
10587 41
10588 27
10589 45
10590 47
10591 42
10592 37
10593 39
10594 44
10595 40
10596 38
10597 36
10598 39
10599 42
10600 42
10601 38
10602 36
10603 49
10604 46
10605 43
10606 37
10607 41
10608 38
10609 54
10610 52
10611 39
10612 41
10613 41
10614 32
10615 40
10616 40
10617 46
10618 47
10619 36
10620 49
10621 33
10622 48
10623 41
10624 33
10625 37
10626 28
10627 39
10628 42
10629 45
10630 42
10631 33
10632 37
10633 41
10634 29
10635 40
10636 36
10637 43
10638 45
10639 48
10640 39
10641 33
10642 36
10643 47
10644 37
10645 33
10646 43
10647 37
10648 39
10649 32
10650 40
10651 37
10652 34
10653 39
10654 40
10655 42
10656 44
10657 44
10658 37
10659 37
10660 49
10661 46
10662 44
10663 47
10664 54
10665 49
10666 52
10667 45
10668 33
10669 42
10670 37
10671 38
10672 40
10673 38
10674 43
10675 43
10676 43
10677 40
10678 45
10679 37
10680 44
10681 40
10682 30
10683 26
10684 26
10685 34
10686 32
10687 40
10688 42
10689 32
10690 41
10691 28
10692 40
10693 48
10694 30
10695 34
10696 32
10697 47
10698 51
10699 35
10700 42
10701 29
10702 39
10703 36
10704 44
10705 38
10706 41
10707 43
10708 39
10709 31
10710 48
10711 47
10712 40
10713 41
10714 42
10715 50
10716 43
10717 40
10718 43
10719 38
10720 30
10721 36
10722 34
10723 35
10724 38
10725 38
10726 34
10727 33
10728 41
10729 33
10730 29
10731 37
10732 39
10733 43
10734 44
10735 46
10736 34
10737 37
10738 48
10739 40
10740 36
10741 41
10742 50
10743 34
10744 41
10745 37
10746 40
10747 32
10748 43
10749 31
10750 46
10751 42
10752 38
10753 32
10754 33
10755 35
10756 40
10757 49
10758 39
10759 32
10760 36
10761 45
10762 42
10763 41
10764 44
10765 34
10766 35
10767 50
10768 35
10769 40
10770 42
10771 32
10772 44
10773 36
10774 33
10775 44
10776 37
10777 52
10778 29
10779 51
10780 24
10781 41
10782 39
10783 37
10784 31
10785 34
10786 38
10787 34
10788 42
10789 46
10790 46
10791 34
10792 44
10793 43
10794 48
10795 29
10796 40
10797 44
10798 45
10799 34
10800 43
10801 39
10802 44
10803 44
10804 40
10805 40
10806 40
10807 43
10808 35
10809 33
10810 55
10811 37
10812 31
10813 47
10814 44
10815 38
10816 33
10817 41
10818 40
10819 52
10820 40
10821 35
10822 39
10823 46
10824 39
10825 35
10826 44
10827 42
10828 46
10829 29
10830 44
10831 42
10832 31
10833 28
10834 25
10835 39
10836 39
10837 40
10838 31
10839 33
10840 34
10841 30
10842 45
10843 42
10844 25
10845 43
10846 40
10847 48
10848 42
10849 39
10850 44
10851 37
10852 29
10853 37
10854 42
10855 27
10856 39
10857 33
10858 33
10859 26
10860 33
10861 26
10862 42
10863 40
10864 46
10865 41
10866 29
10867 31
10868 46
10869 39
10870 33
10871 41
10872 38
10873 43
10874 34
10875 32
10876 29
10877 32
10878 38
10879 50
10880 41
10881 29
10882 32
10883 29
10884 32
10885 38
10886 42
10887 40
10888 42
10889 27
10890 46
10891 33
10892 45
10893 37
10894 38
10895 35
10896 44
10897 45
10898 41
10899 42
10900 33
10901 34
10902 32
10903 39
10904 41
10905 42
10906 38
10907 33
10908 34
10909 30
10910 29
10911 33
10912 57
10913 21
10914 35
10915 39
10916 45
10917 35
10918 38
10919 32
10920 56
10921 33
10922 33
10923 42
10924 36
10925 32
10926 35
10927 39
10928 35
10929 35
10930 49
10931 40
10932 35
10933 35
10934 46
10935 36
10936 38
10937 39
10938 31
10939 39
10940 38
10941 57
10942 34
10943 49
10944 35
10945 36
10946 45
10947 41
10948 46
10949 44
10950 37
10951 42
10952 43
10953 34
10954 30
10955 34
10956 31
10957 31
10958 37
10959 35
10960 39
10961 48
10962 34
10963 38
10964 36
10965 34
10966 28
10967 38
10968 53
10969 30
10970 40
10971 37
10972 38
10973 41
10974 47
10975 40
10976 37
10977 26
10978 31
10979 24
10980 24
10981 39
10982 41
10983 40
10984 44
10985 36
10986 32
10987 36
10988 39
10989 32
10990 38
10991 36
10992 27
10993 39
10994 39
10995 45
10996 34
10997 44
10998 38
10999 33
11000 49
11001 36
11002 41
11003 30
11004 35
11005 45
11006 35
11007 29
11008 35
11009 33
11010 31
11011 40
11012 42
11013 36
11014 38
11015 33
11016 43
11017 34
11018 38
11019 40
11020 41
11021 43
11022 40
11023 35
11024 34
11025 44
11026 49
11027 32
11028 47
11029 34
11030 28
11031 40
11032 40
11033 45
11034 23
11035 30
11036 43
11037 30
11038 40
11039 41
11040 52
11041 34
11042 39
11043 31
11044 21
11045 47
11046 32
11047 40
11048 28
11049 37
11050 40
11051 26
11052 34
11053 39
11054 35
11055 36
11056 35
11057 35
11058 38
11059 33
11060 40
11061 42
11062 35
11063 38
11064 50
11065 38
11066 37
11067 32
11068 28
11069 32
11070 50
11071 29
11072 33
11073 41
11074 33
11075 37
11076 42
11077 42
11078 32
11079 43
11080 36
11081 27
11082 33
11083 39
11084 38
11085 36
11086 34
11087 46
11088 33
11089 36
11090 41
11091 26
11092 32
11093 41
11094 43
11095 34
11096 33
11097 34
11098 27
11099 30
11100 46
11101 34
11102 25
11103 35
11104 45
11105 37
11106 30
11107 32
11108 49
11109 41
11110 33
11111 40
11112 40
11113 36
11114 27
11115 46
11116 38
11117 41
11118 31
11119 27
11120 32
11121 42
11122 35
11123 23
11124 42
11125 35
11126 34
11127 35
11128 30
11129 40
11130 35
11131 29
11132 32
11133 35
11134 35
11135 41
11136 35
11137 34
11138 29
11139 30
11140 35
11141 34
11142 45
11143 35
11144 26
11145 37
11146 37
11147 37
11148 38
11149 37
11150 39
11151 34
11152 41
11153 43
11154 32
11155 40
11156 37
11157 30
11158 35
11159 37
11160 29
11161 28
11162 41
11163 41
11164 36
11165 30
11166 31
11167 36
11168 26
11169 36
11170 37
11171 30
11172 41
11173 40
11174 41
11175 33
11176 36
11177 40
11178 24
11179 41
11180 46
11181 45
11182 39
11183 21
11184 40
11185 35
11186 41
11187 39
11188 35
11189 33
11190 45
11191 41
11192 24
11193 33
11194 34
11195 38
11196 38
11197 26
11198 42
11199 37
11200 36
11201 43
11202 28
11203 51
11204 40
11205 24
11206 30
11207 42
11208 26
11209 30
11210 30
11211 30
11212 36
11213 46
11214 36
11215 36
11216 29
11217 41
11218 34
11219 34
11220 27
11221 32
11222 42
11223 46
11224 23
11225 46
11226 29
11227 38
11228 35
11229 27
11230 34
11231 36
11232 31
11233 45
11234 37
11235 24
11236 35
11237 39
11238 38
11239 38
11240 25
11241 32
11242 45
11243 35
11244 28
11245 28
11246 36
11247 31
11248 44
11249 36
11250 33
11251 41
11252 28
11253 33
11254 28
11255 27
11256 38
11257 33
11258 36
11259 34
11260 32
11261 27
11262 41
11263 34
11264 30
11265 38
11266 44
11267 30
11268 31
11269 42
11270 44
11271 26
11272 28
11273 38
11274 35
11275 31
11276 28
11277 35
11278 37
11279 40
11280 26
11281 34
11282 39
11283 39
11284 34
11285 43
11286 33
11287 37
11288 26
11289 34
11290 31
11291 44
11292 43
11293 22
11294 39
11295 31
11296 36
11297 38
11298 43
11299 29
11300 36
11301 35
11302 29
11303 23
11304 35
11305 33
11306 34
11307 45
11308 26
11309 32
11310 39
11311 30
11312 22
11313 38
11314 33
11315 29
11316 41
11317 30
11318 24
11319 29
11320 31
11321 32
11322 25
11323 36
11324 34
11325 33
11326 27
11327 29
11328 34
11329 40
11330 28
11331 38
11332 23
11333 42
11334 38
11335 39
11336 36
11337 46
11338 34
11339 29
11340 34
11341 38
11342 37
11343 31
11344 27
11345 22
11346 33
11347 31
11348 37
11349 33
11350 38
11351 46
11352 36
11353 41
11354 35
11355 29
11356 33
11357 26
11358 36
11359 35
11360 39
11361 32
11362 26
11363 38
11364 29
11365 36
11366 29
11367 35
11368 35
11369 39
11370 44
11371 27
11372 36
11373 46
11374 26
11375 38
11376 31
11377 34
11378 32
11379 27
11380 45
11381 41
11382 41
11383 34
11384 40
11385 29
11386 40
11387 31
11388 29
11389 32
11390 37
11391 41
11392 35
11393 37
11394 39
11395 34
11396 30
11397 30
11398 37
11399 37
11400 29
11401 27
11402 35
11403 37
11404 27
11405 29
11406 26
11407 30
11408 36
11409 32
11410 26
11411 25
11412 33
11413 33
11414 35
11415 28
11416 34
11417 43
11418 29
11419 31
11420 33
11421 39
11422 34
11423 39
11424 33
11425 35
11426 28
11427 31
11428 30
11429 36
11430 36
11431 39
11432 25
11433 38
11434 31
11435 40
11436 34
11437 25
11438 31
11439 31
11440 36
11441 23
11442 44
11443 35
11444 23
11445 33
11446 36
11447 31
11448 36
11449 37
11450 34
11451 31
11452 35
11453 42
11454 38
11455 44
11456 25
11457 29
11458 32
11459 26
11460 41
11461 29
11462 25
11463 36
11464 38
11465 24
11466 29
11467 33
11468 48
11469 38
11470 25
11471 32
11472 28
11473 29
11474 32
11475 33
11476 31
11477 28
11478 31
11479 28
11480 29
11481 31
11482 28
11483 38
11484 31
11485 32
11486 39
11487 32
11488 36
11489 34
11490 29
11491 38
11492 35
11493 34
11494 33
11495 32
11496 37
11497 27
11498 42
11499 34
11500 26
11501 38
11502 31
11503 33
11504 35
11505 43
11506 34
11507 37
11508 33
11509 33
11510 42
11511 38
11512 21
11513 43
11514 22
11515 26
11516 39
11517 33
11518 29
11519 36
11520 31
11521 28
11522 34
11523 27
11524 43
11525 31
11526 34
11527 33
11528 34
11529 33
11530 35
11531 31
11532 45
11533 37
11534 31
11535 35
11536 36
11537 38
11538 21
11539 27
11540 29
11541 33
11542 40
11543 32
11544 41
11545 39
11546 22
11547 33
11548 35
11549 29
11550 37
11551 32
11552 37
11553 32
11554 36
11555 33
11556 36
11557 30
11558 28
11559 30
11560 32
11561 24
11562 38
11563 36
11564 23
11565 30
11566 33
11567 30
11568 33
11569 35
11570 31
11571 35
11572 21
11573 31
11574 38
11575 38
11576 32
11577 27
11578 33
11579 32
11580 32
11581 35
11582 35
11583 28
11584 29
11585 28
11586 36
11587 25
11588 36
11589 29
11590 39
11591 30
11592 24
11593 37
11594 33
11595 30
11596 33
11597 33
11598 28
11599 33
11600 38
11601 38
11602 36
11603 33
11604 35
11605 34
11606 38
11607 33
11608 31
11609 32
11610 30
11611 32
11612 34
11613 39
11614 23
11615 40
11616 34
11617 41
11618 23
11619 40
11620 40
11621 25
11622 31
11623 34
11624 30
11625 38
11626 36
11627 32
11628 26
11629 36
11630 38
11631 27
11632 32
11633 33
11634 26
11635 38
11636 25
11637 38
11638 35
11639 35
11640 30
11641 34
11642 31
11643 36
11644 38
11645 20
11646 39
11647 32
11648 25
11649 41
11650 30
11651 29
11652 27
11653 30
11654 31
11655 34
11656 41
11657 36
11658 20
11659 37
11660 35
11661 37
11662 41
11663 37
11664 30
11665 24
11666 45
11667 23
11668 33
11669 32
11670 23
11671 31
11672 36
11673 17
11674 42
11675 44
11676 39
11677 35
11678 28
11679 38
11680 27
11681 33
11682 31
11683 43
11684 35
11685 32
11686 38
11687 33
11688 39
11689 47
11690 39
11691 27
11692 30
11693 24
11694 40
11695 43
11696 36
11697 36
11698 32
11699 39
11700 25
11701 65
11702 39
11703 29
11704 29
11705 37
11706 29
11707 29
11708 37
11709 29
11710 39
11711 29
11712 43
11713 37
11714 36
11715 42
11716 35
11717 24
11718 30
11719 35
11720 25
11721 27
11722 28
11723 35
11724 32
11725 37
11726 42
11727 43
11728 38
11729 29
11730 41
11731 31
11732 38
11733 33
11734 38
11735 32
11736 37
11737 44
11738 51
11739 32
11740 23
11741 43
11742 31
11743 29
11744 46
11745 31
11746 36
11747 32
11748 33
11749 36
11750 29
11751 48
11752 43
11753 36
11754 43
11755 31
11756 29
11757 35
11758 27
11759 33
11760 28
11761 34
11762 39
11763 26
11764 38
11765 42
11766 28
11767 39
11768 44
11769 45
11770 41
11771 30
11772 40
11773 38
11774 24
11775 26
11776 38
11777 44
11778 41
11779 42
11780 27
11781 44
11782 32
11783 35
11784 34
11785 32
11786 36
11787 29
11788 28
11789 35
11790 31
11791 28
11792 45
11793 29
11794 41
11795 38
11796 39
11797 30
11798 31
11799 32
11800 33
11801 42
11802 31
11803 31
11804 31
11805 34
11806 42
11807 43
11808 38
11809 26
11810 34
11811 34
11812 39
11813 46
11814 32
11815 43
11816 47
11817 48
11818 24
11819 30
11820 27
11821 37
11822 31
11823 42
11824 36
11825 32
11826 28
11827 34
11828 36
11829 43
11830 32
11831 31
11832 42
11833 46
11834 40
11835 39
11836 40
11837 25
11838 38
11839 37
11840 34
11841 38
11842 34
11843 41
11844 18
11845 29
11846 34
11847 27
11848 32
11849 34
11850 29
11851 42
11852 46
11853 35
11854 43
11855 28
11856 34
11857 32
11858 36
11859 51
11860 32
11861 27
11862 36
11863 30
11864 31
11865 43
11866 31
11867 47
11868 47
11869 33
11870 32
11871 59
11872 42
11873 28
11874 30
11875 36
11876 34
11877 30
11878 43
11879 29
11880 40
11881 36
11882 33
11883 53
11884 42
11885 33
11886 33
11887 44
11888 41
11889 42
11890 45
11891 26
11892 37
11893 40
11894 39
11895 40
11896 42
11897 36
11898 33
11899 27
11900 37
11901 40
11902 40
11903 42
11904 38
11905 33
11906 33
11907 40
11908 33
11909 28
11910 37
11911 31
11912 33
11913 40
11914 28
11915 41
11916 35
11917 41
11918 29
11919 43
11920 42
11921 41
11922 37
11923 41
11924 34
11925 52
11926 39
11927 45
11928 57
11929 40
11930 27
11931 33
11932 35
11933 40
11934 31
11935 28
11936 42
11937 31
11938 36
11939 34
11940 44
11941 35
11942 35
11943 34
11944 40
11945 31
11946 41
11947 44
11948 30
11949 40
11950 33
11951 29
11952 32
11953 36
11954 37
11955 41
11956 44
11957 50
11958 37
11959 45
11960 31
11961 47
11962 33
11963 30
11964 41
11965 33
11966 37
11967 35
11968 47
11969 40
11970 36
11971 41
11972 36
11973 43
11974 26
11975 42
11976 30
11977 38
11978 29
11979 29
11980 37
11981 44
11982 39
11983 36
11984 36
11985 34
11986 38
11987 30
11988 30
11989 38
11990 42
11991 39
11992 27
11993 34
11994 39
11995 31
11996 31
11997 39
11998 39
11999 48
12000 35
12001 52
12002 47
12003 43
12004 45
12005 40
12006 37
12007 36
12008 35
12009 49
12010 37
12011 27
12012 36
12013 49
12014 42
12015 30
12016 47
12017 34
12018 31
12019 35
12020 43
12021 43
12022 38
12023 29
12024 32
12025 41
12026 50
12027 42
12028 35
12029 38
12030 44
12031 27
12032 42
12033 35
12034 28
12035 44
12036 47
12037 36
12038 37
12039 36
12040 29
12041 37
12042 36
12043 41
12044 31
12045 37
12046 31
12047 39
12048 42
12049 43
12050 33
12051 30
12052 25
12053 39
12054 30
12055 26
12056 30
12057 36
12058 26
12059 52
12060 41
12061 32
12062 27
12063 27
12064 31
12065 36
12066 34
12067 33
12068 22
12069 22
12070 30
12071 31
12072 34
12073 38
12074 30
12075 25
12076 32
12077 31
12078 35
12079 21
12080 35
12081 35
12082 26
12083 21
12084 37
12085 31
12086 33
12087 28
12088 28
12089 21
12090 35
12091 33
12092 34
12093 26
12094 30
12095 26
12096 34
12097 37
12098 22
12099 26
12100 25
12101 28
12102 23
12103 23
12104 17
12105 23
12106 31
12107 28
12108 25
12109 17
12110 26
12111 26
12112 25
12113 23
12114 29
12115 33
12116 23
12117 31
12118 25
12119 22
12120 29
12121 32
12122 27
12123 27
12124 17
12125 24
12126 37
12127 18
12128 22
12129 24
12130 26
12131 28
12132 26
12133 31
12134 19
12135 27
12136 35
12137 21
12138 22
12139 28
12140 20
12141 17
12142 19
12143 28
12144 34
12145 23
12146 22
12147 20
12148 29
12149 23
12150 29
12151 22
12152 26
12153 23
12154 25
12155 14
12156 23
12157 27
12158 16
12159 14
12160 25
12161 31
12162 29
12163 28
12164 36
12165 28
12166 31
12167 29
12168 25
12169 20
12170 29
12171 28
12172 28
12173 24
12174 17
12175 22
12176 21
12177 22
12178 26
12179 25
12180 26
12181 21
12182 22
12183 18
12184 16
12185 22
12186 24
12187 16
12188 28
12189 24
12190 20
12191 20
12192 27
12193 27
12194 14
12195 16
12196 29
12197 23
12198 19
12199 18
12200 22
12201 20
12202 21
12203 20
12204 17
12205 23
12206 21
12207 14
12208 25
12209 23
12210 23
12211 25
12212 25
12213 26
12214 26
12215 25
12216 16
12217 31
12218 18
12219 23
12220 24
12221 20
12222 24
12223 22
12224 33
12225 21
12226 20
12227 22
12228 29
12229 24
12230 19
12231 19
12232 21
12233 16
12234 26
12235 16
12236 20
12237 22
12238 23
12239 22
12240 27
12241 24
12242 27
12243 18
12244 25
12245 22
12246 22
12247 15
12248 18
12249 19
12250 16
12251 18
12252 20
12253 25
12254 26
12255 26
12256 27
12257 21
12258 28
12259 20
12260 27
12261 18
12262 22
12263 30
12264 19
12265 27
12266 23
12267 20
12268 17
12269 13
12270 13
12271 16
12272 21
12273 23
12274 26
12275 24
12276 27
12277 30
12278 15
12279 23
12280 17
12281 19
12282 32
12283 15
12284 21
12285 22
12286 31
12287 28
12288 17
12289 22
12290 15
12291 18
12292 18
12293 15
12294 23
12295 21
12296 21
12297 21
12298 25
12299 22
12300 19
12301 23
12302 21
12303 17
12304 21
12305 29
12306 18
12307 25
12308 24
12309 17
12310 20
12311 25
12312 22
12313 26
12314 17
12315 23
12316 25
12317 26
12318 17
12319 23
12320 28
12321 16
12322 23
12323 20
12324 18
12325 22
12326 24
12327 14
12328 13
12329 16
12330 14
12331 30
12332 24
12333 17
12334 16
12335 26
12336 24
12337 11
12338 18
12339 20
12340 28
12341 20
12342 23
12343 16
12344 18
12345 21
12346 19
12347 20
12348 26
12349 19
12350 20
12351 20
12352 22
12353 13
12354 25
12355 19
12356 16
12357 14
12358 18
12359 24
12360 24
12361 23
12362 22
12363 27
12364 20
12365 30
12366 19
12367 17
12368 19
12369 25
12370 21
12371 13
12372 27
12373 17
12374 22
12375 15
12376 19
12377 21
12378 22
12379 14
12380 25
12381 31
12382 19
12383 25
12384 9
12385 21
12386 17
12387 20
12388 22
12389 21
12390 15
12391 21
12392 20
12393 14
12394 19
12395 20
12396 20
12397 21
12398 19
12399 21
12400 23
12401 19
12402 19
12403 26
12404 14
12405 30
12406 21
12407 25
12408 18
12409 18
12410 18
12411 22
12412 14
12413 22
12414 18
12415 18
12416 28
12417 23
12418 18
12419 16
12420 23
12421 22
12422 18
12423 22
12424 19
12425 18
12426 22
12427 18
12428 14
12429 17
12430 18
12431 19
12432 11
12433 23
12434 17
12435 16
12436 22
12437 29
12438 20
12439 15
12440 18
12441 19
12442 23
12443 17
12444 16
12445 18
12446 12
12447 20
12448 19
12449 25
12450 20
12451 28
12452 23
12453 29
12454 28
12455 19
12456 15
12457 23
12458 17
12459 18
12460 21
12461 20
12462 19
12463 18
12464 19
12465 26
12466 16
12467 25
12468 12
12469 18
12470 20
12471 28
12472 16
12473 19
12474 19
12475 16
12476 24
12477 27
12478 23
12479 18
12480 31
12481 15
12482 17
12483 17
12484 15
12485 20
12486 17
12487 12
12488 23
12489 15
12490 21
12491 16
12492 17
12493 18
12494 28
12495 14
12496 13
12497 17
12498 20
12499 28
12500 17
12501 16
12502 15
12503 18
12504 18
12505 27
12506 18
12507 28
12508 28
12509 15
12510 21
12511 22
12512 15
12513 23
12514 19
12515 10
12516 17
12517 9
12518 17
12519 17
12520 18
12521 18
12522 20
12523 19
12524 27
12525 23
12526 25
12527 20
12528 25
12529 22
12530 19
12531 18
12532 18
12533 13
12534 16
12535 17
12536 22
12537 17
12538 15
12539 20
12540 18
12541 17
12542 21
12543 16
12544 17
12545 21
12546 16
12547 20
12548 15
12549 19
12550 27
12551 20
12552 18
12553 18
12554 19
12555 15
12556 21
12557 18
12558 17
12559 23
12560 18
12561 16
12562 24
12563 18
12564 18
12565 25
12566 25
12567 19
12568 21
12569 14
12570 22
12571 15
12572 22
12573 10
12574 18
12575 15
12576 21
12577 18
12578 17
12579 24
12580 24
12581 24
12582 20
12583 25
12584 25
12585 16
12586 12
12587 29
12588 21
12589 21
12590 18
12591 28
12592 25
12593 22
12594 27
12595 14
12596 18
12597 26
12598 20
12599 15
12600 20
12601 24
12602 20
12603 24
12604 24
12605 23
12606 23
12607 17
12608 21
12609 23
12610 25
12611 28
12612 21
12613 22
12614 29
12615 31
12616 22
12617 34
12618 28
12619 23
12620 25
12621 38
12622 29
12623 40
12624 21
12625 34
12626 39
12627 44
12628 42
12629 45
12630 77
12631 73
12632 75
12633 80
12634 106
12635 114
12636 132
12637 152
12638 187
12639 212
12640 259
12641 257
12642 335
12643 412
12644 454
12645 526
12646 658
12647 652
12648 905
12649 933
12650 1060
12651 1191
12652 1283
12653 1372
12654 1568
12655 1651
12656 1728
12657 1761
12658 1950
12659 1901
12660 1950
12661 1865
12662 1815
12663 1762
12664 1636
12665 1536
12666 1474
12667 1382
12668 1262
12669 1093
12670 945
12671 761
12672 698
12673 552
12674 484
12675 361
12676 301
12677 259
12678 166
12679 152
12680 101
12681 101
12682 74
12683 83
12684 55
12685 39
12686 46
12687 40
12688 37
12689 24
12690 13
12691 21
12692 18
12693 14
12694 25
12695 10
12696 11
12697 16
12698 19
12699 18
12700 13
12701 23
12702 23
12703 20
12704 15
12705 13
12706 21
12707 20
12708 21
12709 14
12710 16
12711 17
12712 18
12713 11
12714 19
12715 12
12716 18
12717 18
12718 19
12719 13
12720 9
12721 15
12722 21
12723 12
12724 13
12725 16
12726 9
12727 18
12728 7
12729 10
12730 9
12731 15
12732 15
12733 17
12734 13
12735 8
12736 10
12737 19
12738 17
12739 10
12740 23
12741 13
12742 23
12743 13
12744 16
12745 16
12746 12
12747 12
12748 11
12749 13
12750 13
12751 9
12752 13
12753 21
12754 22
12755 17
12756 20
12757 16
12758 10
12759 17
12760 12
12761 16
12762 14
12763 9
12764 15
12765 8
12766 13
12767 7
12768 17
12769 16
12770 17
12771 9
12772 13
12773 10
12774 15
12775 19
12776 19
12777 20
12778 17
12779 16
12780 15
12781 14
12782 13
12783 9
12784 15
12785 10
12786 22
12787 10
12788 13
12789 15
12790 13
12791 17
12792 16
12793 8
12794 12
12795 12
12796 11
12797 17
12798 13
12799 17
12800 11
12801 17
12802 12
12803 12
12804 15
12805 11
12806 13
12807 12
12808 7
12809 14
12810 16
12811 8
12812 16
12813 15
12814 21
12815 17
12816 15
12817 15
12818 17
12819 13
12820 13
12821 6
12822 11
12823 18
12824 7
12825 10
12826 13
12827 9
12828 14
12829 17
12830 10
12831 16
12832 11
12833 10
12834 8
12835 14
12836 16
12837 11
12838 15
12839 12
12840 10
12841 9
12842 14
12843 14
12844 17
12845 16
12846 17
12847 19
12848 18
12849 10
12850 16
12851 11
12852 13
12853 13
12854 12
12855 16
12856 14
12857 17
12858 14
12859 13
12860 9
12861 11
12862 13
12863 8
12864 7
12865 10
12866 8
12867 15
12868 5
12869 11
12870 21
12871 14
12872 20
12873 10
12874 12
12875 6
12876 15
12877 16
12878 11
12879 15
12880 11
12881 14
12882 8
12883 9
12884 15
12885 12
12886 6
12887 14
12888 19
12889 13
12890 12
12891 9
12892 13
12893 14
12894 9
12895 8
12896 14
12897 12
12898 14
12899 15
12900 11
12901 19
12902 7
12903 15
12904 10
12905 18
12906 7
12907 9
12908 9
12909 10
12910 12
12911 12
12912 9
12913 10
12914 16
12915 13
12916 15
12917 9
12918 13
12919 13
12920 4
12921 4
12922 13
12923 14
12924 13
12925 10
12926 11
12927 18
12928 10
12929 6
12930 11
12931 6
12932 8
12933 14
12934 12
12935 7
12936 14
12937 7
12938 7
12939 14
12940 13
12941 14
12942 7
12943 13
12944 16
12945 13
12946 12
12947 8
12948 6
12949 6
12950 15
12951 9
12952 4
12953 10
12954 7
12955 8
12956 17
12957 6
12958 19
12959 12
12960 9
12961 14
12962 14
12963 12
12964 7
12965 13
12966 9
12967 12
12968 10
12969 10
12970 10
12971 12
12972 10
12973 7
12974 10
12975 13
12976 11
12977 10
12978 7
12979 9
12980 3
12981 6
12982 15
12983 8
12984 10
12985 9
12986 10
12987 16
12988 9
12989 9
12990 10
12991 13
12992 11
12993 14
12994 11
12995 15
12996 9
12997 9
12998 8
12999 11
13000 14
13001 9
13002 3
13003 10
13004 10
13005 15
13006 8
13007 15
13008 6
13009 11
13010 13
13011 12
13012 13
13013 10
13014 11
13015 12
13016 10
13017 10
13018 15
13019 9
13020 6
13021 11
13022 7
13023 10
13024 7
13025 14
13026 7
13027 10
13028 7
13029 13
13030 11
13031 13
13032 5
13033 10
13034 10
13035 6
13036 8
13037 13
13038 12
13039 10
13040 7
13041 13
13042 13
13043 10
13044 10
13045 10
13046 15
13047 5
13048 7
13049 14
13050 10
13051 10
13052 13
13053 11
13054 7
13055 15
13056 5
13057 10
13058 16
13059 4
13060 10
13061 4
13062 9
13063 12
13064 11
13065 15
13066 10
13067 6
13068 8
13069 9
13070 7
13071 15
13072 12
13073 9
13074 14
13075 6
13076 6
13077 9
13078 6
13079 7
13080 10
13081 14
13082 11
13083 11
13084 12
13085 13
13086 11
13087 7
13088 8
13089 11
13090 8
13091 6
13092 9
13093 9
13094 6
13095 7
13096 10
13097 11
13098 9
13099 9
13100 10
13101 9
13102 12
13103 6
13104 5
13105 12
13106 9
13107 8
13108 11
13109 11
13110 4
13111 10
13112 7
13113 10
13114 4
13115 12
13116 5
13117 5
13118 8
13119 7
13120 4
13121 11
13122 11
13123 11
13124 14
13125 11
13126 12
13127 10
13128 4
13129 9
13130 9
13131 9
13132 7
13133 4
13134 5
13135 7
13136 9
13137 8
13138 5
13139 8
13140 6
13141 3
13142 6
13143 8
13144 13
13145 9
13146 5
13147 9
13148 6
13149 4
13150 10
13151 9
13152 8
13153 10
13154 3
13155 10
13156 7
13157 6
13158 8
13159 9
13160 13
13161 8
13162 14
13163 10
13164 13
13165 5
13166 5
13167 6
13168 5
13169 4
13170 7
13171 8
13172 6
13173 12
13174 9
13175 7
13176 8
13177 16
13178 7
13179 5
13180 4
13181 10
13182 10
13183 6
13184 6
13185 6
13186 14
13187 10
13188 7
13189 6
13190 8
13191 5
13192 10
13193 4
13194 12
13195 12
13196 7
13197 8
13198 4
13199 5
13200 4
13201 5
13202 10
13203 9
13204 4
13205 7
13206 7
13207 6
13208 7
13209 5
13210 6
13211 6
13212 12
13213 5
13214 4
13215 6
13216 7
13217 7
13218 4
13219 9
13220 6
13221 5
13222 11
13223 8
13224 2
13225 13
13226 3
13227 4
13228 6
13229 12
13230 5
13231 4
13232 13
13233 6
13234 5
13235 5
13236 7
13237 7
13238 5
13239 7
13240 5
13241 6
13242 6
13243 4
13244 12
13245 7
13246 8
13247 5
13248 4
13249 8
13250 2
13251 8
13252 8
13253 6
13254 11
13255 5
13256 1
13257 11
13258 9
13259 4
13260 5
13261 12
13262 11
13263 5
13264 9
13265 5
13266 3
13267 5
13268 7
13269 6
13270 6
13271 7
13272 12
13273 4
13274 6
13275 8
13276 5
13277 5
13278 5
13279 13
13280 3
13281 5
13282 3
13283 12
13284 13
13285 5
13286 7
13287 10
13288 12
13289 4
13290 3
13291 8
13292 10
13293 3
13294 5
13295 4
13296 11
13297 8
13298 6
13299 10
13300 3
13301 5
13302 4
13303 0
13304 9
13305 9
13306 5
13307 10
13308 1
13309 9
13310 5
13311 6
13312 5
13313 2
13314 5
13315 4
13316 7
13317 9
13318 4
13319 5
13320 6
13321 3
13322 7
13323 6
13324 9
13325 7
13326 11
13327 8
13328 6
13329 12
13330 4
13331 11
13332 10
13333 4
13334 6
13335 4
13336 7
13337 7
13338 6
13339 6
13340 5
13341 6
13342 4
13343 4
13344 6
13345 6
13346 9
13347 12
13348 12
13349 6
13350 7
13351 5
13352 8
13353 5
13354 8
13355 5
13356 6
13357 10
13358 7
13359 11
13360 10
13361 7
13362 5
13363 5
13364 11
13365 11
13366 4
13367 6
13368 2
13369 4
13370 7
13371 5
13372 6
13373 5
13374 6
13375 8
13376 3
13377 7
13378 7
13379 6
13380 5
13381 12
13382 3
13383 4
13384 11
13385 7
13386 5
13387 8
13388 4
13389 10
13390 6
13391 10
13392 8
13393 3
13394 6
13395 8
13396 1
13397 7
13398 3
13399 4
13400 3
13401 7
13402 9
13403 7
13404 8
13405 5
13406 5
13407 8
13408 2
13409 6
13410 9
13411 6
13412 5
13413 8
13414 5
13415 6
13416 6
13417 4
13418 4
13419 4
13420 5
13421 7
13422 7
13423 5
13424 7
13425 5
13426 4
13427 7
13428 5
13429 7
13430 4
13431 6
13432 5
13433 4
13434 3
13435 8
13436 6
13437 10
13438 11
13439 5
13440 14
13441 3
13442 7
13443 4
13444 4
13445 6
13446 8
13447 8
13448 4
13449 10
13450 9
13451 7
13452 6
13453 7
13454 8
13455 6
13456 5
13457 3
13458 5
13459 8
13460 2
13461 8
13462 7
13463 5
13464 7
13465 4
13466 2
13467 0
13468 10
13469 3
13470 8
13471 3
13472 5
13473 4
13474 4
13475 5
13476 4
13477 2
13478 8
13479 4
13480 7
13481 5
13482 5
13483 6
13484 7
13485 9
13486 4
13487 4
13488 5
13489 5
13490 3
13491 6
13492 4
13493 6
13494 5
13495 2
13496 6
13497 4
13498 9
13499 7
13500 6
13501 8
13502 2
13503 6
13504 7
13505 7
13506 5
13507 6
13508 5
13509 4
13510 3
13511 3
13512 4
13513 5
13514 5
13515 6
13516 4
13517 3
13518 2
13519 5
13520 6
13521 3
13522 5
13523 6
13524 5
13525 8
13526 5
13527 3
13528 3
13529 6
13530 5
13531 5
13532 3
13533 8
13534 3
13535 4
13536 5
13537 4
13538 4
13539 3
13540 3
13541 8
13542 7
13543 5
13544 2
13545 9
13546 4
13547 7
13548 4
13549 6
13550 9
13551 2
13552 8
13553 10
13554 7
13555 3
13556 2
13557 5
13558 7
13559 4
13560 9
13561 3
13562 3
13563 6
13564 3
13565 4
13566 6
13567 3
13568 3
13569 2
13570 12
13571 4
13572 2
13573 5
13574 5
13575 2
13576 6
13577 4
13578 7
13579 3
13580 4
13581 8
13582 3
13583 4
13584 9
13585 6
13586 6
13587 7
13588 8
13589 4
13590 3
13591 2
13592 4
13593 3
13594 6
13595 9
13596 8
13597 2
13598 4
13599 7
13600 8
13601 3
13602 6
13603 8
13604 4
13605 8
13606 8
13607 4
13608 9
13609 3
13610 3
13611 8
13612 6
13613 5
13614 5
13615 10
13616 2
13617 8
13618 3
13619 7
13620 8
13621 2
13622 8
13623 2
13624 5
13625 3
13626 8
13627 2
13628 2
13629 5
13630 5
13631 4
13632 4
13633 6
13634 2
13635 4
13636 5
13637 7
13638 8
13639 5
13640 7
13641 5
13642 3
13643 7
13644 6
13645 2
13646 5
13647 6
13648 1
13649 3
13650 5
13651 4
13652 4
13653 8
13654 8
13655 4
13656 4
13657 4
13658 7
13659 7
13660 6
13661 1
13662 3
13663 8
13664 2
13665 6
13666 3
13667 5
13668 8
13669 5
13670 5
13671 6
13672 5
13673 10
13674 3
13675 6
13676 4
13677 4
13678 5
13679 4
13680 3
13681 3
13682 4
13683 2
13684 2
13685 5
13686 7
13687 2
13688 5
13689 2
13690 3
13691 6
13692 6
13693 6
13694 4
13695 2
13696 6
13697 4
13698 8
13699 6
13700 6
13701 1
13702 3
13703 4
13704 4
13705 6
13706 2
13707 5
13708 3
13709 5
13710 5
13711 5
13712 5
13713 3
13714 4
13715 3
13716 5
13717 1
13718 6
13719 6
13720 6
13721 5
13722 4
13723 6
13724 5
13725 6
13726 5
13727 1
13728 5
13729 5
13730 5
13731 2
13732 6
13733 3
13734 5
13735 3
13736 6
13737 6
13738 2
13739 6
13740 6
13741 7
13742 5
13743 3
13744 6
13745 4
13746 2
13747 4
13748 5
13749 5
13750 7
13751 5
13752 6
13753 5
13754 3
13755 6
13756 8
13757 1
13758 3
13759 6
13760 10
13761 2
13762 4
13763 4
13764 5
13765 7
13766 4
13767 6
13768 6
13769 4
13770 10
13771 3
13772 1
13773 3
13774 3
13775 6
13776 5
13777 6
13778 2
13779 7
13780 5
13781 6
13782 4
13783 8
13784 3
13785 5
13786 4
13787 0
13788 7
13789 6
13790 2
13791 2
13792 3
13793 2
13794 13
13795 3
13796 6
13797 8
13798 2
13799 2
13800 1
13801 7
13802 2
13803 2
13804 8
13805 4
13806 6
13807 9
13808 3
13809 1
13810 1
13811 5
13812 5
13813 2
13814 4
13815 2
13816 6
13817 5
13818 5
13819 11
13820 5
13821 6
13822 5
13823 3
13824 8
13825 6
13826 4
13827 3
13828 4
13829 6
13830 4
13831 5
13832 5
13833 6
13834 6
13835 4
13836 9
13837 8
13838 5
13839 5
13840 3
13841 1
13842 4
13843 5
13844 10
13845 5
13846 3
13847 3
13848 3
13849 1
13850 4
13851 5
13852 5
13853 6
13854 4
13855 6
13856 7
13857 6
13858 5
13859 6
13860 1
13861 3
13862 3
13863 8
13864 2
13865 4
13866 4
13867 5
13868 8
13869 3
13870 2
13871 5
13872 3
13873 5
13874 4
13875 8
13876 2
13877 4
13878 2
13879 5
13880 3
13881 9
13882 5
13883 6
13884 1
13885 4
13886 2
13887 1
13888 5
13889 2
13890 6
13891 4
13892 6
13893 4
13894 9
13895 7
13896 6
13897 5
13898 3
13899 4
13900 6
13901 10
13902 0
13903 5
13904 2
13905 6
13906 8
13907 4
13908 4
13909 8
13910 8
13911 6
13912 4
13913 3
13914 5
13915 10
13916 6
13917 7
13918 5
13919 3
13920 11
13921 2
13922 7
13923 3
13924 4
13925 8
13926 7
13927 4
13928 3
13929 3
13930 3
13931 4
13932 3
13933 4
13934 6
13935 1
13936 1
13937 3
13938 4
13939 5
13940 1
13941 3
13942 3
13943 3
13944 2
13945 6
13946 5
13947 3
13948 3
13949 4
13950 5
13951 7
13952 4
13953 2
13954 7
13955 2
13956 6
13957 3
13958 5
13959 2
13960 1
13961 5
13962 5
13963 3
13964 4
13965 4
13966 3
13967 1
13968 5
13969 2
13970 4
13971 6
13972 3
13973 5
13974 3
13975 4
13976 3
13977 7
13978 5
13979 3
13980 4
13981 1
13982 5
13983 7
13984 4
13985 9
13986 4
13987 3
13988 5
13989 4
13990 4
13991 6
13992 3
13993 3
13994 5
13995 3
13996 3
13997 7
13998 7
13999 5
14000 4
14001 5
14002 2
14003 7
14004 7
14005 6
14006 3
14007 4
14008 7
14009 4
14010 2
14011 4
14012 2
14013 3
14014 6
14015 4
14016 2
14017 5
14018 6
14019 3
14020 4
14021 7
14022 3
14023 4
14024 7
14025 3
14026 10
14027 0
14028 8
14029 4
14030 1
14031 7
14032 4
14033 2
14034 6
14035 4
14036 6
14037 3
14038 1
14039 5
14040 8
14041 5
14042 7
14043 2
14044 2
14045 9
14046 3
14047 9
14048 4
14049 5
14050 4
14051 0
14052 5
14053 7
14054 5
14055 5
14056 5
14057 5
14058 0
14059 6
14060 4
14061 4
14062 6
14063 6
14064 2
14065 3
14066 7
14067 5
14068 4
14069 6
14070 3
14071 2
14072 6
14073 5
14074 3
14075 8
14076 2
14077 13
14078 3
14079 1
14080 1
14081 5
14082 5
14083 8
14084 6
14085 0
14086 6
14087 4
14088 4
14089 2
14090 5
14091 3
14092 3
14093 7
14094 10
14095 4
14096 7
14097 4
14098 3
14099 6
14100 6
14101 3
14102 1
14103 2
14104 1
14105 3
14106 5
14107 5
14108 2
14109 9
14110 6
14111 4
14112 1
14113 4
14114 8
14115 5
14116 2
14117 5
14118 4
14119 4
14120 3
14121 2
14122 0
14123 7
14124 4
14125 3
14126 7
14127 3
14128 6
14129 1
14130 5
14131 11
14132 5
14133 6
14134 4
14135 7
14136 6
14137 8
14138 7
14139 6
14140 5
14141 4
14142 1
14143 5
14144 6
14145 4
14146 5
14147 3
14148 4
14149 5
14150 6
14151 1
14152 3
14153 5
14154 3
14155 4
14156 3
14157 2
14158 1
14159 6
14160 8
14161 6
14162 3
14163 2
14164 7
14165 8
14166 6
14167 2
14168 5
14169 3
14170 5
14171 8
14172 4
14173 3
14174 6
14175 3
14176 4
14177 2
14178 2
14179 4
14180 8
14181 3
14182 5
14183 6
14184 7
14185 4
14186 5
14187 2
14188 4
14189 3
14190 4
14191 2
14192 7
14193 5
14194 4
14195 3
14196 3
14197 3
14198 7
14199 5
14200 5
14201 5
14202 3
14203 4
14204 10
14205 3
14206 5
14207 4
14208 2
14209 3
14210 6
14211 8
14212 4
14213 6
14214 5
14215 4
14216 7
14217 6
14218 3
14219 5
14220 5
14221 5
14222 4
14223 3
14224 7
14225 1
14226 3
14227 5
14228 8
14229 5
14230 3
14231 3
14232 4
14233 4
14234 6
14235 5
14236 8
14237 4
14238 5
14239 4
14240 7
14241 3
14242 3
14243 4
14244 6
14245 5
14246 8
14247 8
14248 7
14249 2
14250 4
14251 2
14252 9
14253 6
14254 3
14255 9
14256 4
14257 6
14258 3
14259 5
14260 7
14261 7
14262 7
14263 10
14264 5
14265 6
14266 4
14267 5
14268 6
14269 6
14270 7
14271 6
14272 6
14273 8
14274 4
14275 5
14276 3
14277 8
14278 4
14279 7
14280 3
14281 4
14282 5
14283 9
14284 5
14285 4
14286 3
14287 9
14288 10
14289 3
14290 7
14291 2
14292 3
14293 5
14294 7
14295 4
14296 10
14297 4
14298 6
14299 6
14300 5
14301 9
14302 5
14303 10
14304 7
14305 8
14306 8
14307 7
14308 6
14309 6
14310 8
14311 7
14312 12
14313 10
14314 5
14315 8
14316 8
14317 7
14318 5
14319 2
14320 9
14321 11
14322 9
14323 15
14324 11
14325 9
14326 10
14327 15
14328 12
14329 12
14330 15
14331 8
14332 13
14333 11
14334 17
14335 13
14336 14
14337 16
14338 22
14339 18
14340 20
14341 31
14342 15
14343 33
14344 27
14345 36
14346 42
14347 41
14348 48
14349 48
14350 67
14351 97
14352 76
14353 111
14354 117
14355 145
14356 173
14357 199
14358 262
14359 260
14360 302
14361 344
14362 405
14363 494
14364 531
14365 577
14366 678
14367 743
14368 886
14369 958
14370 1098
14371 1189
14372 1271
14373 1335
14374 1413
14375 1499
14376 1553
14377 1530
14378 1615
14379 1615
14380 1545
14381 1461
14382 1449
14383 1367
14384 1352
14385 1216
14386 1158
14387 1014
14388 878
14389 759
14390 660
14391 596
14392 519
14393 422
14394 354
14395 275
14396 239
14397 148
14398 154
14399 116
14400 83
14401 64
14402 40
14403 40
14404 30
14405 26
14406 24
14407 14
14408 12
14409 12
14410 10
14411 7
14412 11
14413 6
14414 4
14415 5
14416 2
14417 7
14418 2
14419 3
14420 4
14421 3
14422 2
14423 4
14424 2
14425 6
14426 2
14427 2
14428 0
14429 5
14430 3
14431 3
14432 1
14433 1
14434 6
14435 4
14436 4
14437 1
14438 1
14439 6
14440 4
14441 2
14442 1
14443 6
14444 1
14445 4
14446 3
14447 3
14448 1
14449 3
14450 2
14451 6
14452 2
14453 3
14454 5
14455 0
14456 4
14457 3
14458 2
14459 3
14460 4
14461 0
14462 4
14463 1
14464 2
14465 3
14466 1
14467 5
14468 6
14469 1
14470 1
14471 2
14472 3
14473 1
14474 4
14475 6
14476 1
14477 1
14478 5
14479 1
14480 6
14481 2
14482 3
14483 6
14484 0
14485 3
14486 4
14487 1
14488 6
14489 2
14490 1
14491 3
14492 3
14493 5
14494 3
14495 1
14496 2
14497 3
14498 5
14499 4
14500 2
14501 3
14502 2
14503 5
14504 1
14505 2
14506 1
14507 1
14508 4
14509 5
14510 2
14511 2
14512 3
14513 1
14514 4
14515 2
14516 2
14517 1
14518 5
14519 5
14520 3
14521 2
14522 1
14523 3
14524 2
14525 1
14526 2
14527 3
14528 4
14529 0
14530 3
14531 3
14532 6
14533 4
14534 2
14535 1
14536 1
14537 5
14538 3
14539 4
14540 2
14541 1
14542 3
14543 0
14544 3
14545 3
14546 3
14547 5
14548 3
14549 1
14550 0
14551 3
14552 0
14553 3
14554 5
14555 1
14556 2
14557 0
14558 3
14559 0
14560 6
14561 0
14562 1
14563 3
14564 4
14565 2
14566 1
14567 4
14568 2
14569 4
14570 3
14571 3
14572 3
14573 3
14574 4
14575 0
14576 7
14577 5
14578 0
14579 4
14580 1
14581 4
14582 4
14583 1
14584 3
14585 1
14586 2
14587 0
14588 1
14589 3
14590 1
14591 1
14592 5
14593 2
14594 1
14595 5
14596 6
14597 1
14598 5
14599 2
14600 4
14601 1
14602 5
14603 3
14604 2
14605 4
14606 3
14607 2
14608 1
14609 0
14610 2
14611 2
14612 1
14613 1
14614 2
14615 3
14616 1
14617 2
14618 3
14619 3
14620 1
14621 4
14622 3
14623 1
14624 1
14625 2
14626 4
14627 3
14628 1
14629 4
14630 4
14631 2
14632 2
14633 2
14634 1
14635 1
14636 3
14637 3
14638 4
14639 1
14640 0
14641 3
14642 2
14643 4
14644 1
14645 1
14646 0
14647 3
14648 2
14649 1
14650 1
14651 3
14652 3
14653 1
14654 3
14655 2
14656 1
14657 3
14658 3
14659 3
14660 0
14661 4
14662 3
14663 5
14664 3
14665 6
14666 3
14667 3
14668 1
14669 0
14670 5
14671 1
14672 4
14673 3
14674 1
14675 2
14676 3
14677 4
14678 2
14679 1
14680 2
14681 1
14682 2
14683 2
14684 1
14685 1
14686 2
14687 0
14688 4
14689 3
14690 1
14691 3
14692 3
14693 3
14694 6
14695 4
14696 2
14697 2
14698 1
14699 4
14700 0
14701 1
14702 1
14703 2
14704 1
14705 2
14706 3
14707 1
14708 4
14709 4
14710 1
14711 3
14712 0
14713 5
14714 1
14715 3
14716 1
14717 2
14718 2
14719 5
14720 3
14721 2
14722 1
14723 3
14724 0
14725 1
14726 1
14727 4
14728 2
14729 1
14730 4
14731 4
14732 3
14733 4
14734 1
14735 4
14736 6
14737 2
14738 3
14739 5
14740 1
14741 2
14742 2
14743 3
14744 6
14745 2
14746 0
14747 2
14748 1
14749 3
14750 3
14751 0
14752 3
14753 2
14754 1
14755 4
14756 4
14757 2
14758 2
14759 4
14760 3
14761 1
14762 3
14763 3
14764 0
14765 2
14766 2
14767 3
14768 1
14769 5
14770 1
14771 4
14772 2
14773 0
14774 3
14775 2
14776 1
14777 2
14778 2
14779 4
14780 3
14781 1
14782 5
14783 4
14784 2
14785 1
14786 2
14787 1
14788 1
14789 1
14790 3
14791 2
14792 1
14793 2
14794 8
14795 1
14796 3
14797 0
14798 2
14799 2
14800 2
14801 1
14802 2
14803 6
14804 0
14805 1
14806 0
14807 2
14808 2
14809 0
14810 4
14811 1
14812 1
14813 5
14814 1
14815 2
14816 0
14817 3
14818 2
14819 4
14820 1
14821 2
14822 2
14823 5
14824 3
14825 2
14826 3
14827 1
14828 3
14829 2
14830 0
14831 4
14832 1
14833 2
14834 4
14835 4
14836 3
14837 3
14838 3
14839 3
14840 1
14841 2
14842 2
14843 2
14844 2
14845 1
14846 0
14847 1
14848 0
14849 1
14850 3
14851 3
14852 5
14853 2
14854 1
14855 2
14856 5
14857 2
14858 1
14859 6
14860 0
14861 2
14862 2
14863 5
14864 3
14865 1
14866 2
14867 3
14868 4
14869 5
14870 5
14871 2
14872 2
14873 2
14874 3
14875 0
14876 2
14877 2
14878 2
14879 4
14880 1
14881 1
14882 2
14883 1
14884 4
14885 2
14886 4
14887 0
14888 1
14889 0
14890 1
14891 5
14892 1
14893 2
14894 0
14895 2
14896 1
14897 2
14898 2
14899 1
14900 2
14901 2
14902 3
14903 4
14904 5
14905 5
14906 2
14907 2
14908 4
14909 0
14910 2
14911 1
14912 5
14913 0
14914 6
14915 2
14916 2
14917 2
14918 1
14919 1
14920 2
14921 4
14922 4
14923 9
14924 1
14925 4
14926 2
14927 4
14928 1
14929 1
14930 2
14931 2
14932 4
14933 4
14934 1
14935 1
14936 1
14937 6
14938 5
14939 3
14940 6
14941 1
14942 0
14943 2
14944 2
14945 4
14946 3
14947 0
14948 3
14949 5
14950 0
14951 4
14952 4
14953 4
14954 2
14955 3
14956 3
14957 6
14958 2
14959 0
14960 6
14961 0
14962 3
14963 4
14964 3
14965 2
14966 2
14967 1
14968 4
14969 5
14970 2
14971 1
14972 0
14973 1
14974 3
14975 0
14976 2
14977 1
14978 2
14979 3
14980 2
14981 1
14982 1
14983 2
14984 2
14985 3
14986 1
14987 0
14988 1
14989 1
14990 6
14991 4
14992 1
14993 2
14994 2
14995 6
14996 5
14997 4
14998 3
14999 3
15000 0
15001 5
15002 2
15003 1
15004 3
15005 4
15006 1
15007 2
15008 3
15009 5
15010 3
15011 2
15012 3
15013 2
15014 1
15015 3
15016 2
15017 2
15018 2
15019 2
15020 1
15021 1
15022 2
15023 2
15024 1
15025 5
15026 1
15027 1
15028 2
15029 1
15030 3
15031 2
15032 2
15033 2
15034 4
15035 1
15036 4
15037 1
15038 0
15039 3
15040 1
15041 6
15042 3
15043 2
15044 3
15045 3
15046 0
15047 2
15048 2
15049 1
15050 1
15051 2
15052 3
15053 2
15054 1
15055 5
15056 2
15057 3
15058 5
15059 4
15060 6
15061 7
15062 6
15063 1
15064 1
15065 4
15066 4
15067 1
15068 2
15069 0
15070 1
15071 0
15072 2
15073 2
15074 1
15075 4
15076 2
15077 2
15078 0
15079 3
15080 0
15081 1
15082 0
15083 3
15084 1
15085 2
15086 2
15087 2
15088 3
15089 4
15090 4
15091 5
15092 3
15093 0
15094 2
15095 2
15096 2
15097 4
15098 1
15099 2
15100 3
15101 0
15102 1
15103 1
15104 3
15105 7
15106 2
15107 1
15108 2
15109 3
15110 4
15111 1
15112 1
15113 3
15114 1
15115 2
15116 3
15117 0
15118 6
15119 0
15120 4
15121 3
15122 3
15123 1
15124 3
15125 4
15126 2
15127 3
15128 2
15129 1
15130 1
15131 4
15132 3
15133 4
15134 2
15135 4
15136 3
15137 3
15138 0
15139 3
15140 1
15141 3
15142 3
15143 1
15144 2
15145 1
15146 1
15147 4
15148 0
15149 2
15150 5
15151 0
15152 4
15153 2
15154 2
15155 3
15156 3
15157 2
15158 3
15159 2
15160 1
15161 1
15162 2
15163 5
15164 4
15165 2
15166 1
15167 1
15168 5
15169 1
15170 3
15171 0
15172 2
15173 1
15174 1
15175 4
15176 2
15177 2
15178 3
15179 1
15180 2
15181 1
15182 6
15183 2
15184 3
15185 0
15186 4
15187 4
15188 2
15189 2
15190 3
15191 1
15192 2
15193 3
15194 2
15195 2
15196 0
15197 2
15198 1
15199 3
15200 5
15201 1
15202 5
15203 1
15204 4
15205 0
15206 4
15207 0
15208 2
15209 3
15210 2
15211 3
15212 3
15213 3
15214 3
15215 2
15216 2
15217 1
15218 2
15219 2
15220 3
15221 2
15222 2
15223 3
15224 4
15225 2
15226 1
15227 1
15228 1
15229 3
15230 1
15231 2
15232 3
15233 4
15234 0
15235 5
15236 4
15237 6
15238 1
15239 1
15240 3
15241 1
15242 2
15243 1
15244 1
15245 1
15246 1
15247 1
15248 1
15249 3
15250 1
15251 2
15252 1
15253 4
15254 3
15255 2
15256 2
15257 4
15258 2
15259 0
15260 1
15261 4
15262 1
15263 1
15264 6
15265 4
15266 3
15267 1
15268 2
15269 2
15270 1
15271 3
15272 1
15273 1
15274 2
15275 2
15276 2
15277 2
15278 2
15279 0
15280 1
15281 2
15282 2
15283 1
15284 1
15285 3
15286 3
15287 2
15288 2
15289 2
15290 2
15291 3
15292 3
15293 2
15294 3
15295 3
15296 1
15297 2
15298 3
15299 3
15300 6
15301 5
15302 2
15303 1
15304 3
15305 3
15306 1
15307 2
15308 1
15309 2
15310 1
15311 0
15312 2
15313 2
15314 2
15315 3
15316 7
15317 2
15318 1
15319 2
15320 0
15321 3
15322 0
15323 5
15324 3
15325 3
15326 4
15327 3
15328 3
15329 3
15330 0
15331 1
15332 0
15333 0
15334 2
15335 1
15336 3
15337 2
15338 2
15339 5
15340 1
15341 4
15342 1
15343 5
15344 2
15345 2
15346 0
15347 2
15348 3
15349 1
15350 2
15351 5
15352 4
15353 1
15354 1
15355 3
15356 1
15357 3
15358 1
15359 1
15360 4
15361 0
15362 4
15363 3
15364 2
15365 0
15366 1
15367 3
15368 3
15369 1
15370 3
15371 4
15372 2
15373 2
15374 4
15375 2
15376 2
15377 2
15378 3
15379 5
15380 2
15381 0
15382 1
15383 0
15384 5
15385 4
15386 5
15387 5
15388 3
15389 1
15390 2
15391 2
15392 1
15393 1
15394 2
15395 1
15396 2
15397 3
15398 2
15399 3
15400 2
15401 2
15402 1
15403 1
15404 3
15405 3
15406 6
15407 1
15408 4
15409 2
15410 1
15411 2
15412 1
15413 1
15414 2
15415 1
15416 3
15417 7
15418 1
15419 1
15420 2
15421 1
15422 2
15423 2
15424 1
15425 1
15426 2
15427 0
15428 3
15429 1
15430 3
15431 7
15432 2
15433 1
15434 1
15435 0
15436 2
15437 5
15438 0
15439 3
15440 3
15441 0
15442 3
15443 0
15444 3
15445 4
15446 1
15447 2
15448 4
15449 0
15450 2
15451 2
15452 3
15453 3
15454 2
15455 1
15456 1
15457 1
15458 1
15459 1
15460 1
15461 3
15462 0
15463 4
15464 4
15465 3
15466 2
15467 5
15468 1
15469 5
15470 3
15471 2
15472 3
15473 2
15474 1
15475 3
15476 1
15477 0
15478 2
15479 1
15480 0
15481 2
15482 1
15483 0
15484 3
15485 0
15486 0
15487 3
15488 3
15489 2
15490 3
15491 6
15492 1
15493 5
15494 0
15495 1
15496 4
15497 1
15498 3
15499 6
15500 3
15501 6
15502 2
15503 5
15504 0
15505 3
15506 3
15507 1
15508 1
15509 2
15510 2
15511 2
15512 2
15513 2
15514 4
15515 0
15516 3
15517 2
15518 3
15519 6
15520 2
15521 3
15522 0
15523 1
15524 1
15525 1
15526 2
15527 3
15528 1
15529 2
15530 5
15531 0
15532 0
15533 2
15534 0
15535 1
15536 2
15537 2
15538 2
15539 2
15540 0
15541 1
15542 1
15543 1
15544 1
15545 0
15546 2
15547 1
15548 0
15549 3
15550 3
15551 1
15552 3
15553 3
15554 2
15555 1
15556 2
15557 3
15558 3
15559 5
15560 2
15561 3
15562 5
15563 3
15564 0
15565 3
15566 2
15567 2
15568 3
15569 4
15570 3
15571 2
15572 4
15573 3
15574 2
15575 1
15576 4
15577 0
15578 3
15579 2
15580 0
15581 1
15582 3
15583 3
15584 4
15585 4
15586 2
15587 0
15588 1
15589 4
15590 0
15591 3
15592 5
15593 2
15594 0
15595 1
15596 4
15597 4
15598 4
15599 3
15600 3
15601 5
15602 2
15603 3
15604 3
15605 0
15606 1
15607 0
15608 1
15609 2
15610 5
15611 2
15612 4
15613 2
15614 3
15615 1
15616 0
15617 1
15618 1
15619 4
15620 2
15621 0
15622 1
15623 2
15624 1
15625 2
15626 2
15627 1
15628 4
15629 1
15630 2
15631 1
15632 3
15633 1
15634 1
15635 2
15636 2
15637 0
15638 1
15639 2
15640 1
15641 4
15642 6
15643 2
15644 1
15645 0
15646 5
15647 3
15648 2
15649 1
15650 2
15651 1
15652 0
15653 2
15654 3
15655 0
15656 3
15657 6
15658 1
15659 1
15660 3
15661 2
15662 4
15663 0
15664 4
15665 3
15666 2
15667 2
15668 5
15669 2
15670 5
15671 3
15672 2
15673 4
15674 2
15675 1
15676 1
15677 3
15678 0
15679 4
15680 0
15681 2
15682 2
15683 0
15684 2
15685 1
15686 1
15687 4
15688 1
15689 1
15690 2
15691 3
15692 1
15693 3
15694 5
15695 2
15696 4
15697 2
15698 0
15699 3
15700 3
15701 2
15702 2
15703 0
15704 2
15705 5
15706 1
15707 0
15708 1
15709 3
15710 4
15711 1
15712 1
15713 3
15714 6
15715 8
15716 7
15717 1
15718 2
15719 2
15720 1
15721 3
15722 3
15723 2
15724 2
15725 2
15726 0
15727 4
15728 1
15729 4
15730 3
15731 4
15732 3
15733 4
15734 3
15735 2
15736 1
15737 5
15738 2
15739 2
15740 2
15741 7
15742 4
15743 5
15744 0
15745 4
15746 4
15747 7
15748 8
15749 12
15750 11
15751 7
15752 12
15753 10
15754 8
15755 7
15756 10
15757 14
15758 16
15759 15
15760 10
15761 16
15762 12
15763 10
15764 14
15765 17
15766 15
15767 14
15768 15
15769 11
15770 10
15771 7
15772 7
15773 7
15774 7
15775 8
15776 7
15777 9
15778 7
15779 5
15780 4
15781 1
15782 5
15783 1
15784 9
15785 2
15786 3
15787 4
15788 2
15789 2
15790 6
15791 2
15792 1
15793 1
15794 1
15795 1
15796 2
15797 2
15798 2
15799 3
15800 5
15801 4
15802 0
15803 3
15804 3
15805 4
15806 2
15807 3
15808 3
15809 1
15810 3
15811 2
15812 1
15813 1
15814 4
15815 4
15816 3
15817 2
15818 2
15819 3
15820 2
15821 2
15822 3
15823 2
15824 4
15825 0
15826 5
15827 2
15828 3
15829 1
15830 7
15831 0
15832 4
15833 4
15834 4
15835 3
15836 1
15837 4
15838 1
15839 2
15840 2
15841 3
15842 0
15843 0
15844 2
15845 1
15846 0
15847 2
15848 1
15849 1
15850 2
15851 0
15852 3
15853 1
15854 0
15855 1
15856 2
15857 1
15858 2
15859 3
15860 4
15861 3
15862 3
15863 2
15864 3
15865 2
15866 1
15867 2
15868 2
15869 2
15870 1
15871 2
15872 1
15873 2
15874 0
15875 3
15876 0
15877 3
15878 5
15879 3
15880 0
15881 4
15882 2
15883 1
15884 3
15885 0
15886 1
15887 1
15888 1
15889 4
15890 2
15891 2
15892 1
15893 2
15894 3
15895 1
15896 1
15897 1
15898 4
15899 1
15900 3
15901 3
15902 1
15903 1
15904 1
15905 2
15906 1
15907 0
15908 1
15909 5
15910 3
15911 4
15912 2
15913 1
15914 2
15915 2
15916 2
15917 2
15918 1
15919 2
15920 1
15921 2
15922 0
15923 0
15924 1
15925 1
15926 4
15927 3
15928 2
15929 3
15930 3
15931 2
15932 1
15933 0
15934 0
15935 1
15936 2
15937 0
15938 3
15939 2
15940 6
15941 0
15942 3
15943 4
15944 3
15945 0
15946 2
15947 1
15948 2
15949 0
15950 6
15951 5
15952 4
15953 3
15954 1
15955 5
15956 1
15957 0
15958 3
15959 1
15960 2
15961 2
15962 4
15963 2
15964 2
15965 1
15966 5
15967 1
15968 1
15969 2
15970 1
15971 1
15972 4
15973 1
15974 4
15975 1
15976 2
15977 3
15978 2
15979 1
15980 2
15981 3
15982 3
15983 1
15984 3
15985 2
15986 3
15987 1
15988 3
15989 1
15990 1
15991 3
15992 0
15993 4
15994 2
15995 1
15996 2
15997 4
15998 2
15999 3
16000 2
16001 3
16002 3
16003 7
16004 4
16005 3
16006 4
16007 2
16008 1
16009 0
16010 0
16011 3
16012 2
16013 0
16014 4
16015 3
16016 4
16017 2
16018 0
16019 3
16020 2
16021 1
16022 1
16023 2
16024 2
16025 2
16026 3
16027 2
16028 1
16029 0
16030 2
16031 2
16032 1
16033 3
16034 5
16035 1
16036 1
16037 2
16038 2
16039 3
16040 3
16041 2
16042 2
16043 1
16044 1
16045 2
16046 3
16047 2
16048 3
16049 2
16050 1
16051 5
16052 1
16053 1
16054 2
16055 1
16056 1
16057 1
16058 1
16059 2
16060 1
16061 3
16062 4
16063 1
16064 2
16065 0
16066 3
16067 1
16068 6
16069 1
16070 1
16071 1
16072 2
16073 0
16074 2
16075 2
16076 2
16077 3
16078 3
16079 1
16080 4
16081 2
16082 1
16083 2
16084 0
16085 6
16086 3
16087 2
16088 0
16089 1
16090 3
16091 3
16092 2
16093 7
16094 5
16095 2
16096 4
16097 4
16098 0
16099 3
16100 1
16101 2
16102 2
16103 2
16104 1
16105 2
16106 4
16107 2
16108 2
16109 3
16110 3
16111 0
16112 3
16113 4
16114 2
16115 3
16116 3
16117 1
16118 0
16119 2
16120 1
16121 2
16122 1
16123 5
16124 4
16125 2
16126 1
16127 3
16128 5
16129 2
16130 2
16131 3
16132 1
16133 1
16134 3
16135 4
16136 3
16137 2
16138 3
16139 3
16140 0
16141 3
16142 3
16143 3
16144 2
16145 4
16146 0
16147 0
16148 2
16149 1
16150 2
16151 3
16152 1
16153 2
16154 2
16155 1
16156 1
16157 2
16158 2
16159 2
16160 3
16161 2
16162 4
16163 2
16164 0
16165 2
16166 2
16167 1
16168 3
16169 0
16170 6
16171 3
16172 1
16173 2
16174 2
16175 2
16176 0
16177 1
16178 2
16179 0
16180 2
16181 4
16182 4
16183 3
16184 2
16185 1
16186 4
16187 2
16188 3
16189 5
16190 0
16191 0
16192 1
16193 3
16194 2
16195 2
16196 0
16197 2
16198 4
16199 3
16200 6
16201 0
16202 2
16203 1
16204 2
16205 0
16206 0
16207 4
16208 1
16209 1
16210 0
16211 2
16212 2
16213 2
16214 2
16215 2
16216 2
16217 2
16218 1
16219 3
16220 2
16221 3
16222 5
16223 1
16224 3
16225 3
16226 2
16227 5
16228 2
16229 5
16230 1
16231 2
16232 3
16233 1
16234 0
16235 6
16236 1
16237 1
16238 1
16239 2
16240 0
16241 1
16242 1
16243 5
16244 1
16245 1
16246 2
16247 1
16248 3
16249 2
16250 3
16251 1
16252 1
16253 2
16254 1
16255 0
16256 0
16257 2
16258 1
16259 3
16260 1
16261 1
16262 2
16263 3
16264 3
16265 2
16266 1
16267 3
16268 2
16269 2
16270 2
16271 2
16272 1
16273 1
16274 0
16275 2
16276 2
16277 3
16278 5
16279 1
16280 3
16281 3
16282 4
16283 2
16284 2
16285 1
16286 1
16287 4
16288 2
16289 2
16290 2
16291 2
16292 1
16293 2
16294 2
16295 4
16296 1
16297 1
16298 2
16299 2
16300 1
16301 1
16302 2
16303 3
16304 1
16305 3
16306 2
16307 2
16308 2
16309 1
16310 3
16311 1
16312 4
16313 3
16314 5
16315 1
16316 2
16317 3
16318 1
16319 2
16320 6
16321 2
16322 2
16323 1
16324 1
16325 2
16326 3
16327 1
16328 5
16329 4
16330 0
16331 0
16332 1
16333 3
16334 2
16335 0
16336 0
16337 1
16338 2
16339 4
16340 0
16341 3
16342 2
16343 1
16344 2
16345 1
16346 1
16347 1
16348 1
16349 1
16350 1
16351 0
16352 2
16353 2
16354 1
16355 2
16356 1
16357 2
16358 3
16359 2
16360 2
16361 1
16362 3
16363 3
16364 4
16365 1
16366 2
16367 1
16368 3
16369 2
16370 2
16371 3
16372 2
16373 0
16374 2
16375 1
16376 2
16377 3
16378 2
16379 5
16380 3
16381 3
16382 5
16383 13675
