0 0
1 9
2 10
3 5
4 5
5 6
6 4
7 6
8 3
9 2
10 1
11 0
12 1
13 0
14 0
15 0
16 1
17 0
18 0
19 0
20 0
21 0
22 0
23 0
24 0
25 0
26 0
27 0
28 0
29 0
30 0
31 0
32 0
33 0
34 0
35 0
36 0
37 0
38 0
39 0
40 0
41 0
42 0
43 0
44 0
45 0
46 0
47 0
48 0
49 0
50 0
51 0
52 0
53 0
54 0
55 0
56 0
57 0
58 0
59 0
60 0
61 0
62 0
63 0
64 0
65 0
66 0
67 0
68 0
69 0
70 0
71 0
72 0
73 0
74 0
75 0
76 0
77 0
78 0
79 0
80 0
81 0
82 0
83 0
84 0
85 0
86 0
87 0
88 0
89 0
90 0
91 0
92 0
93 0
94 0
95 0
96 0
97 2
98 1
99 2
100 3
101 2
102 1
103 4
104 4
105 5
106 9
107 11
108 18
109 20
110 21
111 16
112 15
113 21
114 26
115 24
116 28
117 26
118 31
119 29
120 40
121 33
122 30
123 49
124 43
125 43
126 36
127 31
128 50
129 32
130 46
131 43
132 47
133 37
134 44
135 44
136 36
137 43
138 47
139 33
140 31
141 44
142 35
143 44
144 41
145 40
146 32
147 47
148 44
149 39
150 43
151 46
152 44
153 42
154 36
155 50
156 31
157 42
158 39
159 45
160 45
161 35
162 40
163 54
164 48
165 33
166 33
167 41
168 36
169 47
170 35
171 39
172 48
173 43
174 34
175 40
176 47
177 46
178 44
179 43
180 53
181 56
182 34
183 43
184 36
185 39
186 44
187 41
188 40
189 43
190 26
191 45
192 45
193 46
194 45
195 49
196 40
197 54
198 32
199 38
200 53
201 54
202 39
203 48
204 50
205 49
206 46
207 33
208 48
209 45
210 49
211 41
212 38
213 35
214 54
215 40
216 37
217 44
218 38
219 48
220 46
221 42
222 45
223 53
224 40
225 51
226 38
227 37
228 41
229 47
230 37
231 55
232 42
233 42
234 55
235 37
236 40
237 53
238 49
239 51
240 39
241 41
242 36
243 62
244 45
245 50
246 48
247 44
248 42
249 51
250 48
251 56
252 60
253 58
254 42
255 56
256 41
257 40
258 59
259 41
260 60
261 54
262 50
263 38
264 56
265 49
266 55
267 57
268 45
269 59
270 50
271 40
272 49
273 44
274 45
275 58
276 40
277 39
278 46
279 48
280 51
281 32
282 70
283 48
284 45
285 56
286 44
287 50
288 36
289 58
290 52
291 46
292 60
293 35
294 40
295 52
296 55
297 64
298 54
299 45
300 51
301 52
302 50
303 45
304 44
305 63
306 52
307 45
308 56
309 57
310 53
311 50
312 38
313 47
314 62
315 50
316 39
317 55
318 73
319 58
320 59
321 48
322 50
323 40
324 49
325 49
326 51
327 61
328 50
329 52
330 45
331 45
332 52
333 51
334 47
335 40
336 46
337 58
338 56
339 55
340 48
341 43
342 60
343 49
344 52
345 52
346 44
347 45
348 50
349 66
350 47
351 60
352 41
353 50
354 63
355 41
356 59
357 43
358 51
359 54
360 57
361 54
362 61
363 50
364 49
365 65
366 57
367 46
368 43
369 43
370 66
371 56
372 58
373 59
374 52
375 49
376 48
377 45
378 45
379 42
380 53
381 63
382 54
383 62
384 60
385 48
386 42
387 47
388 51
389 51
390 38
391 62
392 66
393 53
394 54
395 55
396 59
397 46
398 53
399 40
400 65
401 58
402 44
403 54
404 52
405 53
406 54
407 59
408 56
409 57
410 56
411 52
412 52
413 54
414 44
415 44
416 47
417 50
418 48
419 56
420 46
421 50
422 63
423 49
424 44
425 64
426 39
427 57
428 43
429 59
430 56
431 47
432 61
433 59
434 54
435 62
436 66
437 41
438 44
439 53
440 44
441 48
442 41
443 51
444 50
445 50
446 51
447 41
448 64
449 52
450 48
451 49
452 64
453 47
454 47
455 56
456 57
457 56
458 43
459 50
460 48
461 61
462 51
463 53
464 66
465 49
466 65
467 52
468 65
469 53
470 50
471 59
472 65
473 48
474 60
475 48
476 41
477 54
478 62
479 63
480 62
481 52
482 55
483 52
484 54
485 52
486 61
487 58
488 49
489 39
490 62
491 61
492 55
493 61
494 53
495 67
496 49
497 56
498 66
499 47
500 57
501 55
502 45
503 51
504 48
505 59
506 40
507 57
508 58
509 57
510 54
511 44
512 54
513 46
514 66
515 46
516 62
517 54
518 46
519 54
520 59
521 56
522 63
523 54
524 60
525 56
526 59
527 66
528 53
529 59
530 48
531 64
532 66
533 54
534 58
535 48
536 58
537 60
538 56
539 63
540 68
541 66
542 55
543 39
544 52
545 61
546 63
547 51
548 51
549 61
550 47
551 66
552 49
553 59
554 69
555 52
556 71
557 50
558 51
559 59
560 59
561 68
562 62
563 65
564 67
565 59
566 66
567 54
568 76
569 52
570 60
571 45
572 60
573 61
574 60
575 62
576 57
577 57
578 44
579 69
580 76
581 66
582 68
583 57
584 47
585 68
586 69
587 61
588 59
589 53
590 61
591 63
592 75
593 68
594 61
595 70
596 67
597 64
598 63
599 69
600 50
601 57
602 64
603 68
604 59
605 75
606 71
607 62
608 54
609 68
610 57
611 89
612 48
613 58
614 74
615 68
616 69
617 68
618 58
619 71
620 57
621 72
622 75
623 55
624 62
625 52
626 57
627 73
628 83
629 72
630 63
631 69
632 63
633 78
634 66
635 68
636 56
637 62
638 61
639 76
640 67
641 67
642 63
643 79
644 68
645 74
646 77
647 73
648 66
649 68
650 61
651 64
652 58
653 82
654 74
655 88
656 71
657 73
658 86
659 77
660 54
661 61
662 70
663 79
664 84
665 52
666 100
667 59
668 65
669 71
670 68
671 72
672 78
673 72
674 67
675 61
676 73
677 66
678 71
679 80
680 70
681 76
682 69
683 67
684 67
685 77
686 62
687 79
688 91
689 70
690 68
691 74
692 69
693 82
694 59
695 64
696 76
697 78
698 89
699 72
700 77
701 77
702 68
703 68
704 82
705 65
706 61
707 71
708 91
709 77
710 68
711 50
712 80
713 79
714 83
715 77
716 72
717 81
718 87
719 81
720 70
721 73
722 84
723 80
724 77
725 78
726 68
727 73
728 76
729 64
730 85
731 68
732 73
733 80
734 80
735 88
736 81
737 76
738 83
739 79
740 74
741 75
742 82
743 77
744 79
745 62
746 82
747 88
748 85
749 68
750 95
751 87
752 94
753 81
754 63
755 75
756 80
757 73
758 86
759 75
760 74
761 93
762 88
763 73
764 93
765 83
766 72
767 74
768 86
769 60
770 69
771 65
772 61
773 78
774 74
775 85
776 79
777 69
778 85
779 75
780 76
781 90
782 67
783 71
784 72
785 69
786 85
787 77
788 90
789 69
790 84
791 85
792 75
793 76
794 75
795 72
796 70
797 70
798 63
799 87
800 68
801 47
802 73
803 67
804 72
805 74
806 76
807 67
808 86
809 86
810 70
811 70
812 73
813 63
814 59
815 67
816 59
817 79
818 84
819 94
820 90
821 68
822 66
823 79
824 62
825 70
826 66
827 79
828 70
829 83
830 74
831 84
832 87
833 84
834 73
835 72
836 77
837 75
838 64
839 84
840 55
841 73
842 76
843 83
844 77
845 85
846 76
847 70
848 69
849 77
850 61
851 86
852 85
853 83
854 70
855 89
856 64
857 76
858 95
859 79
860 58
861 76
862 65
863 81
864 69
865 87
866 61
867 68
868 64
869 80
870 80
871 73
872 82
873 86
874 85
875 78
876 85
877 68
878 65
879 76
880 71
881 81
882 87
883 80
884 80
885 76
886 83
887 70
888 74
889 74
890 81
891 70
892 61
893 84
894 73
895 70
896 71
897 75
898 64
899 66
900 66
901 82
902 65
903 83
904 64
905 69
906 93
907 71
908 80
909 75
910 70
911 72
912 92
913 73
914 70
915 72
916 70
917 66
918 70
919 69
920 70
921 87
922 67
923 78
924 76
925 64
926 67
927 89
928 60
929 54
930 73
931 66
932 72
933 76
934 57
935 87
936 71
937 72
938 63
939 79
940 73
941 69
942 87
943 61
944 61
945 74
946 81
947 81
948 73
949 75
950 75
951 66
952 68
953 76
954 88
955 70
956 75
957 75
958 80
959 94
960 81
961 77
962 78
963 70
964 81
965 73
966 76
967 90
968 65
969 77
970 82
971 102
972 83
973 66
974 76
975 60
976 72
977 83
978 67
979 72
980 64
981 96
982 75
983 78
984 67
985 68
986 64
987 69
988 67
989 72
990 71
991 74
992 69
993 54
994 71
995 76
996 70
997 63
998 81
999 64
1000 65
1001 78
1002 76
1003 94
1004 78
1005 68
1006 65
1007 71
1008 71
1009 76
1010 78
1011 60
1012 73
1013 73
1014 76
1015 67
1016 77
1017 71
1018 79
1019 85
1020 80
1021 70
1022 63
1023 77
1024 76
1025 74
1026 69
1027 77
1028 68
1029 84
1030 71
1031 72
1032 72
1033 63
1034 69
1035 68
1036 60
1037 61
1038 74
1039 88
1040 81
1041 79
1042 73
1043 69
1044 79
1045 81
1046 81
1047 72
1048 82
1049 63
1050 68
1051 75
1052 76
1053 68
1054 71
1055 75
1056 87
1057 82
1058 73
1059 81
1060 77
1061 72
1062 80
1063 83
1064 71
1065 71
1066 64
1067 72
1068 66
1069 68
1070 78
1071 66
1072 76
1073 77
1074 77
1075 68
1076 64
1077 73
1078 59
1079 56
1080 82
1081 111
1082 69
1083 67
1084 64
1085 61
1086 74
1087 84
1088 74
1089 68
1090 69
1091 72
1092 53
1093 63
1094 72
1095 61
1096 66
1097 80
1098 85
1099 88
1100 72
1101 72
1102 70
1103 68
1104 72
1105 100
1106 81
1107 67
1108 76
1109 58
1110 69
1111 61
1112 70
1113 80
1114 100
1115 61
1116 80
1117 67
1118 78
1119 78
1120 73
1121 70
1122 88
1123 78
1124 72
1125 75
1126 84
1127 77
1128 86
1129 84
1130 79
1131 76
1132 56
1133 73
1134 76
1135 78
1136 73
1137 64
1138 70
1139 58
1140 80
1141 76
1142 77
1143 67
1144 68
1145 90
1146 81
1147 75
1148 63
1149 72
1150 70
1151 67
1152 68
1153 72
1154 72
1155 64
1156 79
1157 40
1158 65
1159 55
1160 73
1161 59
1162 82
1163 64
1164 62
1165 72
1166 62
1167 60
1168 64
1169 63
1170 74
1171 60
1172 77
1173 75
1174 79
1175 70
1176 82
1177 79
1178 54
1179 70
1180 70
1181 72
1182 63
1183 63
1184 76
1185 73
1186 72
1187 69
1188 77
1189 78
1190 70
1191 69
1192 74
1193 71
1194 60
1195 56
1196 82
1197 75
1198 67
1199 75
1200 62
1201 61
1202 57
1203 62
1204 82
1205 66
1206 65
1207 67
1208 68
1209 69
1210 91
1211 60
1212 69
1213 47
1214 59
1215 62
1216 82
1217 81
1218 71
1219 88
1220 69
1221 89
1222 75
1223 74
1224 83
1225 72
1226 71
1227 52
1228 65
1229 75
1230 73
1231 67
1232 76
1233 72
1234 74
1235 83
1236 68
1237 79
1238 69
1239 63
1240 64
1241 76
1242 59
1243 60
1244 64
1245 56
1246 65
1247 69
1248 65
1249 72
1250 68
1251 53
1252 48
1253 70
1254 66
1255 70
1256 66
1257 54
1258 59
1259 80
1260 71
1261 74
1262 62
1263 79
1264 55
1265 63
1266 78
1267 70
1268 51
1269 74
1270 59
1271 75
1272 61
1273 65
1274 80
1275 77
1276 71
1277 63
1278 64
1279 59
1280 74
1281 80
1282 73
1283 58
1284 69
1285 57
1286 87
1287 73
1288 57
1289 73
1290 64
1291 65
1292 65
1293 67
1294 69
1295 64
1296 62
1297 69
1298 84
1299 82
1300 64
1301 79
1302 65
1303 66
1304 62
1305 60
1306 75
1307 74
1308 65
1309 56
1310 60
1311 76
1312 61
1313 83
1314 69
1315 68
1316 55
1317 66
1318 55
1319 75
1320 64
1321 61
1322 68
1323 69
1324 65
1325 64
1326 62
1327 61
1328 69
1329 66
1330 73
1331 60
1332 73
1333 71
1334 66
1335 66
1336 58
1337 73
1338 54
1339 79
1340 71
1341 80
1342 65
1343 51
1344 46
1345 77
1346 55
1347 46
1348 55
1349 71
1350 53
1351 46
1352 48
1353 58
1354 69
1355 55
1356 70
1357 52
1358 64
1359 55
1360 58
1361 59
1362 69
1363 70
1364 58
1365 74
1366 59
1367 51
1368 65
1369 75
1370 58
1371 79
1372 77
1373 79
1374 72
1375 58
1376 60
1377 52
1378 62
1379 68
1380 66
1381 66
1382 73
1383 74
1384 69
1385 52
1386 53
1387 67
1388 74
1389 63
1390 75
1391 65
1392 56
1393 75
1394 70
1395 57
1396 82
1397 64
1398 53
1399 59
1400 54
1401 46
1402 68
1403 54
1404 58
1405 66
1406 52
1407 57
1408 70
1409 63
1410 67
1411 58
1412 61
1413 57
1414 72
1415 55
1416 73
1417 72
1418 57
1419 69
1420 69
1421 80
1422 60
1423 64
1424 48
1425 61
1426 65
1427 59
1428 58
1429 70
1430 73
1431 49
1432 66
1433 62
1434 69
1435 59
1436 71
1437 64
1438 67
1439 57
1440 73
1441 59
1442 61
1443 63
1444 49
1445 59
1446 69
1447 48
1448 60
1449 71
1450 50
1451 74
1452 63
1453 68
1454 70
1455 56
1456 69
1457 58
1458 74
1459 79
1460 76
1461 61
1462 67
1463 62
1464 57
1465 63
1466 56
1467 69
1468 68
1469 58
1470 69
1471 49
1472 66
1473 62
1474 63
1475 73
1476 59
1477 52
1478 50
1479 64
1480 64
1481 71
1482 54
1483 68
1484 71
1485 73
1486 62
1487 72
1488 65
1489 46
1490 56
1491 65
1492 59
1493 54
1494 72
1495 74
1496 79
1497 69
1498 61
1499 66
1500 69
1501 59
1502 70
1503 67
1504 67
1505 48
1506 62
1507 57
1508 57
1509 59
1510 63
1511 70
1512 63
1513 67
1514 49
1515 58
1516 64
1517 77
1518 55
1519 79
1520 68
1521 53
1522 54
1523 65
1524 56
1525 54
1526 54
1527 62
1528 57
1529 64
1530 58
1531 61
1532 65
1533 68
1534 64
1535 63
1536 53
1537 64
1538 59
1539 76
1540 68
1541 63
1542 61
1543 54
1544 64
1545 58
1546 43
1547 62
1548 50
1549 51
1550 51
1551 68
1552 67
1553 56
1554 56
1555 47
1556 64
1557 56
1558 57
1559 57
1560 60
1561 71
1562 51
1563 61
1564 68
1565 61
1566 59
1567 63
1568 46
1569 68
1570 62
1571 57
1572 47
1573 63
1574 57
1575 60
1576 55
1577 64
1578 55
1579 67
1580 60
1581 70
1582 73
1583 58
1584 62
1585 66
1586 63
1587 62
1588 55
1589 63
1590 53
1591 82
1592 66
1593 52
1594 53
1595 52
1596 63
1597 67
1598 60
1599 51
1600 56
1601 71
1602 71
1603 48
1604 56
1605 56
1606 53
1607 57
1608 49
1609 57
1610 64
1611 60
1612 47
1613 46
1614 53
1615 57
1616 59
1617 42
1618 69
1619 71
1620 69
1621 53
1622 56
1623 52
1624 77
1625 60
1626 63
1627 48
1628 54
1629 55
1630 51
1631 54
1632 70
1633 56
1634 53
1635 68
1636 66
1637 62
1638 59
1639 64
1640 60
1641 63
1642 62
1643 69
1644 69
1645 59
1646 54
1647 64
1648 53
1649 59
1650 56
1651 49
1652 51
1653 60
1654 52
1655 60
1656 44
1657 48
1658 64
1659 53
1660 66
1661 62
1662 62
1663 62
1664 65
1665 71
1666 64
1667 64
1668 58
1669 60
1670 50
1671 59
1672 66
1673 62
1674 56
1675 51
1676 62
1677 61
1678 54
1679 54
1680 66
1681 62
1682 70
1683 54
1684 70
1685 63
1686 69
1687 49
1688 61
1689 59
1690 67
1691 56
1692 58
1693 65
1694 55
1695 60
1696 50
1697 54
1698 65
1699 49
1700 72
1701 57
1702 63
1703 58
1704 54
1705 62
1706 54
1707 60
1708 68
1709 51
1710 62
1711 55
1712 49
1713 49
1714 59
1715 68
1716 53
1717 53
1718 53
1719 57
1720 60
1721 70
1722 54
1723 55
1724 58
1725 59
1726 61
1727 53
1728 58
1729 66
1730 54
1731 71
1732 48
1733 63
1734 78
1735 75
1736 68
1737 48
1738 69
1739 70
1740 53
1741 45
1742 51
1743 53
1744 50
1745 62
1746 72
1747 56
1748 54
1749 64
1750 65
1751 67
1752 66
1753 66
1754 63
1755 52
1756 61
1757 69
1758 61
1759 57
1760 44
1761 60
1762 40
1763 59
1764 67
1765 57
1766 56
1767 60
1768 55
1769 54
1770 75
1771 53
1772 59
1773 65
1774 70
1775 48
1776 67
1777 59
1778 45
1779 46
1780 62
1781 79
1782 56
1783 55
1784 54
1785 49
1786 50
1787 57
1788 51
1789 59
1790 62
1791 61
1792 66
1793 62
1794 51
1795 67
1796 63
1797 47
1798 70
1799 54
1800 71
1801 73
1802 64
1803 65
1804 56
1805 51
1806 47
1807 64
1808 54
1809 62
1810 70
1811 59
1812 58
1813 66
1814 82
1815 40
1816 57
1817 50
1818 59
1819 62
1820 71
1821 63
1822 53
1823 60
1824 44
1825 64
1826 52
1827 73
1828 63
1829 66
1830 63
1831 60
1832 75
1833 57
1834 62
1835 70
1836 79
1837 70
1838 53
1839 58
1840 58
1841 59
1842 68
1843 78
1844 47
1845 71
1846 70
1847 56
1848 65
1849 59
1850 63
1851 64
1852 67
1853 60
1854 70
1855 73
1856 53
1857 73
1858 68
1859 76
1860 64
1861 79
1862 75
1863 68
1864 64
1865 71
1866 66
1867 64
1868 67
1869 73
1870 61
1871 73
1872 63
1873 71
1874 61
1875 56
1876 58
1877 57
1878 74
1879 64
1880 65
1881 66
1882 67
1883 68
1884 67
1885 60
1886 53
1887 75
1888 71
1889 78
1890 62
1891 70
1892 60
1893 72
1894 75
1895 70
1896 75
1897 71
1898 66
1899 60
1900 70
1901 59
1902 77
1903 64
1904 74
1905 64
1906 65
1907 68
1908 53
1909 72
1910 78
1911 50
1912 68
1913 75
1914 57
1915 70
1916 56
1917 62
1918 64
1919 70
1920 65
1921 66
1922 48
1923 82
1924 65
1925 83
1926 57
1927 69
1928 69
1929 71
1930 64
1931 89
1932 56
1933 74
1934 80
1935 65
1936 79
1937 52
1938 71
1939 83
1940 83
1941 73
1942 58
1943 59
1944 65
1945 58
1946 74
1947 60
1948 69
1949 70
1950 74
1951 68
1952 76
1953 83
1954 57
1955 59
1956 63
1957 67
1958 71
1959 82
1960 64
1961 79
1962 81
1963 82
1964 84
1965 78
1966 67
1967 70
1968 80
1969 59
1970 74
1971 72
1972 75
1973 72
1974 75
1975 67
1976 66
1977 64
1978 70
1979 65
1980 68
1981 69
1982 66
1983 71
1984 72
1985 62
1986 84
1987 76
1988 78
1989 67
1990 52
1991 69
1992 68
1993 87
1994 63
1995 68
1996 75
1997 64
1998 74
1999 78
2000 73
2001 66
2002 80
2003 70
2004 70
2005 77
2006 78
2007 61
2008 75
2009 80
2010 80
2011 73
2012 72
2013 78
2014 74
2015 77
2016 56
2017 73
2018 72
2019 60
2020 74
2021 61
2022 62
2023 63
2024 65
2025 85
2026 76
2027 70
2028 82
2029 64
2030 64
2031 67
2032 81
2033 75
2034 77
2035 72
2036 80
2037 76
2038 78
2039 66
2040 73
2041 64
2042 76
2043 73
2044 62
2045 76
2046 67
2047 77
2048 79
2049 74
2050 85
2051 62
2052 84
2053 60
2054 76
2055 54
2056 74
2057 58
2058 70
2059 66
2060 65
2061 69
2062 68
2063 51
2064 82
2065 70
2066 64
2067 59
2068 65
2069 61
2070 59
2071 64
2072 65
2073 74
2074 78
2075 61
2076 67
2077 68
2078 78
2079 63
2080 62
2081 75
2082 75
2083 69
2084 64
2085 65
2086 55
2087 62
2088 55
2089 55
2090 73
2091 78
2092 59
2093 69
2094 67
2095 57
2096 73
2097 62
2098 72
2099 71
2100 58
2101 59
2102 56
2103 75
2104 61
2105 67
2106 74
2107 69
2108 65
2109 68
2110 55
2111 73
2112 60
2113 64
2114 80
2115 58
2116 70
2117 76
2118 72
2119 62
2120 61
2121 75
2122 67
2123 54
2124 69
2125 66
2126 73
2127 66
2128 66
2129 79
2130 81
2131 58
2132 67
2133 57
2134 70
2135 54
2136 74
2137 73
2138 85
2139 66
2140 72
2141 62
2142 59
2143 72
2144 57
2145 69
2146 69
2147 59
2148 74
2149 76
2150 77
2151 69
2152 79
2153 71
2154 62
2155 75
2156 55
2157 58
2158 72
2159 61
2160 54
2161 62
2162 57
2163 52
2164 58
2165 55
2166 62
2167 50
2168 59
2169 69
2170 77
2171 65
2172 50
2173 53
2174 83
2175 63
2176 56
2177 51
2178 54
2179 77
2180 50
2181 71
2182 80
2183 62
2184 63
2185 59
2186 61
2187 54
2188 68
2189 62
2190 63
2191 64
2192 87
2193 55
2194 70
2195 63
2196 55
2197 62
2198 53
2199 69
2200 63
2201 60
2202 57
2203 62
2204 56
2205 60
2206 50
2207 66
2208 58
2209 71
2210 53
2211 63
2212 73
2213 49
2214 60
2215 60
2216 72
2217 40
2218 68
2219 59
2220 60
2221 68
2222 66
2223 57
2224 56
2225 63
2226 63
2227 61
2228 58
2229 63
2230 60
2231 76
2232 78
2233 75
2234 55
2235 50
2236 66
2237 51
2238 61
2239 65
2240 62
2241 52
2242 65
2243 57
2244 60
2245 58
2246 53
2247 58
2248 60
2249 48
2250 56
2251 58
2252 50
2253 64
2254 69
2255 57
2256 58
2257 66
2258 56
2259 71
2260 65
2261 62
2262 65
2263 57
2264 55
2265 64
2266 75
2267 65
2268 59
2269 67
2270 52
2271 66
2272 57
2273 50
2274 44
2275 73
2276 61
2277 59
2278 49
2279 62
2280 64
2281 53
2282 74
2283 57
2284 50
2285 60
2286 68
2287 62
2288 54
2289 60
2290 46
2291 54
2292 47
2293 58
2294 55
2295 54
2296 59
2297 42
2298 56
2299 64
2300 68
2301 65
2302 69
2303 54
2304 49
2305 57
2306 59
2307 59
2308 59
2309 67
2310 48
2311 60
2312 52
2313 57
2314 46
2315 56
2316 50
2317 62
2318 49
2319 52
2320 47
2321 61
2322 59
2323 48
2324 47
2325 44
2326 53
2327 50
2328 64
2329 58
2330 53
2331 53
2332 58
2333 43
2334 49
2335 56
2336 64
2337 47
2338 53
2339 57
2340 62
2341 54
2342 63
2343 66
2344 55
2345 54
2346 49
2347 52
2348 58
2349 77
2350 55
2351 57
2352 58
2353 53
2354 53
2355 49
2356 42
2357 55
2358 52
2359 69
2360 49
2361 51
2362 52
2363 60
2364 40
2365 46
2366 51
2367 60
2368 58
2369 53
2370 48
2371 57
2372 61
2373 44
2374 56
2375 59
2376 61
2377 54
2378 61
2379 49
2380 65
2381 59
2382 55
2383 61
2384 41
2385 50
2386 56
2387 56
2388 57
2389 52
2390 47
2391 45
2392 37
2393 51
2394 54
2395 46
2396 59
2397 47
2398 47
2399 70
2400 51
2401 56
2402 50
2403 46
2404 50
2405 50
2406 59
2407 50
2408 56
2409 48
2410 52
2411 64
2412 46
2413 54
2414 50
2415 55
2416 48
2417 49
2418 48
2419 54
2420 58
2421 35
2422 59
2423 54
2424 44
2425 47
2426 67
2427 63
2428 63
2429 50
2430 41
2431 62
2432 58
2433 45
2434 50
2435 60
2436 62
2437 45
2438 46
2439 45
2440 50
2441 46
2442 46
2443 52
2444 55
2445 53
2446 62
2447 69
2448 55
2449 45
2450 49
2451 36
2452 49
2453 59
2454 53
2455 57
2456 49
2457 64
2458 54
2459 55
2460 52
2461 54
2462 66
2463 47
2464 44
2465 52
2466 58
2467 55
2468 55
2469 49
2470 56
2471 65
2472 52
2473 59
2474 44
2475 61
2476 54
2477 46
2478 69
2479 57
2480 49
2481 38
2482 45
2483 50
2484 55
2485 56
2486 54
2487 36
2488 51
2489 56
2490 41
2491 54
2492 40
2493 48
2494 53
2495 52
2496 58
2497 41
2498 49
2499 57
2500 41
2501 49
2502 49
2503 59
2504 39
2505 47
2506 43
2507 60
2508 53
2509 43
2510 52
2511 55
2512 56
2513 57
2514 50
2515 44
2516 51
2517 52
2518 58
2519 47
2520 45
2521 50
2522 51
2523 51
2524 46
2525 55
2526 44
2527 48
2528 56
2529 59
2530 46
2531 50
2532 40
2533 55
2534 44
2535 47
2536 50
2537 50
2538 49
2539 50
2540 59
2541 46
2542 58
2543 54
2544 64
2545 46
2546 51
2547 47
2548 53
2549 44
2550 42
2551 40
2552 55
2553 50
2554 51
2555 49
2556 53
2557 69
2558 49
2559 47
2560 55
2561 57
2562 61
2563 62
2564 55
2565 61
2566 38
2567 46
2568 44
2569 47
2570 48
2571 54
2572 50
2573 45
2574 56
2575 54
2576 53
2577 50
2578 43
2579 34
2580 61
2581 45
2582 56
2583 48
2584 52
2585 48
2586 55
2587 48
2588 55
2589 50
2590 65
2591 52
2592 51
2593 55
2594 54
2595 48
2596 67
2597 55
2598 51
2599 52
2600 47
2601 62
2602 46
2603 55
2604 58
2605 43
2606 50
2607 50
2608 43
2609 54
2610 42
2611 41
2612 62
2613 51
2614 49
2615 42
2616 45
2617 51
2618 52
2619 40
2620 56
2621 45
2622 50
2623 54
2624 49
2625 53
2626 54
2627 49
2628 55
2629 59
2630 43
2631 44
2632 50
2633 40
2634 63
2635 50
2636 63
2637 42
2638 47
2639 55
2640 47
2641 47
2642 56
2643 48
2644 36
2645 50
2646 54
2647 66
2648 44
2649 54
2650 62
2651 56
2652 61
2653 66
2654 41
2655 52
2656 56
2657 54
2658 52
2659 62
2660 50
2661 47
2662 56
2663 51
2664 42
2665 56
2666 50
2667 46
2668 60
2669 66
2670 51
2671 40
2672 50
2673 49
2674 68
2675 62
2676 47
2677 55
2678 53
2679 53
2680 57
2681 47
2682 54
2683 55
2684 46
2685 43
2686 54
2687 48
2688 72
2689 52
2690 52
2691 45
2692 48
2693 39
2694 53
2695 46
2696 47
2697 59
2698 52
2699 38
2700 54
2701 51
2702 41
2703 33
2704 51
2705 44
2706 46
2707 49
2708 47
2709 54
2710 44
2711 63
2712 48
2713 40
2714 42
2715 50
2716 52
2717 48
2718 41
2719 51
2720 49
2721 52
2722 43
2723 42
2724 42
2725 60
2726 63
2727 44
2728 48
2729 53
2730 41
2731 53
2732 42
2733 54
2734 57
2735 47
2736 50
2737 53
2738 38
2739 53
2740 59
2741 33
2742 49
2743 51
2744 48
2745 54
2746 65
2747 51
2748 46
2749 40
2750 59
2751 51
2752 41
2753 43
2754 61
2755 55
2756 47
2757 56
2758 54
2759 45
2760 43
2761 44
2762 42
2763 48
2764 56
2765 47
2766 59
2767 33
2768 40
2769 45
2770 45
2771 39
2772 48
2773 49
2774 48
2775 42
2776 42
2777 49
2778 51
2779 64
2780 51
2781 51
2782 44
2783 43
2784 52
2785 58
2786 42
2787 46
2788 50
2789 56
2790 50
2791 46
2792 45
2793 58
2794 50
2795 39
2796 39
2797 45
2798 48
2799 49
2800 50
2801 54
2802 58
2803 50
2804 53
2805 48
2806 48
2807 48
2808 52
2809 43
2810 57
2811 51
2812 41
2813 48
2814 55
2815 51
2816 56
2817 47
2818 42
2819 42
2820 41
2821 51
2822 49
2823 46
2824 38
2825 54
2826 47
2827 38
2828 49
2829 43
2830 39
2831 48
2832 52
2833 33
2834 55
2835 56
2836 50
2837 54
2838 46
2839 59
2840 51
2841 42
2842 36
2843 59
2844 53
2845 45
2846 46
2847 49
2848 45
2849 48
2850 61
2851 48
2852 55
2853 58
2854 53
2855 51
2856 41
2857 39
2858 45
2859 38
2860 51
2861 60
2862 51
2863 48
2864 42
2865 31
2866 52
2867 34
2868 48
2869 49
2870 36
2871 51
2872 49
2873 53
2874 38
2875 47
2876 48
2877 44
2878 57
2879 52
2880 44
2881 51
2882 47
2883 38
2884 61
2885 53
2886 36
2887 44
2888 44
2889 56
2890 38
2891 52
2892 38
2893 42
2894 52
2895 55
2896 49
2897 43
2898 49
2899 51
2900 49
2901 57
2902 59
2903 38
2904 58
2905 40
2906 45
2907 43
2908 39
2909 49
2910 44
2911 64
2912 54
2913 50
2914 39
2915 38
2916 61
2917 62
2918 58
2919 46
2920 48
2921 42
2922 41
2923 36
2924 46
2925 53
2926 61
2927 50
2928 58
2929 55
2930 48
2931 57
2932 42
2933 50
2934 45
2935 41
2936 55
2937 44
2938 38
2939 38
2940 37
2941 59
2942 52
2943 46
2944 44
2945 54
2946 43
2947 39
2948 48
2949 53
2950 56
2951 43
2952 42
2953 38
2954 50
2955 50
2956 47
2957 50
2958 37
2959 39
2960 38
2961 66
2962 49
2963 40
2964 38
2965 50
2966 42
2967 50
2968 45
2969 60
2970 46
2971 43
2972 47
2973 51
2974 54
2975 52
2976 37
2977 43
2978 49
2979 41
2980 39
2981 53
2982 32
2983 51
2984 48
2985 50
2986 42
2987 43
2988 49
2989 50
2990 48
2991 42
2992 43
2993 46
2994 49
2995 51
2996 37
2997 52
2998 52
2999 34
3000 56
3001 41
3002 51
3003 40
3004 51
3005 48
3006 40
3007 49
3008 40
3009 43
3010 44
3011 54
3012 54
3013 46
3014 34
3015 64
3016 38
3017 55
3018 35
3019 42
3020 45
3021 50
3022 44
3023 58
3024 50
3025 37
3026 47
3027 52
3028 47
3029 58
3030 44
3031 40
3032 46
3033 50
3034 49
3035 44
3036 39
3037 40
3038 50
3039 43
3040 50
3041 44
3042 40
3043 44
3044 39
3045 43
3046 46
3047 42
3048 45
3049 46
3050 56
3051 48
3052 45
3053 52
3054 45
3055 44
3056 51
3057 63
3058 45
3059 42
3060 39
3061 40
3062 62
3063 48
3064 50
3065 45
3066 35
3067 49
3068 46
3069 47
3070 47
3071 53
3072 49
3073 53
3074 47
3075 54
3076 43
3077 34
3078 53
3079 55
3080 42
3081 52
3082 57
3083 47
3084 48
3085 56
3086 35
3087 28
3088 42
3089 40
3090 44
3091 46
3092 52
3093 36
3094 53
3095 37
3096 37
3097 47
3098 56
3099 45
3100 51
3101 46
3102 42
3103 35
3104 40
3105 46
3106 53
3107 41
3108 43
3109 47
3110 59
3111 42
3112 43
3113 46
3114 48
3115 33
3116 45
3117 35
3118 36
3119 42
3120 49
3121 40
3122 40
3123 50
3124 38
3125 50
3126 48
3127 41
3128 39
3129 37
3130 51
3131 42
3132 40
3133 41
3134 39
3135 47
3136 38
3137 50
3138 40
3139 37
3140 45
3141 41
3142 37
3143 49
3144 41
3145 25
3146 56
3147 47
3148 41
3149 54
3150 41
3151 55
3152 52
3153 48
3154 46
3155 33
3156 44
3157 41
3158 37
3159 46
3160 44
3161 41
3162 42
3163 58
3164 47
3165 37
3166 50
3167 39
3168 41
3169 42
3170 36
3171 58
3172 48
3173 43
3174 43
3175 43
3176 42
3177 39
3178 41
3179 33
3180 36
3181 45
3182 34
3183 43
3184 46
3185 45
3186 48
3187 48
3188 44
3189 52
3190 46
3191 52
3192 49
3193 41
3194 49
3195 48
3196 40
3197 41
3198 45
3199 33
3200 44
3201 59
3202 53
3203 41
3204 40
3205 43
3206 43
3207 48
3208 41
3209 47
3210 44
3211 52
3212 54
3213 40
3214 38
3215 47
3216 41
3217 47
3218 42
3219 45
3220 37
3221 42
3222 45
3223 30
3224 41
3225 33
3226 54
3227 40
3228 53
3229 49
3230 44
3231 51
3232 43
3233 41
3234 49
3235 46
3236 56
3237 48
3238 51
3239 51
3240 48
3241 46
3242 41
3243 49
3244 49
3245 38
3246 42
3247 37
3248 36
3249 44
3250 48
3251 48
3252 40
3253 60
3254 39
3255 43
3256 43
3257 42
3258 46
3259 54
3260 45
3261 40
3262 44
3263 39
3264 33
3265 45
3266 47
3267 37
3268 44
3269 36
3270 44
3271 39
3272 55
3273 52
3274 34
3275 43
3276 41
3277 48
3278 44
3279 44
3280 35
3281 48
3282 45
3283 45
3284 36
3285 48
3286 44
3287 39
3288 36
3289 54
3290 51
3291 42
3292 48
3293 49
3294 46
3295 40
3296 38
3297 49
3298 40
3299 40
3300 49
3301 48
3302 38
3303 41
3304 31
3305 49
3306 38
3307 48
3308 59
3309 35
3310 38
3311 42
3312 47
3313 46
3314 36
3315 59
3316 37
3317 30
3318 43
3319 36
3320 49
3321 48
3322 42
3323 47
3324 43
3325 26
3326 52
3327 40
3328 37
3329 49
3330 48
3331 40
3332 48
3333 51
3334 46
3335 50
3336 21
3337 37
3338 54
3339 44
3340 35
3341 56
3342 35
3343 30
3344 54
3345 43
3346 34
3347 39
3348 50
3349 48
3350 46
3351 44
3352 45
3353 46
3354 46
3355 52
3356 39
3357 39
3358 39
3359 36
3360 54
3361 53
3362 42
3363 51
3364 36
3365 52
3366 53
3367 41
3368 30
3369 54
3370 46
3371 37
3372 49
3373 44
3374 41
3375 49
3376 49
3377 49
3378 37
3379 34
3380 48
3381 38
3382 43
3383 42
3384 44
3385 42
3386 31
3387 44
3388 47
3389 36
3390 38
3391 37
3392 36
3393 44
3394 52
3395 50
3396 52
3397 32
3398 42
3399 38
3400 48
3401 48
3402 40
3403 47
3404 42
3405 51
3406 51
3407 46
3408 39
3409 45
3410 37
3411 38
3412 50
3413 34
3414 49
3415 45
3416 31
3417 35
3418 46
3419 39
3420 41
3421 60
3422 42
3423 32
3424 42
3425 35
3426 51
3427 46
3428 35
3429 46
3430 51
3431 34
3432 42
3433 36
3434 57
3435 43
3436 41
3437 51
3438 39
3439 33
3440 54
3441 49
3442 38
3443 46
3444 42
3445 47
3446 42
3447 36
3448 39
3449 38
3450 38
3451 39
3452 47
3453 46
3454 47
3455 40
3456 39
3457 38
3458 43
3459 43
3460 49
3461 57
3462 35
3463 35
3464 38
3465 34
3466 41
3467 31
3468 40
3469 36
3470 37
3471 50
3472 37
3473 39
3474 49
3475 53
3476 37
3477 36
3478 41
3479 46
3480 41
3481 43
3482 44
3483 27
3484 51
3485 38
3486 53
3487 55
3488 43
3489 43
3490 53
3491 36
3492 38
3493 37
3494 58
3495 39
3496 41
3497 45
3498 36
3499 42
3500 47
3501 32
3502 44
3503 45
3504 45
3505 38
3506 36
3507 37
3508 38
3509 40
3510 40
3511 49
3512 50
3513 42
3514 41
3515 47
3516 38
3517 39
3518 46
3519 42
3520 30
3521 42
3522 46
3523 40
3524 40
3525 40
3526 36
3527 41
3528 34
3529 38
3530 48
3531 42
3532 35
3533 44
3534 39
3535 41
3536 53
3537 36
3538 45
3539 35
3540 36
3541 43
3542 36
3543 28
3544 37
3545 41
3546 48
3547 35
3548 39
3549 41
3550 37
3551 43
3552 41
3553 50
3554 41
3555 36
3556 39
3557 48
3558 42
3559 51
3560 39
3561 41
3562 46
3563 44
3564 35
3565 49
3566 38
3567 40
3568 44
3569 46
3570 42
3571 40
3572 47
3573 33
3574 37
3575 46
3576 41
3577 44
3578 40
3579 32
3580 29
3581 28
3582 50
3583 45
3584 47
3585 48
3586 39
3587 36
3588 35
3589 40
3590 26
3591 34
3592 53
3593 36
3594 45
3595 47
3596 45
3597 40
3598 38
3599 46
3600 48
3601 40
3602 53
3603 38
3604 43
3605 33
3606 42
3607 41
3608 42
3609 38
3610 41
3611 46
3612 44
3613 38
3614 50
3615 41
3616 42
3617 47
3618 50
3619 30
3620 45
3621 44
3622 32
3623 39
3624 39
3625 42
3626 51
3627 42
3628 37
3629 40
3630 40
3631 44
3632 45
3633 36
3634 45
3635 30
3636 43
3637 42
3638 47
3639 36
3640 41
3641 35
3642 40
3643 39
3644 30
3645 41
3646 46
3647 45
3648 25
3649 45
3650 49
3651 49
3652 43
3653 60
3654 44
3655 37
3656 42
3657 45
3658 39
3659 38
3660 47
3661 32
3662 44
3663 50
3664 36
3665 35
3666 40
3667 36
3668 43
3669 44
3670 46
3671 37
3672 33
3673 38
3674 37
3675 37
3676 54
3677 39
3678 29
3679 42
3680 44
3681 48
3682 42
3683 47
3684 38
3685 55
3686 39
3687 40
3688 38
3689 34
3690 30
3691 40
3692 44
3693 43
3694 46
3695 34
3696 38
3697 37
3698 36
3699 41
3700 46
3701 44
3702 49
3703 40
3704 41
3705 48
3706 49
3707 33
3708 42
3709 37
3710 41
3711 46
3712 56
3713 35
3714 41
3715 49
3716 49
3717 39
3718 34
3719 47
3720 41
3721 40
3722 34
3723 40
3724 41
3725 45
3726 43
3727 33
3728 49
3729 32
3730 40
3731 45
3732 50
3733 34
3734 46
3735 34
3736 45
3737 42
3738 49
3739 32
3740 59
3741 38
3742 42
3743 45
3744 34
3745 44
3746 45
3747 43
3748 28
3749 40
3750 46
3751 50
3752 27
3753 43
3754 48
3755 44
3756 43
3757 40
3758 51
3759 43
3760 45
3761 41
3762 46
3763 41
3764 39
3765 57
3766 34
3767 33
3768 32
3769 39
3770 38
3771 46
3772 43
3773 39
3774 34
3775 34
3776 43
3777 36
3778 41
3779 48
3780 40
3781 40
3782 36
3783 43
3784 40
3785 38
3786 53
3787 31
3788 38
3789 31
3790 43
3791 36
3792 41
3793 34
3794 38
3795 44
3796 36
3797 36
3798 30
3799 47
3800 39
3801 43
3802 36
3803 41
3804 43
3805 35
3806 41
3807 31
3808 37
3809 41
3810 32
3811 37
3812 42
3813 36
3814 37
3815 46
3816 43
3817 38
3818 53
3819 44
3820 38
3821 38
3822 56
3823 32
3824 31
3825 47
3826 43
3827 37
3828 48
3829 44
3830 33
3831 27
3832 39
3833 37
3834 45
3835 37
3836 46
3837 44
3838 38
3839 35
3840 33
3841 42
3842 33
3843 37
3844 46
3845 41
3846 36
3847 54
3848 38
3849 42
3850 46
3851 41
3852 36
3853 44
3854 46
3855 45
3856 40
3857 41
3858 36
3859 38
3860 27
3861 32
3862 43
3863 22
3864 40
3865 37
3866 33
3867 39
3868 36
3869 33
3870 53
3871 40
3872 45
3873 48
3874 41
3875 38
3876 43
3877 48
3878 34
3879 41
3880 53
3881 54
3882 32
3883 35
3884 38
3885 27
3886 40
3887 49
3888 43
3889 43
3890 38
3891 24
3892 54
3893 56
3894 40
3895 28
3896 46
3897 44
3898 43
3899 31
3900 44
3901 47
3902 40
3903 39
3904 32
3905 31
3906 37
3907 44
3908 56
3909 41
3910 29
3911 42
3912 39
3913 39
3914 35
3915 49
3916 53
3917 37
3918 46
3919 51
3920 37
3921 40
3922 40
3923 46
3924 43
3925 43
3926 37
3927 44
3928 35
3929 48
3930 39
3931 50
3932 34
3933 34
3934 49
3935 45
3936 39
3937 38
3938 32
3939 42
3940 43
3941 41
3942 41
3943 41
3944 50
3945 34
3946 42
3947 45
3948 32
3949 29
3950 29
3951 40
3952 39
3953 40
3954 36
3955 40
3956 39
3957 44
3958 44
3959 30
3960 40
3961 44
3962 40
3963 49
3964 36
3965 40
3966 34
3967 42
3968 36
3969 38
3970 47
3971 48
3972 49
3973 60
3974 38
3975 49
3976 39
3977 47
3978 33
3979 45
3980 43
3981 49
3982 51
3983 48
3984 41
3985 46
3986 43
3987 38
3988 38
3989 36
3990 33
3991 51
3992 48
3993 41
3994 51
3995 49
3996 44
3997 38
3998 33
3999 46
4000 42
4001 47
4002 43
4003 39
4004 44
4005 43
4006 39
4007 34
4008 36
4009 49
4010 36
4011 53
4012 35
4013 40
4014 48
4015 30
4016 32
4017 47
4018 43
4019 43
4020 40
4021 39
4022 39
4023 35
4024 40
4025 42
4026 44
4027 47
4028 47
4029 43
4030 37
4031 34
4032 35
4033 43
4034 37
4035 39
4036 46
4037 38
4038 28
4039 40
4040 36
4041 38
4042 40
4043 36
4044 39
4045 31
4046 46
4047 38
4048 41
4049 28
4050 38
4051 37
4052 38
4053 51
4054 34
4055 41
4056 43
4057 37
4058 38
4059 25
4060 43
4061 41
4062 39
4063 38
4064 39
4065 38
4066 49
4067 51
4068 48
4069 38
4070 37
4071 42
4072 39
4073 25
4074 36
4075 45
4076 36
4077 41
4078 28
4079 42
4080 47
4081 55
4082 47
4083 28
4084 35
4085 32
4086 48
4087 36
4088 48
4089 38
4090 48
4091 39
4092 29
4093 40
4094 30
4095 34
4096 39
4097 47
4098 44
4099 47
4100 42
4101 35
4102 43
4103 33
4104 38
4105 41
4106 28
4107 36
4108 45
4109 56
4110 27
4111 65
4112 41
4113 35
4114 46
4115 46
4116 38
4117 42
4118 52
4119 43
4120 46
4121 39
4122 43
4123 37
4124 41
4125 43
4126 32
4127 46
4128 42
4129 38
4130 45
4131 44
4132 36
4133 49
4134 36
4135 40
4136 32
4137 40
4138 46
4139 31
4140 37
4141 27
4142 40
4143 39
4144 35
4145 44
4146 43
4147 31
4148 31
4149 44
4150 42
4151 44
4152 24
4153 55
4154 36
4155 34
4156 42
4157 34
4158 35
4159 36
4160 31
4161 38
4162 39
4163 45
4164 43
4165 39
4166 43
4167 37
4168 35
4169 44
4170 37
4171 40
4172 32
4173 42
4174 39
4175 28
4176 48
4177 43
4178 40
4179 33
4180 44
4181 41
4182 45
4183 34
4184 35
4185 35
4186 38
4187 27
4188 45
4189 40
4190 28
4191 45
4192 43
4193 38
4194 38
4195 39
4196 42
4197 43
4198 35
4199 30
4200 50
4201 34
4202 35
4203 37
4204 31
4205 39
4206 43
4207 51
4208 36
4209 42
4210 35
4211 37
4212 46
4213 41
4214 59
4215 41
4216 33
4217 34
4218 41
4219 31
4220 53
4221 38
4222 48
4223 44
4224 54
4225 43
4226 43
4227 46
4228 35
4229 43
4230 35
4231 44
4232 51
4233 49
4234 39
4235 38
4236 37
4237 35
4238 41
4239 43
4240 44
4241 35
4242 43
4243 37
4244 38
4245 42
4246 38
4247 44
4248 30
4249 34
4250 40
4251 46
4252 42
4253 40
4254 34
4255 33
4256 40
4257 34
4258 38
4259 30
4260 46
4261 42
4262 36
4263 42
4264 46
4265 42
4266 32
4267 38
4268 36
4269 47
4270 21
4271 38
4272 37
4273 50
4274 31
4275 40
4276 37
4277 37
4278 36
4279 41
4280 46
4281 33
4282 41
4283 54
4284 31
4285 41
4286 41
4287 35
4288 39
4289 49
4290 47
4291 42
4292 39
4293 33
4294 35
4295 37
4296 25
4297 39
4298 57
4299 36
4300 50
4301 35
4302 35
4303 29
4304 39
4305 36
4306 45
4307 35
4308 45
4309 40
4310 41
4311 45
4312 36
4313 42
4314 45
4315 39
4316 58
4317 43
4318 42
4319 30
4320 36
4321 39
4322 42
4323 37
4324 31
4325 41
4326 48
4327 36
4328 40
4329 42
4330 32
4331 44
4332 37
4333 34
4334 48
4335 37
4336 43
4337 28
4338 52
4339 44
4340 38
4341 37
4342 37
4343 36
4344 44
4345 38
4346 52
4347 48
4348 32
4349 32
4350 30
4351 45
4352 36
4353 30
4354 39
4355 31
4356 34
4357 27
4358 32
4359 41
4360 42
4361 35
4362 31
4363 36
4364 28
4365 41
4366 46
4367 38
4368 39
4369 36
4370 29
4371 37
4372 45
4373 44
4374 36
4375 30
4376 43
4377 41
4378 27
4379 36
4380 38
4381 37
4382 33
4383 36
4384 40
4385 40
4386 42
4387 39
4388 38
4389 55
4390 28
4391 43
4392 35
4393 46
4394 36
4395 41
4396 37
4397 42
4398 42
4399 43
4400 44
4401 52
4402 36
4403 33
4404 37
4405 41
4406 44
4407 43
4408 47
4409 48
4410 36
4411 27
4412 41
4413 35
4414 42
4415 46
4416 33
4417 38
4418 42
4419 34
4420 45
4421 41
4422 48
4423 31
4424 35
4425 51
4426 42
4427 42
4428 35
4429 27
4430 35
4431 38
4432 33
4433 30
4434 31
4435 32
4436 27
4437 28
4438 43
4439 37
4440 30
4441 42
4442 43
4443 42
4444 39
4445 45
4446 36
4447 47
4448 30
4449 44
4450 46
4451 36
4452 38
4453 55
4454 46
4455 39
4456 49
4457 49
4458 38
4459 43
4460 40
4461 36
4462 39
4463 47
4464 37
4465 39
4466 44
4467 46
4468 44
4469 34
4470 37
4471 29
4472 37
4473 41
4474 41
4475 51
4476 41
4477 40
4478 39
4479 36
4480 42
4481 41
4482 46
4483 38
4484 38
4485 46
4486 49
4487 31
4488 44
4489 42
4490 35
4491 39
4492 40
4493 26
4494 37
4495 44
4496 25
4497 44
4498 40
4499 53
4500 38
4501 38
4502 35
4503 49
4504 26
4505 39
4506 40
4507 40
4508 35
4509 40
4510 49
4511 39
4512 54
4513 41
4514 42
4515 49
4516 58
4517 48
4518 53
4519 31
4520 41
4521 48
4522 33
4523 34
4524 43
4525 46
4526 36
4527 36
4528 44
4529 32
4530 38
4531 43
4532 39
4533 41
4534 35
4535 40
4536 33
4537 41
4538 34
4539 38
4540 37
4541 38
4542 39
4543 37
4544 51
4545 44
4546 32
4547 40
4548 43
4549 42
4550 38
4551 41
4552 47
4553 35
4554 35
4555 47
4556 36
4557 36
4558 38
4559 34
4560 53
4561 30
4562 40
4563 55
4564 57
4565 36
4566 27
4567 38
4568 44
4569 37
4570 41
4571 35
4572 38
4573 46
4574 38
4575 40
4576 58
4577 46
4578 50
4579 35
4580 34
4581 36
4582 43
4583 36
4584 38
4585 43
4586 30
4587 46
4588 44
4589 46
4590 43
4591 41
4592 48
4593 40
4594 35
4595 33
4596 40
4597 36
4598 36
4599 29
4600 37
4601 39
4602 33
4603 27
4604 41
4605 41
4606 43
4607 33
4608 33
4609 44
4610 40
4611 50
4612 42
4613 36
4614 41
4615 31
4616 40
4617 44
4618 30
4619 40
4620 35
4621 39
4622 49
4623 37
4624 37
4625 34
4626 31
4627 38
4628 41
4629 42
4630 37
4631 40
4632 37
4633 40
4634 46
4635 37
4636 29
4637 35
4638 39
4639 39
4640 40
4641 39
4642 49
4643 28
4644 38
4645 51
4646 26
4647 31
4648 39
4649 40
4650 35
4651 40
4652 45
4653 33
4654 39
4655 36
4656 40
4657 41
4658 39
4659 37
4660 34
4661 33
4662 39
4663 36
4664 39
4665 45
4666 36
4667 46
4668 39
4669 45
4670 44
4671 46
4672 47
4673 30
4674 39
4675 42
4676 44
4677 40
4678 46
4679 35
4680 36
4681 37
4682 35
4683 32
4684 44
4685 46
4686 37
4687 41
4688 36
4689 35
4690 44
4691 36
4692 44
4693 39
4694 52
4695 44
4696 40
4697 36
4698 37
4699 38
4700 39
4701 35
4702 33
4703 45
4704 57
4705 44
4706 32
4707 30
4708 43
4709 52
4710 48
4711 37
4712 28
4713 42
4714 35
4715 38
4716 42
4717 43
4718 32
4719 38
4720 36
4721 34
4722 34
4723 34
4724 56
4725 37
4726 41
4727 41
4728 44
4729 43
4730 28
4731 40
4732 40
4733 35
4734 42
4735 43
4736 32
4737 29
4738 40
4739 36
4740 47
4741 43
4742 38
4743 35
4744 42
4745 45
4746 45
4747 37
4748 42
4749 34
4750 36
4751 37
4752 33
4753 52
4754 39
4755 48
4756 49
4757 49
4758 49
4759 33
4760 47
4761 48
4762 39
4763 44
4764 38
4765 41
4766 41
4767 43
4768 45
4769 51
4770 33
4771 54
4772 38
4773 38
4774 39
4775 49
4776 35
4777 43
4778 31
4779 46
4780 35
4781 37
4782 49
4783 48
4784 33
4785 40
4786 33
4787 30
4788 33
4789 39
4790 40
4791 42
4792 34
4793 39
4794 35
4795 30
4796 33
4797 48
4798 37
4799 39
4800 43
4801 32
4802 45
4803 35
4804 48
4805 41
4806 42
4807 35
4808 47
4809 30
4810 52
4811 49
4812 53
4813 34
4814 40
4815 26
4816 40
4817 41
4818 37
4819 38
4820 40
4821 27
4822 29
4823 34
4824 52
4825 37
4826 34
4827 37
4828 39
4829 42
4830 28
4831 41
4832 39
4833 41
4834 37
4835 32
4836 37
4837 35
4838 46
4839 41
4840 44
4841 33
4842 38
4843 42
4844 44
4845 40
4846 56
4847 48
4848 44
4849 47
4850 33
4851 40
4852 35
4853 37
4854 36
4855 38
4856 36
4857 31
4858 33
4859 38
4860 43
4861 31
4862 36
4863 43
4864 47
4865 46
4866 40
4867 39
4868 42
4869 33
4870 37
4871 43
4872 41
4873 35
4874 41
4875 33
4876 41
4877 33
4878 53
4879 33
4880 34
4881 31
4882 43
4883 35
4884 41
4885 34
4886 44
4887 39
4888 39
4889 42
4890 34
4891 46
4892 36
4893 34
4894 42
4895 31
4896 48
4897 34
4898 33
4899 37
4900 31
4901 33
4902 34
4903 53
4904 38
4905 39
4906 34
4907 37
4908 37
4909 27
4910 38
4911 31
4912 38
4913 35
4914 48
4915 43
4916 44
4917 30
4918 37
4919 34
4920 38
4921 39
4922 39
4923 32
4924 45
4925 42
4926 43
4927 41
4928 36
4929 39
4930 34
4931 47
4932 46
4933 49
4934 33
4935 46
4936 25
4937 39
4938 43
4939 38
4940 47
4941 33
4942 43
4943 29
4944 43
4945 37
4946 47
4947 31
4948 38
4949 46
4950 45
4951 38
4952 44
4953 42
4954 40
4955 47
4956 24
4957 36
4958 37
4959 39
4960 43
4961 37
4962 39
4963 52
4964 41
4965 45
4966 28
4967 25
4968 43
4969 35
4970 35
4971 35
4972 30
4973 39
4974 49
4975 47
4976 40
4977 41
4978 45
4979 41
4980 40
4981 35
4982 23
4983 47
4984 39
4985 47
4986 37
4987 36
4988 32
4989 30
4990 28
4991 39
4992 40
4993 37
4994 41
4995 38
4996 43
4997 42
4998 33
4999 37
5000 47
5001 48
5002 36
5003 32
5004 38
5005 39
5006 34
5007 40
5008 38
5009 46
5010 36
5011 45
5012 33
5013 41
5014 45
5015 39
5016 39
5017 43
5018 44
5019 39
5020 45
5021 36
5022 37
5023 40
5024 50
5025 50
5026 41
5027 40
5028 41
5029 38
5030 45
5031 38
5032 40
5033 29
5034 44
5035 34
5036 35
5037 39
5038 37
5039 49
5040 41
5041 45
5042 40
5043 33
5044 49
5045 36
5046 45
5047 48
5048 33
5049 40
5050 35
5051 40
5052 44
5053 41
5054 35
5055 41
5056 44
5057 32
5058 35
5059 37
5060 32
5061 51
5062 43
5063 39
5064 35
5065 42
5066 40
5067 46
5068 42
5069 40
5070 46
5071 37
5072 37
5073 30
5074 32
5075 52
5076 39
5077 34
5078 48
5079 33
5080 21
5081 35
5082 36
5083 40
5084 26
5085 46
5086 51
5087 29
5088 34
5089 38
5090 45
5091 43
5092 34
5093 41
5094 34
5095 30
5096 38
5097 38
5098 47
5099 44
5100 40
5101 48
5102 46
5103 37
5104 35
5105 28
5106 45
5107 39
5108 45
5109 38
5110 37
5111 39
5112 40
5113 43
5114 41
5115 36
5116 40
5117 45
5118 31
5119 36
5120 39
5121 45
5122 40
5123 44
5124 38
5125 38
5126 36
5127 37
5128 39
5129 54
5130 39
5131 41
5132 41
5133 40
5134 51
5135 46
5136 49
5137 28
5138 44
5139 38
5140 47
5141 36
5142 46
5143 35
5144 31
5145 41
5146 55
5147 39
5148 38
5149 40
5150 39
5151 47
5152 35
5153 38
5154 52
5155 34
5156 43
5157 42
5158 38
5159 34
5160 43
5161 39
5162 33
5163 41
5164 38
5165 35
5166 37
5167 30
5168 44
5169 42
5170 43
5171 31
5172 39
5173 46
5174 43
5175 32
5176 36
5177 43
5178 33
5179 42
5180 38
5181 40
5182 46
5183 35
5184 29
5185 45
5186 35
5187 37
5188 46
5189 40
5190 37
5191 34
5192 40
5193 38
5194 38
5195 45
5196 44
5197 45
5198 43
5199 52
5200 62
5201 41
5202 35
5203 40
5204 32
5205 40
5206 32
5207 48
5208 52
5209 44
5210 41
5211 42
5212 44
5213 45
5214 39
5215 39
5216 44
5217 27
5218 38
5219 25
5220 36
5221 47
5222 37
5223 43
5224 30
5225 42
5226 40
5227 36
5228 52
5229 35
5230 43
5231 39
5232 45
5233 36
5234 36
5235 37
5236 32
5237 47
5238 36
5239 27
5240 49
5241 44
5242 42
5243 43
5244 40
5245 56
5246 48
5247 33
5248 41
5249 44
5250 53
5251 54
5252 33
5253 39
5254 35
5255 34
5256 48
5257 37
5258 44
5259 35
5260 36
5261 43
5262 41
5263 29
5264 31
5265 45
5266 46
5267 42
5268 35
5269 32
5270 40
5271 41
5272 39
5273 32
5274 57
5275 46
5276 38
5277 33
5278 54
5279 32
5280 43
5281 39
5282 43
5283 35
5284 42
5285 51
5286 42
5287 40
5288 51
5289 50
5290 59
5291 37
5292 36
5293 36
5294 38
5295 40
5296 35
5297 41
5298 32
5299 41
5300 46
5301 36
5302 54
5303 39
5304 33
5305 40
5306 41
5307 29
5308 42
5309 50
5310 34
5311 32
5312 37
5313 36
5314 32
5315 35
5316 40
5317 46
5318 37
5319 45
5320 32
5321 44
5322 42
5323 36
5324 51
5325 44
5326 33
5327 41
5328 42
5329 33
5330 45
5331 50
5332 51
5333 32
5334 35
5335 53
5336 38
5337 40
5338 34
5339 44
5340 40
5341 39
5342 35
5343 43
5344 38
5345 37
5346 42
5347 43
5348 44
5349 32
5350 49
5351 39
5352 36
5353 36
5354 33
5355 43
5356 41
5357 33
5358 37
5359 34
5360 27
5361 42
5362 31
5363 42
5364 39
5365 33
5366 41
5367 36
5368 38
5369 41
5370 38
5371 41
5372 42
5373 35
5374 41
5375 35
5376 31
5377 34
5378 43
5379 34
5380 45
5381 41
5382 42
5383 37
5384 56
5385 35
5386 44
5387 43
5388 36
5389 39
5390 58
5391 37
5392 42
5393 25
5394 42
5395 39
5396 39
5397 45
5398 37
5399 39
5400 36
5401 45
5402 28
5403 47
5404 35
5405 45
5406 50
5407 43
5408 32
5409 51
5410 39
5411 29
5412 44
5413 45
5414 41
5415 31
5416 39
5417 43
5418 34
5419 28
5420 38
5421 37
5422 39
5423 42
5424 44
5425 47
5426 34
5427 40
5428 32
5429 31
5430 38
5431 42
5432 33
5433 40
5434 48
5435 40
5436 43
5437 48
5438 38
5439 26
5440 40
5441 41
5442 36
5443 41
5444 42
5445 34
5446 43
5447 38
5448 35
5449 58
5450 36
5451 41
5452 31
5453 34
5454 31
5455 34
5456 30
5457 43
5458 36
5459 37
5460 41
5461 40
5462 38
5463 40
5464 42
5465 46
5466 37
5467 41
5468 36
5469 43
5470 51
5471 51
5472 31
5473 37
5474 56
5475 40
5476 42
5477 36
5478 41
5479 35
5480 25
5481 37
5482 44
5483 50
5484 39
5485 47
5486 58
5487 59
5488 47
5489 39
5490 42
5491 32
5492 29
5493 39
5494 35
5495 35
5496 35
5497 41
5498 49
5499 45
5500 45
5501 38
5502 49
5503 45
5504 36
5505 34
5506 50
5507 42
5508 43
5509 34
5510 51
5511 41
5512 36
5513 41
5514 33
5515 37
5516 38
5517 51
5518 49
5519 45
5520 38
5521 40
5522 46
5523 34
5524 39
5525 34
5526 47
5527 41
5528 45
5529 47
5530 31
5531 50
5532 29
5533 37
5534 43
5535 41
5536 57
5537 34
5538 47
5539 39
5540 48
5541 38
5542 34
5543 36
5544 42
5545 32
5546 40
5547 42
5548 39
5549 50
5550 36
5551 47
5552 35
5553 30
5554 35
5555 41
5556 42
5557 38
5558 43
5559 50
5560 41
5561 37
5562 40
5563 48
5564 34
5565 44
5566 47
5567 28
5568 33
5569 25
5570 42
5571 44
5572 49
5573 37
5574 56
5575 42
5576 41
5577 30
5578 47
5579 40
5580 41
5581 41
5582 44
5583 36
5584 44
5585 45
5586 40
5587 55
5588 37
5589 46
5590 51
5591 37
5592 50
5593 35
5594 33
5595 52
5596 38
5597 43
5598 48
5599 41
5600 39
5601 30
5602 52
5603 43
5604 37
5605 42
5606 40
5607 50
5608 47
5609 43
5610 44
5611 45
5612 46
5613 37
5614 46
5615 35
5616 38
5617 26
5618 39
5619 39
5620 40
5621 33
5622 36
5623 52
5624 47
5625 42
5626 44
5627 40
5628 47
5629 36
5630 44
5631 37
5632 38
5633 41
5634 49
5635 42
5636 38
5637 44
5638 47
5639 32
5640 36
5641 33
5642 40
5643 44
5644 38
5645 40
5646 45
5647 36
5648 44
5649 45
5650 48
5651 39
5652 51
5653 40
5654 40
5655 44
5656 43
5657 43
5658 32
5659 30
5660 42
5661 38
5662 41
5663 47
5664 36
5665 38
5666 44
5667 48
5668 41
5669 37
5670 42
5671 39
5672 38
5673 39
5674 40
5675 35
5676 40
5677 43
5678 31
5679 48
5680 27
5681 62
5682 41
5683 32
5684 42
5685 56
5686 55
5687 43
5688 53
5689 52
5690 26
5691 29
5692 35
5693 48
5694 39
5695 40
5696 41
5697 30
5698 35
5699 38
5700 49
5701 48
5702 53
5703 50
5704 37
5705 36
5706 34
5707 28
5708 34
5709 43
5710 40
5711 44
5712 46
5713 43
5714 44
5715 52
5716 35
5717 41
5718 44
5719 43
5720 43
5721 38
5722 43
5723 32
5724 46
5725 54
5726 55
5727 44
5728 48
5729 32
5730 51
5731 45
5732 38
5733 40
5734 27
5735 40
5736 43
5737 46
5738 44
5739 45
5740 53
5741 32
5742 34
5743 32
5744 37
5745 53
5746 31
5747 24
5748 48
5749 40
5750 42
5751 32
5752 39
5753 36
5754 38
5755 38
5756 33
5757 55
5758 48
5759 40
5760 36
5761 39
5762 47
5763 52
5764 27
5765 44
5766 39
5767 33
5768 31
5769 39
5770 41
5771 41
5772 32
5773 45
5774 52
5775 46
5776 34
5777 40
5778 43
5779 47
5780 39
5781 49
5782 43
5783 47
5784 43
5785 50
5786 47
5787 39
5788 34
5789 47
5790 50
5791 37
5792 47
5793 55
5794 25
5795 52
5796 37
5797 45
5798 46
5799 48
5800 41
5801 50
5802 39
5803 39
5804 43
5805 48
5806 46
5807 36
5808 38
5809 46
5810 37
5811 51
5812 36
5813 47
5814 42
5815 45
5816 34
5817 47
5818 38
5819 37
5820 43
5821 38
5822 41
5823 32
5824 43
5825 34
5826 43
5827 43
5828 40
5829 44
5830 41
5831 32
5832 50
5833 48
5834 40
5835 50
5836 50
5837 52
5838 47
5839 50
5840 35
5841 43
5842 36
5843 36
5844 30
5845 32
5846 54
5847 37
5848 50
5849 48
5850 39
5851 40
5852 42
5853 32
5854 32
5855 43
5856 38
5857 48
5858 38
5859 39
5860 42
5861 33
5862 43
5863 39
5864 37
5865 45
5866 42
5867 49
5868 36
5869 46
5870 38
5871 42
5872 35
5873 49
5874 45
5875 43
5876 29
5877 55
5878 41
5879 39
5880 49
5881 35
5882 53
5883 40
5884 41
5885 45
5886 39
5887 42
5888 35
5889 37
5890 48
5891 53
5892 38
5893 35
5894 43
5895 41
5896 40
5897 42
5898 49
5899 39
5900 29
5901 29
5902 38
5903 35
5904 40
5905 56
5906 39
5907 29
5908 49
5909 40
5910 40
5911 45
5912 47
5913 30
5914 39
5915 46
5916 47
5917 40
5918 34
5919 33
5920 34
5921 58
5922 31
5923 47
5924 43
5925 43
5926 39
5927 52
5928 35
5929 52
5930 31
5931 50
5932 44
5933 37
5934 37
5935 49
5936 50
5937 34
5938 37
5939 39
5940 60
5941 37
5942 47
5943 52
5944 30
5945 43
5946 39
5947 32
5948 45
5949 38
5950 33
5951 36
5952 45
5953 50
5954 47
5955 52
5956 37
5957 42
5958 45
5959 35
5960 46
5961 27
5962 30
5963 45
5964 51
5965 40
5966 50
5967 39
5968 38
5969 36
5970 41
5971 41
5972 32
5973 36
5974 42
5975 46
5976 43
5977 46
5978 27
5979 31
5980 39
5981 46
5982 36
5983 46
5984 48
5985 43
5986 48
5987 59
5988 35
5989 49
5990 50
5991 42
5992 46
5993 39
5994 47
5995 40
5996 42
5997 42
5998 43
5999 36
6000 50
6001 43
6002 41
6003 35
6004 38
6005 36
6006 48
6007 47
6008 46
6009 46
6010 44
6011 36
6012 39
6013 40
6014 46
6015 39
6016 40
6017 41
6018 50
6019 41
6020 41
6021 38
6022 36
6023 38
6024 45
6025 36
6026 34
6027 34
6028 41
6029 47
6030 51
6031 53
6032 28
6033 47
6034 47
6035 42
6036 40
6037 30
6038 37
6039 36
6040 51
6041 44
6042 36
6043 45
6044 31
6045 39
6046 36
6047 29
6048 36
6049 43
6050 46
6051 49
6052 40
6053 42
6054 44
6055 42
6056 33
6057 30
6058 36
6059 39
6060 49
6061 41
6062 47
6063 41
6064 37
6065 43
6066 39
6067 34
6068 53
6069 36
6070 40
6071 42
6072 50
6073 51
6074 37
6075 58
6076 46
6077 58
6078 37
6079 45
6080 42
6081 49
6082 40
6083 36
6084 50
6085 37
6086 46
6087 39
6088 33
6089 44
6090 52
6091 31
6092 42
6093 41
6094 44
6095 49
6096 46
6097 34
6098 34
6099 48
6100 32
6101 42
6102 41
6103 44
6104 32
6105 48
6106 40
6107 33
6108 38
6109 41
6110 46
6111 37
6112 36
6113 44
6114 49
6115 39
6116 43
6117 57
6118 44
6119 43
6120 44
6121 37
6122 54
6123 48
6124 41
6125 34
6126 43
6127 36
6128 36
6129 45
6130 50
6131 48
6132 42
6133 42
6134 42
6135 43
6136 45
6137 44
6138 39
6139 27
6140 30
6141 39
6142 46
6143 51
6144 58
6145 38
6146 30
6147 31
6148 33
6149 34
6150 47
6151 45
6152 43
6153 45
6154 51
6155 35
6156 47
6157 51
6158 30
6159 59
6160 57
6161 33
6162 39
6163 41
6164 49
6165 42
6166 36
6167 39
6168 30
6169 38
6170 44
6171 36
6172 38
6173 33
6174 42
6175 49
6176 48
6177 42
6178 41
6179 36
6180 39
6181 34
6182 40
6183 39
6184 38
6185 46
6186 47
6187 44
6188 33
6189 34
6190 37
6191 40
6192 46
6193 41
6194 52
6195 42
6196 42
6197 42
6198 47
6199 56
6200 46
6201 36
6202 59
6203 48
6204 41
6205 38
6206 47
6207 46
6208 41
6209 36
6210 35
6211 44
6212 50
6213 40
6214 48
6215 57
6216 41
6217 42
6218 48
6219 39
6220 35
6221 36
6222 45
6223 40
6224 57
6225 39
6226 39
6227 40
6228 49
6229 63
6230 49
6231 41
6232 43
6233 41
6234 39
6235 48
6236 54
6237 50
6238 42
6239 40
6240 59
6241 42
6242 40
6243 46
6244 43
6245 32
6246 35
6247 32
6248 44
6249 46
6250 36
6251 47
6252 56
6253 34
6254 45
6255 34
6256 40
6257 45
6258 40
6259 46
6260 42
6261 50
6262 44
6263 50
6264 38
6265 49
6266 26
6267 36
6268 43
6269 46
6270 40
6271 36
6272 44
6273 52
6274 40
6275 37
6276 41
6277 54
6278 44
6279 46
6280 45
6281 43
6282 40
6283 40
6284 53
6285 52
6286 43
6287 50
6288 34
6289 42
6290 52
6291 54
6292 43
6293 50
6294 39
6295 41
6296 45
6297 45
6298 45
6299 46
6300 45
6301 37
6302 50
6303 45
6304 37
6305 38
6306 50
6307 42
6308 55
6309 45
6310 44
6311 36
6312 38
6313 52
6314 53
6315 34
6316 57
6317 47
6318 40
6319 40
6320 45
6321 37
6322 48
6323 40
6324 47
6325 39
6326 47
6327 49
6328 39
6329 47
6330 36
6331 45
6332 41
6333 37
6334 48
6335 48
6336 58
6337 41
6338 50
6339 38
6340 37
6341 32
6342 55
6343 48
6344 45
6345 60
6346 41
6347 47
6348 52
6349 51
6350 32
6351 38
6352 46
6353 54
6354 41
6355 40
6356 50
6357 44
6358 43
6359 39
6360 46
6361 50
6362 50
6363 37
6364 48
6365 49
6366 39
6367 37
6368 42
6369 34
6370 46
6371 47
6372 39
6373 48
6374 46
6375 52
6376 43
6377 56
6378 30
6379 45
6380 43
6381 46
6382 31
6383 36
6384 38
6385 40
6386 44
6387 45
6388 34
6389 40
6390 35
6391 52
6392 45
6393 32
6394 52
6395 31
6396 49
6397 45
6398 45
6399 52
6400 40
6401 41
6402 53
6403 27
6404 45
6405 46
6406 36
6407 41
6408 42
6409 50
6410 34
6411 48
6412 50
6413 50
6414 48
6415 45
6416 53
6417 39
6418 46
6419 46
6420 50
6421 40
6422 48
6423 54
6424 50
6425 42
6426 39
6427 56
6428 45
6429 49
6430 47
6431 42
6432 40
6433 41
6434 44
6435 60
6436 57
6437 35
6438 34
6439 40
6440 46
6441 59
6442 49
6443 41
6444 57
6445 52
6446 41
6447 52
6448 51
6449 54
6450 44
6451 36
6452 41
6453 53
6454 36
6455 53
6456 43
6457 47
6458 33
6459 36
6460 31
6461 42
6462 32
6463 44
6464 56
6465 34
6466 45
6467 48
6468 42
6469 46
6470 53
6471 46
6472 36
6473 49
6474 38
6475 37
6476 38
6477 46
6478 48
6479 41
6480 36
6481 43
6482 52
6483 56
6484 51
6485 44
6486 48
6487 38
6488 46
6489 54
6490 49
6491 51
6492 50
6493 48
6494 45
6495 43
6496 36
6497 42
6498 43
6499 43
6500 37
6501 65
6502 53
6503 45
6504 44
6505 48
6506 45
6507 49
6508 33
6509 47
6510 45
6511 52
6512 42
6513 34
6514 33
6515 54
6516 52
6517 46
6518 53
6519 48
6520 50
6521 40
6522 46
6523 54
6524 39
6525 41
6526 37
6527 39
6528 51
6529 34
6530 42
6531 39
6532 49
6533 48
6534 48
6535 62
6536 40
6537 36
6538 56
6539 61
6540 38
6541 42
6542 33
6543 40
6544 59
6545 49
6546 54
6547 66
6548 48
6549 34
6550 42
6551 45
6552 39
6553 58
6554 43
6555 54
6556 43
6557 41
6558 44
6559 32
6560 44
6561 42
6562 52
6563 49
6564 62
6565 43
6566 42
6567 32
6568 39
6569 62
6570 45
6571 46
6572 58
6573 59
6574 40
6575 38
6576 50
6577 45
6578 44
6579 46
6580 39
6581 52
6582 51
6583 44
6584 38
6585 46
6586 48
6587 42
6588 39
6589 36
6590 44
6591 52
6592 55
6593 48
6594 51
6595 48
6596 42
6597 46
6598 49
6599 42
6600 49
6601 50
6602 38
6603 51
6604 46
6605 43
6606 56
6607 44
6608 42
6609 56
6610 49
6611 66
6612 48
6613 39
6614 36
6615 54
6616 47
6617 36
6618 41
6619 41
6620 40
6621 40
6622 41
6623 39
6624 46
6625 39
6626 40
6627 44
6628 46
6629 44
6630 59
6631 45
6632 52
6633 38
6634 57
6635 35
6636 56
6637 47
6638 46
6639 58
6640 46
6641 50
6642 50
6643 43
6644 50
6645 48
6646 53
6647 47
6648 46
6649 42
6650 35
6651 53
6652 59
6653 49
6654 45
6655 53
6656 41
6657 51
6658 41
6659 44
6660 64
6661 43
6662 59
6663 49
6664 40
6665 42
6666 42
6667 53
6668 50
6669 51
6670 36
6671 49
6672 55
6673 49
6674 59
6675 42
6676 36
6677 47
6678 47
6679 46
6680 35
6681 40
6682 38
6683 45
6684 35
6685 50
6686 48
6687 53
6688 40
6689 38
6690 42
6691 41
6692 53
6693 43
6694 46
6695 42
6696 55
6697 51
6698 51
6699 49
6700 40
6701 52
6702 35
6703 46
6704 44
6705 54
6706 35
6707 52
6708 39
6709 43
6710 37
6711 40
6712 40
6713 37
6714 40
6715 56
6716 54
6717 45
6718 49
6719 41
6720 37
6721 34
6722 56
6723 57
6724 58
6725 46
6726 46
6727 45
6728 44
6729 49
6730 43
6731 41
6732 38
6733 70
6734 39
6735 42
6736 60
6737 46
6738 40
6739 39
6740 43
6741 52
6742 48
6743 45
6744 45
6745 49
6746 34
6747 58
6748 44
6749 51
6750 50
6751 50
6752 58
6753 45
6754 52
6755 47
6756 59
6757 43
6758 36
6759 38
6760 45
6761 42
6762 49
6763 54
6764 47
6765 56
6766 56
6767 41
6768 45
6769 45
6770 43
6771 37
6772 45
6773 36
6774 48
6775 43
6776 30
6777 47
6778 50
6779 51
6780 44
6781 49
6782 42
6783 44
6784 48
6785 47
6786 45
6787 25
6788 45
6789 43
6790 36
6791 53
6792 42
6793 42
6794 44
6795 43
6796 40
6797 34
6798 52
6799 44
6800 60
6801 51
6802 48
6803 51
6804 47
6805 53
6806 32
6807 50
6808 44
6809 53
6810 33
6811 44
6812 52
6813 58
6814 47
6815 53
6816 50
6817 45
6818 48
6819 55
6820 51
6821 45
6822 52
6823 50
6824 42
6825 41
6826 44
6827 49
6828 35
6829 52
6830 44
6831 44
6832 52
6833 53
6834 44
6835 47
6836 43
6837 42
6838 36
6839 44
6840 54
6841 47
6842 57
6843 33
6844 52
6845 47
6846 40
6847 52
6848 51
6849 47
6850 51
6851 42
6852 34
6853 48
6854 50
6855 51
6856 49
6857 51
6858 49
6859 53
6860 39
6861 48
6862 50
6863 53
6864 48
6865 36
6866 44
6867 46
6868 38
6869 50
6870 55
6871 48
6872 50
6873 53
6874 60
6875 52
6876 51
6877 43
6878 49
6879 35
6880 57
6881 53
6882 47
6883 44
6884 41
6885 48
6886 40
6887 52
6888 46
6889 52
6890 59
6891 48
6892 54
6893 63
6894 60
6895 41
6896 41
6897 49
6898 61
6899 50
6900 43
6901 42
6902 35
6903 53
6904 46
6905 54
6906 43
6907 41
6908 56
6909 40
6910 47
6911 42
6912 52
6913 46
6914 44
6915 50
6916 46
6917 49
6918 63
6919 46
6920 52
6921 39
6922 57
6923 53
6924 38
6925 43
6926 48
6927 42
6928 50
6929 45
6930 62
6931 49
6932 43
6933 44
6934 58
6935 42
6936 43
6937 57
6938 47
6939 56
6940 44
6941 37
6942 59
6943 41
6944 53
6945 41
6946 56
6947 43
6948 41
6949 54
6950 61
6951 41
6952 43
6953 51
6954 41
6955 55
6956 53
6957 60
6958 42
6959 46
6960 49
6961 43
6962 30
6963 43
6964 41
6965 48
6966 46
6967 47
6968 42
6969 30
6970 38
6971 45
6972 62
6973 47
6974 44
6975 52
6976 55
6977 51
6978 48
6979 54
6980 48
6981 54
6982 56
6983 42
6984 55
6985 47
6986 59
6987 51
6988 40
6989 64
6990 57
6991 63
6992 53
6993 49
6994 47
6995 52
6996 45
6997 55
6998 44
6999 49
7000 48
7001 54
7002 52
7003 55
7004 53
7005 52
7006 56
7007 51
7008 45
7009 46
7010 62
7011 62
7012 47
7013 59
7014 39
7015 46
7016 45
7017 44
7018 38
7019 60
7020 55
7021 69
7022 45
7023 66
7024 49
7025 44
7026 51
7027 60
7028 37
7029 39
7030 47
7031 49
7032 54
7033 61
7034 66
7035 51
7036 52
7037 51
7038 44
7039 63
7040 52
7041 53
7042 44
7043 56
7044 42
7045 45
7046 43
7047 56
7048 47
7049 63
7050 56
7051 50
7052 58
7053 60
7054 57
7055 56
7056 55
7057 38
7058 52
7059 72
7060 56
7061 60
7062 44
7063 55
7064 69
7065 40
7066 46
7067 62
7068 50
7069 48
7070 36
7071 59
7072 46
7073 50
7074 55
7075 45
7076 54
7077 60
7078 47
7079 49
7080 50
7081 52
7082 51
7083 53
7084 48
7085 42
7086 51
7087 53
7088 64
7089 50
7090 55
7091 61
7092 54
7093 50
7094 50
7095 59
7096 56
7097 42
7098 52
7099 51
7100 61
7101 53
7102 56
7103 60
7104 47
7105 50
7106 51
7107 51
7108 45
7109 51
7110 56
7111 50
7112 40
7113 43
7114 51
7115 60
7116 46
7117 45
7118 59
7119 58
7120 57
7121 55
7122 56
7123 46
7124 46
7125 43
7126 53
7127 54
7128 51
7129 41
7130 60
7131 44
7132 56
7133 49
7134 54
7135 47
7136 52
7137 43
7138 57
7139 57
7140 42
7141 53
7142 40
7143 50
7144 51
7145 41
7146 49
7147 47
7148 54
7149 44
7150 59
7151 62
7152 65
7153 51
7154 51
7155 56
7156 55
7157 44
7158 73
7159 46
7160 58
7161 49
7162 58
7163 58
7164 55
7165 44
7166 56
7167 56
7168 50
7169 65
7170 43
7171 43
7172 43
7173 54
7174 45
7175 66
7176 60
7177 47
7178 55
7179 48
7180 56
7181 47
7182 38
7183 56
7184 61
7185 49
7186 44
7187 45
7188 52
7189 56
7190 50
7191 44
7192 43
7193 54
7194 70
7195 70
7196 64
7197 49
7198 52
7199 46
7200 61
7201 57
7202 64
7203 55
7204 44
7205 40
7206 52
7207 46
7208 45
7209 83
7210 36
7211 48
7212 49
7213 50
7214 49
7215 54
7216 49
7217 53
7218 38
7219 60
7220 61
7221 47
7222 43
7223 43
7224 51
7225 51
7226 42
7227 50
7228 61
7229 51
7230 56
7231 48
7232 61
7233 71
7234 52
7235 60
7236 43
7237 53
7238 51
7239 45
7240 40
7241 51
7242 48
7243 46
7244 44
7245 58
7246 57
7247 55
7248 40
7249 53
7250 53
7251 54
7252 59
7253 33
7254 69
7255 44
7256 49
7257 49
7258 42
7259 51
7260 49
7261 42
7262 45
7263 57
7264 48
7265 63
7266 49
7267 46
7268 68
7269 58
7270 58
7271 44
7272 42
7273 52
7274 43
7275 48
7276 61
7277 47
7278 48
7279 47
7280 60
7281 52
7282 47
7283 48
7284 68
7285 69
7286 62
7287 68
7288 49
7289 48
7290 57
7291 52
7292 42
7293 57
7294 49
7295 45
7296 57
7297 46
7298 47
7299 61
7300 58
7301 55
7302 41
7303 61
7304 51
7305 53
7306 55
7307 51
7308 51
7309 53
7310 60
7311 60
7312 60
7313 60
7314 55
7315 61
7316 58
7317 58
7318 59
7319 37
7320 55
7321 63
7322 59
7323 50
7324 46
7325 63
7326 47
7327 51
7328 52
7329 51
7330 51
7331 61
7332 48
7333 57
7334 51
7335 44
7336 40
7337 62
7338 57
7339 46
7340 59
7341 54
7342 41
7343 43
7344 42
7345 55
7346 76
7347 47
7348 51
7349 55
7350 46
7351 43
7352 57
7353 48
7354 45
7355 49
7356 55
7357 53
7358 52
7359 51
7360 66
7361 53
7362 48
7363 60
7364 49
7365 43
7366 56
7367 51
7368 45
7369 47
7370 48
7371 56
7372 59
7373 40
7374 51
7375 55
7376 51
7377 53
7378 48
7379 40
7380 62
7381 43
7382 53
7383 42
7384 44
7385 60
7386 48
7387 58
7388 57
7389 50
7390 49
7391 46
7392 54
7393 58
7394 59
7395 50
7396 45
7397 61
7398 53
7399 41
7400 49
7401 48
7402 41
7403 52
7404 43
7405 59
7406 70
7407 49
7408 49
7409 45
7410 55
7411 56
7412 57
7413 44
7414 51
7415 56
7416 48
7417 49
7418 52
7419 58
7420 54
7421 55
7422 43
7423 56
7424 51
7425 52
7426 55
7427 58
7428 57
7429 52
7430 55
7431 51
7432 41
7433 62
7434 53
7435 57
7436 47
7437 49
7438 57
7439 72
7440 67
7441 41
7442 64
7443 55
7444 54
7445 49
7446 44
7447 72
7448 44
7449 44
7450 65
7451 52
7452 56
7453 55
7454 35
7455 49
7456 53
7457 64
7458 54
7459 44
7460 66
7461 57
7462 67
7463 47
7464 62
7465 45
7466 43
7467 61
7468 61
7469 55
7470 61
7471 64
7472 45
7473 46
7474 47
7475 50
7476 42
7477 60
7478 48
7479 58
7480 51
7481 51
7482 48
7483 54
7484 62
7485 49
7486 54
7487 56
7488 70
7489 49
7490 67
7491 56
7492 48
7493 47
7494 53
7495 56
7496 47
7497 48
7498 47
7499 51
7500 44
7501 57
7502 52
7503 47
7504 57
7505 40
7506 50
7507 49
7508 62
7509 52
7510 57
7511 43
7512 52
7513 63
7514 62
7515 53
7516 49
7517 56
7518 56
7519 59
7520 57
7521 58
7522 56
7523 57
7524 54
7525 42
7526 49
7527 48
7528 57
7529 52
7530 62
7531 56
7532 55
7533 43
7534 32
7535 40
7536 46
7537 54
7538 56
7539 42
7540 58
7541 45
7542 43
7543 43
7544 46
7545 59
7546 56
7547 58
7548 71
7549 43
7550 40
7551 51
7552 45
7553 61
7554 48
7555 62
7556 47
7557 53
7558 43
7559 46
7560 55
7561 51
7562 42
7563 61
7564 39
7565 54
7566 54
7567 48
7568 46
7569 47
7570 49
7571 49
7572 44
7573 51
7574 39
7575 46
7576 51
7577 48
7578 57
7579 44
7580 44
7581 58
7582 62
7583 45
7584 43
7585 45
7586 42
7587 43
7588 40
7589 51
7590 59
7591 49
7592 41
7593 57
7594 49
7595 54
7596 42
7597 37
7598 59
7599 40
7600 55
7601 47
7602 61
7603 39
7604 75
7605 53
7606 65
7607 38
7608 53
7609 52
7610 57
7611 46
7612 38
7613 50
7614 54
7615 63
7616 46
7617 42
7618 53
7619 52
7620 42
7621 55
7622 54
7623 45
7624 47
7625 58
7626 46
7627 56
7628 46
7629 36
7630 54
7631 44
7632 47
7633 52
7634 59
7635 48
7636 45
7637 49
7638 46
7639 46
7640 48
7641 47
7642 33
7643 55
7644 44
7645 47
7646 52
7647 44
7648 66
7649 48
7650 44
7651 49
7652 50
7653 42
7654 49
7655 44
7656 48
7657 43
7658 51
7659 47
7660 48
7661 52
7662 49
7663 39
7664 57
7665 47
7666 54
7667 48
7668 48
7669 49
7670 59
7671 52
7672 37
7673 56
7674 58
7675 50
7676 38
7677 33
7678 42
7679 51
7680 55
7681 54
7682 42
7683 44
7684 56
7685 52
7686 43
7687 53
7688 49
7689 47
7690 54
7691 57
7692 63
7693 36
7694 48
7695 37
7696 60
7697 40
7698 46
7699 47
7700 58
7701 41
7702 48
7703 42
7704 42
7705 53
7706 45
7707 59
7708 41
7709 56
7710 40
7711 43
7712 52
7713 39
7714 47
7715 49
7716 42
7717 44
7718 47
7719 43
7720 42
7721 52
7722 49
7723 53
7724 45
7725 45
7726 39
7727 39
7728 67
7729 54
7730 59
7731 44
7732 48
7733 54
7734 64
7735 48
7736 47
7737 46
7738 38
7739 43
7740 52
7741 48
7742 45
7743 50
7744 58
7745 51
7746 44
7747 45
7748 51
7749 49
7750 55
7751 45
7752 35
7753 34
7754 52
7755 52
7756 37
7757 53
7758 50
7759 49
7760 50
7761 46
7762 31
7763 52
7764 46
7765 46
7766 48
7767 54
7768 36
7769 49
7770 35
7771 53
7772 52
7773 53
7774 50
7775 41
7776 51
7777 46
7778 34
7779 52
7780 47
7781 55
7782 47
7783 28
7784 48
7785 47
7786 61
7787 32
7788 43
7789 48
7790 49
7791 44
7792 36
7793 42
7794 53
7795 47
7796 55
7797 45
7798 37
7799 47
7800 43
7801 56
7802 34
7803 46
7804 50
7805 43
7806 41
7807 33
7808 46
7809 32
7810 41
7811 40
7812 50
7813 44
7814 48
7815 39
7816 38
7817 44
7818 41
7819 30
7820 53
7821 54
7822 44
7823 45
7824 46
7825 33
7826 34
7827 45
7828 53
7829 48
7830 43
7831 44
7832 45
7833 43
7834 42
7835 42
7836 39
7837 47
7838 39
7839 42
7840 48
7841 56
7842 41
7843 39
7844 46
7845 39
7846 36
7847 47
7848 45
7849 47
7850 37
7851 43
7852 57
7853 40
7854 35
7855 37
7856 45
7857 49
7858 28
7859 38
7860 48
7861 38
7862 57
7863 38
7864 44
7865 36
7866 51
7867 50
7868 41
7869 36
7870 41
7871 40
7872 41
7873 41
7874 45
7875 48
7876 47
7877 41
7878 46
7879 33
7880 41
7881 46
7882 36
7883 40
7884 50
7885 46
7886 43
7887 37
7888 40
7889 45
7890 48
7891 41
7892 42
7893 41
7894 38
7895 43
7896 48
7897 37
7898 37
7899 39
7900 36
7901 30
7902 34
7903 41
7904 54
7905 44
7906 41
7907 27
7908 48
7909 41
7910 52
7911 36
7912 42
7913 44
7914 43
7915 36
7916 47
7917 50
7918 54
7919 40
7920 41
7921 42
7922 37
7923 49
7924 48
7925 32
7926 45
7927 41
7928 38
7929 37
7930 39
7931 51
7932 51
7933 46
7934 36
7935 40
7936 35
7937 45
7938 45
7939 36
7940 32
7941 43
7942 39
7943 39
7944 37
7945 47
7946 35
7947 45
7948 49
7949 40
7950 35
7951 28
7952 38
7953 42
7954 42
7955 53
7956 36
7957 43
7958 35
7959 30
7960 40
7961 41
7962 37
7963 45
7964 46
7965 46
7966 36
7967 39
7968 46
7969 44
7970 48
7971 41
7972 36
7973 38
7974 41
7975 30
7976 38
7977 32
7978 33
7979 42
7980 37
7981 30
7982 45
7983 41
7984 45
7985 41
7986 32
7987 32
7988 42
7989 29
7990 37
7991 31
7992 44
7993 49
7994 39
7995 48
7996 33
7997 47
7998 47
7999 42
8000 47
8001 34
8002 36
8003 37
8004 35
8005 35
8006 47
8007 36
8008 38
8009 39
8010 41
8011 36
8012 32
8013 32
8014 51
8015 38
8016 38
8017 38
8018 42
8019 45
8020 38
8021 32
8022 34
8023 36
8024 37
8025 48
8026 43
8027 53
8028 48
8029 38
8030 34
8031 41
8032 33
8033 46
8034 40
8035 30
8036 34
8037 29
8038 39
8039 35
8040 37
8041 38
8042 43
8043 33
8044 34
8045 33
8046 44
8047 44
8048 41
8049 41
8050 39
8051 46
8052 45
8053 50
8054 35
8055 34
8056 44
8057 40
8058 41
8059 42
8060 38
8061 41
8062 41
8063 37
8064 39
8065 39
8066 44
8067 37
8068 36
8069 32
8070 38
8071 41
8072 44
8073 37
8074 41
8075 27
8076 27
8077 51
8078 41
8079 23
8080 32
8081 47
8082 33
8083 50
8084 41
8085 38
8086 39
8087 33
8088 37
8089 30
8090 55
8091 38
8092 42
8093 41
8094 34
8095 26
8096 33
8097 30
8098 46
8099 30
8100 33
8101 42
8102 44
8103 38
8104 37
8105 48
8106 37
8107 40
8108 32
8109 42
8110 41
8111 37
8112 41
8113 35
8114 39
8115 38
8116 39
8117 31
8118 39
8119 45
8120 36
8121 33
8122 36
8123 34
8124 41
8125 42
8126 34
8127 58
8128 51
8129 48
8130 35
8131 39
8132 36
8133 38
8134 36
8135 36
8136 36
8137 36
8138 28
8139 42
8140 40
8141 42
8142 35
8143 34
8144 32
8145 35
8146 47
8147 34
8148 28
8149 38
8150 40
8151 34
8152 34
8153 35
8154 31
8155 49
8156 33
8157 36
8158 26
8159 35
8160 30
8161 27
8162 34
8163 30
8164 47
8165 42
8166 45
8167 34
8168 35
8169 33
8170 34
8171 30
8172 32
8173 29
8174 47
8175 37
8176 31
8177 40
8178 42
8179 38
8180 32
8181 43
8182 33
8183 32
8184 44
8185 38
8186 30
8187 39
8188 29
8189 37
8190 44
8191 29
8192 45
8193 34
8194 35
8195 29
8196 42
8197 35
8198 39
8199 35
8200 31
8201 30
8202 37
8203 38
8204 39
8205 27
8206 39
8207 35
8208 19
8209 26
8210 29
8211 39
8212 32
8213 33
8214 27
8215 47
8216 34
8217 33
8218 37
8219 32
8220 39
8221 29
8222 29
8223 33
8224 23
8225 41
8226 35
8227 25
8228 33
8229 51
8230 40
8231 44
8232 29
8233 32
8234 36
8235 37
8236 30
8237 38
8238 37
8239 23
8240 38
8241 34
8242 30
8243 38
8244 30
8245 35
8246 33
8247 35
8248 42
8249 30
8250 46
8251 34
8252 35
8253 37
8254 48
8255 44
8256 33
8257 37
8258 38
8259 24
8260 37
8261 32
8262 38
8263 35
8264 30
8265 35
8266 29
8267 33
8268 30
8269 44
8270 27
8271 39
8272 35
8273 30
8274 34
8275 29
8276 29
8277 35
8278 28
8279 35
8280 31
8281 39
8282 36
8283 36
8284 34
8285 30
8286 38
8287 36
8288 42
8289 40
8290 38
8291 27
8292 27
8293 27
8294 38
8295 24
8296 43
8297 38
8298 29
8299 36
8300 23
8301 30
8302 39
8303 42
8304 36
8305 24
8306 42
8307 38
8308 27
8309 39
8310 38
8311 37
8312 43
8313 35
8314 43
8315 40
8316 28
8317 43
8318 33
8319 39
8320 29
8321 30
8322 30
8323 36
8324 32
8325 34
8326 31
8327 30
8328 37
8329 47
8330 26
8331 35
8332 28
8333 35
8334 45
8335 26
8336 34
8337 28
8338 31
8339 36
8340 39
8341 38
8342 24
8343 31
8344 26
8345 35
8346 34
8347 34
8348 28
8349 31
8350 35
8351 37
8352 37
8353 31
8354 33
8355 29
8356 40
8357 31
8358 21
8359 38
8360 43
8361 38
8362 33
8363 28
8364 35
8365 35
8366 33
8367 32
8368 34
8369 35
8370 33
8371 40
8372 39
8373 37
8374 29
8375 21
8376 37
8377 32
8378 37
8379 30
8380 47
8381 35
8382 45
8383 33
8384 40
8385 36
8386 27
8387 39
8388 33
8389 34
8390 26
8391 27
8392 30
8393 35
8394 34
8395 33
8396 45
8397 27
8398 32
8399 38
8400 37
8401 42
8402 29
8403 34
8404 37
8405 33
8406 27
8407 35
8408 38
8409 35
8410 33
8411 31
8412 31
8413 39
8414 31
8415 38
8416 33
8417 30
8418 40
8419 24
8420 30
8421 34
8422 28
8423 30
8424 28
8425 35
8426 40
8427 32
8428 35
8429 28
8430 33
8431 34
8432 34
8433 34
8434 26
8435 36
8436 43
8437 28
8438 30
8439 25
8440 37
8441 37
8442 35
8443 34
8444 36
8445 32
8446 31
8447 40
8448 30
8449 23
8450 27
8451 29
8452 29
8453 30
8454 39
8455 34
8456 28
8457 44
8458 33
8459 32
8460 24
8461 28
8462 37
8463 29
8464 30
8465 35
8466 30
8467 37
8468 30
8469 25
8470 21
8471 28
8472 34
8473 32
8474 32
8475 35
8476 23
8477 42
8478 36
8479 29
8480 36
8481 29
8482 30
8483 33
8484 31
8485 33
8486 40
8487 29
8488 31
8489 36
8490 36
8491 28
8492 31
8493 45
8494 45
8495 48
8496 32
8497 36
8498 47
8499 21
8500 24
8501 30
8502 32
8503 22
8504 21
8505 38
8506 28
8507 32
8508 27
8509 39
8510 26
8511 33
8512 36
8513 23
8514 40
8515 30
8516 32
8517 36
8518 24
8519 33
8520 32
8521 32
8522 23
8523 36
8524 30
8525 34
8526 29
8527 30
8528 31
8529 44
8530 29
8531 32
8532 40
8533 30
8534 31
8535 20
8536 37
8537 38
8538 45
8539 43
8540 26
8541 31
8542 39
8543 40
8544 41
8545 26
8546 26
8547 36
8548 32
8549 34
8550 29
8551 23
8552 35
8553 24
8554 33
8555 25
8556 26
8557 27
8558 34
8559 36
8560 32
8561 27
8562 35
8563 30
8564 23
8565 25
8566 34
8567 29
8568 25
8569 37
8570 35
8571 20
8572 18
8573 19
8574 31
8575 26
8576 33
8577 29
8578 32
8579 29
8580 24
8581 32
8582 36
8583 34
8584 36
8585 32
8586 26
8587 30
8588 38
8589 30
8590 34
8591 33
8592 30
8593 37
8594 33
8595 31
8596 36
8597 37
8598 34
8599 29
8600 35
8601 36
8602 36
8603 35
8604 32
8605 34
8606 23
8607 39
8608 34
8609 39
8610 37
8611 30
8612 28
8613 29
8614 34
8615 28
8616 40
8617 42
8618 33
8619 18
8620 30
8621 26
8622 26
8623 36
8624 30
8625 36
8626 47
8627 35
8628 30
8629 20
8630 30
8631 35
8632 25
8633 36
8634 30
8635 45
8636 24
8637 29
8638 26
8639 34
8640 31
8641 32
8642 26
8643 28
8644 30
8645 32
8646 40
8647 27
8648 28
8649 35
8650 19
8651 26
8652 25
8653 39
8654 29
8655 30
8656 42
8657 33
8658 27
8659 28
8660 42
8661 31
8662 37
8663 23
8664 26
8665 23
8666 25
8667 30
8668 31
8669 27
8670 27
8671 33
8672 22
8673 31
8674 35
8675 40
8676 36
8677 21
8678 37
8679 28
8680 28
8681 25
8682 24
8683 27
8684 24
8685 29
8686 33
8687 26
8688 44
8689 29
8690 22
8691 34
8692 33
8693 26
8694 24
8695 21
8696 29
8697 23
8698 34
8699 35
8700 21
8701 15
8702 21
8703 21
8704 22
8705 31
8706 29
8707 26
8708 27
8709 29
8710 37
8711 26
8712 32
8713 32
8714 34
8715 29
8716 29
8717 38
8718 17
8719 25
8720 25
8721 49
8722 23
8723 32
8724 29
8725 30
8726 21
8727 19
8728 32
8729 41
8730 36
8731 35
8732 31
8733 36
8734 36
8735 34
8736 27
8737 27
8738 26
8739 32
8740 27
8741 31
8742 23
8743 29
8744 15
8745 25
8746 36
8747 23
8748 26
8749 30
8750 27
8751 39
8752 28
8753 34
8754 36
8755 33
8756 25
8757 31
8758 29
8759 28
8760 34
8761 29
8762 22
8763 36
8764 48
8765 23
8766 29
8767 32
8768 21
8769 33
8770 30
8771 28
8772 25
8773 21
8774 31
8775 27
8776 27
8777 27
8778 24
8779 28
8780 39
8781 38
8782 32
8783 38
8784 32
8785 31
8786 34
8787 31
8788 29
8789 30
8790 32
8791 31
8792 30
8793 35
8794 37
8795 28
8796 24
8797 34
8798 41
8799 23
8800 28
8801 23
8802 19
8803 34
8804 21
8805 37
8806 30
8807 28
8808 27
8809 33
8810 28
8811 38
8812 18
8813 23
8814 31
8815 31
8816 37
8817 33
8818 26
8819 26
8820 36
8821 30
8822 37
8823 27
8824 25
8825 25
8826 27
8827 38
8828 36
8829 31
8830 22
8831 31
8832 26
8833 25
8834 32
8835 39
8836 20
8837 27
8838 35
8839 24
8840 28
8841 24
8842 32
8843 31
8844 27
8845 30
8846 18
8847 23
8848 38
8849 31
8850 27
8851 26
8852 26
8853 25
8854 23
8855 24
8856 28
8857 27
8858 24
8859 31
8860 31
8861 27
8862 33
8863 18
8864 20
8865 28
8866 27
8867 27
8868 17
8869 31
8870 31
8871 29
8872 18
8873 27
8874 31
8875 23
8876 29
8877 21
8878 30
8879 29
8880 32
8881 26
8882 24
8883 29
8884 30
8885 21
8886 26
8887 23
8888 23
8889 25
8890 29
8891 29
8892 29
8893 26
8894 26
8895 26
8896 34
8897 29
8898 19
8899 22
8900 34
8901 30
8902 31
8903 29
8904 21
8905 37
8906 28
8907 31
8908 25
8909 22
8910 32
8911 21
8912 29
8913 29
8914 31
8915 31
8916 23
8917 26
8918 33
8919 22
8920 33
8921 29
8922 24
8923 16
8924 30
8925 29
8926 25
8927 16
8928 28
8929 19
8930 32
8931 24
8932 28
8933 18
8934 27
8935 22
8936 16
8937 23
8938 28
8939 18
8940 37
8941 30
8942 15
8943 20
8944 46
8945 29
8946 23
8947 28
8948 21
8949 21
8950 28
8951 28
8952 21
8953 12
8954 30
8955 22
8956 17
8957 21
8958 19
8959 22
8960 24
8961 25
8962 30
8963 34
8964 28
8965 24
8966 26
8967 33
8968 23
8969 21
8970 21
8971 34
8972 25
8973 32
8974 23
8975 29
8976 23
8977 24
8978 24
8979 34
8980 20
8981 23
8982 26
8983 39
8984 30
8985 31
8986 31
8987 19
8988 22
8989 26
8990 18
8991 38
8992 26
8993 28
8994 25
8995 29
8996 28
8997 34
8998 25
8999 26
9000 26
9001 27
9002 27
9003 20
9004 35
9005 31
9006 24
9007 25
9008 25
9009 33
9010 37
9011 36
9012 23
9013 26
9014 25
9015 26
9016 19
9017 28
9018 18
9019 35
9020 29
9021 30
9022 24
9023 22
9024 29
9025 24
9026 27
9027 24
9028 15
9029 26
9030 28
9031 17
9032 22
9033 30
9034 38
9035 20
9036 25
9037 28
9038 27
9039 34
9040 24
9041 24
9042 39
9043 29
9044 22
9045 29
9046 33
9047 28
9048 34
9049 30
9050 32
9051 29
9052 26
9053 25
9054 23
9055 26
9056 14
9057 25
9058 31
9059 34
9060 29
9061 41
9062 22
9063 27
9064 32
9065 24
9066 19
9067 29
9068 30
9069 21
9070 22
9071 26
9072 33
9073 34
9074 26
9075 24
9076 28
9077 31
9078 32
9079 26
9080 31
9081 43
9082 30
9083 20
9084 32
9085 28
9086 33
9087 23
9088 24
9089 37
9090 23
9091 35
9092 44
9093 31
9094 30
9095 31
9096 27
9097 35
9098 26
9099 33
9100 35
9101 23
9102 27
9103 37
9104 28
9105 28
9106 24
9107 38
9108 18
9109 26
9110 32
9111 34
9112 27
9113 29
9114 18
9115 29
9116 30
9117 27
9118 34
9119 24
9120 28
9121 31
9122 23
9123 28
9124 24
9125 23
9126 23
9127 30
9128 23
9129 33
9130 26
9131 25
9132 29
9133 36
9134 34
9135 31
9136 30
9137 29
9138 25
9139 23
9140 24
9141 31
9142 29
9143 29
9144 34
9145 39
9146 24
9147 29
9148 34
9149 31
9150 32
9151 29
9152 30
9153 40
9154 37
9155 30
9156 41
9157 40
9158 37
9159 41
9160 29
9161 44
9162 27
9163 35
9164 36
9165 35
9166 33
9167 22
9168 36
9169 33
9170 41
9171 35
9172 27
9173 45
9174 30
9175 35
9176 31
9177 36
9178 38
9179 30
9180 37
9181 45
9182 32
9183 39
9184 34
9185 36
9186 31
9187 35
9188 38
9189 36
9190 32
9191 42
9192 27
9193 43
9194 39
9195 34
9196 43
9197 49
9198 38
9199 34
9200 40
9201 35
9202 34
9203 42
9204 32
9205 37
9206 35
9207 40
9208 32
9209 41
9210 36
9211 41
9212 35
9213 44
9214 25
9215 35
9216 38
9217 35
9218 50
9219 37
9220 32
9221 47
9222 36
9223 35
9224 37
9225 40
9226 36
9227 45
9228 46
9229 41
9230 38
9231 38
9232 33
9233 43
9234 42
9235 45
9236 47
9237 47
9238 34
9239 37
9240 30
9241 36
9242 31
9243 35
9244 43
9245 43
9246 39
9247 53
9248 31
9249 31
9250 46
9251 49
9252 47
9253 68
9254 42
9255 39
9256 47
9257 47
9258 37
9259 42
9260 44
9261 41
9262 50
9263 58
9264 48
9265 47
9266 46
9267 41
9268 39
9269 30
9270 51
9271 46
9272 45
9273 48
9274 46
9275 43
9276 48
9277 43
9278 59
9279 50
9280 47
9281 49
9282 42
9283 28
9284 50
9285 39
9286 30
9287 45
9288 41
9289 45
9290 42
9291 37
9292 58
9293 50
9294 39
9295 62
9296 35
9297 48
9298 50
9299 60
9300 44
9301 49
9302 46
9303 48
9304 38
9305 55
9306 47
9307 47
9308 52
9309 46
9310 44
9311 63
9312 50
9313 39
9314 51
9315 46
9316 41
9317 50
9318 44
9319 56
9320 44
9321 47
9322 65
9323 55
9324 47
9325 41
9326 66
9327 48
9328 50
9329 50
9330 52
9331 50
9332 61
9333 47
9334 61
9335 57
9336 47
9337 57
9338 59
9339 57
9340 42
9341 64
9342 49
9343 57
9344 62
9345 50
9346 65
9347 53
9348 46
9349 50
9350 55
9351 65
9352 49
9353 49
9354 62
9355 48
9356 52
9357 57
9358 67
9359 59
9360 67
9361 68
9362 52
9363 55
9364 66
9365 60
9366 70
9367 51
9368 48
9369 58
9370 58
9371 61
9372 54
9373 55
9374 69
9375 58
9376 51
9377 43
9378 71
9379 55
9380 61
9381 62
9382 53
9383 72
9384 66
9385 60
9386 68
9387 65
9388 50
9389 63
9390 59
9391 74
9392 48
9393 64
9394 51
9395 63
9396 60
9397 70
9398 61
9399 51
9400 56
9401 71
9402 59
9403 76
9404 66
9405 68
9406 55
9407 63
9408 64
9409 67
9410 69
9411 70
9412 63
9413 62
9414 62
9415 70
9416 68
9417 74
9418 55
9419 75
9420 61
9421 62
9422 70
9423 58
9424 75
9425 66
9426 81
9427 79
9428 69
9429 63
9430 89
9431 71
9432 72
9433 65
9434 81
9435 71
9436 80
9437 78
9438 77
9439 79
9440 68
9441 73
9442 78
9443 64
9444 64
9445 76
9446 63
9447 77
9448 71
9449 62
9450 72
9451 53
9452 65
9453 79
9454 83
9455 79
9456 73
9457 87
9458 59
9459 73
9460 74
9461 70
9462 89
9463 75
9464 73
9465 79
9466 82
9467 74
9468 68
9469 76
9470 51
9471 78
9472 79
9473 72
9474 88
9475 75
9476 80
9477 91
9478 81
9479 65
9480 80
9481 75
9482 74
9483 88
9484 72
9485 73
9486 90
9487 82
9488 66
9489 83
9490 67
9491 70
9492 79
9493 90
9494 57
9495 89
9496 57
9497 71
9498 87
9499 73
9500 77
9501 87
9502 79
9503 82
9504 80
9505 67
9506 68
9507 68
9508 81
9509 92
9510 82
9511 90
9512 61
9513 78
9514 85
9515 69
9516 91
9517 85
9518 88
9519 72
9520 99
9521 85
9522 78
9523 114
9524 69
9525 91
9526 93
9527 85
9528 99
9529 93
9530 77
9531 86
9532 97
9533 75
9534 76
9535 89
9536 82
9537 82
9538 81
9539 87
9540 79
9541 76
9542 104
9543 86
9544 78
9545 95
9546 82
9547 81
9548 75
9549 75
9550 80
9551 94
9552 78
9553 95
9554 73
9555 83
9556 90
9557 90
9558 79
9559 97
9560 93
9561 111
9562 105
9563 97
9564 93
9565 81
9566 89
9567 81
9568 89
9569 96
9570 87
9571 83
9572 101
9573 104
9574 88
9575 93
9576 93
9577 73
9578 95
9579 109
9580 88
9581 82
9582 104
9583 104
9584 80
9585 99
9586 107
9587 78
9588 114
9589 86
9590 90
9591 85
9592 92
9593 104
9594 90
9595 81
9596 90
9597 91
9598 96
9599 90
9600 81
9601 88
9602 91
9603 96
9604 91
9605 90
9606 89
9607 89
9608 100
9609 84
9610 73
9611 94
9612 100
9613 96
9614 110
9615 78
9616 75
9617 97
9618 87
9619 103
9620 89
9621 83
9622 111
9623 119
9624 91
9625 119
9626 84
9627 87
9628 93
9629 86
9630 92
9631 79
9632 114
9633 82
9634 98
9635 96
9636 93
9637 113
9638 90
9639 98
9640 100
9641 110
9642 90
9643 101
9644 87
9645 104
9646 95
9647 92
9648 86
9649 83
9650 99
9651 84
9652 84
9653 102
9654 98
9655 96
9656 101
9657 71
9658 96
9659 91
9660 89
9661 103
9662 94
9663 97
9664 98
9665 102
9666 106
9667 99
9668 91
9669 92
9670 93
9671 82
9672 96
9673 92
9674 79
9675 95
9676 101
9677 93
9678 92
9679 88
9680 90
9681 111
9682 104
9683 98
9684 87
9685 95
9686 96
9687 97
9688 89
9689 93
9690 105
9691 84
9692 79
9693 104
9694 98
9695 95
9696 80
9697 93
9698 102
9699 94
9700 86
9701 98
9702 107
9703 90
9704 73
9705 91
9706 88
9707 104
9708 98
9709 82
9710 85
9711 89
9712 109
9713 94
9714 87
9715 91
9716 97
9717 73
9718 70
9719 100
9720 91
9721 91
9722 86
9723 84
9724 99
9725 92
9726 101
9727 114
9728 83
9729 93
9730 86
9731 88
9732 92
9733 85
9734 89
9735 79
9736 103
9737 97
9738 95
9739 95
9740 92
9741 98
9742 93
9743 97
9744 104
9745 86
9746 89
9747 99
9748 83
9749 82
9750 93
9751 86
9752 103
9753 92
9754 102
9755 95
9756 90
9757 90
9758 88
9759 105
9760 92
9761 87
9762 103
9763 90
9764 81
9765 88
9766 79
9767 82
9768 105
9769 86
9770 110
9771 110
9772 97
9773 97
9774 88
9775 102
9776 90
9777 98
9778 83
9779 94
9780 78
9781 70
9782 105
9783 93
9784 82
9785 105
9786 88
9787 67
9788 89
9789 84
9790 87
9791 92
9792 115
9793 80
9794 71
9795 108
9796 82
9797 83
9798 90
9799 90
9800 78
9801 104
9802 77
9803 97
9804 105
9805 92
9806 85
9807 78
9808 93
9809 84
9810 109
9811 85
9812 95
9813 102
9814 80
9815 88
9816 89
9817 98
9818 88
9819 82
9820 92
9821 79
9822 97
9823 92
9824 104
9825 82
9826 79
9827 97
9828 73
9829 92
9830 87
9831 96
9832 70
9833 85
9834 85
9835 75
9836 86
9837 87
9838 78
9839 76
9840 72
9841 88
9842 98
9843 79
9844 96
9845 74
9846 72
9847 84
9848 89
9849 90
9850 95
9851 71
9852 67
9853 95
9854 82
9855 82
9856 88
9857 81
9858 78
9859 84
9860 84
9861 58
9862 85
9863 76
9864 90
9865 66
9866 72
9867 87
9868 70
9869 77
9870 71
9871 83
9872 79
9873 88
9874 73
9875 70
9876 84
9877 93
9878 77
9879 75
9880 84
9881 73
9882 110
9883 78
9884 87
9885 76
9886 80
9887 73
9888 90
9889 63
9890 66
9891 89
9892 78
9893 66
9894 73
9895 75
9896 74
9897 80
9898 88
9899 89
9900 77
9901 74
9902 71
9903 70
9904 65
9905 88
9906 85
9907 70
9908 77
9909 79
9910 70
9911 78
9912 65
9913 74
9914 78
9915 67
9916 81
9917 72
9918 79
9919 63
9920 68
9921 72
9922 65
9923 80
9924 79
9925 75
9926 68
9927 70
9928 86
9929 65
9930 71
9931 80
9932 81
9933 78
9934 63
9935 81
9936 66
9937 67
9938 72
9939 87
9940 87
9941 53
9942 68
9943 62
9944 58
9945 72
9946 73
9947 72
9948 74
9949 88
9950 59
9951 69
9952 70
9953 58
9954 67
9955 58
9956 68
9957 95
9958 63
9959 55
9960 63
9961 76
9962 57
9963 62
9964 68
9965 67
9966 64
9967 48
9968 60
9969 55
9970 74
9971 67
9972 65
9973 67
9974 59
9975 62
9976 78
9977 69
9978 66
9979 68
9980 71
9981 66
9982 53
9983 64
9984 59
9985 71
9986 58
9987 54
9988 64
9989 60
9990 66
9991 73
9992 64
9993 71
9994 63
9995 82
9996 49
9997 68
9998 66
9999 55
10000 59
10001 64
10002 49
10003 54
10004 57
10005 49
10006 38
10007 54
10008 58
10009 51
10010 64
10011 53
10012 72
10013 58
10014 50
10015 76
10016 63
10017 53
10018 52
10019 50
10020 63
10021 38
10022 65
10023 59
10024 48
10025 57
10026 52
10027 54
10028 50
10029 51
10030 53
10031 49
10032 55
10033 55
10034 54
10035 54
10036 60
10037 59
10038 55
10039 51
10040 43
10041 59
10042 45
10043 53
10044 56
10045 48
10046 36
10047 41
10048 42
10049 64
10050 53
10051 55
10052 38
10053 54
10054 40
10055 55
10056 48
10057 43
10058 51
10059 47
10060 51
10061 62
10062 46
10063 53
10064 42
10065 58
10066 44
10067 51
10068 51
10069 62
10070 50
10071 61
10072 44
10073 47
10074 47
10075 43
10076 45
10077 41
10078 47
10079 35
10080 43
10081 56
10082 45
10083 47
10084 44
10085 52
10086 28
10087 51
10088 38
10089 48
10090 38
10091 46
10092 46
10093 45
10094 51
10095 39
10096 43
10097 52
10098 31
10099 42
10100 37
10101 35
10102 48
10103 46
10104 42
10105 36
10106 46
10107 53
10108 39
10109 43
10110 36
10111 41
10112 38
10113 37
10114 38
10115 36
10116 44
10117 35
10118 38
10119 46
10120 36
10121 37
10122 34
10123 47
10124 37
10125 40
10126 40
10127 39
10128 50
10129 40
10130 44
10131 43
10132 30
10133 39
10134 38
10135 25
10136 45
10137 41
10138 29
10139 32
10140 34
10141 35
10142 35
10143 30
10144 28
10145 38
10146 38
10147 28
10148 30
10149 33
10150 36
10151 49
10152 44
10153 23
10154 38
10155 25
10156 28
10157 21
10158 26
10159 43
10160 42
10161 34
10162 33
10163 37
10164 39
10165 42
10166 31
10167 39
10168 26
10169 33
10170 34
10171 28
10172 40
10173 32
10174 30
10175 27
10176 26
10177 27
10178 27
10179 30
10180 39
10181 21
10182 29
10183 31
10184 24
10185 25
10186 26
10187 22
10188 18
10189 23
10190 27
10191 24
10192 33
10193 29
10194 36
10195 19
10196 25
10197 24
10198 25
10199 32
10200 35
10201 25
10202 19
10203 36
10204 28
10205 29
10206 20
10207 19
10208 29
10209 27
10210 23
10211 22
10212 31
10213 29
10214 22
10215 30
10216 24
10217 37
10218 31
10219 34
10220 22
10221 32
10222 24
10223 23
10224 21
10225 16
10226 21
10227 27
10228 28
10229 20
10230 36
10231 29
10232 29
10233 24
10234 30
10235 22
10236 21
10237 21
10238 23
10239 22
10240 20
10241 20
10242 17
10243 28
10244 23
10245 24
10246 29
10247 30
10248 22
10249 28
10250 20
10251 16
10252 25
10253 26
10254 22
10255 24
10256 19
10257 16
10258 21
10259 26
10260 30
10261 22
10262 15
10263 28
10264 28
10265 29
10266 23
10267 19
10268 29
10269 21
10270 25
10271 20
10272 22
10273 17
10274 23
10275 21
10276 22
10277 21
10278 18
10279 18
10280 21
10281 25
10282 17
10283 24
10284 22
10285 24
10286 17
10287 19
10288 19
10289 20
10290 24
10291 28
10292 28
10293 26
10294 20
10295 12
10296 21
10297 18
10298 17
10299 23
10300 16
10301 17
10302 24
10303 23
10304 13
10305 16
10306 24
10307 23
10308 21
10309 20
10310 21
10311 19
10312 19
10313 26
10314 22
10315 14
10316 25
10317 27
10318 21
10319 24
10320 22
10321 15
10322 17
10323 20
10324 23
10325 23
10326 17
10327 24
10328 27
10329 18
10330 17
10331 27
10332 17
10333 20
10334 16
10335 16
10336 20
10337 28
10338 22
10339 23
10340 20
10341 16
10342 20
10343 22
10344 15
10345 29
10346 21
10347 16
10348 20
10349 30
10350 13
10351 18
10352 27
10353 19
10354 19
10355 19
10356 25
10357 17
10358 18
10359 20
10360 14
10361 20
10362 23
10363 22
10364 23
10365 21
10366 20
10367 24
10368 24
10369 23
10370 29
10371 21
10372 15
10373 26
10374 24
10375 23
10376 19
10377 19
10378 23
10379 12
10380 18
10381 21
10382 24
10383 32
10384 20
10385 30
10386 21
10387 23
10388 18
10389 20
10390 21
10391 19
10392 19
10393 23
10394 15
10395 22
10396 20
10397 32
10398 18
10399 24
10400 25
10401 25
10402 19
10403 22
10404 25
10405 18
10406 28
10407 23
10408 23
10409 24
10410 19
10411 18
10412 28
10413 18
10414 31
10415 24
10416 13
10417 21
10418 22
10419 31
10420 25
10421 24
10422 26
10423 32
10424 26
10425 17
10426 21
10427 18
10428 28
10429 24
10430 17
10431 27
10432 20
10433 30
10434 26
10435 26
10436 21
10437 26
10438 21
10439 32
10440 18
10441 17
10442 24
10443 23
10444 19
10445 20
10446 18
10447 20
10448 24
10449 31
10450 24
10451 33
10452 22
10453 15
10454 16
10455 19
10456 26
10457 20
10458 20
10459 20
10460 16
10461 23
10462 13
10463 26
10464 16
10465 19
10466 24
10467 20
10468 29
10469 30
10470 30
10471 20
10472 14
10473 31
10474 23
10475 27
10476 26
10477 28
10478 21
10479 34
10480 28
10481 28
10482 24
10483 30
10484 22
10485 27
10486 33
10487 30
10488 26
10489 23
10490 24
10491 30
10492 27
10493 31
10494 34
10495 22
10496 35
10497 19
10498 33
10499 33
10500 23
10501 24
10502 26
10503 35
10504 25
10505 33
10506 21
10507 36
10508 21
10509 30
10510 29
10511 29
10512 34
10513 25
10514 34
10515 40
10516 32
10517 26
10518 35
10519 26
10520 29
10521 36
10522 33
10523 35
10524 29
10525 17
10526 31
10527 37
10528 35
10529 35
10530 31
10531 35
10532 34
10533 27
10534 28
10535 19
10536 42
10537 27
10538 33
10539 32
10540 28
10541 37
10542 29
10543 33
10544 35
10545 44
10546 36
10547 33
10548 40
10549 34
10550 42
10551 46
10552 39
10553 43
10554 27
10555 31
10556 27
10557 37
10558 30
10559 32
10560 38
10561 21
10562 34
10563 42
10564 30
10565 37
10566 32
10567 44
10568 39
10569 38
10570 37
10571 41
10572 25
10573 37
10574 44
10575 31
10576 34
10577 34
10578 41
10579 33
10580 42
10581 33
10582 31
10583 49
10584 44
10585 39
10586 42
10587 40
10588 36
10589 44
10590 54
10591 40
10592 44
10593 36
10594 34
10595 49
10596 47
10597 47
10598 37
10599 45
10600 54
10601 44
10602 38
10603 39
10604 51
10605 39
10606 44
10607 49
10608 46
10609 50
10610 39
10611 40
10612 39
10613 40
10614 54
10615 58
10616 46
10617 32
10618 35
10619 40
10620 38
10621 44
10622 46
10623 36
10624 42
10625 44
10626 50
10627 30
10628 41
10629 47
10630 50
10631 33
10632 35
10633 49
10634 42
10635 36
10636 32
10637 53
10638 49
10639 43
10640 51
10641 40
10642 49
10643 45
10644 46
10645 45
10646 46
10647 51
10648 55
10649 52
10650 53
10651 37
10652 45
10653 47
10654 43
10655 48
10656 54
10657 52
10658 51
10659 53
10660 56
10661 44
10662 65
10663 64
10664 57
10665 51
10666 54
10667 39
10668 49
10669 50
10670 50
10671 48
10672 48
10673 43
10674 36
10675 57
10676 55
10677 47
10678 62
10679 45
10680 56
10681 49
10682 68
10683 58
10684 62
10685 53
10686 43
10687 59
10688 54
10689 58
10690 44
10691 65
10692 63
10693 44
10694 60
10695 51
10696 54
10697 49
10698 58
10699 49
10700 59
10701 57
10702 45
10703 52
10704 63
10705 63
10706 49
10707 56
10708 46
10709 61
10710 58
10711 60
10712 53
10713 56
10714 60
10715 37
10716 57
10717 70
10718 49
10719 64
10720 59
10721 56
10722 53
10723 59
10724 57
10725 69
10726 44
10727 54
10728 50
10729 38
10730 61
10731 50
10732 56
10733 59
10734 50
10735 64
10736 38
10737 55
10738 68
10739 45
10740 64
10741 62
10742 56
10743 62
10744 53
10745 72
10746 65
10747 66
10748 56
10749 64
10750 61
10751 69
10752 72
10753 49
10754 82
10755 65
10756 67
10757 55
10758 72
10759 64
10760 57
10761 72
10762 62
10763 60
10764 56
10765 58
10766 65
10767 73
10768 62
10769 48
10770 70
10771 64
10772 67
10773 77
10774 63
10775 64
10776 63
10777 56
10778 67
10779 72
10780 60
10781 59
10782 52
10783 60
10784 65
10785 74
10786 55
10787 56
10788 52
10789 59
10790 55
10791 69
10792 78
10793 54
10794 63
10795 69
10796 53
10797 61
10798 69
10799 71
10800 57
10801 63
10802 72
10803 65
10804 79
10805 52
10806 59
10807 66
10808 62
10809 64
10810 63
10811 50
10812 69
10813 58
10814 57
10815 81
10816 66
10817 66
10818 58
10819 64
10820 67
10821 73
10822 64
10823 75
10824 58
10825 72
10826 68
10827 58
10828 72
10829 71
10830 66
10831 82
10832 70
10833 77
10834 78
10835 66
10836 80
10837 67
10838 71
10839 65
10840 66
10841 75
10842 78
10843 72
10844 72
10845 69
10846 71
10847 63
10848 68
10849 65
10850 65
10851 74
10852 61
10853 92
10854 67
10855 81
10856 83
10857 59
10858 62
10859 68
10860 70
10861 66
10862 67
10863 75
10864 68
10865 74
10866 66
10867 74
10868 63
10869 62
10870 60
10871 83
10872 63
10873 77
10874 70
10875 72
10876 80
10877 72
10878 67
10879 68
10880 78
10881 79
10882 81
10883 83
10884 73
10885 85
10886 74
10887 71
10888 85
10889 62
10890 83
10891 73
10892 70
10893 69
10894 69
10895 64
10896 78
10897 75
10898 64
10899 68
10900 82
10901 74
10902 78
10903 85
10904 64
10905 78
10906 74
10907 77
10908 76
10909 77
10910 75
10911 76
10912 74
10913 71
10914 79
10915 70
10916 76
10917 62
10918 69
10919 68
10920 81
10921 79
10922 82
10923 85
10924 68
10925 85
10926 56
10927 71
10928 59
10929 77
10930 52
10931 69
10932 70
10933 80
10934 86
10935 68
10936 57
10937 66
10938 86
10939 69
10940 74
10941 76
10942 71
10943 85
10944 74
10945 75
10946 74
10947 68
10948 64
10949 81
10950 71
10951 64
10952 69
10953 74
10954 92
10955 61
10956 63
10957 83
10958 71
10959 60
10960 63
10961 65
10962 78
10963 65
10964 68
10965 70
10966 82
10967 76
10968 63
10969 74
10970 66
10971 89
10972 72
10973 71
10974 73
10975 70
10976 79
10977 67
10978 56
10979 87
10980 80
10981 65
10982 68
10983 79
10984 72
10985 77
10986 76
10987 81
10988 75
10989 82
10990 80
10991 74
10992 78
10993 71
10994 64
10995 79
10996 68
10997 65
10998 78
10999 73
11000 94
11001 71
11002 60
11003 50
11004 71
11005 74
11006 85
11007 72
11008 73
11009 56
11010 68
11011 71
11012 62
11013 69
11014 74
11015 65
11016 70
11017 78
11018 71
11019 89
11020 73
11021 76
11022 84
11023 77
11024 68
11025 73
11026 83
11027 72
11028 70
11029 58
11030 75
11031 57
11032 77
11033 74
11034 62
11035 67
11036 69
11037 62
11038 67
11039 72
11040 75
11041 70
11042 64
11043 87
11044 71
11045 73
11046 81
11047 58
11048 67
11049 62
11050 73
11051 66
11052 68
11053 65
11054 62
11055 76
11056 72
11057 86
11058 64
11059 77
11060 79
11061 70
11062 67
11063 69
11064 67
11065 76
11066 71
11067 73
11068 69
11069 65
11070 57
11071 70
11072 63
11073 63
11074 70
11075 67
11076 69
11077 77
11078 66
11079 81
11080 77
11081 53
11082 72
11083 61
11084 68
11085 77
11086 61
11087 71
11088 77
11089 70
11090 69
11091 68
11092 69
11093 79
11094 63
11095 58
11096 58
11097 67
11098 66
11099 62
11100 77
11101 65
11102 76
11103 66
11104 63
11105 72
11106 66
11107 72
11108 61
11109 84
11110 68
11111 71
11112 59
11113 57
11114 63
11115 69
11116 71
11117 64
11118 63
11119 60
11120 60
11121 59
11122 56
11123 73
11124 44
11125 65
11126 59
11127 50
11128 59
11129 65
11130 52
11131 61
11132 59
11133 59
11134 59
11135 75
11136 67
11137 49
11138 61
11139 62
11140 56
11141 63
11142 50
11143 65
11144 73
11145 73
11146 68
11147 59
11148 67
11149 58
11150 47
11151 63
11152 50
11153 65
11154 54
11155 67
11156 53
11157 55
11158 61
11159 66
11160 61
11161 66
11162 60
11163 57
11164 62
11165 62
11166 53
11167 70
11168 43
11169 56
11170 52
11171 73
11172 69
11173 51
11174 66
11175 56
11176 58
11177 56
11178 55
11179 69
11180 71
11181 57
11182 59
11183 58
11184 66
11185 56
11186 61
11187 72
11188 57
11189 58
11190 62
11191 63
11192 75
11193 49
11194 64
11195 56
11196 68
11197 53
11198 58
11199 49
11200 64
11201 53
11202 52
11203 51
11204 66
11205 61
11206 49
11207 50
11208 45
11209 73
11210 53
11211 56
11212 57
11213 59
11214 64
11215 48
11216 61
11217 53
11218 51
11219 52
11220 63
11221 48
11222 48
11223 52
11224 59
11225 47
11226 43
11227 55
11228 65
11229 57
11230 50
11231 58
11232 37
11233 59
11234 49
11235 52
11236 51
11237 54
11238 57
11239 55
11240 53
11241 43
11242 60
11243 55
11244 45
11245 64
11246 57
11247 49
11248 73
11249 49
11250 49
11251 53
11252 46
11253 49
11254 44
11255 51
11256 38
11257 53
11258 45
11259 54
11260 54
11261 44
11262 50
11263 60
11264 53
11265 59
11266 42
11267 48
11268 56
11269 44
11270 48
11271 45
11272 41
11273 58
11274 48
11275 42
11276 45
11277 51
11278 49
11279 42
11280 42
11281 44
11282 55
11283 49
11284 51
11285 51
11286 46
11287 47
11288 49
11289 46
11290 45
11291 49
11292 54
11293 33
11294 50
11295 36
11296 49
11297 37
11298 45
11299 35
11300 39
11301 39
11302 46
11303 38
11304 41
11305 47
11306 40
11307 46
11308 51
11309 43
11310 38
11311 47
11312 46
11313 42
11314 43
11315 34
11316 39
11317 56
11318 41
11319 33
11320 39
11321 58
11322 46
11323 45
11324 46
11325 38
11326 36
11327 28
11328 53
11329 34
11330 51
11331 34
11332 56
11333 45
11334 42
11335 42
11336 43
11337 41
11338 29
11339 32
11340 35
11341 35
11342 36
11343 36
11344 32
11345 37
11346 33
11347 41
11348 51
11349 34
11350 23
11351 38
11352 42
11353 37
11354 41
11355 33
11356 30
11357 34
11358 41
11359 44
11360 46
11361 44
11362 35
11363 22
11364 30
11365 26
11366 32
11367 32
11368 36
11369 36
11370 32
11371 32
11372 30
11373 25
11374 31
11375 38
11376 31
11377 29
11378 38
11379 26
11380 42
11381 49
11382 33
11383 33
11384 23
11385 29
11386 33
11387 30
11388 37
11389 27
11390 31
11391 38
11392 26
11393 40
11394 26
11395 34
11396 25
11397 28
11398 36
11399 36
11400 21
11401 37
11402 21
11403 39
11404 21
11405 28
11406 37
11407 44
11408 42
11409 29
11410 19
11411 35
11412 32
11413 32
11414 33
11415 33
11416 24
11417 26
11418 24
11419 24
11420 25
11421 26
11422 37
11423 27
11424 29
11425 22
11426 29
11427 33
11428 43
11429 21
11430 25
11431 18
11432 34
11433 27
11434 33
11435 28
11436 33
11437 24
11438 20
11439 25
11440 34
11441 19
11442 25
11443 28
11444 29
11445 33
11446 23
11447 22
11448 34
11449 25
11450 19
11451 29
11452 21
11453 25
11454 21
11455 19
11456 29
11457 29
11458 31
11459 20
11460 27
11461 20
11462 27
11463 23
11464 21
11465 21
11466 24
11467 21
11468 15
11469 20
11470 15
11471 21
11472 23
11473 32
11474 28
11475 26
11476 25
11477 20
11478 23
11479 24
11480 16
11481 30
11482 23
11483 28
11484 20
11485 16
11486 32
11487 19
11488 17
11489 19
11490 13
11491 24
11492 15
11493 17
11494 23
11495 17
11496 26
11497 26
11498 27
11499 25
11500 18
11501 25
11502 22
11503 15
11504 18
11505 16
11506 19
11507 16
11508 22
11509 14
11510 22
11511 21
11512 19
11513 21
11514 18
11515 17
11516 22
11517 20
11518 14
11519 18
11520 20
11521 13
11522 21
11523 19
11524 16
11525 13
11526 18
11527 23
11528 20
11529 14
11530 19
11531 11
11532 15
11533 18
11534 12
11535 15
11536 22
11537 21
11538 15
11539 12
11540 14
11541 10
11542 16
11543 13
11544 14
11545 14
11546 18
11547 7
11548 15
11549 15
11550 11
11551 11
11552 14
11553 21
11554 13
11555 16
11556 15
11557 11
11558 14
11559 12
11560 13
11561 12
11562 16
11563 13
11564 16
11565 17
11566 16
11567 11
11568 14
11569 10
11570 10
11571 15
11572 12
11573 12
11574 13
11575 11
11576 12
11577 8
11578 12
11579 8
11580 8
11581 9
11582 10
11583 15
11584 12
11585 16
11586 17
11587 16
11588 15
11589 14
11590 15
11591 13
11592 10
11593 12
11594 10
11595 12
11596 17
11597 16
11598 10
11599 9
11600 15
11601 14
11602 16
11603 9
11604 10
11605 8
11606 18
11607 12
11608 11
11609 9
11610 13
11611 11
11612 13
11613 8
11614 9
11615 15
11616 16
11617 7
11618 10
11619 13
11620 9
11621 15
11622 8
11623 9
11624 11
11625 14
11626 10
11627 6
11628 8
11629 8
11630 12
11631 11
11632 5
11633 13
11634 8
11635 13
11636 10
11637 9
11638 9
11639 9
11640 6
11641 7
11642 7
11643 11
11644 11
11645 11
11646 11
11647 7
11648 11
11649 9
11650 11
11651 5
11652 3
11653 8
11654 11
11655 7
11656 7
11657 10
11658 6
11659 9
11660 12
11661 3
11662 4
11663 10
11664 14
11665 7
11666 9
11667 13
11668 6
11669 10
11670 4
11671 8
11672 9
11673 8
11674 9
11675 8
11676 8
11677 9
11678 9
11679 9
11680 7
11681 2
11682 13
11683 4
11684 8
11685 10
11686 5
11687 3
11688 8
11689 5
11690 5
11691 4
11692 8
11693 5
11694 6
11695 12
11696 7
11697 5
11698 9
11699 7
11700 4
11701 9
11702 8
11703 11
11704 7
11705 7
11706 3
11707 7
11708 7
11709 9
11710 4
11711 4
11712 6
11713 9
11714 5
11715 6
11716 7
11717 4
11718 12
11719 2
11720 7
11721 6
11722 9
11723 6
11724 5
11725 4
11726 4
11727 5
11728 3
11729 5
11730 6
11731 7
11732 5
11733 8
11734 3
11735 5
11736 7
11737 6
11738 8
11739 6
11740 10
11741 4
11742 3
11743 5
11744 5
11745 9
11746 2
11747 5
11748 5
11749 6
11750 6
11751 6
11752 7
11753 7
11754 5
11755 8
11756 2
11757 7
11758 1
11759 4
11760 2
11761 12
11762 6
11763 8
11764 11
11765 9
11766 5
11767 3
11768 6
11769 2
11770 4
11771 5
11772 4
11773 7
11774 4
11775 6
11776 5
11777 5
11778 7
11779 6
11780 4
11781 3
11782 3
11783 4
11784 3
11785 6
11786 7
11787 3
11788 4
11789 7
11790 5
11791 3
11792 3
11793 4
11794 3
11795 8
11796 3
11797 2
11798 9
11799 7
11800 2
11801 6
11802 2
11803 7
11804 3
11805 3
11806 7
11807 3
11808 3
11809 4
11810 5
11811 3
11812 4
11813 8
11814 4
11815 3
11816 8
11817 3
11818 2
11819 5
11820 5
11821 5
11822 2
11823 1
11824 3
11825 2
11826 3
11827 3
11828 5
11829 4
11830 5
11831 5
11832 8
11833 4
11834 3
11835 5
11836 2
11837 1
11838 2
11839 6
11840 3
11841 4
11842 5
11843 2
11844 3
11845 5
11846 4
11847 6
11848 4
11849 3
11850 5
11851 3
11852 3
11853 5
11854 5
11855 4
11856 4
11857 5
11858 3
11859 1
11860 1
11861 3
11862 1
11863 3
11864 6
11865 1
11866 4
11867 7
11868 7
11869 5
11870 0
11871 6
11872 0
11873 2
11874 3
11875 1
11876 4
11877 1
11878 1
11879 2
11880 4
11881 3
11882 2
11883 4
11884 0
11885 3
11886 4
11887 3
11888 4
11889 1
11890 2
11891 2
11892 3
11893 3
11894 3
11895 2
11896 2
11897 3
11898 3
11899 4
11900 4
11901 1
11902 7
11903 1
11904 2
11905 4
11906 3
11907 1
11908 5
11909 1
11910 10
11911 3
11912 4
11913 3
11914 1
11915 3
11916 0
11917 3
11918 3
11919 3
11920 3
11921 5
11922 3
11923 4
11924 2
11925 1
11926 7
11927 5
11928 7
11929 2
11930 4
11931 2
11932 3
11933 3
11934 3
11935 1
11936 7
11937 4
11938 2
11939 4
11940 3
11941 1
11942 2
11943 3
11944 6
11945 3
11946 3
11947 2
11948 6
11949 4
11950 3
11951 5
11952 4
11953 1
11954 3
11955 1
11956 4
11957 1
11958 6
11959 4
11960 1
11961 3
11962 3
11963 4
11964 0
11965 4
11966 4
11967 6
11968 2
11969 4
11970 0
11971 2
11972 5
11973 7
11974 3
11975 2
11976 5
11977 1
11978 5
11979 6
11980 3
11981 0
11982 4
11983 3
11984 3
11985 3
11986 5
11987 1
11988 3
11989 3
11990 4
11991 2
11992 3
11993 4
11994 4
11995 5
11996 0
11997 4
11998 3
11999 3
12000 1
12001 3
12002 2
12003 4
12004 3
12005 6
12006 1
12007 2
12008 3
12009 2
12010 1
12011 5
12012 1
12013 5
12014 1
12015 1
12016 3
12017 3
12018 1
12019 1
12020 5
12021 2
12022 4
12023 4
12024 3
12025 3
12026 4
12027 2
12028 1
12029 2
12030 2
12031 3
12032 1
12033 2
12034 2
12035 2
12036 3
12037 0
12038 1
12039 2
12040 4
12041 6
12042 3
12043 0
12044 1
12045 5
12046 4
12047 1
12048 6
12049 3
12050 3
12051 4
12052 2
12053 3
12054 2
12055 1
12056 1
12057 4
12058 2
12059 3
12060 4
12061 6
12062 0
12063 5
12064 0
12065 2
12066 3
12067 3
12068 1
12069 2
12070 1
12071 1
12072 4
12073 3
12074 3
12075 2
12076 2
12077 6
12078 1
12079 1
12080 1
12081 3
12082 2
12083 3
12084 2
12085 3
12086 2
12087 1
12088 2
12089 1
12090 3
12091 2
12092 2
12093 1
12094 4
12095 2
12096 3
12097 7
12098 3
12099 2
12100 6
12101 4
12102 1
12103 9
12104 3
12105 1
12106 4
12107 3
12108 4
12109 2
12110 2
12111 2
12112 2
12113 3
12114 2
12115 4
12116 3
12117 2
12118 3
12119 0
12120 3
12121 3
12122 1
12123 1
12124 2
12125 1
12126 3
12127 1
12128 2
12129 3
12130 1
12131 2
12132 2
12133 3
12134 2
12135 6
12136 2
12137 4
12138 2
12139 2
12140 2
12141 1
12142 2
12143 6
12144 4
12145 1
12146 3
12147 5
12148 5
12149 3
12150 2
12151 0
12152 3
12153 3
12154 2
12155 2
12156 1
12157 0
12158 5
12159 1
12160 5
12161 1
12162 4
12163 3
12164 3
12165 3
12166 1
12167 3
12168 3
12169 1
12170 2
12171 0
12172 2
12173 1
12174 4
12175 4
12176 1
12177 3
12178 3
12179 3
12180 2
12181 2
12182 3
12183 2
12184 0
12185 3
12186 2
12187 1
12188 1
12189 2
12190 0
12191 3
12192 6
12193 3
12194 7
12195 0
12196 3
12197 3
12198 3
12199 3
12200 4
12201 3
12202 0
12203 3
12204 5
12205 3
12206 2
12207 3
12208 2
12209 2
12210 4
12211 2
12212 2
12213 3
12214 6
12215 1
12216 4
12217 6
12218 2
12219 4
12220 3
12221 6
12222 4
12223 2
12224 2
12225 4
12226 0
12227 3
12228 4
12229 3
12230 4
12231 5
12232 1
12233 2
12234 2
12235 4
12236 3
12237 3
12238 0
12239 3
12240 0
12241 0
12242 2
12243 3
12244 1
12245 1
12246 2
12247 1
12248 3
12249 8
12250 1
12251 2
12252 4
12253 2
12254 2
12255 4
12256 3
12257 2
12258 3
12259 5
12260 5
12261 1
12262 2
12263 1
12264 5
12265 2
12266 3
12267 1
12268 3
12269 3
12270 3
12271 2
12272 0
12273 3
12274 3
12275 6
12276 1
12277 4
12278 2
12279 1
12280 1
12281 3
12282 3
12283 1
12284 5
12285 2
12286 4
12287 4
12288 2
12289 6
12290 3
12291 3
12292 2
12293 4
12294 4
12295 3
12296 1
12297 2
12298 3
12299 3
12300 1
12301 8
12302 3
12303 1
12304 1
12305 5
12306 7
12307 2
12308 2
12309 4
12310 2
12311 0
12312 3
12313 3
12314 3
12315 2
12316 3
12317 2
12318 2
12319 3
12320 2
12321 2
12322 2
12323 0
12324 7
12325 5
12326 0
12327 5
12328 2
12329 3
12330 2
12331 2
12332 4
12333 2
12334 2
12335 3
12336 0
12337 1
12338 3
12339 1
12340 4
12341 4
12342 4
12343 0
12344 5
12345 2
12346 4
12347 5
12348 3
12349 4
12350 2
12351 3
12352 0
12353 2
12354 4
12355 3
12356 3
12357 2
12358 4
12359 4
12360 5
12361 3
12362 2
12363 2
12364 0
12365 2
12366 3
12367 2
12368 2
12369 1
12370 3
12371 2
12372 1
12373 3
12374 0
12375 2
12376 3
12377 3
12378 3
12379 4
12380 3
12381 3
12382 1
12383 1
12384 1
12385 1
12386 4
12387 1
12388 5
12389 1
12390 3
12391 1
12392 3
12393 1
12394 2
12395 2
12396 3
12397 1
12398 2
12399 1
12400 3
12401 2
12402 2
12403 2
12404 4
12405 1
12406 4
12407 1
12408 1
12409 4
12410 4
12411 2
12412 3
12413 2
12414 0
12415 3
12416 4
12417 3
12418 1
12419 2
12420 1
12421 2
12422 2
12423 1
12424 3
12425 1
12426 0
12427 2
12428 3
12429 1
12430 2
12431 2
12432 1
12433 5
12434 2
12435 2
12436 2
12437 3
12438 3
12439 2
12440 4
12441 3
12442 2
12443 3
12444 1
12445 2
12446 1
12447 1
12448 3
12449 0
12450 2
12451 1
12452 2
12453 2
12454 2
12455 4
12456 3
12457 0
12458 2
12459 0
12460 3
12461 2
12462 2
12463 5
12464 1
12465 2
12466 2
12467 1
12468 0
12469 0
12470 1
12471 1
12472 2
12473 5
12474 0
12475 2
12476 4
12477 0
12478 1
12479 3
12480 1
12481 4
12482 5
12483 2
12484 2
12485 4
12486 2
12487 1
12488 0
12489 3
12490 4
12491 1
12492 3
12493 3
12494 0
12495 2
12496 2
12497 3
12498 3
12499 4
12500 0
12501 1
12502 3
12503 1
12504 1
12505 3
12506 3
12507 4
12508 5
12509 1
12510 2
12511 2
12512 6
12513 1
12514 3
12515 3
12516 3
12517 3
12518 0
12519 4
12520 2
12521 1
12522 3
12523 3
12524 3
12525 2
12526 2
12527 2
12528 3
12529 0
12530 0
12531 1
12532 0
12533 4
12534 2
12535 1
12536 1
12537 3
12538 0
12539 1
12540 2
12541 1
12542 2
12543 1
12544 1
12545 3
12546 3
12547 1
12548 1
12549 3
12550 2
12551 2
12552 3
12553 1
12554 2
12555 3
12556 0
12557 2
12558 3
12559 1
12560 5
12561 3
12562 4
12563 3
12564 7
12565 2
12566 1
12567 3
12568 1
12569 2
12570 1
12571 0
12572 3
12573 1
12574 2
12575 1
12576 3
12577 5
12578 3
12579 1
12580 1
12581 4
12582 5
12583 4
12584 1
12585 6
12586 3
12587 1
12588 2
12589 0
12590 4
12591 2
12592 2
12593 3
12594 1
12595 0
12596 2
12597 2
12598 5
12599 3
12600 2
12601 5
12602 1
12603 1
12604 1
12605 5
12606 2
12607 0
12608 3
12609 3
12610 3
12611 2
12612 2
12613 4
12614 4
12615 3
12616 1
12617 2
12618 1
12619 4
12620 1
12621 4
12622 1
12623 1
12624 3
12625 3
12626 1
12627 2
12628 2
12629 0
12630 1
12631 1
12632 1
12633 0
12634 0
12635 1
12636 1
12637 2
12638 4
12639 2
12640 1
12641 3
12642 0
12643 1
12644 1
12645 1
12646 3
12647 2
12648 2
12649 3
12650 2
12651 3
12652 3
12653 0
12654 3
12655 2
12656 3
12657 4
12658 4
12659 2
12660 3
12661 2
12662 2
12663 4
12664 2
12665 5
12666 3
12667 2
12668 2
12669 3
12670 1
12671 1
12672 1
12673 2
12674 1
12675 1
12676 1
12677 2
12678 0
12679 2
12680 1
12681 5
12682 1
12683 3
12684 2
12685 1
12686 3
12687 1
12688 3
12689 1
12690 3
12691 2
12692 0
12693 2
12694 1
12695 1
12696 1
12697 4
12698 1
12699 3
12700 0
12701 0
12702 1
12703 2
12704 6
12705 1
12706 1
12707 5
12708 2
12709 1
12710 1
12711 1
12712 2
12713 2
12714 2
12715 3
12716 2
12717 2
12718 1
12719 1
12720 4
12721 3
12722 5
12723 2
12724 2
12725 5
12726 4
12727 1
12728 4
12729 0
12730 3
12731 0
12732 3
12733 3
12734 3
12735 1
12736 1
12737 1
12738 1
12739 4
12740 0
12741 2
12742 1
12743 5
12744 1
12745 2
12746 2
12747 2
12748 4
12749 3
12750 1
12751 1
12752 2
12753 2
12754 1
12755 2
12756 2
12757 1
12758 1
12759 3
12760 3
12761 4
12762 2
12763 5
12764 3
12765 0
12766 2
12767 4
12768 0
12769 1
12770 1
12771 0
12772 3
12773 2
12774 3
12775 1
12776 2
12777 1
12778 0
12779 1
12780 1
12781 3
12782 0
12783 2
12784 1
12785 2
12786 2
12787 3
12788 1
12789 1
12790 1
12791 2
12792 1
12793 2
12794 0
12795 3
12796 3
12797 2
12798 2
12799 3
12800 1
12801 3
12802 0
12803 1
12804 1
12805 3
12806 0
12807 1
12808 0
12809 3
12810 4
12811 2
12812 2
12813 1
12814 2
12815 3
12816 1
12817 4
12818 3
12819 2
12820 1
12821 2
12822 2
12823 3
12824 6
12825 0
12826 2
12827 2
12828 1
12829 1
12830 3
12831 4
12832 0
12833 4
12834 1
12835 0
12836 2
12837 1
12838 1
12839 0
12840 4
12841 1
12842 1
12843 2
12844 0
12845 0
12846 3
12847 3
12848 2
12849 1
12850 5
12851 3
12852 2
12853 1
12854 3
12855 2
12856 1
12857 0
12858 2
12859 3
12860 2
12861 2
12862 1
12863 2
12864 3
12865 2
12866 1
12867 0
12868 1
12869 4
12870 1
12871 4
12872 2
12873 3
12874 0
12875 7
12876 3
12877 1
12878 0
12879 5
12880 2
12881 0
12882 2
12883 3
12884 3
12885 1
12886 1
12887 2
12888 2
12889 4
12890 2
12891 3
12892 3
12893 3
12894 1
12895 5
12896 3
12897 3
12898 3
12899 3
12900 1
12901 1
12902 0
12903 2
12904 5
12905 5
12906 2
12907 1
12908 2
12909 1
12910 0
12911 2
12912 2
12913 4
12914 2
12915 4
12916 3
12917 5
12918 2
12919 1
12920 1
12921 0
12922 2
12923 0
12924 2
12925 0
12926 0
12927 3
12928 4
12929 4
12930 2
12931 0
12932 2
12933 5
12934 2
12935 0
12936 4
12937 1
12938 4
12939 2
12940 1
12941 4
12942 1
12943 1
12944 3
12945 0
12946 0
12947 3
12948 1
12949 1
12950 1
12951 3
12952 5
12953 1
12954 3
12955 2
12956 1
12957 2
12958 5
12959 4
12960 2
12961 1
12962 1
12963 1
12964 0
12965 1
12966 2
12967 1
12968 3
12969 2
12970 3
12971 1
12972 0
12973 2
12974 3
12975 1
12976 1
12977 2
12978 1
12979 1
12980 2
12981 3
12982 3
12983 1
12984 3
12985 3
12986 2
12987 3
12988 2
12989 1
12990 2
12991 3
12992 2
12993 1
12994 1
12995 4
12996 1
12997 0
12998 5
12999 1
13000 5
13001 4
13002 0
13003 4
13004 5
13005 2
13006 1
13007 1
13008 1
13009 1
13010 3
13011 3
13012 4
13013 1
13014 3
13015 1
13016 2
13017 2
13018 1
13019 1
13020 1
13021 1
13022 1
13023 3
13024 3
13025 3
13026 2
13027 3
13028 1
13029 2
13030 3
13031 9
13032 3
13033 1
13034 2
13035 2
13036 1
13037 0
13038 4
13039 1
13040 1
13041 0
13042 2
13043 2
13044 6
13045 1
13046 2
13047 1
13048 2
13049 1
13050 2
13051 1
13052 1
13053 4
13054 0
13055 4
13056 1
13057 1
13058 2
13059 2
13060 2
13061 3
13062 2
13063 4
13064 2
13065 1
13066 0
13067 0
13068 3
13069 2
13070 1
13071 0
13072 2
13073 1
13074 4
13075 1
13076 1
13077 2
13078 6
13079 2
13080 0
13081 0
13082 0
13083 0
13084 2
13085 1
13086 2
13087 2
13088 1
13089 0
13090 2
13091 1
13092 2
13093 2
13094 0
13095 3
13096 2
13097 0
13098 2
13099 2
13100 3
13101 1
13102 1
13103 2
13104 2
13105 2
13106 2
13107 2
13108 4
13109 0
13110 1
13111 2
13112 1
13113 0
13114 3
13115 1
13116 1
13117 3
13118 1
13119 3
13120 4
13121 3
13122 3
13123 2
13124 3
13125 0
13126 0
13127 1
13128 0
13129 3
13130 1
13131 3
13132 1
13133 1
13134 1
13135 1
13136 2
13137 2
13138 2
13139 1
13140 3
13141 2
13142 4
13143 1
13144 5
13145 3
13146 1
13147 1
13148 3
13149 4
13150 2
13151 0
13152 0
13153 1
13154 3
13155 0
13156 0
13157 0
13158 3
13159 1
13160 2
13161 3
13162 3
13163 2
13164 2
13165 0
13166 0
13167 2
13168 0
13169 1
13170 5
13171 1
13172 0
13173 3
13174 2
13175 3
13176 1
13177 2
13178 4
13179 0
13180 0
13181 0
13182 4
13183 2
13184 4
13185 4
13186 1
13187 1
13188 0
13189 1
13190 0
13191 0
13192 1
13193 0
13194 1
13195 2
13196 3
13197 2
13198 2
13199 1
13200 2
13201 1
13202 0
13203 1
13204 1
13205 0
13206 3
13207 3
13208 1
13209 3
13210 1
13211 3
13212 2
13213 0
13214 1
13215 3
13216 1
13217 1
13218 2
13219 1
13220 2
13221 2
13222 4
13223 2
13224 0
13225 2
13226 1
13227 2
13228 1
13229 1
13230 1
13231 0
13232 0
13233 2
13234 3
13235 3
13236 3
13237 1
13238 3
13239 1
13240 2
13241 2
13242 1
13243 2
13244 1
13245 0
13246 4
13247 0
13248 2
13249 2
13250 0
13251 0
13252 1
13253 1
13254 2
13255 5
13256 2
13257 1
13258 2
13259 0
13260 0
13261 2
13262 2
13263 0
13264 1
13265 1
13266 3
13267 1
13268 1
13269 2
13270 1
13271 1
13272 3
13273 2
13274 2
13275 3
13276 2
13277 5
13278 3
13279 2
13280 6
13281 1
13282 2
13283 1
13284 2
13285 2
13286 3
13287 2
13288 3
13289 1
13290 5
13291 2
13292 3
13293 2
13294 1
13295 4
13296 2
13297 4
13298 1
13299 3
13300 2
13301 5
13302 1
13303 2
13304 3
13305 1
13306 5
13307 2
13308 1
13309 1
13310 1
13311 0
13312 1
13313 3
13314 0
13315 5
13316 2
13317 3
13318 1
13319 2
13320 2
13321 0
13322 2
13323 2
13324 2
13325 0
13326 1
13327 2
13328 0
13329 2
13330 2
13331 2
13332 2
13333 1
13334 3
13335 4
13336 1
13337 7
13338 2
13339 3
13340 1
13341 3
13342 2
13343 0
13344 3
13345 0
13346 1
13347 1
13348 3
13349 4
13350 2
13351 1
13352 2
13353 4
13354 3
13355 2
13356 0
13357 3
13358 0
13359 0
13360 3
13361 0
13362 0
13363 2
13364 1
13365 2
13366 0
13367 2
13368 3
13369 1
13370 1
13371 1
13372 2
13373 0
13374 0
13375 0
13376 3
13377 0
13378 0
13379 4
13380 1
13381 3
13382 2
13383 2
13384 1
13385 2
13386 2
13387 6
13388 2
13389 2
13390 1
13391 2
13392 1
13393 0
13394 2
13395 0
13396 0
13397 1
13398 0
13399 0
13400 0
13401 0
13402 3
13403 2
13404 4
13405 1
13406 1
13407 2
13408 1
13409 1
13410 2
13411 2
13412 4
13413 4
13414 2
13415 0
13416 1
13417 3
13418 2
13419 3
13420 2
13421 6
13422 4
13423 2
13424 2
13425 1
13426 1
13427 1
13428 2
13429 0
13430 4
13431 4
13432 2
13433 1
13434 2
13435 1
13436 3
13437 2
13438 1
13439 3
13440 0
13441 0
13442 5
13443 2
13444 0
13445 0
13446 4
13447 3
13448 3
13449 0
13450 0
13451 2
13452 2
13453 3
13454 2
13455 1
13456 3
13457 2
13458 0
13459 2
13460 1
13461 4
13462 1
13463 2
13464 5
13465 1
13466 4
13467 4
13468 2
13469 0
13470 2
13471 2
13472 0
13473 1
13474 0
13475 2
13476 3
13477 1
13478 0
13479 2
13480 4
13481 1
13482 2
13483 2
13484 3
13485 2
13486 0
13487 2
13488 2
13489 1
13490 4
13491 0
13492 2
13493 1
13494 1
13495 4
13496 1
13497 1
13498 3
13499 2
13500 2
13501 1
13502 2
13503 2
13504 2
13505 2
13506 1
13507 0
13508 3
13509 1
13510 3
13511 2
13512 2
13513 3
13514 0
13515 2
13516 1
13517 0
13518 2
13519 2
13520 1
13521 0
13522 0
13523 4
13524 2
13525 1
13526 3
13527 3
13528 4
13529 2
13530 0
13531 1
13532 4
13533 1
13534 0
13535 2
13536 0
13537 2
13538 4
13539 2
13540 2
13541 0
13542 1
13543 3
13544 3
13545 2
13546 7
13547 2
13548 2
13549 1
13550 1
13551 1
13552 0
13553 2
13554 1
13555 0
13556 2
13557 4
13558 2
13559 2
13560 2
13561 2
13562 1
13563 1
13564 1
13565 1
13566 1
13567 3
13568 0
13569 0
13570 1
13571 2
13572 3
13573 4
13574 2
13575 2
13576 2
13577 1
13578 2
13579 1
13580 2
13581 3
13582 5
13583 2
13584 3
13585 3
13586 0
13587 0
13588 2
13589 2
13590 1
13591 2
13592 1
13593 1
13594 0
13595 2
13596 3
13597 1
13598 4
13599 3
13600 2
13601 2
13602 2
13603 2
13604 5
13605 1
13606 1
13607 3
13608 0
13609 1
13610 0
13611 2
13612 2
13613 1
13614 1
13615 0
13616 0
13617 3
13618 1
13619 1
13620 0
13621 1
13622 2
13623 1
13624 1
13625 1
13626 1
13627 2
13628 1
13629 3
13630 0
13631 1
13632 1
13633 3
13634 1
13635 2
13636 1
13637 3
13638 0
13639 0
13640 2
13641 1
13642 1
13643 1
13644 1
13645 1
13646 6
13647 1
13648 1
13649 2
13650 0
13651 4
13652 2
13653 3
13654 0
13655 0
13656 2
13657 4
13658 2
13659 4
13660 2
13661 1
13662 0
13663 1
13664 0
13665 3
13666 3
13667 2
13668 1
13669 3
13670 1
13671 0
13672 4
13673 2
13674 4
13675 1
13676 0
13677 2
13678 0
13679 1
13680 5
13681 5
13682 2
13683 3
13684 5
13685 2
13686 3
13687 0
13688 1
13689 1
13690 2
13691 0
13692 2
13693 1
13694 1
13695 2
13696 0
13697 2
13698 0
13699 0
13700 2
13701 2
13702 1
13703 1
13704 1
13705 4
13706 0
13707 1
13708 1
13709 3
13710 3
13711 0
13712 0
13713 2
13714 0
13715 2
13716 0
13717 2
13718 1
13719 0
13720 2
13721 1
13722 3
13723 1
13724 3
13725 6
13726 4
13727 5
13728 2
13729 0
13730 1
13731 0
13732 0
13733 1
13734 5
13735 1
13736 1
13737 2
13738 0
13739 0
13740 2
13741 2
13742 2
13743 0
13744 2
13745 0
13746 2
13747 2
13748 0
13749 0
13750 0
13751 1
13752 3
13753 1
13754 1
13755 1
13756 1
13757 3
13758 1
13759 1
13760 3
13761 1
13762 0
13763 1
13764 1
13765 1
13766 0
13767 2
13768 2
13769 1
13770 1
13771 3
13772 2
13773 2
13774 0
13775 1
13776 1
13777 1
13778 3
13779 2
13780 1
13781 5
13782 1
13783 1
13784 1
13785 1
13786 1
13787 1
13788 3
13789 3
13790 0
13791 1
13792 1
13793 0
13794 1
13795 4
13796 2
13797 0
13798 2
13799 0
13800 1
13801 0
13802 2
13803 3
13804 1
13805 2
13806 2
13807 1
13808 3
13809 1
13810 1
13811 0
13812 0
13813 2
13814 0
13815 0
13816 3
13817 3
13818 1
13819 2
13820 2
13821 2
13822 2
13823 1
13824 1
13825 5
13826 0
13827 2
13828 1
13829 0
13830 0
13831 1
13832 0
13833 1
13834 3
13835 5
13836 2
13837 1
13838 2
13839 0
13840 2
13841 2
13842 1
13843 2
13844 0
13845 3
13846 2
13847 6
13848 1
13849 0
13850 0
13851 2
13852 1
13853 0
13854 1
13855 4
13856 2
13857 4
13858 1
13859 4
13860 2
13861 2
13862 1
13863 1
13864 4
13865 1
13866 1
13867 4
13868 2
13869 2
13870 1
13871 1
13872 3
13873 2
13874 2
13875 0
13876 3
13877 1
13878 2
13879 1
13880 0
13881 1
13882 0
13883 3
13884 2
13885 0
13886 2
13887 2
13888 4
13889 0
13890 0
13891 3
13892 2
13893 2
13894 1
13895 1
13896 1
13897 0
13898 0
13899 2
13900 2
13901 5
13902 0
13903 1
13904 4
13905 1
13906 0
13907 1
13908 3
13909 2
13910 1
13911 0
13912 1
13913 0
13914 2
13915 1
13916 0
13917 0
13918 1
13919 1
13920 2
13921 2
13922 3
13923 4
13924 1
13925 1
13926 2
13927 0
13928 3
13929 2
13930 2
13931 0
13932 1
13933 1
13934 2
13935 2
13936 1
13937 1
13938 2
13939 1
13940 2
13941 0
13942 3
13943 1
13944 1
13945 2
13946 1
13947 0
13948 2
13949 1
13950 0
13951 1
13952 0
13953 1
13954 3
13955 1
13956 2
13957 0
13958 3
13959 1
13960 1
13961 4
13962 3
13963 0
13964 1
13965 2
13966 1
13967 2
13968 1
13969 4
13970 1
13971 1
13972 1
13973 2
13974 1
13975 3
13976 3
13977 1
13978 1
13979 3
13980 3
13981 1
13982 1
13983 1
13984 3
13985 0
13986 5
13987 1
13988 3
13989 0
13990 2
13991 2
13992 1
13993 0
13994 6
13995 1
13996 4
13997 2
13998 1
13999 1
14000 1
14001 0
14002 1
14003 0
14004 1
14005 2
14006 0
14007 2
14008 2
14009 1
14010 0
14011 0
14012 0
14013 4
14014 1
14015 0
14016 1
14017 3
14018 5
14019 2
14020 1
14021 2
14022 1
14023 2
14024 3
14025 0
14026 0
14027 1
14028 2
14029 2
14030 0
14031 2
14032 3
14033 2
14034 0
14035 5
14036 3
14037 1
14038 4
14039 5
14040 2
14041 0
14042 3
14043 2
14044 1
14045 3
14046 2
14047 1
14048 0
14049 1
14050 1
14051 3
14052 2
14053 1
14054 0
14055 3
14056 1
14057 4
14058 2
14059 1
14060 3
14061 2
14062 3
14063 0
14064 4
14065 6
14066 3
14067 1
14068 1
14069 3
14070 3
14071 3
14072 2
14073 0
14074 1
14075 0
14076 3
14077 1
14078 2
14079 1
14080 0
14081 3
14082 1
14083 4
14084 2
14085 0
14086 4
14087 3
14088 1
14089 0
14090 1
14091 0
14092 2
14093 0
14094 1
14095 3
14096 2
14097 0
14098 1
14099 1
14100 1
14101 1
14102 0
14103 3
14104 0
14105 3
14106 0
14107 0
14108 0
14109 1
14110 3
14111 1
14112 0
14113 4
14114 0
14115 2
14116 2
14117 1
14118 1
14119 2
14120 0
14121 2
14122 1
14123 0
14124 0
14125 1
14126 2
14127 1
14128 3
14129 0
14130 1
14131 2
14132 3
14133 2
14134 5
14135 1
14136 5
14137 0
14138 1
14139 0
14140 1
14141 3
14142 1
14143 2
14144 3
14145 1
14146 1
14147 3
14148 1
14149 1
14150 2
14151 3
14152 2
14153 3
14154 0
14155 3
14156 0
14157 1
14158 3
14159 0
14160 2
14161 2
14162 1
14163 3
14164 1
14165 0
14166 3
14167 0
14168 3
14169 3
14170 2
14171 1
14172 3
14173 0
14174 1
14175 3
14176 1
14177 1
14178 4
14179 6
14180 3
14181 3
14182 0
14183 0
14184 4
14185 0
14186 0
14187 1
14188 1
14189 2
14190 2
14191 2
14192 0
14193 2
14194 0
14195 3
14196 2
14197 3
14198 1
14199 3
14200 2
14201 3
14202 4
14203 1
14204 5
14205 1
14206 0
14207 0
14208 2
14209 0
14210 2
14211 1
14212 0
14213 0
14214 2
14215 1
14216 2
14217 0
14218 0
14219 5
14220 0
14221 1
14222 1
14223 3
14224 1
14225 1
14226 2
14227 1
14228 1
14229 1
14230 4
14231 1
14232 1
14233 1
14234 1
14235 2
14236 2
14237 3
14238 2
14239 3
14240 1
14241 1
14242 1
14243 0
14244 1
14245 4
14246 3
14247 2
14248 2
14249 0
14250 1
14251 1
14252 0
14253 2
14254 4
14255 2
14256 1
14257 0
14258 3
14259 2
14260 3
14261 1
14262 2
14263 2
14264 1
14265 2
14266 3
14267 2
14268 2
14269 1
14270 0
14271 2
14272 1
14273 5
14274 1
14275 2
14276 1
14277 2
14278 0
14279 5
14280 1
14281 3
14282 4
14283 0
14284 2
14285 4
14286 1
14287 0
14288 1
14289 2
14290 2
14291 0
14292 3
14293 2
14294 0
14295 2
14296 0
14297 5
14298 0
14299 4
14300 0
14301 1
14302 1
14303 3
14304 3
14305 0
14306 1
14307 4
14308 0
14309 3
14310 0
14311 3
14312 1
14313 3
14314 1
14315 5
14316 2
14317 2
14318 0
14319 1
14320 2
14321 1
14322 3
14323 0
14324 1
14325 1
14326 0
14327 1
14328 0
14329 0
14330 3
14331 1
14332 1
14333 1
14334 2
14335 1
14336 4
14337 1
14338 1
14339 3
14340 1
14341 1
14342 1
14343 5
14344 2
14345 1
14346 0
14347 1
14348 3
14349 0
14350 0
14351 1
14352 1
14353 1
14354 1
14355 3
14356 2
14357 2
14358 1
14359 1
14360 1
14361 2
14362 0
14363 1
14364 0
14365 1
14366 2
14367 1
14368 3
14369 3
14370 1
14371 1
14372 3
14373 1
14374 2
14375 0
14376 3
14377 1
14378 2
14379 1
14380 1
14381 0
14382 1
14383 0
14384 1
14385 0
14386 1
14387 1
14388 1
14389 1
14390 1
14391 3
14392 3
14393 1
14394 1
14395 1
14396 1
14397 2
14398 1
14399 3
14400 0
14401 3
14402 1
14403 3
14404 1
14405 1
14406 0
14407 1
14408 2
14409 4
14410 3
14411 1
14412 3
14413 0
14414 1
14415 2
14416 1
14417 0
14418 1
14419 3
14420 0
14421 3
14422 1
14423 1
14424 2
14425 1
14426 4
14427 1
14428 1
14429 2
14430 1
14431 0
14432 1
14433 1
14434 1
14435 1
14436 2
14437 1
14438 1
14439 1
14440 4
14441 2
14442 2
14443 2
14444 2
14445 0
14446 1
14447 2
14448 1
14449 0
14450 1
14451 1
14452 3
14453 1
14454 2
14455 1
14456 1
14457 1
14458 2
14459 2
14460 0
14461 2
14462 2
14463 3
14464 1
14465 0
14466 2
14467 1
14468 1
14469 3
14470 0
14471 2
14472 1
14473 5
14474 2
14475 1
14476 4
14477 1
14478 2
14479 0
14480 3
14481 4
14482 2
14483 2
14484 1
14485 0
14486 0
14487 1
14488 1
14489 0
14490 2
14491 1
14492 2
14493 1
14494 1
14495 0
14496 2
14497 0
14498 0
14499 2
14500 0
14501 3
14502 0
14503 1
14504 3
14505 4
14506 1
14507 1
14508 1
14509 1
14510 2
14511 3
14512 0
14513 0
14514 1
14515 1
14516 2
14517 1
14518 4
14519 0
14520 2
14521 2
14522 0
14523 1
14524 1
14525 1
14526 5
14527 3
14528 3
14529 1
14530 0
14531 0
14532 0
14533 8
14534 2
14535 3
14536 1
14537 4
14538 2
14539 1
14540 2
14541 3
14542 2
14543 1
14544 1
14545 2
14546 2
14547 1
14548 0
14549 1
14550 1
14551 2
14552 0
14553 2
14554 0
14555 2
14556 2
14557 2
14558 0
14559 0
14560 2
14561 3
14562 1
14563 1
14564 0
14565 2
14566 2
14567 2
14568 2
14569 2
14570 1
14571 2
14572 0
14573 3
14574 4
14575 2
14576 2
14577 3
14578 2
14579 1
14580 3
14581 2
14582 2
14583 1
14584 0
14585 0
14586 0
14587 0
14588 0
14589 3
14590 1
14591 0
14592 1
14593 2
14594 3
14595 1
14596 3
14597 4
14598 0
14599 1
14600 2
14601 1
14602 3
14603 3
14604 0
14605 2
14606 0
14607 1
14608 1
14609 0
14610 3
14611 1
14612 1
14613 3
14614 2
14615 1
14616 4
14617 2
14618 0
14619 1
14620 0
14621 3
14622 2
14623 0
14624 7
14625 4
14626 1
14627 0
14628 1
14629 1
14630 1
14631 2
14632 0
14633 0
14634 1
14635 2
14636 1
14637 1
14638 0
14639 3
14640 0
14641 1
14642 0
14643 0
14644 3
14645 2
14646 2
14647 2
14648 1
14649 1
14650 0
14651 2
14652 0
14653 2
14654 0
14655 1
14656 3
14657 1
14658 0
14659 4
14660 2
14661 2
14662 2
14663 1
14664 4
14665 1
14666 1
14667 3
14668 0
14669 2
14670 4
14671 0
14672 1
14673 2
14674 1
14675 3
14676 1
14677 3
14678 0
14679 0
14680 2
14681 0
14682 1
14683 3
14684 2
14685 0
14686 3
14687 1
14688 3
14689 2
14690 0
14691 1
14692 1
14693 1
14694 1
14695 0
14696 1
14697 1
14698 1
14699 2
14700 0
14701 0
14702 2
14703 3
14704 1
14705 0
14706 2
14707 6
14708 1
14709 1
14710 0
14711 0
14712 2
14713 1
14714 3
14715 0
14716 1
14717 2
14718 1
14719 1
14720 1
14721 3
14722 1
14723 4
14724 2
14725 1
14726 3
14727 0
14728 0
14729 3
14730 2
14731 2
14732 1
14733 0
14734 0
14735 1
14736 0
14737 2
14738 1
14739 2
14740 0
14741 0
14742 2
14743 4
14744 0
14745 2
14746 1
14747 1
14748 0
14749 2
14750 0
14751 4
14752 1
14753 0
14754 4
14755 1
14756 3
14757 1
14758 4
14759 1
14760 2
14761 2
14762 1
14763 2
14764 0
14765 1
14766 3
14767 1
14768 3
14769 2
14770 3
14771 0
14772 1
14773 0
14774 1
14775 4
14776 0
14777 0
14778 1
14779 3
14780 3
14781 1
14782 1
14783 0
14784 2
14785 1
14786 2
14787 3
14788 0
14789 1
14790 2
14791 2
14792 6
14793 1
14794 3
14795 1
14796 1
14797 0
14798 0
14799 3
14800 1
14801 4
14802 1
14803 1
14804 2
14805 2
14806 1
14807 1
14808 0
14809 2
14810 1
14811 1
14812 1
14813 0
14814 2
14815 2
14816 2
14817 4
14818 0
14819 6
14820 2
14821 1
14822 1
14823 3
14824 0
14825 1
14826 0
14827 1
14828 2
14829 0
14830 4
14831 0
14832 3
14833 2
14834 4
14835 2
14836 6
14837 1
14838 0
14839 1
14840 3
14841 0
14842 0
14843 4
14844 0
14845 4
14846 0
14847 2
14848 1
14849 1
14850 1
14851 1
14852 2
14853 0
14854 3
14855 2
14856 2
14857 2
14858 0
14859 0
14860 1
14861 1
14862 1
14863 1
14864 0
14865 6
14866 0
14867 4
14868 1
14869 2
14870 1
14871 1
14872 0
14873 0
14874 2
14875 2
14876 2
14877 1
14878 2
14879 1
14880 3
14881 1
14882 1
14883 1
14884 3
14885 1
14886 4
14887 0
14888 1
14889 2
14890 3
14891 2
14892 1
14893 0
14894 0
14895 1
14896 0
14897 1
14898 1
14899 2
14900 1
14901 2
14902 1
14903 2
14904 1
14905 2
14906 0
14907 1
14908 3
14909 1
14910 2
14911 1
14912 0
14913 1
14914 1
14915 1
14916 0
14917 0
14918 1
14919 0
14920 2
14921 1
14922 1
14923 4
14924 2
14925 1
14926 1
14927 2
14928 1
14929 2
14930 5
14931 1
14932 0
14933 1
14934 6
14935 3
14936 0
14937 1
14938 3
14939 0
14940 1
14941 0
14942 0
14943 1
14944 3
14945 0
14946 2
14947 1
14948 2
14949 1
14950 0
14951 1
14952 0
14953 0
14954 1
14955 1
14956 2
14957 3
14958 2
14959 1
14960 1
14961 0
14962 1
14963 1
14964 0
14965 1
14966 0
14967 1
14968 2
14969 3
14970 2
14971 1
14972 2
14973 0
14974 2
14975 4
14976 0
14977 2
14978 2
14979 1
14980 2
14981 0
14982 2
14983 1
14984 0
14985 1
14986 1
14987 2
14988 0
14989 1
14990 1
14991 0
14992 3
14993 0
14994 2
14995 1
14996 4
14997 0
14998 1
14999 0
15000 2
15001 0
15002 1
15003 1
15004 1
15005 1
15006 0
15007 1
15008 1
15009 5
15010 0
15011 2
15012 1
15013 0
15014 4
15015 0
15016 3
15017 1
15018 1
15019 3
15020 1
15021 0
15022 0
15023 1
15024 1
15025 2
15026 0
15027 0
15028 1
15029 2
15030 0
15031 2
15032 3
15033 3
15034 3
15035 0
15036 1
15037 3
15038 2
15039 1
15040 1
15041 1
15042 0
15043 1
15044 0
15045 2
15046 1
15047 1
15048 3
15049 1
15050 3
15051 2
15052 2
15053 2
15054 1
15055 2
15056 1
15057 2
15058 0
15059 1
15060 1
15061 2
15062 0
15063 1
15064 1
15065 1
15066 3
15067 1
15068 5
15069 2
15070 1
15071 1
15072 1
15073 2
15074 4
15075 0
15076 1
15077 4
15078 2
15079 0
15080 0
15081 2
15082 1
15083 2
15084 1
15085 2
15086 1
15087 1
15088 2
15089 2
15090 1
15091 0
15092 2
15093 1
15094 0
15095 0
15096 4
15097 0
15098 1
15099 1
15100 2
15101 3
15102 0
15103 2
15104 1
15105 1
15106 1
15107 1
15108 3
15109 0
15110 2
15111 1
15112 1
15113 1
15114 1
15115 1
15116 1
15117 1
15118 2
15119 1
15120 3
15121 1
15122 2
15123 3
15124 1
15125 2
15126 0
15127 1
15128 1
15129 1
15130 3
15131 1
15132 1
15133 3
15134 1
15135 1
15136 1
15137 1
15138 2
15139 1
15140 2
15141 1
15142 2
15143 0
15144 0
15145 1
15146 2
15147 1
15148 1
15149 3
15150 2
15151 0
15152 0
15153 0
15154 0
15155 2
15156 0
15157 3
15158 0
15159 2
15160 2
15161 0
15162 1
15163 0
15164 3
15165 2
15166 2
15167 1
15168 3
15169 1
15170 1
15171 2
15172 0
15173 2
15174 1
15175 4
15176 3
15177 1
15178 2
15179 1
15180 0
15181 1
15182 0
15183 0
15184 3
15185 0
15186 3
15187 1
15188 2
15189 2
15190 1
15191 2
15192 0
15193 3
15194 1
15195 3
15196 1
15197 0
15198 0
15199 0
15200 3
15201 1
15202 1
15203 4
15204 4
15205 2
15206 0
15207 4
15208 3
15209 0
15210 1
15211 1
15212 0
15213 2
15214 2
15215 1
15216 1
15217 2
15218 0
15219 1
15220 2
15221 0
15222 2
15223 1
15224 0
15225 0
15226 0
15227 2
15228 3
15229 1
15230 0
15231 2
15232 1
15233 1
15234 1
15235 3
15236 1
15237 0
15238 1
15239 1
15240 2
15241 1
15242 1
15243 0
15244 3
15245 2
15246 0
15247 0
15248 0
15249 1
15250 4
15251 2
15252 1
15253 3
15254 0
15255 1
15256 1
15257 1
15258 2
15259 2
15260 0
15261 3
15262 2
15263 0
15264 0
15265 1
15266 2
15267 1
15268 1
15269 2
15270 0
15271 0
15272 2
15273 1
15274 1
15275 1
15276 1
15277 1
15278 2
15279 0
15280 1
15281 0
15282 0
15283 1
15284 4
15285 1
15286 2
15287 2
15288 0
15289 0
15290 0
15291 0
15292 1
15293 1
15294 1
15295 2
15296 2
15297 0
15298 3
15299 0
15300 0
15301 2
15302 1
15303 1
15304 1
15305 1
15306 0
15307 2
15308 1
15309 2
15310 1
15311 4
15312 2
15313 0
15314 0
15315 2
15316 2
15317 1
15318 2
15319 2
15320 0
15321 2
15322 1
15323 0
15324 3
15325 1
15326 4
15327 0
15328 0
15329 3
15330 3
15331 2
15332 3
15333 3
15334 2
15335 2
15336 0
15337 0
15338 1
15339 0
15340 1
15341 0
15342 2
15343 2
15344 1
15345 0
15346 2
15347 1
15348 3
15349 0
15350 1
15351 2
15352 1
15353 3
15354 1
15355 0
15356 1
15357 2
15358 1
15359 1
15360 1
15361 0
15362 2
15363 0
15364 1
15365 3
15366 1
15367 0
15368 2
15369 4
15370 2
15371 1
15372 1
15373 1
15374 3
15375 2
15376 3
15377 2
15378 3
15379 0
15380 1
15381 1
15382 2
15383 0
15384 0
15385 3
15386 0
15387 0
15388 2
15389 1
15390 2
15391 1
15392 2
15393 1
15394 3
15395 0
15396 0
15397 1
15398 2
15399 1
15400 0
15401 0
15402 2
15403 2
15404 2
15405 0
15406 3
15407 1
15408 2
15409 1
15410 0
15411 0
15412 2
15413 1
15414 2
15415 0
15416 2
15417 1
15418 2
15419 1
15420 0
15421 1
15422 1
15423 1
15424 1
15425 1
15426 0
15427 1
15428 3
15429 1
15430 1
15431 2
15432 3
15433 0
15434 0
15435 3
15436 3
15437 1
15438 0
15439 0
15440 1
15441 2
15442 1
15443 0
15444 1
15445 0
15446 1
15447 0
15448 1
15449 0
15450 2
15451 0
15452 3
15453 1
15454 0
15455 1
15456 2
15457 0
15458 0
15459 0
15460 2
15461 2
15462 3
15463 1
15464 1
15465 3
15466 2
15467 2
15468 0
15469 1
15470 4
15471 1
15472 0
15473 0
15474 2
15475 0
15476 1
15477 1
15478 3
15479 1
15480 3
15481 2
15482 3
15483 5
15484 2
15485 0
15486 1
15487 1
15488 2
15489 1
15490 0
15491 3
15492 1
15493 4
15494 2
15495 0
15496 2
15497 0
15498 0
15499 1
15500 1
15501 5
15502 2
15503 1
15504 0
15505 2
15506 1
15507 0
15508 3
15509 3
15510 5
15511 2
15512 1
15513 0
15514 1
15515 1
15516 1
15517 4
15518 2
15519 0
15520 4
15521 1
15522 2
15523 2
15524 2
15525 1
15526 1
15527 0
15528 1
15529 2
15530 0
15531 1
15532 0
15533 4
15534 1
15535 1
15536 0
15537 1
15538 3
15539 2
15540 3
15541 0
15542 1
15543 0
15544 2
15545 2
15546 3
15547 3
15548 3
15549 1
15550 1
15551 0
15552 1
15553 0
15554 3
15555 2
15556 3
15557 2
15558 4
15559 2
15560 2
15561 1
15562 1
15563 2
15564 0
15565 0
15566 0
15567 1
15568 0
15569 1
15570 1
15571 2
15572 0
15573 2
15574 2
15575 3
15576 0
15577 1
15578 0
15579 1
15580 0
15581 2
15582 2
15583 0
15584 1
15585 1
15586 3
15587 0
15588 0
15589 1
15590 2
15591 1
15592 2
15593 2
15594 2
15595 2
15596 2
15597 1
15598 3
15599 0
15600 1
15601 0
15602 1
15603 1
15604 1
15605 0
15606 0
15607 2
15608 1
15609 2
15610 2
15611 1
15612 3
15613 1
15614 2
15615 0
15616 0
15617 0
15618 4
15619 2
15620 3
15621 2
15622 2
15623 1
15624 1
15625 3
15626 0
15627 1
15628 0
15629 2
15630 1
15631 1
15632 0
15633 1
15634 3
15635 4
15636 2
15637 0
15638 1
15639 0
15640 2
15641 1
15642 2
15643 2
15644 0
15645 1
15646 0
15647 1
15648 0
15649 1
15650 2
15651 3
15652 0
15653 1
15654 1
15655 1
15656 2
15657 0
15658 3
15659 4
15660 1
15661 1
15662 0
15663 1
15664 0
15665 3
15666 0
15667 0
15668 1
15669 0
15670 0
15671 2
15672 2
15673 1
15674 0
15675 0
15676 2
15677 1
15678 5
15679 1
15680 3
15681 1
15682 1
15683 6
15684 1
15685 2
15686 2
15687 4
15688 2
15689 1
15690 1
15691 1
15692 2
15693 1
15694 1
15695 2
15696 0
15697 1
15698 0
15699 1
15700 1
15701 1
15702 1
15703 0
15704 2
15705 1
15706 1
15707 1
15708 3
15709 0
15710 4
15711 1
15712 0
15713 4
15714 1
15715 0
15716 3
15717 3
15718 3
15719 0
15720 3
15721 1
15722 3
15723 1
15724 0
15725 2
15726 0
15727 1
15728 0
15729 0
15730 2
15731 1
15732 3
15733 0
15734 0
15735 2
15736 1
15737 0
15738 1
15739 0
15740 2
15741 0
15742 1
15743 3
15744 0
15745 3
15746 0
15747 2
15748 2
15749 0
15750 2
15751 0
15752 2
15753 0
15754 1
15755 4
15756 0
15757 1
15758 0
15759 0
15760 0
15761 0
15762 1
15763 0
15764 1
15765 0
15766 0
15767 2
15768 3
15769 1
15770 1
15771 2
15772 1
15773 3
15774 0
15775 1
15776 1
15777 1
15778 2
15779 2
15780 0
15781 1
15782 0
15783 0
15784 2
15785 0
15786 3
15787 1
15788 0
15789 1
15790 2
15791 2
15792 0
15793 0
15794 0
15795 1
15796 2
15797 0
15798 1
15799 1
15800 1
15801 2
15802 4
15803 2
15804 0
15805 1
15806 0
15807 2
15808 0
15809 3
15810 1
15811 1
15812 1
15813 1
15814 0
15815 1
15816 2
15817 0
15818 1
15819 2
15820 0
15821 0
15822 2
15823 0
15824 2
15825 2
15826 2
15827 3
15828 1
15829 2
15830 1
15831 0
15832 3
15833 1
15834 0
15835 0
15836 0
15837 0
15838 1
15839 0
15840 1
15841 2
15842 1
15843 2
15844 0
15845 0
15846 1
15847 1
15848 1
15849 2
15850 3
15851 0
15852 0
15853 1
15854 4
15855 2
15856 1
15857 0
15858 2
15859 2
15860 1
15861 5
15862 2
15863 2
15864 0
15865 0
15866 4
15867 0
15868 0
15869 0
15870 0
15871 0
15872 0
15873 0
15874 1
15875 0
15876 0
15877 5
15878 0
15879 1
15880 1
15881 1
15882 0
15883 1
15884 5
15885 1
15886 3
15887 1
15888 4
15889 0
15890 2
15891 1
15892 0
15893 1
15894 2
15895 0
15896 1
15897 2
15898 1
15899 0
15900 0
15901 1
15902 1
15903 1
15904 0
15905 3
15906 2
15907 2
15908 2
15909 2
15910 0
15911 1
15912 0
15913 0
15914 1
15915 0
15916 0
15917 1
15918 0
15919 3
15920 1
15921 1
15922 3
15923 1
15924 2
15925 1
15926 1
15927 4
15928 3
15929 1
15930 3
15931 0
15932 1
15933 3
15934 2
15935 2
15936 2
15937 2
15938 2
15939 1
15940 3
15941 3
15942 4
15943 1
15944 3
15945 1
15946 2
15947 3
15948 2
15949 0
15950 1
15951 1
15952 1
15953 1
15954 0
15955 0
15956 1
15957 1
15958 3
15959 0
15960 1
15961 0
15962 1
15963 2
15964 2
15965 1
15966 1
15967 0
15968 1
15969 1
15970 4
15971 0
15972 1
15973 0
15974 1
15975 0
15976 1
15977 0
15978 1
15979 1
15980 2
15981 0
15982 1
15983 0
15984 1
15985 0
15986 0
15987 1
15988 2
15989 1
15990 0
15991 1
15992 1
15993 1
15994 2
15995 0
15996 0
15997 0
15998 2
15999 2
16000 3
16001 1
16002 1
16003 0
16004 1
16005 2
16006 1
16007 1
16008 1
16009 4
16010 0
16011 0
16012 0
16013 2
16014 1
16015 1
16016 1
16017 1
16018 0
16019 1
16020 0
16021 1
16022 0
16023 1
16024 0
16025 0
16026 0
16027 4
16028 0
16029 1
16030 1
16031 3
16032 1
16033 2
16034 1
16035 2
16036 1
16037 1
16038 2
16039 1
16040 1
16041 1
16042 1
16043 0
16044 1
16045 0
16046 0
16047 0
16048 2
16049 2
16050 1
16051 1
16052 0
16053 2
16054 1
16055 0
16056 0
16057 2
16058 1
16059 4
16060 1
16061 1
16062 0
16063 1
16064 1
16065 1
16066 2
16067 3
16068 4
16069 2
16070 1
16071 1
16072 2
16073 3
16074 2
16075 0
16076 2
16077 2
16078 0
16079 0
16080 1
16081 0
16082 1
16083 2
16084 1
16085 1
16086 1
16087 5
16088 2
16089 0
16090 4
16091 1
16092 1
16093 0
16094 1
16095 4
16096 0
16097 3
16098 2
16099 3
16100 0
16101 0
16102 0
16103 1
16104 0
16105 2
16106 0
16107 0
16108 1
16109 1
16110 0
16111 2
16112 2
16113 0
16114 1
16115 0
16116 3
16117 0
16118 0
16119 3
16120 7
16121 2
16122 1
16123 2
16124 0
16125 0
16126 1
16127 1
16128 3
16129 0
16130 0
16131 2
16132 0
16133 2
16134 1
16135 0
16136 1
16137 2
16138 3
16139 2
16140 3
16141 2
16142 0
16143 2
16144 1
16145 2
16146 0
16147 0
16148 1
16149 0
16150 3
16151 1
16152 1
16153 0
16154 4
16155 1
16156 1
16157 1
16158 0
16159 3
16160 0
16161 0
16162 1
16163 0
16164 0
16165 1
16166 3
16167 0
16168 1
16169 0
16170 0
16171 2
16172 0
16173 2
16174 4
16175 2
16176 1
16177 1
16178 0
16179 1
16180 1
16181 1
16182 2
16183 2
16184 1
16185 2
16186 1
16187 3
16188 2
16189 1
16190 1
16191 3
16192 1
16193 3
16194 2
16195 1
16196 1
16197 1
16198 3
16199 1
16200 1
16201 0
16202 4
16203 0
16204 3
16205 1
16206 1
16207 0
16208 1
16209 3
16210 3
16211 0
16212 1
16213 3
16214 2
16215 0
16216 1
16217 2
16218 1
16219 0
16220 1
16221 0
16222 1
16223 0
16224 1
16225 1
16226 1
16227 1
16228 0
16229 1
16230 2
16231 1
16232 2
16233 1
16234 0
16235 5
16236 0
16237 2
16238 4
16239 5
16240 2
16241 1
16242 0
16243 1
16244 0
16245 1
16246 4
16247 1
16248 1
16249 3
16250 0
16251 1
16252 1
16253 0
16254 0
16255 1
16256 0
16257 0
16258 1
16259 1
16260 0
16261 0
16262 0
16263 1
16264 5
16265 1
16266 0
16267 0
16268 1
16269 0
16270 0
16271 1
16272 2
16273 1
16274 1
16275 1
16276 1
16277 1
16278 0
16279 1
16280 2
16281 0
16282 2
16283 1
16284 0
16285 1
16286 1
16287 1
16288 0
16289 2
16290 1
16291 1
16292 2
16293 2
16294 1
16295 0
16296 3
16297 1
16298 1
16299 0
16300 1
16301 1
16302 1
16303 1
16304 0
16305 2
16306 1
16307 0
16308 2
16309 1
16310 1
16311 2
16312 1
16313 0
16314 1
16315 1
16316 2
16317 1
16318 0
16319 1
16320 0
16321 0
16322 1
16323 0
16324 2
16325 1
16326 1
16327 1
16328 3
16329 3
16330 1
16331 6
16332 0
16333 0
16334 1
16335 1
16336 1
16337 1
16338 0
16339 1
16340 2
16341 3
16342 2
16343 1
16344 2
16345 2
16346 2
16347 2
16348 2
16349 1
16350 0
16351 1
16352 2
16353 1
16354 1
16355 0
16356 1
16357 2
16358 0
16359 0
16360 0
16361 2
16362 2
16363 1
16364 1
16365 0
16366 0
16367 1
16368 1
16369 3
16370 2
16371 1
16372 1
16373 1
16374 2
16375 0
16376 2
16377 1
16378 0
16379 1
16380 0
16381 4
16382 0
16383 4575
