0 0
1 30
2 32
3 27
4 17
5 15
6 20
7 11
8 7
9 3
10 2
11 1
12 1
13 1
14 2
15 0
16 0
17 0
18 0
19 0
20 0
21 0
22 0
23 0
24 0
25 0
26 0
27 0
28 0
29 0
30 0
31 0
32 0
33 0
34 0
35 0
36 0
37 0
38 0
39 0
40 1
41 0
42 1
43 2
44 1
45 1
46 1
47 2
48 1
49 2
50 3
51 0
52 1
53 5
54 3
55 3
56 2
57 2
58 5
59 5
60 6
61 7
62 3
63 5
64 4
65 9
66 9
67 6
68 12
69 7
70 9
71 17
72 9
73 13
74 25
75 10
76 18
77 17
78 14
79 25
80 30
81 20
82 22
83 34
84 24
85 21
86 29
87 30
88 45
89 30
90 37
91 32
92 38
93 37
94 35
95 46
96 52
97 44
98 51
99 59
100 57
101 51
102 48
103 63
104 54
105 62
106 62
107 50
108 66
109 58
110 67
111 57
112 50
113 64
114 67
115 76
116 71
117 55
118 62
119 69
120 60
121 76
122 67
123 61
124 69
125 55
126 74
127 66
128 64
129 83
130 83
131 65
132 81
133 69
134 74
135 92
136 69
137 84
138 58
139 72
140 66
141 85
142 66
143 72
144 73
145 82
146 75
147 68
148 88
149 78
150 79
151 88
152 78
153 71
154 77
155 74
156 82
157 91
158 78
159 67
160 86
161 91
162 73
163 86
164 81
165 82
166 86
167 80
168 80
169 75
170 79
171 72
172 90
173 69
174 72
175 67
176 80
177 65
178 85
179 90
180 84
181 86
182 77
183 73
184 100
185 103
186 86
187 82
188 78
189 86
190 92
191 90
192 94
193 77
194 77
195 88
196 84
197 80
198 76
199 73
200 69
201 95
202 80
203 80
204 91
205 91
206 77
207 79
208 85
209 87
210 82
211 70
212 75
213 80
214 93
215 96
216 80
217 98
218 72
219 68
220 87
221 97
222 74
223 73
224 90
225 74
226 91
227 64
228 85
229 81
230 88
231 93
232 91
233 85
234 82
235 72
236 88
237 83
238 80
239 87
240 103
241 90
242 88
243 71
244 89
245 76
246 96
247 78
248 87
249 88
250 81
251 89
252 81
253 91
254 88
255 92
256 86
257 91
258 72
259 97
260 105
261 98
262 100
263 96
264 102
265 97
266 83
267 82
268 74
269 95
270 92
271 92
272 72
273 102
274 92
275 100
276 107
277 75
278 82
279 96
280 84
281 92
282 96
283 91
284 97
285 100
286 92
287 85
288 72
289 87
290 93
291 88
292 77
293 87
294 105
295 78
296 108
297 75
298 84
299 100
300 83
301 89
302 92
303 81
304 81
305 85
306 78
307 97
308 86
309 92
310 71
311 100
312 101
313 102
314 107
315 87
316 69
317 86
318 116
319 75
320 100
321 104
322 86
323 102
324 88
325 89
326 87
327 102
328 91
329 75
330 94
331 90
332 86
333 96
334 85
335 75
336 102
337 82
338 81
339 98
340 90
341 94
342 88
343 73
344 75
345 101
346 80
347 90
348 85
349 91
350 83
351 81
352 92
353 81
354 92
355 97
356 92
357 107
358 92
359 98
360 86
361 94
362 76
363 95
364 88
365 91
366 104
367 92
368 90
369 101
370 118
371 88
372 82
373 95
374 96
375 92
376 78
377 104
378 100
379 98
380 89
381 92
382 107
383 83
384 91
385 85
386 72
387 107
388 87
389 85
390 97
391 86
392 83
393 87
394 82
395 90
396 98
397 107
398 95
399 89
400 101
401 88
402 90
403 78
404 88
405 101
406 97
407 90
408 84
409 95
410 78
411 76
412 88
413 84
414 96
415 110
416 97
417 86
418 86
419 97
420 91
421 99
422 86
423 70
424 88
425 99
426 81
427 91
428 82
429 84
430 102
431 90
432 89
433 90
434 93
435 100
436 107
437 90
438 101
439 97
440 101
441 100
442 71
443 91
444 92
445 92
446 90
447 94
448 98
449 79
450 84
451 93
452 92
453 105
454 75
455 83
456 82
457 87
458 100
459 81
460 84
461 75
462 86
463 88
464 81
465 85
466 92
467 99
468 92
469 119
470 92
471 101
472 80
473 95
474 103
475 101
476 79
477 83
478 99
479 91
480 89
481 85
482 81
483 98
484 89
485 86
486 84
487 77
488 104
489 91
490 85
491 100
492 100
493 93
494 81
495 85
496 90
497 106
498 95
499 90
500 73
501 91
502 75
503 79
504 91
505 104
506 97
507 72
508 82
509 72
510 95
511 92
512 88
513 100
514 100
515 93
516 85
517 93
518 85
519 100
520 92
521 83
522 87
523 72
524 97
525 85
526 80
527 63
528 83
529 89
530 93
531 80
532 87
533 81
534 90
535 86
536 96
537 87
538 78
539 82
540 107
541 84
542 69
543 83
544 98
545 76
546 86
547 79
548 86
549 94
550 84
551 89
552 72
553 96
554 97
555 95
556 76
557 87
558 89
559 119
560 98
561 82
562 118
563 82
564 100
565 78
566 85
567 82
568 85
569 99
570 87
571 98
572 100
573 99
574 86
575 87
576 88
577 92
578 88
579 88
580 105
581 94
582 80
583 83
584 93
585 92
586 95
587 81
588 88
589 80
590 80
591 85
592 92
593 92
594 90
595 72
596 79
597 100
598 84
599 79
600 74
601 90
602 85
603 83
604 74
605 78
606 88
607 101
608 95
609 93
610 100
611 90
612 107
613 80
614 92
615 98
616 96
617 93
618 87
619 78
620 85
621 95
622 80
623 91
624 92
625 92
626 94
627 97
628 67
629 70
630 96
631 78
632 80
633 83
634 89
635 95
636 82
637 87
638 87
639 77
640 89
641 98
642 83
643 92
644 76
645 93
646 85
647 88
648 89
649 78
650 87
651 85
652 90
653 86
654 87
655 102
656 91
657 93
658 76
659 88
660 98
661 86
662 95
663 77
664 89
665 97
666 98
667 77
668 90
669 107
670 102
671 98
672 91
673 70
674 82
675 94
676 77
677 104
678 95
679 87
680 84
681 90
682 94
683 77
684 85
685 95
686 87
687 72
688 95
689 104
690 97
691 100
692 105
693 98
694 110
695 91
696 96
697 93
698 83
699 97
700 96
701 80
702 77
703 102
704 91
705 95
706 82
707 83
708 93
709 75
710 71
711 102
712 101
713 102
714 113
715 81
716 75
717 88
718 104
719 99
720 80
721 82
722 76
723 108
724 77
725 77
726 82
727 118
728 91
729 101
730 70
731 96
732 105
733 78
734 100
735 82
736 89
737 94
738 91
739 80
740 102
741 105
742 89
743 74
744 80
745 106
746 91
747 85
748 80
749 74
750 87
751 92
752 76
753 104
754 91
755 92
756 87
757 84
758 80
759 92
760 106
761 93
762 97
763 102
764 87
765 107
766 87
767 106
768 94
769 89
770 93
771 101
772 84
773 102
774 83
775 99
776 101
777 94
778 76
779 99
780 110
781 99
782 83
783 100
784 105
785 81
786 83
787 92
788 92
789 96
790 106
791 93
792 81
793 94
794 76
795 74
796 83
797 97
798 76
799 95
800 100
801 102
802 89
803 119
804 105
805 101
806 102
807 100
808 90
809 98
810 90
811 104
812 99
813 100
814 92
815 92
816 75
817 82
818 98
819 82
820 89
821 65
822 91
823 106
824 79
825 96
826 78
827 94
828 91
829 95
830 124
831 87
832 84
833 81
834 93
835 83
836 105
837 102
838 95
839 107
840 94
841 95
842 80
843 104
844 82
845 84
846 72
847 89
848 89
849 76
850 80
851 88
852 87
853 79
854 99
855 91
856 83
857 99
858 77
859 87
860 88
861 80
862 94
863 99
864 88
865 85
866 87
867 94
868 100
869 91
870 90
871 99
872 80
873 100
874 72
875 91
876 109
877 94
878 96
879 93
880 97
881 93
882 83
883 107
884 95
885 95
886 74
887 81
888 91
889 102
890 98
891 82
892 85
893 88
894 97
895 76
896 90
897 93
898 71
899 84
900 81
901 88
902 90
903 84
904 111
905 96
906 80
907 79
908 85
909 84
910 92
911 106
912 89
913 101
914 92
915 107
916 118
917 91
918 98
919 96
920 81
921 96
922 85
923 80
924 99
925 98
926 104
927 96
928 92
929 89
930 98
931 89
932 87
933 95
934 98
935 82
936 99
937 91
938 105
939 116
940 114
941 107
942 87
943 103
944 86
945 85
946 88
947 101
948 94
949 98
950 103
951 79
952 78
953 101
954 98
955 110
956 93
957 80
958 95
959 94
960 66
961 86
962 111
963 78
964 87
965 90
966 102
967 98
968 90
969 103
970 79
971 85
972 85
973 84
974 83
975 101
976 95
977 88
978 100
979 92
980 85
981 87
982 96
983 88
984 96
985 102
986 78
987 79
988 94
989 99
990 88
991 102
992 85
993 111
994 103
995 92
996 104
997 73
998 108
999 97
1000 102
1001 87
1002 97
1003 97
1004 90
1005 94
1006 95
1007 89
1008 90
1009 94
1010 91
1011 90
1012 80
1013 100
1014 95
1015 84
1016 84
1017 69
1018 90
1019 83
1020 88
1021 94
1022 82
1023 90
1024 102
1025 98
1026 79
1027 123
1028 78
1029 93
1030 97
1031 98
1032 107
1033 105
1034 89
1035 99
1036 88
1037 108
1038 108
1039 85
1040 87
1041 100
1042 91
1043 106
1044 100
1045 100
1046 86
1047 82
1048 91
1049 88
1050 84
1051 81
1052 102
1053 86
1054 115
1055 75
1056 101
1057 83
1058 104
1059 102
1060 80
1061 76
1062 99
1063 90
1064 97
1065 97
1066 101
1067 98
1068 93
1069 95
1070 87
1071 94
1072 90
1073 83
1074 90
1075 86
1076 89
1077 93
1078 89
1079 101
1080 94
1081 92
1082 100
1083 91
1084 100
1085 102
1086 90
1087 94
1088 86
1089 87
1090 91
1091 82
1092 103
1093 88
1094 97
1095 84
1096 90
1097 100
1098 101
1099 101
1100 86
1101 103
1102 96
1103 98
1104 81
1105 99
1106 95
1107 96
1108 100
1109 89
1110 99
1111 109
1112 98
1113 102
1114 90
1115 93
1116 95
1117 92
1118 88
1119 102
1120 83
1121 85
1122 99
1123 92
1124 81
1125 100
1126 90
1127 99
1128 93
1129 81
1130 98
1131 107
1132 97
1133 89
1134 99
1135 91
1136 92
1137 82
1138 85
1139 93
1140 94
1141 95
1142 92
1143 84
1144 89
1145 100
1146 93
1147 89
1148 76
1149 71
1150 91
1151 100
1152 105
1153 104
1154 88
1155 112
1156 91
1157 93
1158 90
1159 99
1160 93
1161 88
1162 81
1163 87
1164 108
1165 119
1166 80
1167 70
1168 106
1169 91
1170 103
1171 87
1172 119
1173 96
1174 104
1175 98
1176 102
1177 98
1178 95
1179 91
1180 84
1181 101
1182 91
1183 111
1184 87
1185 91
1186 89
1187 96
1188 84
1189 96
1190 107
1191 94
1192 88
1193 90
1194 96
1195 86
1196 99
1197 100
1198 84
1199 99
1200 90
1201 92
1202 115
1203 98
1204 103
1205 94
1206 96
1207 89
1208 96
1209 103
1210 94
1211 87
1212 87
1213 79
1214 104
1215 92
1216 89
1217 74
1218 89
1219 116
1220 99
1221 104
1222 80
1223 86
1224 91
1225 91
1226 102
1227 105
1228 99
1229 66
1230 82
1231 107
1232 91
1233 98
1234 97
1235 100
1236 89
1237 89
1238 87
1239 86
1240 93
1241 83
1242 95
1243 93
1244 94
1245 94
1246 88
1247 89
1248 90
1249 106
1250 105
1251 88
1252 93
1253 98
1254 86
1255 119
1256 88
1257 100
1258 99
1259 83
1260 89
1261 102
1262 88
1263 99
1264 110
1265 101
1266 106
1267 98
1268 93
1269 83
1270 95
1271 98
1272 98
1273 107
1274 88
1275 98
1276 76
1277 83
1278 102
1279 83
1280 100
1281 99
1282 103
1283 83
1284 97
1285 101
1286 78
1287 98
1288 100
1289 96
1290 94
1291 103
1292 96
1293 67
1294 91
1295 99
1296 91
1297 72
1298 96
1299 90
1300 92
1301 104
1302 100
1303 103
1304 94
1305 75
1306 102
1307 107
1308 100
1309 107
1310 82
1311 94
1312 122
1313 102
1314 95
1315 113
1316 106
1317 90
1318 90
1319 89
1320 98
1321 80
1322 103
1323 99
1324 90
1325 103
1326 89
1327 90
1328 86
1329 94
1330 106
1331 90
1332 103
1333 111
1334 92
1335 90
1336 97
1337 86
1338 80
1339 98
1340 110
1341 81
1342 83
1343 99
1344 86
1345 107
1346 87
1347 96
1348 82
1349 78
1350 92
1351 85
1352 85
1353 83
1354 89
1355 117
1356 89
1357 93
1358 107
1359 73
1360 93
1361 103
1362 94
1363 106
1364 82
1365 83
1366 96
1367 114
1368 91
1369 110
1370 92
1371 90
1372 96
1373 91
1374 90
1375 108
1376 91
1377 97
1378 96
1379 91
1380 92
1381 96
1382 111
1383 92
1384 87
1385 103
1386 89
1387 90
1388 88
1389 109
1390 88
1391 91
1392 105
1393 69
1394 103
1395 84
1396 96
1397 85
1398 105
1399 94
1400 90
1401 93
1402 94
1403 76
1404 86
1405 110
1406 85
1407 109
1408 93
1409 100
1410 94
1411 93
1412 87
1413 89
1414 95
1415 86
1416 85
1417 94
1418 93
1419 95
1420 106
1421 90
1422 73
1423 91
1424 99
1425 97
1426 91
1427 95
1428 97
1429 94
1430 94
1431 93
1432 99
1433 81
1434 89
1435 107
1436 77
1437 82
1438 93
1439 95
1440 79
1441 107
1442 95
1443 92
1444 96
1445 78
1446 84
1447 94
1448 88
1449 89
1450 82
1451 96
1452 81
1453 91
1454 93
1455 89
1456 86
1457 81
1458 89
1459 92
1460 78
1461 90
1462 98
1463 89
1464 63
1465 87
1466 87
1467 82
1468 103
1469 97
1470 77
1471 94
1472 77
1473 102
1474 99
1475 94
1476 111
1477 91
1478 83
1479 86
1480 97
1481 89
1482 91
1483 94
1484 84
1485 87
1486 93
1487 97
1488 89
1489 72
1490 108
1491 86
1492 103
1493 87
1494 74
1495 90
1496 114
1497 93
1498 89
1499 92
1500 79
1501 89
1502 89
1503 96
1504 95
1505 80
1506 89
1507 102
1508 88
1509 95
1510 80
1511 100
1512 88
1513 96
1514 83
1515 86
1516 95
1517 110
1518 81
1519 108
1520 113
1521 92
1522 99
1523 86
1524 100
1525 81
1526 93
1527 89
1528 105
1529 95
1530 87
1531 89
1532 79
1533 101
1534 83
1535 85
1536 85
1537 95
1538 83
1539 93
1540 100
1541 91
1542 91
1543 83
1544 87
1545 124
1546 100
1547 76
1548 97
1549 102
1550 98
1551 101
1552 99
1553 69
1554 112
1555 86
1556 84
1557 92
1558 99
1559 99
1560 68
1561 101
1562 81
1563 88
1564 86
1565 77
1566 85
1567 87
1568 90
1569 91
1570 107
1571 90
1572 103
1573 89
1574 90
1575 86
1576 84
1577 94
1578 81
1579 87
1580 94
1581 76
1582 78
1583 83
1584 95
1585 98
1586 87
1587 85
1588 86
1589 95
1590 112
1591 105
1592 79
1593 82
1594 86
1595 101
1596 95
1597 74
1598 98
1599 80
1600 86
1601 85
1602 82
1603 99
1604 98
1605 83
1606 89
1607 85
1608 92
1609 72
1610 86
1611 123
1612 99
1613 88
1614 96
1615 87
1616 94
1617 85
1618 109
1619 109
1620 93
1621 90
1622 92
1623 94
1624 95
1625 91
1626 86
1627 80
1628 89
1629 85
1630 105
1631 90
1632 88
1633 91
1634 85
1635 95
1636 93
1637 95
1638 81
1639 106
1640 100
1641 102
1642 88
1643 99
1644 79
1645 78
1646 93
1647 90
1648 92
1649 95
1650 93
1651 84
1652 88
1653 92
1654 79
1655 86
1656 86
1657 83
1658 90
1659 76
1660 82
1661 93
1662 96
1663 89
1664 97
1665 92
1666 105
1667 85
1668 80
1669 84
1670 100
1671 82
1672 80
1673 87
1674 94
1675 102
1676 102
1677 98
1678 99
1679 92
1680 73
1681 106
1682 99
1683 91
1684 95
1685 105
1686 86
1687 83
1688 86
1689 83
1690 93
1691 96
1692 90
1693 88
1694 99
1695 78
1696 95
1697 88
1698 94
1699 109
1700 90
1701 93
1702 103
1703 80
1704 94
1705 94
1706 87
1707 97
1708 89
1709 94
1710 88
1711 103
1712 73
1713 88
1714 76
1715 94
1716 85
1717 75
1718 98
1719 91
1720 94
1721 89
1722 114
1723 107
1724 75
1725 88
1726 103
1727 100
1728 84
1729 95
1730 95
1731 97
1732 78
1733 90
1734 94
1735 64
1736 84
1737 89
1738 102
1739 96
1740 100
1741 105
1742 107
1743 83
1744 90
1745 85
1746 80
1747 97
1748 87
1749 87
1750 89
1751 76
1752 94
1753 100
1754 89
1755 100
1756 88
1757 84
1758 98
1759 73
1760 66
1761 91
1762 103
1763 77
1764 78
1765 90
1766 102
1767 96
1768 98
1769 105
1770 92
1771 73
1772 92
1773 104
1774 92
1775 98
1776 86
1777 78
1778 72
1779 90
1780 87
1781 101
1782 76
1783 86
1784 94
1785 67
1786 88
1787 90
1788 97
1789 89
1790 89
1791 89
1792 94
1793 100
1794 80
1795 100
1796 94
1797 88
1798 95
1799 93
1800 103
1801 96
1802 79
1803 105
1804 89
1805 92
1806 98
1807 91
1808 91
1809 100
1810 95
1811 91
1812 103
1813 100
1814 82
1815 85
1816 70
1817 96
1818 95
1819 89
1820 83
1821 88
1822 102
1823 100
1824 73
1825 93
1826 81
1827 99
1828 93
1829 95
1830 97
1831 90
1832 98
1833 103
1834 85
1835 87
1836 107
1837 81
1838 108
1839 102
1840 91
1841 92
1842 93
1843 77
1844 96
1845 82
1846 90
1847 114
1848 111
1849 81
1850 89
1851 115
1852 86
1853 90
1854 86
1855 111
1856 95
1857 84
1858 89
1859 83
1860 77
1861 91
1862 87
1863 115
1864 76
1865 76
1866 87
1867 97
1868 85
1869 85
1870 106
1871 101
1872 89
1873 113
1874 94
1875 81
1876 75
1877 105
1878 93
1879 75
1880 102
1881 85
1882 83
1883 96
1884 100
1885 90
1886 97
1887 83
1888 115
1889 86
1890 81
1891 106
1892 95
1893 90
1894 91
1895 78
1896 75
1897 95
1898 94
1899 85
1900 83
1901 81
1902 102
1903 91
1904 79
1905 74
1906 107
1907 103
1908 102
1909 87
1910 86
1911 83
1912 79
1913 78
1914 87
1915 78
1916 105
1917 92
1918 94
1919 95
1920 100
1921 104
1922 97
1923 89
1924 95
1925 110
1926 101
1927 78
1928 93
1929 93
1930 111
1931 111
1932 76
1933 97
1934 92
1935 112
1936 98
1937 93
1938 118
1939 111
1940 73
1941 99
1942 103
1943 93
1944 103
1945 98
1946 100
1947 96
1948 96
1949 110
1950 84
1951 112
1952 103
1953 102
1954 108
1955 92
1956 95
1957 111
1958 99
1959 124
1960 119
1961 97
1962 105
1963 93
1964 101
1965 109
1966 96
1967 109
1968 99
1969 114
1970 109
1971 107
1972 114
1973 94
1974 88
1975 103
1976 120
1977 107
1978 102
1979 118
1980 107
1981 105
1982 117
1983 99
1984 112
1985 130
1986 118
1987 137
1988 117
1989 131
1990 130
1991 133
1992 125
1993 122
1994 110
1995 138
1996 133
1997 119
1998 138
1999 114
2000 108
2001 128
2002 113
2003 133
2004 125
2005 112
2006 135
2007 121
2008 124
2009 125
2010 130
2011 124
2012 131
2013 106
2014 118
2015 134
2016 130
2017 125
2018 131
2019 140
2020 130
2021 126
2022 149
2023 119
2024 124
2025 112
2026 100
2027 113
2028 138
2029 130
2030 109
2031 149
2032 123
2033 135
2034 139
2035 112
2036 117
2037 99
2038 113
2039 119
2040 134
2041 117
2042 117
2043 129
2044 119
2045 136
2046 125
2047 121
2048 114
2049 119
2050 132
2051 116
2052 125
2053 114
2054 117
2055 117
2056 115
2057 124
2058 130
2059 114
2060 121
2061 115
2062 120
2063 131
2064 130
2065 106
2066 117
2067 113
2068 107
2069 118
2070 106
2071 111
2072 141
2073 132
2074 114
2075 94
2076 109
2077 101
2078 104
2079 127
2080 110
2081 109
2082 118
2083 97
2084 122
2085 113
2086 101
2087 111
2088 104
2089 113
2090 118
2091 106
2092 122
2093 119
2094 115
2095 105
2096 122
2097 117
2098 112
2099 108
2100 116
2101 93
2102 107
2103 96
2104 107
2105 120
2106 104
2107 113
2108 108
2109 123
2110 116
2111 103
2112 119
2113 101
2114 119
2115 130
2116 97
2117 105
2118 100
2119 114
2120 124
2121 109
2122 115
2123 107
2124 120
2125 105
2126 134
2127 114
2128 105
2129 88
2130 95
2131 103
2132 109
2133 119
2134 98
2135 117
2136 101
2137 93
2138 117
2139 107
2140 106
2141 125
2142 107
2143 119
2144 101
2145 120
2146 82
2147 96
2148 101
2149 94
2150 101
2151 113
2152 100
2153 113
2154 112
2155 117
2156 99
2157 100
2158 91
2159 107
2160 89
2161 104
2162 122
2163 95
2164 98
2165 129
2166 84
2167 114
2168 96
2169 95
2170 89
2171 108
2172 91
2173 92
2174 114
2175 98
2176 110
2177 104
2178 115
2179 107
2180 105
2181 96
2182 107
2183 108
2184 108
2185 109
2186 108
2187 93
2188 95
2189 95
2190 104
2191 93
2192 106
2193 109
2194 119
2195 108
2196 86
2197 93
2198 103
2199 112
2200 88
2201 76
2202 103
2203 90
2204 101
2205 107
2206 99
2207 98
2208 110
2209 116
2210 109
2211 89
2212 92
2213 98
2214 91
2215 125
2216 108
2217 89
2218 81
2219 104
2220 112
2221 94
2222 89
2223 84
2224 107
2225 82
2226 86
2227 110
2228 85
2229 101
2230 101
2231 118
2232 112
2233 92
2234 102
2235 121
2236 108
2237 108
2238 90
2239 96
2240 87
2241 90
2242 81
2243 102
2244 82
2245 95
2246 98
2247 83
2248 92
2249 97
2250 93
2251 100
2252 116
2253 104
2254 90
2255 114
2256 100
2257 101
2258 93
2259 85
2260 98
2261 105
2262 78
2263 105
2264 102
2265 121
2266 90
2267 88
2268 80
2269 95
2270 115
2271 103
2272 85
2273 94
2274 101
2275 97
2276 100
2277 85
2278 91
2279 100
2280 104
2281 95
2282 85
2283 78
2284 95
2285 92
2286 85
2287 87
2288 102
2289 109
2290 103
2291 94
2292 99
2293 87
2294 83
2295 121
2296 92
2297 96
2298 103
2299 98
2300 114
2301 84
2302 91
2303 80
2304 78
2305 110
2306 77
2307 105
2308 81
2309 99
2310 103
2311 101
2312 92
2313 80
2314 88
2315 84
2316 103
2317 105
2318 102
2319 81
2320 91
2321 89
2322 96
2323 82
2324 97
2325 97
2326 74
2327 91
2328 84
2329 92
2330 97
2331 95
2332 98
2333 102
2334 86
2335 85
2336 87
2337 94
2338 67
2339 111
2340 86
2341 91
2342 88
2343 87
2344 101
2345 89
2346 92
2347 80
2348 95
2349 85
2350 92
2351 99
2352 99
2353 100
2354 81
2355 88
2356 83
2357 93
2358 88
2359 88
2360 86
2361 93
2362 79
2363 84
2364 79
2365 102
2366 90
2367 73
2368 97
2369 98
2370 81
2371 93
2372 82
2373 97
2374 84
2375 99
2376 91
2377 94
2378 92
2379 81
2380 86
2381 101
2382 78
2383 92
2384 78
2385 71
2386 91
2387 82
2388 91
2389 105
2390 87
2391 93
2392 93
2393 82
2394 90
2395 87
2396 113
2397 107
2398 88
2399 88
2400 87
2401 89
2402 84
2403 87
2404 90
2405 74
2406 90
2407 110
2408 86
2409 92
2410 80
2411 84
2412 81
2413 103
2414 104
2415 78
2416 80
2417 87
2418 75
2419 71
2420 101
2421 92
2422 93
2423 94
2424 91
2425 84
2426 81
2427 94
2428 108
2429 88
2430 80
2431 94
2432 82
2433 83
2434 108
2435 101
2436 103
2437 81
2438 89
2439 72
2440 101
2441 89
2442 85
2443 89
2444 82
2445 82
2446 83
2447 85
2448 78
2449 94
2450 76
2451 93
2452 100
2453 100
2454 91
2455 97
2456 95
2457 92
2458 74
2459 88
2460 90
2461 80
2462 87
2463 85
2464 91
2465 81
2466 97
2467 101
2468 101
2469 94
2470 92
2471 86
2472 80
2473 98
2474 80
2475 81
2476 87
2477 78
2478 90
2479 84
2480 82
2481 86
2482 75
2483 82
2484 102
2485 89
2486 84
2487 97
2488 90
2489 85
2490 89
2491 94
2492 90
2493 94
2494 93
2495 75
2496 96
2497 85
2498 91
2499 87
2500 84
2501 76
2502 95
2503 105
2504 93
2505 83
2506 70
2507 88
2508 96
2509 97
2510 75
2511 84
2512 89
2513 85
2514 76
2515 80
2516 80
2517 89
2518 89
2519 86
2520 69
2521 78
2522 75
2523 77
2524 109
2525 99
2526 75
2527 83
2528 86
2529 89
2530 80
2531 81
2532 101
2533 69
2534 81
2535 88
2536 74
2537 101
2538 92
2539 70
2540 70
2541 86
2542 83
2543 94
2544 82
2545 88
2546 68
2547 73
2548 76
2549 81
2550 74
2551 71
2552 88
2553 82
2554 91
2555 96
2556 93
2557 104
2558 71
2559 89
2560 94
2561 79
2562 83
2563 80
2564 82
2565 80
2566 92
2567 90
2568 84
2569 85
2570 91
2571 82
2572 94
2573 86
2574 104
2575 110
2576 114
2577 113
2578 77
2579 70
2580 92
2581 83
2582 83
2583 91
2584 79
2585 80
2586 79
2587 73
2588 84
2589 79
2590 86
2591 90
2592 83
2593 82
2594 69
2595 87
2596 90
2597 85
2598 92
2599 79
2600 87
2601 96
2602 71
2603 79
2604 84
2605 106
2606 71
2607 71
2608 86
2609 104
2610 83
2611 92
2612 86
2613 78
2614 74
2615 79
2616 92
2617 89
2618 78
2619 102
2620 89
2621 87
2622 78
2623 88
2624 77
2625 82
2626 101
2627 64
2628 95
2629 91
2630 95
2631 92
2632 84
2633 89
2634 90
2635 90
2636 82
2637 82
2638 90
2639 70
2640 74
2641 79
2642 90
2643 79
2644 98
2645 82
2646 71
2647 84
2648 86
2649 82
2650 81
2651 96
2652 88
2653 73
2654 88
2655 78
2656 87
2657 75
2658 71
2659 84
2660 94
2661 86
2662 87
2663 81
2664 84
2665 76
2666 82
2667 78
2668 93
2669 95
2670 72
2671 71
2672 79
2673 74
2674 72
2675 100
2676 74
2677 80
2678 90
2679 79
2680 88
2681 87
2682 79
2683 77
2684 76
2685 87
2686 89
2687 88
2688 89
2689 77
2690 72
2691 75
2692 86
2693 77
2694 84
2695 94
2696 90
2697 91
2698 83
2699 105
2700 77
2701 82
2702 95
2703 81
2704 99
2705 85
2706 96
2707 99
2708 82
2709 76
2710 72
2711 78
2712 64
2713 74
2714 82
2715 74
2716 78
2717 78
2718 58
2719 80
2720 90
2721 89
2722 84
2723 82
2724 94
2725 97
2726 81
2727 76
2728 78
2729 88
2730 90
2731 110
2732 76
2733 92
2734 83
2735 61
2736 91
2737 87
2738 91
2739 82
2740 90
2741 78
2742 75
2743 83
2744 93
2745 82
2746 65
2747 104
2748 93
2749 76
2750 86
2751 90
2752 73
2753 101
2754 64
2755 89
2756 70
2757 86
2758 78
2759 83
2760 88
2761 104
2762 86
2763 84
2764 75
2765 82
2766 94
2767 85
2768 96
2769 74
2770 81
2771 90
2772 96
2773 100
2774 65
2775 78
2776 83
2777 83
2778 85
2779 91
2780 100
2781 84
2782 86
2783 76
2784 82
2785 81
2786 78
2787 79
2788 85
2789 92
2790 98
2791 84
2792 74
2793 76
2794 77
2795 89
2796 81
2797 86
2798 83
2799 85
2800 94
2801 73
2802 79
2803 97
2804 85
2805 69
2806 94
2807 81
2808 92
2809 81
2810 83
2811 93
2812 77
2813 76
2814 75
2815 75
2816 83
2817 106
2818 81
2819 76
2820 88
2821 94
2822 74
2823 87
2824 94
2825 88
2826 86
2827 66
2828 71
2829 91
2830 83
2831 79
2832 79
2833 71
2834 87
2835 84
2836 76
2837 79
2838 95
2839 95
2840 82
2841 92
2842 87
2843 76
2844 88
2845 64
2846 82
2847 74
2848 85
2849 94
2850 98
2851 92
2852 77
2853 92
2854 69
2855 74
2856 95
2857 98
2858 83
2859 81
2860 69
2861 90
2862 87
2863 66
2864 92
2865 65
2866 74
2867 97
2868 84
2869 69
2870 88
2871 86
2872 92
2873 81
2874 72
2875 89
2876 78
2877 91
2878 70
2879 93
2880 85
2881 84
2882 72
2883 73
2884 77
2885 95
2886 71
2887 81
2888 81
2889 98
2890 77
2891 68
2892 69
2893 92
2894 75
2895 90
2896 84
2897 77
2898 72
2899 85
2900 66
2901 80
2902 74
2903 82
2904 69
2905 75
2906 79
2907 87
2908 76
2909 86
2910 85
2911 92
2912 80
2913 74
2914 82
2915 92
2916 87
2917 78
2918 84
2919 90
2920 76
2921 75
2922 77
2923 77
2924 84
2925 92
2926 79
2927 71
2928 92
2929 59
2930 84
2931 94
2932 81
2933 79
2934 85
2935 75
2936 96
2937 81
2938 70
2939 77
2940 68
2941 87
2942 95
2943 81
2944 73
2945 62
2946 85
2947 85
2948 68
2949 84
2950 82
2951 63
2952 84
2953 71
2954 102
2955 77
2956 83
2957 94
2958 92
2959 86
2960 89
2961 74
2962 85
2963 80
2964 67
2965 70
2966 61
2967 83
2968 105
2969 85
2970 84
2971 65
2972 78
2973 73
2974 74
2975 81
2976 71
2977 72
2978 88
2979 78
2980 83
2981 85
2982 77
2983 68
2984 79
2985 72
2986 85
2987 70
2988 84
2989 75
2990 86
2991 73
2992 90
2993 75
2994 80
2995 69
2996 83
2997 60
2998 82
2999 83
3000 92
3001 82
3002 86
3003 87
3004 72
3005 83
3006 84
3007 82
3008 84
3009 78
3010 74
3011 83
3012 71
3013 85
3014 70
3015 81
3016 78
3017 88
3018 64
3019 83
3020 87
3021 82
3022 79
3023 78
3024 83
3025 91
3026 79
3027 66
3028 72
3029 80
3030 80
3031 85
3032 75
3033 86
3034 96
3035 73
3036 74
3037 74
3038 80
3039 76
3040 81
3041 66
3042 87
3043 92
3044 93
3045 72
3046 73
3047 63
3048 65
3049 83
3050 80
3051 81
3052 81
3053 90
3054 86
3055 83
3056 78
3057 94
3058 86
3059 79
3060 88
3061 72
3062 77
3063 64
3064 82
3065 73
3066 83
3067 75
3068 81
3069 78
3070 68
3071 69
3072 95
3073 87
3074 84
3075 77
3076 79
3077 88
3078 84
3079 87
3080 91
3081 94
3082 95
3083 74
3084 84
3085 75
3086 70
3087 73
3088 82
3089 78
3090 71
3091 75
3092 66
3093 88
3094 87
3095 90
3096 64
3097 68
3098 86
3099 61
3100 97
3101 86
3102 71
3103 65
3104 71
3105 91
3106 73
3107 98
3108 79
3109 92
3110 75
3111 63
3112 91
3113 73
3114 76
3115 83
3116 97
3117 83
3118 75
3119 81
3120 74
3121 96
3122 82
3123 76
3124 95
3125 70
3126 78
3127 75
3128 88
3129 68
3130 81
3131 65
3132 83
3133 82
3134 83
3135 88
3136 70
3137 88
3138 67
3139 84
3140 77
3141 68
3142 86
3143 75
3144 92
3145 65
3146 76
3147 70
3148 72
3149 89
3150 86
3151 70
3152 79
3153 85
3154 79
3155 80
3156 77
3157 69
3158 59
3159 70
3160 65
3161 82
3162 70
3163 81
3164 87
3165 73
3166 76
3167 83
3168 80
3169 72
3170 77
3171 75
3172 72
3173 88
3174 75
3175 96
3176 73
3177 81
3178 91
3179 70
3180 79
3181 76
3182 83
3183 74
3184 67
3185 67
3186 80
3187 95
3188 96
3189 89
3190 87
3191 79
3192 89
3193 84
3194 86
3195 97
3196 79
3197 73
3198 64
3199 72
3200 72
3201 83
3202 75
3203 75
3204 74
3205 90
3206 72
3207 87
3208 85
3209 82
3210 71
3211 74
3212 77
3213 89
3214 72
3215 87
3216 81
3217 71
3218 65
3219 80
3220 64
3221 87
3222 85
3223 58
3224 95
3225 67
3226 72
3227 97
3228 96
3229 78
3230 89
3231 80
3232 87
3233 74
3234 71
3235 72
3236 87
3237 74
3238 84
3239 83
3240 86
3241 64
3242 82
3243 86
3244 83
3245 77
3246 76
3247 88
3248 93
3249 92
3250 80
3251 72
3252 80
3253 69
3254 91
3255 71
3256 65
3257 77
3258 89
3259 80
3260 89
3261 76
3262 83
3263 80
3264 93
3265 87
3266 82
3267 66
3268 72
3269 73
3270 89
3271 101
3272 85
3273 76
3274 82
3275 65
3276 80
3277 79
3278 77
3279 78
3280 78
3281 74
3282 79
3283 70
3284 75
3285 76
3286 73
3287 67
3288 75
3289 65
3290 80
3291 70
3292 85
3293 73
3294 80
3295 67
3296 81
3297 68
3298 104
3299 73
3300 77
3301 96
3302 66
3303 91
3304 69
3305 92
3306 92
3307 76
3308 96
3309 72
3310 76
3311 78
3312 58
3313 68
3314 71
3315 80
3316 73
3317 92
3318 90
3319 84
3320 75
3321 68
3322 68
3323 82
3324 68
3325 79
3326 74
3327 97
3328 82
3329 83
3330 81
3331 76
3332 77
3333 61
3334 64
3335 68
3336 93
3337 78
3338 97
3339 79
3340 74
3341 85
3342 85
3343 73
3344 80
3345 87
3346 82
3347 62
3348 87
3349 76
3350 91
3351 82
3352 89
3353 68
3354 81
3355 78
3356 77
3357 56
3358 64
3359 82
3360 83
3361 79
3362 87
3363 90
3364 87
3365 74
3366 83
3367 90
3368 87
3369 79
3370 71
3371 65
3372 90
3373 77
3374 86
3375 74
3376 67
3377 86
3378 70
3379 96
3380 79
3381 92
3382 78
3383 87
3384 89
3385 78
3386 68
3387 58
3388 83
3389 63
3390 87
3391 88
3392 91
3393 79
3394 77
3395 82
3396 66
3397 62
3398 88
3399 79
3400 90
3401 71
3402 77
3403 79
3404 87
3405 49
3406 74
3407 66
3408 69
3409 91
3410 80
3411 71
3412 81
3413 72
3414 73
3415 68
3416 83
3417 82
3418 95
3419 84
3420 68
3421 71
3422 73
3423 92
3424 86
3425 69
3426 76
3427 79
3428 70
3429 80
3430 65
3431 86
3432 91
3433 78
3434 68
3435 80
3436 77
3437 77
3438 79
3439 85
3440 86
3441 91
3442 80
3443 76
3444 68
3445 80
3446 75
3447 73
3448 68
3449 80
3450 83
3451 98
3452 85
3453 78
3454 78
3455 84
3456 78
3457 77
3458 72
3459 77
3460 84
3461 85
3462 83
3463 65
3464 72
3465 73
3466 96
3467 67
3468 71
3469 75
3470 73
3471 82
3472 79
3473 73
3474 69
3475 67
3476 67
3477 75
3478 79
3479 72
3480 74
3481 79
3482 79
3483 74
3484 78
3485 71
3486 76
3487 75
3488 64
3489 83
3490 91
3491 69
3492 90
3493 64
3494 90
3495 81
3496 74
3497 94
3498 86
3499 65
3500 73
3501 68
3502 94
3503 75
3504 82
3505 64
3506 65
3507 65
3508 81
3509 99
3510 76
3511 89
3512 80
3513 68
3514 81
3515 74
3516 86
3517 71
3518 86
3519 88
3520 72
3521 85
3522 67
3523 85
3524 80
3525 79
3526 72
3527 75
3528 63
3529 79
3530 76
3531 81
3532 86
3533 71
3534 93
3535 79
3536 106
3537 70
3538 87
3539 82
3540 76
3541 84
3542 89
3543 75
3544 71
3545 72
3546 84
3547 95
3548 89
3549 73
3550 75
3551 78
3552 65
3553 86
3554 91
3555 64
3556 80
3557 82
3558 87
3559 88
3560 85
3561 86
3562 82
3563 90
3564 82
3565 72
3566 77
3567 75
3568 73
3569 73
3570 87
3571 76
3572 82
3573 75
3574 80
3575 71
3576 75
3577 73
3578 76
3579 76
3580 85
3581 82
3582 68
3583 84
3584 87
3585 74
3586 79
3587 82
3588 77
3589 87
3590 83
3591 101
3592 94
3593 80
3594 85
3595 86
3596 75
3597 83
3598 67
3599 84
3600 69
3601 93
3602 90
3603 69
3604 70
3605 78
3606 92
3607 91
3608 76
3609 79
3610 95
3611 94
3612 92
3613 86
3614 84
3615 80
3616 95
3617 82
3618 76
3619 85
3620 96
3621 66
3622 74
3623 82
3624 93
3625 74
3626 72
3627 73
3628 58
3629 80
3630 97
3631 72
3632 74
3633 69
3634 84
3635 68
3636 84
3637 78
3638 89
3639 77
3640 82
3641 73
3642 75
3643 91
3644 72
3645 68
3646 89
3647 82
3648 86
3649 78
3650 78
3651 76
3652 80
3653 69
3654 66
3655 74
3656 86
3657 75
3658 95
3659 93
3660 77
3661 77
3662 67
3663 68
3664 69
3665 64
3666 72
3667 74
3668 57
3669 70
3670 89
3671 72
3672 86
3673 87
3674 81
3675 71
3676 95
3677 81
3678 74
3679 85
3680 87
3681 54
3682 72
3683 83
3684 73
3685 74
3686 85
3687 68
3688 79
3689 81
3690 77
3691 88
3692 84
3693 73
3694 73
3695 89
3696 73
3697 86
3698 61
3699 79
3700 69
3701 62
3702 62
3703 72
3704 92
3705 88
3706 59
3707 85
3708 96
3709 76
3710 70
3711 87
3712 56
3713 82
3714 88
3715 85
3716 81
3717 79
3718 83
3719 79
3720 70
3721 86
3722 82
3723 70
3724 88
3725 87
3726 90
3727 78
3728 53
3729 87
3730 68
3731 78
3732 78
3733 79
3734 85
3735 81
3736 78
3737 80
3738 90
3739 68
3740 68
3741 74
3742 87
3743 74
3744 87
3745 74
3746 86
3747 97
3748 69
3749 89
3750 87
3751 70
3752 85
3753 80
3754 75
3755 77
3756 74
3757 76
3758 94
3759 74
3760 86
3761 63
3762 86
3763 86
3764 76
3765 89
3766 74
3767 76
3768 81
3769 73
3770 78
3771 73
3772 73
3773 81
3774 91
3775 88
3776 87
3777 79
3778 99
3779 75
3780 73
3781 72
3782 85
3783 89
3784 78
3785 84
3786 84
3787 78
3788 76
3789 75
3790 102
3791 74
3792 86
3793 105
3794 88
3795 69
3796 94
3797 79
3798 81
3799 81
3800 83
3801 87
3802 74
3803 87
3804 75
3805 83
3806 74
3807 80
3808 82
3809 87
3810 77
3811 71
3812 58
3813 69
3814 67
3815 76
3816 76
3817 95
3818 87
3819 90
3820 93
3821 72
3822 78
3823 65
3824 74
3825 78
3826 88
3827 92
3828 99
3829 74
3830 81
3831 90
3832 85
3833 76
3834 79
3835 66
3836 88
3837 93
3838 64
3839 72
3840 70
3841 78
3842 63
3843 79
3844 75
3845 89
3846 80
3847 84
3848 76
3849 75
3850 82
3851 80
3852 90
3853 92
3854 81
3855 87
3856 82
3857 77
3858 71
3859 79
3860 86
3861 95
3862 69
3863 73
3864 87
3865 72
3866 91
3867 56
3868 75
3869 94
3870 83
3871 71
3872 78
3873 72
3874 71
3875 70
3876 90
3877 75
3878 63
3879 67
3880 79
3881 91
3882 78
3883 80
3884 74
3885 83
3886 68
3887 76
3888 81
3889 78
3890 78
3891 95
3892 79
3893 76
3894 78
3895 83
3896 94
3897 62
3898 76
3899 83
3900 87
3901 74
3902 86
3903 80
3904 67
3905 77
3906 78
3907 76
3908 68
3909 99
3910 67
3911 85
3912 68
3913 77
3914 90
3915 63
3916 67
3917 73
3918 76
3919 87
3920 86
3921 70
3922 75
3923 69
3924 81
3925 80
3926 80
3927 81
3928 93
3929 74
3930 104
3931 70
3932 88
3933 83
3934 79
3935 83
3936 96
3937 83
3938 82
3939 94
3940 96
3941 88
3942 88
3943 96
3944 69
3945 77
3946 86
3947 88
3948 74
3949 80
3950 78
3951 89
3952 77
3953 79
3954 78
3955 69
3956 101
3957 71
3958 69
3959 82
3960 82
3961 83
3962 92
3963 68
3964 77
3965 78
3966 84
3967 97
3968 78
3969 70
3970 67
3971 74
3972 88
3973 90
3974 87
3975 89
3976 76
3977 85
3978 72
3979 79
3980 89
3981 65
3982 90
3983 84
3984 89
3985 66
3986 85
3987 85
3988 73
3989 72
3990 95
3991 78
3992 99
3993 91
3994 80
3995 79
3996 76
3997 78
3998 55
3999 73
4000 65
4001 68
4002 78
4003 75
4004 87
4005 93
4006 95
4007 72
4008 75
4009 92
4010 82
4011 76
4012 65
4013 87
4014 75
4015 92
4016 82
4017 82
4018 86
4019 73
4020 78
4021 86
4022 83
4023 77
4024 75
4025 76
4026 70
4027 87
4028 61
4029 87
4030 85
4031 95
4032 82
4033 90
4034 100
4035 101
4036 92
4037 75
4038 92
4039 80
4040 91
4041 80
4042 86
4043 74
4044 92
4045 74
4046 74
4047 66
4048 82
4049 82
4050 72
4051 94
4052 118
4053 78
4054 86
4055 86
4056 91
4057 68
4058 84
4059 81
4060 89
4061 73
4062 83
4063 99
4064 82
4065 78
4066 73
4067 95
4068 77
4069 90
4070 57
4071 72
4072 71
4073 95
4074 72
4075 74
4076 78
4077 85
4078 84
4079 92
4080 73
4081 104
4082 76
4083 93
4084 97
4085 87
4086 95
4087 94
4088 81
4089 74
4090 84
4091 91
4092 79
4093 77
4094 75
4095 66
4096 90
4097 96
4098 80
4099 100
4100 66
4101 84
4102 84
4103 77
4104 81
4105 76
4106 82
4107 85
4108 75
4109 87
4110 68
4111 84
4112 76
4113 77
4114 98
4115 86
4116 85
4117 89
4118 81
4119 77
4120 84
4121 76
4122 92
4123 78
4124 79
4125 83
4126 80
4127 86
4128 74
4129 93
4130 83
4131 92
4132 85
4133 91
4134 88
4135 76
4136 76
4137 68
4138 87
4139 78
4140 80
4141 67
4142 86
4143 95
4144 81
4145 93
4146 80
4147 81
4148 81
4149 92
4150 98
4151 93
4152 73
4153 86
4154 80
4155 85
4156 84
4157 77
4158 81
4159 78
4160 68
4161 81
4162 73
4163 66
4164 90
4165 93
4166 85
4167 83
4168 86
4169 98
4170 78
4171 72
4172 80
4173 84
4174 82
4175 69
4176 80
4177 74
4178 88
4179 93
4180 83
4181 91
4182 92
4183 95
4184 84
4185 94
4186 87
4187 104
4188 84
4189 82
4190 87
4191 83
4192 92
4193 82
4194 96
4195 96
4196 81
4197 93
4198 74
4199 77
4200 92
4201 82
4202 86
4203 92
4204 95
4205 85
4206 68
4207 97
4208 90
4209 85
4210 84
4211 71
4212 101
4213 79
4214 79
4215 108
4216 78
4217 97
4218 84
4219 91
4220 101
4221 79
4222 85
4223 84
4224 95
4225 85
4226 79
4227 81
4228 100
4229 93
4230 96
4231 81
4232 91
4233 94
4234 75
4235 83
4236 97
4237 91
4238 92
4239 92
4240 91
4241 92
4242 85
4243 63
4244 74
4245 81
4246 96
4247 83
4248 96
4249 91
4250 88
4251 80
4252 75
4253 87
4254 82
4255 80
4256 103
4257 92
4258 94
4259 96
4260 95
4261 91
4262 107
4263 85
4264 95
4265 74
4266 98
4267 101
4268 88
4269 88
4270 71
4271 103
4272 83
4273 88
4274 83
4275 86
4276 85
4277 81
4278 88
4279 103
4280 90
4281 99
4282 107
4283 87
4284 82
4285 90
4286 82
4287 90
4288 90
4289 95
4290 89
4291 66
4292 80
4293 79
4294 79
4295 80
4296 100
4297 102
4298 91
4299 99
4300 90
4301 93
4302 95
4303 99
4304 85
4305 75
4306 79
4307 87
4308 85
4309 97
4310 89
4311 94
4312 88
4313 79
4314 113
4315 92
4316 89
4317 96
4318 88
4319 91
4320 89
4321 85
4322 102
4323 86
4324 91
4325 66
4326 84
4327 78
4328 104
4329 97
4330 91
4331 87
4332 81
4333 78
4334 92
4335 77
4336 86
4337 94
4338 101
4339 77
4340 95
4341 108
4342 92
4343 83
4344 86
4345 95
4346 96
4347 93
4348 77
4349 78
4350 86
4351 94
4352 91
4353 89
4354 99
4355 109
4356 85
4357 108
4358 96
4359 105
4360 94
4361 93
4362 109
4363 95
4364 99
4365 71
4366 90
4367 88
4368 108
4369 82
4370 79
4371 78
4372 78
4373 91
4374 100
4375 105
4376 90
4377 93
4378 84
4379 86
4380 91
4381 79
4382 75
4383 97
4384 78
4385 98
4386 100
4387 85
4388 97
4389 106
4390 98
4391 78
4392 95
4393 95
4394 91
4395 93
4396 109
4397 87
4398 103
4399 120
4400 105
4401 78
4402 108
4403 102
4404 103
4405 95
4406 93
4407 99
4408 95
4409 99
4410 113
4411 90
4412 92
4413 88
4414 99
4415 75
4416 86
4417 92
4418 90
4419 95
4420 96
4421 91
4422 100
4423 91
4424 88
4425 85
4426 97
4427 105
4428 95
4429 94
4430 89
4431 86
4432 92
4433 91
4434 98
4435 96
4436 100
4437 99
4438 105
4439 87
4440 85
4441 81
4442 90
4443 96
4444 89
4445 102
4446 105
4447 86
4448 83
4449 96
4450 90
4451 95
4452 95
4453 120
4454 106
4455 98
4456 84
4457 101
4458 106
4459 91
4460 94
4461 81
4462 96
4463 90
4464 90
4465 101
4466 107
4467 90
4468 87
4469 99
4470 98
4471 108
4472 84
4473 89
4474 91
4475 109
4476 97
4477 104
4478 83
4479 90
4480 109
4481 96
4482 100
4483 88
4484 101
4485 105
4486 92
4487 80
4488 95
4489 97
4490 108
4491 84
4492 107
4493 109
4494 104
4495 90
4496 90
4497 91
4498 90
4499 101
4500 89
4501 101
4502 90
4503 97
4504 122
4505 104
4506 99
4507 96
4508 108
4509 105
4510 91
4511 103
4512 109
4513 112
4514 102
4515 78
4516 82
4517 107
4518 95
4519 78
4520 101
4521 87
4522 103
4523 110
4524 107
4525 98
4526 110
4527 97
4528 87
4529 99
4530 98
4531 101
4532 92
4533 83
4534 97
4535 104
4536 106
4537 82
4538 109
4539 122
4540 97
4541 92
4542 100
4543 85
4544 87
4545 101
4546 112
4547 99
4548 92
4549 111
4550 105
4551 92
4552 123
4553 98
4554 97
4555 99
4556 96
4557 96
4558 109
4559 114
4560 97
4561 96
4562 108
4563 109
4564 106
4565 109
4566 98
4567 99
4568 120
4569 106
4570 107
4571 93
4572 101
4573 94
4574 106
4575 101
4576 79
4577 92
4578 114
4579 84
4580 127
4581 105
4582 83
4583 108
4584 97
4585 95
4586 103
4587 86
4588 96
4589 90
4590 119
4591 105
4592 110
4593 100
4594 105
4595 87
4596 104
4597 96
4598 106
4599 110
4600 104
4601 122
4602 112
4603 89
4604 92
4605 109
4606 97
4607 107
4608 89
4609 112
4610 106
4611 101
4612 112
4613 112
4614 118
4615 91
4616 119
4617 103
4618 97
4619 79
4620 101
4621 104
4622 116
4623 87
4624 84
4625 89
4626 125
4627 101
4628 110
4629 101
4630 103
4631 98
4632 97
4633 101
4634 118
4635 117
4636 121
4637 84
4638 105
4639 120
4640 109
4641 89
4642 109
4643 103
4644 101
4645 106
4646 96
4647 97
4648 91
4649 116
4650 112
4651 104
4652 115
4653 118
4654 99
4655 117
4656 91
4657 94
4658 110
4659 99
4660 110
4661 98
4662 105
4663 108
4664 96
4665 102
4666 100
4667 127
4668 107
4669 105
4670 114
4671 103
4672 96
4673 98
4674 102
4675 100
4676 106
4677 98
4678 115
4679 107
4680 97
4681 84
4682 108
4683 105
4684 88
4685 121
4686 114
4687 107
4688 113
4689 114
4690 91
4691 106
4692 88
4693 98
4694 105
4695 94
4696 108
4697 119
4698 133
4699 110
4700 112
4701 101
4702 109
4703 134
4704 111
4705 100
4706 90
4707 116
4708 96
4709 91
4710 124
4711 127
4712 96
4713 125
4714 93
4715 107
4716 96
4717 107
4718 103
4719 108
4720 119
4721 122
4722 96
4723 92
4724 112
4725 109
4726 117
4727 92
4728 112
4729 120
4730 131
4731 100
4732 99
4733 103
4734 129
4735 95
4736 122
4737 133
4738 98
4739 110
4740 94
4741 120
4742 102
4743 112
4744 119
4745 125
4746 98
4747 127
4748 104
4749 100
4750 111
4751 113
4752 129
4753 112
4754 100
4755 114
4756 110
4757 86
4758 113
4759 108
4760 107
4761 113
4762 113
4763 115
4764 122
4765 106
4766 119
4767 111
4768 120
4769 112
4770 106
4771 116
4772 122
4773 119
4774 115
4775 112
4776 139
4777 111
4778 96
4779 90
4780 118
4781 100
4782 121
4783 113
4784 129
4785 126
4786 119
4787 114
4788 104
4789 114
4790 126
4791 115
4792 106
4793 128
4794 118
4795 106
4796 113
4797 115
4798 105
4799 118
4800 109
4801 111
4802 102
4803 111
4804 109
4805 113
4806 113
4807 106
4808 104
4809 112
4810 131
4811 120
4812 120
4813 114
4814 118
4815 107
4816 117
4817 122
4818 108
4819 137
4820 112
4821 103
4822 118
4823 131
4824 150
4825 134
4826 122
4827 133
4828 115
4829 122
4830 109
4831 108
4832 117
4833 113
4834 136
4835 113
4836 109
4837 122
4838 115
4839 128
4840 123
4841 126
4842 112
4843 108
4844 123
4845 143
4846 135
4847 116
4848 123
4849 121
4850 120
4851 120
4852 122
4853 115
4854 100
4855 125
4856 141
4857 132
4858 103
4859 118
4860 104
4861 124
4862 105
4863 114
4864 109
4865 135
4866 88
4867 109
4868 119
4869 133
4870 112
4871 100
4872 117
4873 114
4874 118
4875 123
4876 115
4877 115
4878 112
4879 124
4880 124
4881 115
4882 135
4883 115
4884 123
4885 129
4886 128
4887 127
4888 127
4889 114
4890 121
4891 130
4892 113
4893 109
4894 112
4895 119
4896 120
4897 112
4898 117
4899 122
4900 117
4901 117
4902 119
4903 108
4904 131
4905 119
4906 120
4907 118
4908 116
4909 111
4910 136
4911 97
4912 123
4913 128
4914 125
4915 119
4916 128
4917 121
4918 132
4919 141
4920 130
4921 131
4922 130
4923 104
4924 115
4925 128
4926 106
4927 131
4928 136
4929 120
4930 107
4931 128
4932 132
4933 122
4934 123
4935 135
4936 103
4937 111
4938 136
4939 135
4940 113
4941 123
4942 105
4943 120
4944 131
4945 134
4946 102
4947 123
4948 120
4949 109
4950 103
4951 113
4952 139
4953 134
4954 126
4955 125
4956 122
4957 114
4958 123
4959 146
4960 125
4961 135
4962 105
4963 107
4964 125
4965 117
4966 125
4967 135
4968 146
4969 121
4970 128
4971 129
4972 103
4973 128
4974 109
4975 137
4976 138
4977 114
4978 131
4979 114
4980 116
4981 117
4982 123
4983 102
4984 145
4985 106
4986 122
4987 140
4988 118
4989 126
4990 145
4991 120
4992 147
4993 146
4994 129
4995 142
4996 108
4997 140
4998 136
4999 138
5000 109
5001 125
5002 125
5003 121
5004 144
5005 114
5006 117
5007 136
5008 109
5009 140
5010 114
5011 125
5012 119
5013 121
5014 131
5015 126
5016 145
5017 128
5018 122
5019 111
5020 121
5021 127
5022 139
5023 110
5024 103
5025 115
5026 121
5027 105
5028 142
5029 127
5030 114
5031 110
5032 124
5033 130
5034 133
5035 131
5036 121
5037 120
5038 118
5039 111
5040 132
5041 118
5042 110
5043 144
5044 122
5045 121
5046 125
5047 129
5048 137
5049 128
5050 127
5051 119
5052 104
5053 129
5054 125
5055 112
5056 129
5057 132
5058 129
5059 114
5060 127
5061 129
5062 117
5063 135
5064 118
5065 128
5066 129
5067 125
5068 132
5069 131
5070 129
5071 131
5072 143
5073 127
5074 126
5075 100
5076 106
5077 135
5078 113
5079 147
5080 152
5081 135
5082 109
5083 135
5084 113
5085 128
5086 97
5087 101
5088 120
5089 106
5090 117
5091 146
5092 116
5093 114
5094 137
5095 115
5096 114
5097 121
5098 133
5099 107
5100 131
5101 117
5102 132
5103 110
5104 137
5105 122
5106 130
5107 126
5108 98
5109 101
5110 134
5111 102
5112 138
5113 116
5114 104
5115 101
5116 107
5117 116
5118 112
5119 121
5120 123
5121 107
5122 104
5123 107
5124 79
5125 125
5126 127
5127 107
5128 118
5129 105
5130 114
5131 115
5132 131
5133 107
5134 114
5135 131
5136 106
5137 114
5138 95
5139 118
5140 118
5141 96
5142 110
5143 106
5144 115
5145 105
5146 99
5147 105
5148 101
5149 106
5150 93
5151 94
5152 84
5153 103
5154 85
5155 100
5156 101
5157 100
5158 99
5159 103
5160 105
5161 87
5162 88
5163 86
5164 94
5165 89
5166 94
5167 81
5168 105
5169 76
5170 91
5171 105
5172 84
5173 85
5174 87
5175 99
5176 81
5177 85
5178 84
5179 81
5180 86
5181 66
5182 108
5183 85
5184 78
5185 77
5186 87
5187 96
5188 87
5189 77
5190 83
5191 74
5192 60
5193 80
5194 65
5195 99
5196 65
5197 91
5198 66
5199 77
5200 73
5201 93
5202 74
5203 73
5204 80
5205 72
5206 56
5207 83
5208 67
5209 93
5210 59
5211 84
5212 69
5213 70
5214 63
5215 82
5216 77
5217 83
5218 57
5219 78
5220 72
5221 81
5222 77
5223 71
5224 83
5225 63
5226 80
5227 70
5228 76
5229 78
5230 91
5231 75
5232 52
5233 64
5234 70
5235 74
5236 73
5237 74
5238 63
5239 76
5240 71
5241 73
5242 67
5243 60
5244 73
5245 87
5246 70
5247 54
5248 79
5249 58
5250 80
5251 58
5252 65
5253 60
5254 61
5255 65
5256 72
5257 65
5258 68
5259 74
5260 57
5261 68
5262 62
5263 78
5264 71
5265 68
5266 59
5267 80
5268 66
5269 53
5270 70
5271 66
5272 68
5273 69
5274 57
5275 72
5276 66
5277 80
5278 74
5279 71
5280 71
5281 66
5282 62
5283 70
5284 60
5285 60
5286 57
5287 68
5288 72
5289 66
5290 73
5291 63
5292 58
5293 77
5294 67
5295 67
5296 63
5297 70
5298 70
5299 76
5300 78
5301 76
5302 63
5303 74
5304 52
5305 77
5306 60
5307 57
5308 52
5309 57
5310 63
5311 50
5312 49
5313 59
5314 70
5315 75
5316 60
5317 65
5318 55
5319 72
5320 65
5321 66
5322 61
5323 63
5324 67
5325 71
5326 45
5327 67
5328 68
5329 62
5330 72
5331 63
5332 66
5333 64
5334 72
5335 64
5336 57
5337 54
5338 43
5339 52
5340 64
5341 55
5342 65
5343 46
5344 66
5345 53
5346 60
5347 56
5348 58
5349 86
5350 65
5351 53
5352 51
5353 58
5354 63
5355 42
5356 45
5357 73
5358 77
5359 67
5360 52
5361 58
5362 54
5363 50
5364 51
5365 58
5366 60
5367 60
5368 37
5369 59
5370 63
5371 46
5372 46
5373 60
5374 51
5375 61
5376 51
5377 58
5378 52
5379 57
5380 66
5381 55
5382 48
5383 53
5384 48
5385 52
5386 66
5387 58
5388 54
5389 53
5390 62
5391 65
5392 46
5393 54
5394 58
5395 57
5396 61
5397 52
5398 41
5399 62
5400 65
5401 41
5402 55
5403 61
5404 55
5405 57
5406 52
5407 65
5408 50
5409 57
5410 67
5411 62
5412 59
5413 53
5414 64
5415 48
5416 56
5417 53
5418 52
5419 45
5420 49
5421 46
5422 44
5423 62
5424 58
5425 40
5426 52
5427 47
5428 45
5429 48
5430 60
5431 59
5432 55
5433 49
5434 50
5435 39
5436 44
5437 57
5438 50
5439 54
5440 54
5441 56
5442 46
5443 49
5444 42
5445 50
5446 49
5447 55
5448 50
5449 41
5450 43
5451 59
5452 49
5453 64
5454 54
5455 46
5456 49
5457 43
5458 53
5459 52
5460 45
5461 44
5462 51
5463 52
5464 41
5465 47
5466 40
5467 54
5468 45
5469 57
5470 48
5471 41
5472 60
5473 38
5474 54
5475 40
5476 46
5477 48
5478 50
5479 53
5480 49
5481 51
5482 50
5483 46
5484 47
5485 63
5486 64
5487 54
5488 55
5489 46
5490 41
5491 42
5492 52
5493 53
5494 39
5495 51
5496 54
5497 43
5498 57
5499 46
5500 42
5501 49
5502 55
5503 51
5504 38
5505 51
5506 60
5507 51
5508 61
5509 42
5510 58
5511 41
5512 52
5513 49
5514 40
5515 44
5516 43
5517 51
5518 51
5519 58
5520 47
5521 46
5522 32
5523 49
5524 48
5525 54
5526 51
5527 57
5528 49
5529 54
5530 38
5531 40
5532 44
5533 62
5534 57
5535 41
5536 51
5537 39
5538 40
5539 47
5540 39
5541 43
5542 42
5543 51
5544 41
5545 47
5546 39
5547 48
5548 46
5549 41
5550 40
5551 37
5552 49
5553 37
5554 44
5555 53
5556 54
5557 44
5558 35
5559 42
5560 49
5561 38
5562 48
5563 53
5564 38
5565 47
5566 46
5567 37
5568 33
5569 62
5570 41
5571 55
5572 34
5573 43
5574 53
5575 41
5576 41
5577 39
5578 46
5579 57
5580 53
5581 44
5582 45
5583 51
5584 42
5585 56
5586 54
5587 45
5588 50
5589 47
5590 36
5591 60
5592 40
5593 46
5594 43
5595 43
5596 49
5597 46
5598 55
5599 41
5600 39
5601 45
5602 38
5603 39
5604 44
5605 55
5606 29
5607 45
5608 43
5609 36
5610 43
5611 41
5612 27
5613 47
5614 45
5615 46
5616 58
5617 37
5618 31
5619 37
5620 34
5621 44
5622 26
5623 40
5624 53
5625 45
5626 36
5627 45
5628 43
5629 39
5630 45
5631 43
5632 29
5633 41
5634 46
5635 40
5636 41
5637 47
5638 37
5639 38
5640 34
5641 32
5642 47
5643 31
5644 52
5645 47
5646 34
5647 40
5648 35
5649 45
5650 43
5651 40
5652 31
5653 43
5654 33
5655 49
5656 42
5657 38
5658 50
5659 21
5660 40
5661 58
5662 48
5663 41
5664 35
5665 41
5666 39
5667 32
5668 31
5669 39
5670 25
5671 42
5672 39
5673 37
5674 45
5675 39
5676 43
5677 38
5678 42
5679 30
5680 32
5681 44
5682 32
5683 40
5684 41
5685 34
5686 49
5687 39
5688 28
5689 43
5690 31
5691 38
5692 30
5693 53
5694 33
5695 37
5696 33
5697 35
5698 43
5699 41
5700 43
5701 31
5702 36
5703 33
5704 37
5705 38
5706 26
5707 44
5708 36
5709 34
5710 40
5711 39
5712 31
5713 35
5714 29
5715 36
5716 36
5717 20
5718 25
5719 36
5720 36
5721 34
5722 34
5723 36
5724 37
5725 29
5726 31
5727 31
5728 35
5729 46
5730 34
5731 41
5732 29
5733 41
5734 41
5735 30
5736 32
5737 37
5738 28
5739 36
5740 40
5741 47
5742 38
5743 29
5744 34
5745 36
5746 23
5747 24
5748 41
5749 32
5750 32
5751 35
5752 35
5753 30
5754 46
5755 30
5756 26
5757 24
5758 32
5759 36
5760 27
5761 30
5762 28
5763 31
5764 29
5765 40
5766 36
5767 41
5768 26
5769 35
5770 33
5771 28
5772 33
5773 36
5774 31
5775 31
5776 34
5777 27
5778 38
5779 33
5780 36
5781 39
5782 27
5783 29
5784 31
5785 41
5786 32
5787 29
5788 46
5789 33
5790 28
5791 35
5792 25
5793 30
5794 39
5795 36
5796 35
5797 28
5798 30
5799 36
5800 24
5801 27
5802 43
5803 23
5804 45
5805 30
5806 47
5807 36
5808 31
5809 30
5810 22
5811 28
5812 23
5813 30
5814 29
5815 22
5816 23
5817 41
5818 33
5819 41
5820 35
5821 28
5822 29
5823 20
5824 27
5825 49
5826 27
5827 34
5828 27
5829 25
5830 33
5831 34
5832 22
5833 31
5834 25
5835 35
5836 26
5837 29
5838 30
5839 29
5840 31
5841 31
5842 32
5843 28
5844 29
5845 35
5846 28
5847 30
5848 36
5849 19
5850 36
5851 38
5852 29
5853 22
5854 24
5855 25
5856 28
5857 36
5858 29
5859 19
5860 18
5861 28
5862 26
5863 24
5864 32
5865 30
5866 24
5867 21
5868 28
5869 27
5870 37
5871 19
5872 28
5873 40
5874 20
5875 25
5876 26
5877 24
5878 20
5879 19
5880 21
5881 34
5882 19
5883 27
5884 32
5885 32
5886 25
5887 30
5888 22
5889 26
5890 29
5891 25
5892 24
5893 24
5894 33
5895 36
5896 21
5897 35
5898 34
5899 35
5900 28
5901 31
5902 28
5903 33
5904 28
5905 21
5906 15
5907 23
5908 28
5909 23
5910 31
5911 21
5912 29
5913 20
5914 16
5915 30
5916 21
5917 18
5918 19
5919 29
5920 24
5921 26
5922 27
5923 15
5924 22
5925 26
5926 18
5927 25
5928 22
5929 28
5930 26
5931 17
5932 20
5933 24
5934 22
5935 27
5936 23
5937 29
5938 27
5939 22
5940 13
5941 32
5942 32
5943 19
5944 21
5945 29
5946 26
5947 19
5948 35
5949 27
5950 15
5951 19
5952 18
5953 25
5954 11
5955 23
5956 15
5957 28
5958 15
5959 21
5960 19
5961 22
5962 26
5963 24
5964 23
5965 20
5966 14
5967 23
5968 26
5969 25
5970 23
5971 17
5972 22
5973 19
5974 26
5975 18
5976 18
5977 24
5978 20
5979 19
5980 21
5981 25
5982 19
5983 23
5984 23
5985 21
5986 14
5987 21
5988 16
5989 25
5990 19
5991 18
5992 24
5993 24
5994 29
5995 16
5996 17
5997 19
5998 28
5999 19
6000 23
6001 18
6002 26
6003 15
6004 23
6005 26
6006 19
6007 19
6008 19
6009 21
6010 21
6011 16
6012 18
6013 18
6014 29
6015 24
6016 22
6017 24
6018 18
6019 19
6020 15
6021 21
6022 18
6023 20
6024 20
6025 18
6026 15
6027 18
6028 20
6029 14
6030 23
6031 24
6032 23
6033 20
6034 16
6035 18
6036 13
6037 21
6038 18
6039 21
6040 17
6041 23
6042 15
6043 23
6044 21
6045 12
6046 18
6047 27
6048 22
6049 19
6050 17
6051 15
6052 24
6053 14
6054 18
6055 23
6056 19
6057 17
6058 23
6059 23
6060 19
6061 22
6062 20
6063 18
6064 20
6065 16
6066 13
6067 21
6068 18
6069 17
6070 20
6071 25
6072 21
6073 15
6074 22
6075 14
6076 18
6077 23
6078 26
6079 16
6080 18
6081 22
6082 29
6083 20
6084 14
6085 19
6086 26
6087 24
6088 18
6089 17
6090 24
6091 19
6092 23
6093 12
6094 19
6095 13
6096 15
6097 22
6098 14
6099 21
6100 21
6101 27
6102 19
6103 19
6104 13
6105 16
6106 20
6107 15
6108 17
6109 14
6110 11
6111 15
6112 19
6113 13
6114 15
6115 16
6116 12
6117 26
6118 21
6119 18
6120 14
6121 19
6122 16
6123 18
6124 13
6125 20
6126 28
6127 20
6128 18
6129 23
6130 21
6131 26
6132 13
6133 23
6134 8
6135 18
6136 16
6137 14
6138 17
6139 17
6140 17
6141 21
6142 19
6143 23
6144 18
6145 15
6146 11
6147 17
6148 21
6149 13
6150 21
6151 8
6152 17
6153 19
6154 15
6155 18
6156 19
6157 15
6158 12
6159 12
6160 19
6161 16
6162 18
6163 15
6164 22
6165 13
6166 16
6167 23
6168 18
6169 13
6170 15
6171 18
6172 15
6173 12
6174 17
6175 18
6176 16
6177 15
6178 15
6179 16
6180 15
6181 20
6182 13
6183 19
6184 14
6185 16
6186 16
6187 18
6188 22
6189 8
6190 24
6191 14
6192 10
6193 24
6194 21
6195 13
6196 20
6197 23
6198 19
6199 14
6200 13
6201 17
6202 25
6203 11
6204 21
6205 17
6206 16
6207 17
6208 16
6209 20
6210 13
6211 19
6212 13
6213 14
6214 10
6215 16
6216 21
6217 21
6218 15
6219 16
6220 19
6221 20
6222 15
6223 17
6224 18
6225 19
6226 13
6227 14
6228 15
6229 23
6230 17
6231 19
6232 12
6233 15
6234 15
6235 14
6236 19
6237 15
6238 11
6239 14
6240 13
6241 18
6242 20
6243 17
6244 15
6245 8
6246 15
6247 5
6248 13
6249 22
6250 20
6251 15
6252 16
6253 19
6254 16
6255 14
6256 22
6257 13
6258 18
6259 19
6260 11
6261 15
6262 13
6263 18
6264 13
6265 16
6266 22
6267 19
6268 14
6269 16
6270 25
6271 20
6272 10
6273 14
6274 16
6275 13
6276 17
6277 15
6278 13
6279 13
6280 17
6281 22
6282 20
6283 14
6284 19
6285 16
6286 19
6287 16
6288 18
6289 15
6290 18
6291 27
6292 20
6293 21
6294 16
6295 23
6296 25
6297 13
6298 13
6299 10
6300 18
6301 20
6302 19
6303 15
6304 12
6305 12
6306 19
6307 13
6308 14
6309 14
6310 19
6311 22
6312 16
6313 19
6314 17
6315 11
6316 14
6317 16
6318 13
6319 15
6320 24
6321 10
6322 11
6323 12
6324 13
6325 13
6326 16
6327 16
6328 22
6329 18
6330 14
6331 14
6332 10
6333 12
6334 17
6335 22
6336 12
6337 11
6338 16
6339 26
6340 20
6341 20
6342 13
6343 15
6344 11
6345 14
6346 17
6347 15
6348 13
6349 14
6350 13
6351 18
6352 11
6353 17
6354 15
6355 15
6356 17
6357 15
6358 19
6359 11
6360 15
6361 14
6362 15
6363 18
6364 8
6365 17
6366 12
6367 12
6368 16
6369 15
6370 22
6371 14
6372 10
6373 17
6374 22
6375 16
6376 15
6377 15
6378 16
6379 14
6380 16
6381 15
6382 8
6383 16
6384 16
6385 13
6386 11
6387 14
6388 16
6389 19
6390 10
6391 12
6392 22
6393 4
6394 14
6395 15
6396 22
6397 13
6398 16
6399 9
6400 13
6401 17
6402 16
6403 17
6404 18
6405 15
6406 18
6407 19
6408 12
6409 8
6410 13
6411 14
6412 11
6413 16
6414 13
6415 17
6416 12
6417 10
6418 14
6419 17
6420 14
6421 13
6422 16
6423 18
6424 14
6425 22
6426 17
6427 9
6428 11
6429 7
6430 8
6431 16
6432 11
6433 10
6434 16
6435 12
6436 15
6437 17
6438 12
6439 13
6440 15
6441 14
6442 13
6443 17
6444 19
6445 11
6446 17
6447 10
6448 15
6449 22
6450 17
6451 14
6452 13
6453 11
6454 12
6455 10
6456 10
6457 21
6458 10
6459 17
6460 14
6461 16
6462 15
6463 11
6464 16
6465 16
6466 22
6467 16
6468 17
6469 14
6470 12
6471 13
6472 10
6473 17
6474 18
6475 17
6476 14
6477 11
6478 15
6479 23
6480 18
6481 14
6482 15
6483 17
6484 16
6485 14
6486 15
6487 9
6488 16
6489 13
6490 14
6491 16
6492 8
6493 12
6494 15
6495 9
6496 20
6497 20
6498 16
6499 24
6500 8
6501 14
6502 17
6503 15
6504 13
6505 14
6506 10
6507 17
6508 16
6509 19
6510 5
6511 17
6512 21
6513 12
6514 13
6515 14
6516 14
6517 17
6518 23
6519 10
6520 14
6521 21
6522 12
6523 13
6524 12
6525 14
6526 11
6527 13
6528 15
6529 10
6530 13
6531 15
6532 12
6533 8
6534 11
6535 14
6536 15
6537 12
6538 13
6539 15
6540 12
6541 14
6542 12
6543 15
6544 17
6545 13
6546 4
6547 12
6548 11
6549 14
6550 14
6551 6
6552 15
6553 17
6554 11
6555 16
6556 10
6557 17
6558 19
6559 14
6560 12
6561 17
6562 13
6563 14
6564 11
6565 20
6566 15
6567 5
6568 27
6569 18
6570 16
6571 13
6572 23
6573 13
6574 19
6575 11
6576 23
6577 17
6578 12
6579 24
6580 20
6581 26
6582 13
6583 22
6584 11
6585 14
6586 14
6587 15
6588 14
6589 10
6590 7
6591 19
6592 15
6593 13
6594 12
6595 16
6596 12
6597 7
6598 10
6599 13
6600 7
6601 15
6602 14
6603 14
6604 13
6605 13
6606 11
6607 14
6608 14
6609 12
6610 23
6611 13
6612 16
6613 11
6614 10
6615 7
6616 20
6617 12
6618 12
6619 11
6620 9
6621 11
6622 15
6623 11
6624 13
6625 10
6626 9
6627 9
6628 12
6629 13
6630 13
6631 12
6632 11
6633 13
6634 9
6635 15
6636 11
6637 18
6638 17
6639 18
6640 11
6641 16
6642 20
6643 23
6644 10
6645 8
6646 8
6647 10
6648 18
6649 7
6650 17
6651 11
6652 8
6653 14
6654 17
6655 13
6656 11
6657 17
6658 12
6659 14
6660 14
6661 15
6662 16
6663 15
6664 19
6665 16
6666 16
6667 13
6668 22
6669 9
6670 13
6671 12
6672 14
6673 15
6674 13
6675 16
6676 12
6677 5
6678 7
6679 13
6680 8
6681 11
6682 13
6683 10
6684 10
6685 20
6686 13
6687 6
6688 10
6689 15
6690 9
6691 12
6692 17
6693 17
6694 13
6695 11
6696 9
6697 7
6698 19
6699 11
6700 12
6701 13
6702 9
6703 10
6704 15
6705 16
6706 11
6707 24
6708 14
6709 8
6710 17
6711 19
6712 15
6713 15
6714 12
6715 7
6716 17
6717 13
6718 16
6719 13
6720 12
6721 8
6722 9
6723 11
6724 7
6725 11
6726 8
6727 15
6728 19
6729 10
6730 15
6731 17
6732 20
6733 8
6734 13
6735 6
6736 10
6737 9
6738 11
6739 17
6740 10
6741 19
6742 11
6743 15
6744 12
6745 11
6746 12
6747 16
6748 11
6749 9
6750 8
6751 13
6752 19
6753 12
6754 13
6755 12
6756 10
6757 10
6758 13
6759 13
6760 17
6761 8
6762 21
6763 15
6764 13
6765 19
6766 19
6767 10
6768 10
6769 12
6770 12
6771 14
6772 22
6773 12
6774 8
6775 12
6776 15
6777 11
6778 14
6779 14
6780 14
6781 11
6782 18
6783 17
6784 13
6785 10
6786 18
6787 10
6788 9
6789 12
6790 10
6791 9
6792 14
6793 13
6794 18
6795 14
6796 14
6797 21
6798 11
6799 13
6800 10
6801 15
6802 13
6803 19
6804 15
6805 22
6806 14
6807 10
6808 12
6809 7
6810 12
6811 7
6812 11
6813 9
6814 11
6815 11
6816 11
6817 20
6818 13
6819 9
6820 13
6821 17
6822 23
6823 11
6824 11
6825 12
6826 11
6827 15
6828 11
6829 6
6830 11
6831 16
6832 9
6833 13
6834 18
6835 13
6836 11
6837 15
6838 16
6839 16
6840 13
6841 14
6842 14
6843 12
6844 14
6845 11
6846 7
6847 12
6848 15
6849 19
6850 19
6851 8
6852 11
6853 11
6854 12
6855 9
6856 12
6857 17
6858 9
6859 11
6860 11
6861 9
6862 14
6863 10
6864 11
6865 17
6866 11
6867 16
6868 12
6869 14
6870 16
6871 12
6872 12
6873 13
6874 11
6875 10
6876 18
6877 15
6878 11
6879 5
6880 18
6881 7
6882 11
6883 12
6884 13
6885 14
6886 12
6887 11
6888 10
6889 15
6890 14
6891 14
6892 14
6893 6
6894 14
6895 12
6896 10
6897 19
6898 9
6899 13
6900 8
6901 8
6902 15
6903 15
6904 15
6905 6
6906 8
6907 17
6908 8
6909 17
6910 13
6911 14
6912 15
6913 15
6914 10
6915 12
6916 9
6917 11
6918 9
6919 8
6920 10
6921 14
6922 15
6923 10
6924 18
6925 12
6926 11
6927 16
6928 16
6929 12
6930 16
6931 16
6932 18
6933 10
6934 10
6935 8
6936 11
6937 18
6938 14
6939 15
6940 21
6941 7
6942 13
6943 9
6944 12
6945 15
6946 15
6947 8
6948 16
6949 19
6950 8
6951 11
6952 7
6953 13
6954 13
6955 16
6956 13
6957 14
6958 16
6959 10
6960 6
6961 16
6962 17
6963 6
6964 12
6965 14
6966 12
6967 11
6968 8
6969 16
6970 8
6971 18
6972 11
6973 23
6974 17
6975 10
6976 10
6977 16
6978 15
6979 15
6980 9
6981 11
6982 10
6983 17
6984 19
6985 12
6986 19
6987 12
6988 15
6989 12
6990 13
6991 10
6992 12
6993 12
6994 19
6995 14
6996 13
6997 22
6998 15
6999 13
7000 13
7001 16
7002 10
7003 13
7004 14
7005 12
7006 14
7007 17
7008 18
7009 13
7010 16
7011 16
7012 10
7013 18
7014 6
7015 12
7016 15
7017 13
7018 23
7019 6
7020 15
7021 17
7022 14
7023 14
7024 17
7025 21
7026 20
7027 15
7028 11
7029 14
7030 10
7031 12
7032 10
7033 13
7034 17
7035 12
7036 19
7037 18
7038 22
7039 17
7040 8
7041 12
7042 10
7043 13
7044 10
7045 23
7046 12
7047 9
7048 13
7049 17
7050 8
7051 8
7052 15
7053 13
7054 15
7055 10
7056 9
7057 13
7058 15
7059 16
7060 14
7061 13
7062 16
7063 11
7064 18
7065 17
7066 17
7067 16
7068 12
7069 11
7070 13
7071 17
7072 17
7073 14
7074 21
7075 10
7076 19
7077 11
7078 10
7079 17
7080 18
7081 17
7082 16
7083 14
7084 15
7085 23
7086 12
7087 11
7088 16
7089 15
7090 13
7091 13
7092 25
7093 13
7094 14
7095 16
7096 22
7097 13
7098 18
7099 11
7100 21
7101 14
7102 27
7103 25
7104 26
7105 17
7106 21
7107 19
7108 28
7109 40
7110 42
7111 33
7112 44
7113 45
7114 65
7115 82
7116 109
7117 142
7118 195
7119 287
7120 359
7121 496
7122 669
7123 788
7124 1092
7125 1449
7126 1785
7127 2187
7128 2852
7129 3448
7130 3992
7131 4581
7132 5347
7133 5954
7134 6857
7135 7309
7136 7832
7137 8210
7138 8186
7139 8427
7140 8199
7141 7629
7142 7333
7143 6613
7144 5974
7145 5462
7146 4767
7147 3893
7148 3245
7149 2714
7150 2155
7151 1697
7152 1192
7153 950
7154 689
7155 486
7156 374
7157 223
7158 172
7159 116
7160 88
7161 41
7162 38
7163 27
7164 12
7165 13
7166 7
7167 9
7168 4
7169 4
7170 4
7171 6
7172 4
7173 1
7174 2
7175 1
7176 1
7177 1
7178 3
7179 4
7180 2
7181 3
7182 4
7183 3
7184 3
7185 4
7186 4
7187 2
7188 2
7189 1
7190 2
7191 2
7192 0
7193 1
7194 1
7195 0
7196 1
7197 2
7198 1
7199 3
7200 0
7201 0
7202 0
7203 1
7204 2
7205 1
7206 2
7207 1
7208 0
7209 0
7210 0
7211 0
7212 2
7213 0
7214 2
7215 1
7216 1
7217 1
7218 0
7219 3
7220 1
7221 1
7222 0
7223 0
7224 2
7225 1
7226 1
7227 1
7228 1
7229 1
7230 2
7231 2
7232 2
7233 0
7234 2
7235 1
7236 1
7237 0
7238 0
7239 1
7240 0
7241 1
7242 1
7243 0
7244 0
7245 2
7246 1
7247 0
7248 2
7249 1
7250 1
7251 0
7252 2
7253 0
7254 1
7255 0
7256 1
7257 0
7258 2
7259 0
7260 1
7261 2
7262 1
7263 3
7264 1
7265 1
7266 2
7267 0
7268 3
7269 0
7270 0
7271 0
7272 1
7273 1
7274 0
7275 1
7276 2
7277 1
7278 1
7279 2
7280 1
7281 1
7282 2
7283 1
7284 1
7285 2
7286 0
7287 1
7288 1
7289 0
7290 0
7291 1
7292 2
7293 3
7294 0
7295 0
7296 2
7297 1
7298 1
7299 0
7300 0
7301 0
7302 2
7303 2
7304 2
7305 2
7306 0
7307 1
7308 0
7309 0
7310 1
7311 1
7312 1
7313 0
7314 3
7315 1
7316 0
7317 1
7318 0
7319 1
7320 1
7321 0
7322 2
7323 1
7324 0
7325 1
7326 2
7327 3
7328 0
7329 2
7330 0
7331 0
7332 0
7333 2
7334 0
7335 1
7336 1
7337 0
7338 1
7339 1
7340 1
7341 0
7342 0
7343 0
7344 1
7345 0
7346 2
7347 2
7348 0
7349 1
7350 1
7351 0
7352 1
7353 0
7354 3
7355 1
7356 0
7357 0
7358 1
7359 0
7360 0
7361 2
7362 0
7363 0
7364 1
7365 1
7366 2
7367 2
7368 1
7369 3
7370 0
7371 3
7372 1
7373 3
7374 2
7375 1
7376 1
7377 0
7378 0
7379 2
7380 1
7381 0
7382 0
7383 2
7384 0
7385 2
7386 0
7387 3
7388 2
7389 0
7390 0
7391 0
7392 0
7393 0
7394 2
7395 3
7396 1
7397 1
7398 1
7399 0
7400 2
7401 0
7402 0
7403 1
7404 1
7405 3
7406 0
7407 2
7408 1
7409 3
7410 0
7411 2
7412 0
7413 0
7414 1
7415 2
7416 0
7417 0
7418 1
7419 1
7420 2
7421 0
7422 1
7423 2
7424 0
7425 0
7426 0
7427 1
7428 0
7429 1
7430 1
7431 0
7432 3
7433 1
7434 1
7435 1
7436 0
7437 2
7438 0
7439 1
7440 4
7441 2
7442 1
7443 0
7444 0
7445 0
7446 1
7447 1
7448 1
7449 0
7450 0
7451 1
7452 3
7453 1
7454 0
7455 1
7456 0
7457 1
7458 1
7459 1
7460 0
7461 0
7462 3
7463 1
7464 1
7465 1
7466 0
7467 1
7468 1
7469 2
7470 1
7471 1
7472 0
7473 2
7474 0
7475 1
7476 1
7477 0
7478 1
7479 1
7480 1
7481 1
7482 0
7483 1
7484 1
7485 2
7486 0
7487 2
7488 1
7489 0
7490 3
7491 0
7492 0
7493 0
7494 0
7495 2
7496 0
7497 2
7498 1
7499 1
7500 1
7501 0
7502 0
7503 1
7504 0
7505 1
7506 1
7507 0
7508 0
7509 1
7510 1
7511 0
7512 1
7513 0
7514 1
7515 2
7516 0
7517 1
7518 4
7519 2
7520 1
7521 2
7522 0
7523 0
7524 1
7525 0
7526 2
7527 2
7528 1
7529 2
7530 0
7531 3
7532 1
7533 1
7534 0
7535 0
7536 1
7537 1
7538 1
7539 0
7540 1
7541 1
7542 0
7543 1
7544 0
7545 1
7546 2
7547 1
7548 1
7549 1
7550 0
7551 2
7552 2
7553 1
7554 1
7555 0
7556 1
7557 2
7558 0
7559 1
7560 1
7561 1
7562 1
7563 2
7564 1
7565 2
7566 0
7567 0
7568 0
7569 0
7570 1
7571 0
7572 3
7573 3
7574 0
7575 0
7576 2
7577 0
7578 0
7579 0
7580 2
7581 0
7582 0
7583 1
7584 2
7585 3
7586 2
7587 2
7588 1
7589 0
7590 1
7591 1
7592 4
7593 0
7594 3
7595 0
7596 2
7597 0
7598 1
7599 0
7600 0
7601 3
7602 0
7603 2
7604 1
7605 0
7606 1
7607 1
7608 2
7609 0
7610 1
7611 1
7612 0
7613 1
7614 1
7615 1
7616 0
7617 0
7618 1
7619 2
7620 0
7621 2
7622 2
7623 2
7624 0
7625 1
7626 0
7627 0
7628 2
7629 1
7630 1
7631 1
7632 1
7633 0
7634 0
7635 0
7636 0
7637 1
7638 0
7639 1
7640 2
7641 1
7642 0
7643 0
7644 1
7645 0
7646 1
7647 4
7648 0
7649 0
7650 1
7651 1
7652 0
7653 0
7654 2
7655 2
7656 0
7657 1
7658 0
7659 0
7660 1
7661 2
7662 1
7663 1
7664 0
7665 1
7666 0
7667 1
7668 1
7669 2
7670 2
7671 0
7672 1
7673 1
7674 3
7675 0
7676 1
7677 1
7678 0
7679 0
7680 1
7681 1
7682 2
7683 1
7684 1
7685 0
7686 3
7687 1
7688 1
7689 0
7690 2
7691 1
7692 2
7693 0
7694 2
7695 0
7696 0
7697 1
7698 1
7699 1
7700 0
7701 2
7702 0
7703 0
7704 3
7705 0
7706 2
7707 1
7708 2
7709 3
7710 1
7711 1
7712 0
7713 0
7714 0
7715 0
7716 1
7717 2
7718 2
7719 0
7720 0
7721 3
7722 0
7723 0
7724 1
7725 0
7726 0
7727 0
7728 1
7729 0
7730 0
7731 0
7732 1
7733 1
7734 4
7735 1
7736 0
7737 1
7738 1
7739 1
7740 2
7741 1
7742 1
7743 1
7744 0
7745 0
7746 0
7747 0
7748 2
7749 2
7750 0
7751 2
7752 1
7753 0
7754 0
7755 0
7756 1
7757 2
7758 1
7759 3
7760 0
7761 1
7762 4
7763 0
7764 0
7765 0
7766 0
7767 1
7768 1
7769 1
7770 0
7771 0
7772 1
7773 1
7774 0
7775 1
7776 2
7777 1
7778 1
7779 1
7780 1
7781 1
7782 2
7783 0
7784 1
7785 1
7786 0
7787 2
7788 1
7789 0
7790 1
7791 1
7792 1
7793 0
7794 0
7795 0
7796 0
7797 1
7798 0
7799 1
7800 3
7801 1
7802 2
7803 3
7804 2
7805 0
7806 0
7807 0
7808 1
7809 0
7810 0
7811 1
7812 3
7813 3
7814 1
7815 2
7816 1
7817 1
7818 1
7819 0
7820 1
7821 1
7822 0
7823 1
7824 1
7825 1
7826 0
7827 0
7828 0
7829 0
7830 2
7831 0
7832 1
7833 0
7834 0
7835 1
7836 0
7837 0
7838 0
7839 1
7840 1
7841 1
7842 0
7843 0
7844 3
7845 1
7846 1
7847 1
7848 3
7849 2
7850 2
7851 1
7852 1
7853 0
7854 0
7855 1
7856 2
7857 1
7858 0
7859 1
7860 1
7861 3
7862 0
7863 0
7864 1
7865 1
7866 1
7867 4
7868 0
7869 1
7870 1
7871 0
7872 1
7873 0
7874 0
7875 0
7876 0
7877 0
7878 1
7879 0
7880 0
7881 0
7882 0
7883 1
7884 0
7885 1
7886 3
7887 1
7888 4
7889 2
7890 2
7891 0
7892 1
7893 2
7894 0
7895 2
7896 1
7897 0
7898 1
7899 1
7900 1
7901 2
7902 1
7903 1
7904 1
7905 0
7906 0
7907 0
7908 0
7909 1
7910 0
7911 2
7912 0
7913 0
7914 1
7915 2
7916 1
7917 0
7918 1
7919 2
7920 1
7921 1
7922 1
7923 0
7924 1
7925 0
7926 0
7927 2
7928 3
7929 2
7930 2
7931 0
7932 0
7933 0
7934 2
7935 1
7936 2
7937 0
7938 0
7939 1
7940 5
7941 2
7942 1
7943 0
7944 0
7945 0
7946 2
7947 0
7948 1
7949 0
7950 1
7951 1
7952 0
7953 2
7954 0
7955 1
7956 1
7957 2
7958 0
7959 0
7960 0
7961 3
7962 4
7963 1
7964 3
7965 2
7966 1
7967 1
7968 2
7969 0
7970 0
7971 0
7972 0
7973 3
7974 2
7975 0
7976 0
7977 1
7978 1
7979 2
7980 0
7981 0
7982 1
7983 0
7984 0
7985 1
7986 0
7987 0
7988 3
7989 1
7990 3
7991 1
7992 1
7993 0
7994 1
7995 2
7996 0
7997 1
7998 0
7999 1
8000 1
8001 0
8002 0
8003 1
8004 0
8005 0
8006 0
8007 1
8008 1
8009 2
8010 1
8011 0
8012 2
8013 1
8014 1
8015 1
8016 1
8017 2
8018 2
8019 1
8020 1
8021 0
8022 1
8023 1
8024 0
8025 0
8026 0
8027 1
8028 0
8029 1
8030 1
8031 1
8032 0
8033 0
8034 1
8035 4
8036 2
8037 1
8038 1
8039 1
8040 0
8041 1
8042 1
8043 1
8044 0
8045 2
8046 2
8047 0
8048 1
8049 0
8050 0
8051 0
8052 0
8053 2
8054 0
8055 0
8056 0
8057 0
8058 0
8059 1
8060 1
8061 1
8062 0
8063 2
8064 1
8065 1
8066 1
8067 0
8068 2
8069 1
8070 2
8071 1
8072 0
8073 0
8074 0
8075 2
8076 2
8077 0
8078 1
8079 2
8080 0
8081 1
8082 1
8083 0
8084 0
8085 1
8086 1
8087 1
8088 0
8089 2
8090 0
8091 1
8092 0
8093 2
8094 3
8095 3
8096 0
8097 1
8098 1
8099 0
8100 0
8101 0
8102 2
8103 0
8104 0
8105 1
8106 0
8107 1
8108 2
8109 4
8110 1
8111 1
8112 2
8113 0
8114 0
8115 1
8116 0
8117 0
8118 0
8119 0
8120 0
8121 2
8122 3
8123 0
8124 1
8125 0
8126 2
8127 0
8128 0
8129 1
8130 0
8131 1
8132 1
8133 0
8134 2
8135 0
8136 1
8137 0
8138 0
8139 0
8140 1
8141 1
8142 0
8143 0
8144 1
8145 1
8146 2
8147 1
8148 3
8149 0
8150 2
8151 0
8152 1
8153 0
8154 2
8155 0
8156 0
8157 0
8158 1
8159 1
8160 1
8161 0
8162 2
8163 0
8164 2
8165 0
8166 1
8167 0
8168 1
8169 1
8170 1
8171 0
8172 0
8173 0
8174 0
8175 2
8176 0
8177 2
8178 0
8179 1
8180 1
8181 0
8182 1
8183 1
8184 1
8185 1
8186 0
8187 1
8188 2
8189 1
8190 0
8191 0
8192 2
8193 0
8194 0
8195 0
8196 2
8197 0
8198 0
8199 0
8200 0
8201 0
8202 1
8203 0
8204 0
8205 2
8206 0
8207 0
8208 2
8209 1
8210 0
8211 0
8212 0
8213 0
8214 0
8215 0
8216 0
8217 0
8218 0
8219 3
8220 1
8221 0
8222 2
8223 1
8224 0
8225 1
8226 2
8227 2
8228 1
8229 1
8230 2
8231 2
8232 0
8233 1
8234 0
8235 1
8236 2
8237 0
8238 1
8239 1
8240 1
8241 0
8242 1
8243 0
8244 0
8245 3
8246 1
8247 0
8248 2
8249 0
8250 0
8251 0
8252 3
8253 3
8254 2
8255 0
8256 0
8257 1
8258 3
8259 0
8260 1
8261 0
8262 0
8263 0
8264 1
8265 0
8266 0
8267 2
8268 2
8269 2
8270 0
8271 2
8272 1
8273 0
8274 1
8275 1
8276 2
8277 1
8278 1
8279 0
8280 2
8281 0
8282 2
8283 3
8284 0
8285 0
8286 1
8287 1
8288 1
8289 1
8290 2
8291 2
8292 2
8293 3
8294 1
8295 2
8296 0
8297 1
8298 1
8299 1
8300 0
8301 0
8302 0
8303 0
8304 2
8305 2
8306 0
8307 2
8308 3
8309 0
8310 2
8311 0
8312 0
8313 0
8314 2
8315 1
8316 2
8317 1
8318 0
8319 2
8320 1
8321 0
8322 0
8323 2
8324 1
8325 3
8326 2
8327 1
8328 0
8329 1
8330 0
8331 0
8332 1
8333 0
8334 2
8335 0
8336 0
8337 0
8338 1
8339 3
8340 0
8341 2
8342 1
8343 0
8344 3
8345 0
8346 1
8347 1
8348 1
8349 1
8350 1
8351 1
8352 4
8353 1
8354 0
8355 1
8356 0
8357 2
8358 1
8359 0
8360 0
8361 0
8362 2
8363 0
8364 0
8365 0
8366 1
8367 0
8368 1
8369 0
8370 1
8371 0
8372 0
8373 0
8374 0
8375 1
8376 1
8377 0
8378 0
8379 0
8380 1
8381 0
8382 3
8383 1
8384 0
8385 0
8386 0
8387 0
8388 0
8389 0
8390 1
8391 2
8392 0
8393 0
8394 0
8395 1
8396 2
8397 0
8398 1
8399 0
8400 1
8401 2
8402 1
8403 0
8404 1
8405 0
8406 2
8407 1
8408 0
8409 3
8410 0
8411 1
8412 0
8413 4
8414 1
8415 3
8416 1
8417 0
8418 0
8419 1
8420 1
8421 0
8422 2
8423 1
8424 0
8425 1
8426 0
8427 0
8428 2
8429 1
8430 0
8431 0
8432 0
8433 1
8434 1
8435 3
8436 0
8437 1
8438 0
8439 1
8440 2
8441 1
8442 1
8443 2
8444 0
8445 0
8446 0
8447 0
8448 0
8449 0
8450 0
8451 2
8452 2
8453 3
8454 1
8455 0
8456 0
8457 0
8458 0
8459 0
8460 1
8461 0
8462 1
8463 0
8464 1
8465 0
8466 0
8467 0
8468 0
8469 1
8470 0
8471 0
8472 0
8473 1
8474 0
8475 3
8476 0
8477 1
8478 1
8479 1
8480 0
8481 1
8482 2
8483 1
8484 0
8485 0
8486 0
8487 0
8488 0
8489 0
8490 0
8491 1
8492 2
8493 0
8494 2
8495 2
8496 1
8497 0
8498 1
8499 1
8500 0
8501 1
8502 2
8503 1
8504 1
8505 0
8506 1
8507 0
8508 3
8509 0
8510 2
8511 0
8512 2
8513 0
8514 0
8515 0
8516 2
8517 0
8518 0
8519 0
8520 2
8521 0
8522 1
8523 1
8524 0
8525 1
8526 0
8527 2
8528 0
8529 0
8530 0
8531 0
8532 0
8533 1
8534 0
8535 0
8536 0
8537 2
8538 3
8539 1
8540 0
8541 0
8542 2
8543 0
8544 1
8545 0
8546 1
8547 1
8548 3
8549 0
8550 0
8551 2
8552 0
8553 0
8554 0
8555 1
8556 0
8557 0
8558 1
8559 0
8560 1
8561 1
8562 0
8563 1
8564 0
8565 0
8566 0
8567 0
8568 0
8569 2
8570 1
8571 1
8572 0
8573 2
8574 0
8575 1
8576 1
8577 5
8578 1
8579 0
8580 2
8581 2
8582 0
8583 0
8584 2
8585 1
8586 1
8587 0
8588 1
8589 3
8590 1
8591 0
8592 1
8593 0
8594 3
8595 1
8596 0
8597 0
8598 0
8599 0
8600 0
8601 1
8602 1
8603 1
8604 3
8605 2
8606 0
8607 0
8608 0
8609 0
8610 1
8611 1
8612 2
8613 0
8614 1
8615 0
8616 0
8617 0
8618 0
8619 0
8620 1
8621 1
8622 3
8623 1
8624 0
8625 0
8626 0
8627 0
8628 0
8629 1
8630 0
8631 1
8632 3
8633 1
8634 0
8635 0
8636 1
8637 0
8638 0
8639 1
8640 0
8641 1
8642 0
8643 0
8644 1
8645 1
8646 2
8647 1
8648 0
8649 0
8650 0
8651 2
8652 0
8653 1
8654 1
8655 0
8656 1
8657 0
8658 1
8659 1
8660 1
8661 0
8662 0
8663 2
8664 0
8665 3
8666 0
8667 0
8668 1
8669 0
8670 0
8671 2
8672 1
8673 0
8674 1
8675 0
8676 1
8677 1
8678 0
8679 2
8680 1
8681 2
8682 2
8683 2
8684 1
8685 0
8686 1
8687 1
8688 2
8689 1
8690 0
8691 0
8692 0
8693 3
8694 2
8695 1
8696 0
8697 1
8698 2
8699 1
8700 0
8701 0
8702 2
8703 1
8704 2
8705 1
8706 1
8707 0
8708 0
8709 1
8710 0
8711 1
8712 0
8713 0
8714 0
8715 1
8716 1
8717 1
8718 1
8719 3
8720 2
8721 2
8722 0
8723 0
8724 0
8725 0
8726 0
8727 1
8728 1
8729 2
8730 1
8731 0
8732 0
8733 0
8734 3
8735 0
8736 1
8737 1
8738 2
8739 1
8740 0
8741 0
8742 0
8743 0
8744 0
8745 1
8746 1
8747 0
8748 0
8749 3
8750 1
8751 0
8752 0
8753 1
8754 1
8755 0
8756 2
8757 0
8758 1
8759 1
8760 0
8761 1
8762 1
8763 0
8764 0
8765 0
8766 2
8767 0
8768 1
8769 0
8770 0
8771 0
8772 3
8773 1
8774 2
8775 0
8776 1
8777 0
8778 0
8779 2
8780 0
8781 0
8782 0
8783 1
8784 0
8785 2
8786 1
8787 1
8788 2
8789 1
8790 2
8791 1
8792 0
8793 0
8794 1
8795 2
8796 1
8797 0
8798 2
8799 1
8800 2
8801 1
8802 2
8803 0
8804 0
8805 2
8806 2
8807 2
8808 0
8809 1
8810 0
8811 1
8812 0
8813 1
8814 1
8815 0
8816 2
8817 0
8818 0
8819 1
8820 0
8821 1
8822 0
8823 1
8824 0
8825 0
8826 0
8827 0
8828 0
8829 2
8830 1
8831 0
8832 0
8833 0
8834 1
8835 0
8836 0
8837 0
8838 0
8839 1
8840 0
8841 0
8842 1
8843 0
8844 0
8845 0
8846 1
8847 1
8848 1
8849 0
8850 0
8851 0
8852 2
8853 1
8854 0
8855 2
8856 0
8857 0
8858 1
8859 0
8860 1
8861 3
8862 0
8863 1
8864 1
8865 2
8866 0
8867 0
8868 0
8869 0
8870 0
8871 0
8872 0
8873 1
8874 1
8875 0
8876 2
8877 1
8878 2
8879 0
8880 1
8881 0
8882 0
8883 0
8884 1
8885 0
8886 0
8887 1
8888 0
8889 0
8890 0
8891 2
8892 0
8893 0
8894 2
8895 1
8896 1
8897 2
8898 0
8899 2
8900 0
8901 1
8902 0
8903 0
8904 1
8905 1
8906 0
8907 0
8908 0
8909 0
8910 0
8911 1
8912 0
8913 0
8914 1
8915 1
8916 2
8917 0
8918 1
8919 0
8920 0
8921 0
8922 1
8923 1
8924 0
8925 1
8926 0
8927 1
8928 1
8929 0
8930 0
8931 0
8932 0
8933 0
8934 0
8935 1
8936 3
8937 0
8938 2
8939 1
8940 1
8941 1
8942 0
8943 0
8944 2
8945 0
8946 1
8947 0
8948 1
8949 2
8950 1
8951 0
8952 0
8953 0
8954 0
8955 1
8956 0
8957 0
8958 2
8959 3
8960 0
8961 0
8962 1
8963 0
8964 1
8965 1
8966 0
8967 2
8968 0
8969 1
8970 0
8971 0
8972 3
8973 1
8974 0
8975 0
8976 0
8977 4
8978 0
8979 1
8980 0
8981 0
8982 1
8983 1
8984 0
8985 1
8986 1
8987 0
8988 0
8989 1
8990 1
8991 0
8992 0
8993 1
8994 0
8995 1
8996 2
8997 0
8998 0
8999 1
9000 0
9001 1
9002 0
9003 1
9004 1
9005 0
9006 1
9007 0
9008 1
9009 1
9010 0
9011 0
9012 2
9013 0
9014 2
9015 0
9016 0
9017 2
9018 1
9019 0
9020 0
9021 1
9022 4
9023 0
9024 0
9025 1
9026 0
9027 1
9028 1
9029 2
9030 1
9031 1
9032 0
9033 0
9034 1
9035 2
9036 1
9037 1
9038 0
9039 0
9040 3
9041 1
9042 0
9043 0
9044 2
9045 1
9046 1
9047 1
9048 0
9049 1
9050 0
9051 0
9052 1
9053 2
9054 1
9055 0
9056 1
9057 1
9058 2
9059 1
9060 0
9061 0
9062 1
9063 1
9064 1
9065 2
9066 3
9067 0
9068 2
9069 2
9070 0
9071 1
9072 1
9073 0
9074 0
9075 0
9076 0
9077 2
9078 1
9079 0
9080 1
9081 0
9082 0
9083 0
9084 1
9085 1
9086 0
9087 1
9088 0
9089 1
9090 2
9091 1
9092 1
9093 4
9094 1
9095 0
9096 0
9097 0
9098 0
9099 0
9100 1
9101 1
9102 0
9103 0
9104 4
9105 1
9106 3
9107 0
9108 0
9109 2
9110 0
9111 0
9112 0
9113 1
9114 0
9115 2
9116 1
9117 1
9118 0
9119 0
9120 0
9121 0
9122 0
9123 3
9124 2
9125 0
9126 0
9127 1
9128 0
9129 0
9130 0
9131 0
9132 0
9133 1
9134 2
9135 0
9136 0
9137 0
9138 0
9139 2
9140 0
9141 0
9142 0
9143 0
9144 0
9145 3
9146 0
9147 0
9148 1
9149 0
9150 2
9151 0
9152 0
9153 1
9154 0
9155 0
9156 0
9157 2
9158 0
9159 0
9160 1
9161 3
9162 0
9163 0
9164 0
9165 2
9166 1
9167 0
9168 2
9169 1
9170 0
9171 0
9172 1
9173 0
9174 0
9175 1
9176 1
9177 1
9178 2
9179 0
9180 0
9181 0
9182 0
9183 1
9184 1
9185 2
9186 0
9187 1
9188 1
9189 0
9190 0
9191 0
9192 0
9193 1
9194 0
9195 0
9196 0
9197 1
9198 2
9199 0
9200 0
9201 1
9202 0
9203 1
9204 0
9205 2
9206 1
9207 1
9208 1
9209 0
9210 0
9211 0
9212 0
9213 1
9214 0
9215 1
9216 1
9217 1
9218 1
9219 1
9220 2
9221 0
9222 1
9223 1
9224 0
9225 0
9226 0
9227 0
9228 4
9229 2
9230 1
9231 1
9232 2
9233 0
9234 1
9235 2
9236 0
9237 1
9238 0
9239 0
9240 0
9241 1
9242 0
9243 0
9244 1
9245 0
9246 2
9247 0
9248 0
9249 1
9250 0
9251 2
9252 1
9253 1
9254 0
9255 0
9256 1
9257 0
9258 1
9259 0
9260 0
9261 1
9262 0
9263 1
9264 0
9265 1
9266 1
9267 2
9268 0
9269 0
9270 1
9271 0
9272 0
9273 2
9274 2
9275 2
9276 0
9277 1
9278 2
9279 0
9280 1
9281 0
9282 0
9283 0
9284 2
9285 0
9286 1
9287 0
9288 0
9289 0
9290 0
9291 3
9292 0
9293 0
9294 0
9295 0
9296 0
9297 5
9298 0
9299 0
9300 1
9301 1
9302 1
9303 2
9304 0
9305 0
9306 0
9307 1
9308 0
9309 3
9310 1
9311 1
9312 2
9313 2
9314 0
9315 0
9316 0
9317 1
9318 1
9319 0
9320 0
9321 2
9322 0
9323 1
9324 0
9325 1
9326 0
9327 1
9328 2
9329 2
9330 0
9331 0
9332 0
9333 0
9334 0
9335 1
9336 0
9337 0
9338 0
9339 1
9340 0
9341 1
9342 0
9343 1
9344 2
9345 1
9346 1
9347 0
9348 1
9349 1
9350 0
9351 0
9352 0
9353 1
9354 0
9355 1
9356 0
9357 0
9358 0
9359 0
9360 1
9361 2
9362 2
9363 0
9364 0
9365 0
9366 0
9367 0
9368 2
9369 0
9370 2
9371 0
9372 1
9373 0
9374 0
9375 0
9376 0
9377 0
9378 0
9379 4
9380 0
9381 0
9382 0
9383 0
9384 2
9385 0
9386 0
9387 0
9388 0
9389 0
9390 0
9391 0
9392 0
9393 2
9394 0
9395 0
9396 0
9397 1
9398 0
9399 0
9400 0
9401 1
9402 0
9403 3
9404 0
9405 2
9406 0
9407 0
9408 0
9409 1
9410 0
9411 2
9412 1
9413 0
9414 1
9415 0
9416 0
9417 0
9418 1
9419 2
9420 0
9421 0
9422 1
9423 0
9424 2
9425 0
9426 0
9427 3
9428 0
9429 0
9430 1
9431 0
9432 1
9433 0
9434 0
9435 0
9436 0
9437 0
9438 0
9439 2
9440 3
9441 0
9442 1
9443 2
9444 0
9445 0
9446 0
9447 1
9448 1
9449 2
9450 0
9451 1
9452 3
9453 1
9454 1
9455 1
9456 0
9457 1
9458 0
9459 0
9460 0
9461 0
9462 0
9463 1
9464 0
9465 0
9466 0
9467 1
9468 0
9469 2
9470 1
9471 0
9472 1
9473 1
9474 1
9475 0
9476 0
9477 0
9478 0
9479 1
9480 1
9481 3
9482 0
9483 0
9484 0
9485 1
9486 0
9487 1
9488 2
9489 3
9490 0
9491 0
9492 0
9493 0
9494 0
9495 2
9496 2
9497 0
9498 0
9499 0
9500 0
9501 1
9502 1
9503 0
9504 0
9505 0
9506 2
9507 0
9508 0
9509 1
9510 2
9511 0
9512 0
9513 1
9514 1
9515 0
9516 0
9517 0
9518 1
9519 0
9520 0
9521 0
9522 0
9523 0
9524 0
9525 0
9526 0
9527 0
9528 0
9529 2
9530 0
9531 0
9532 1
9533 1
9534 1
9535 2
9536 1
9537 0
9538 1
9539 1
9540 0
9541 0
9542 1
9543 0
9544 0
9545 2
9546 1
9547 2
9548 0
9549 0
9550 1
9551 1
9552 0
9553 0
9554 1
9555 0
9556 1
9557 0
9558 2
9559 1
9560 2
9561 1
9562 2
9563 1
9564 1
9565 1
9566 0
9567 0
9568 0
9569 3
9570 0
9571 1
9572 1
9573 1
9574 0
9575 0
9576 3
9577 0
9578 0
9579 0
9580 1
9581 1
9582 0
9583 1
9584 0
9585 1
9586 1
9587 2
9588 0
9589 1
9590 2
9591 0
9592 2
9593 0
9594 1
9595 0
9596 1
9597 0
9598 0
9599 1
9600 0
9601 0
9602 0
9603 0
9604 0
9605 0
9606 0
9607 0
9608 0
9609 1
9610 2
9611 1
9612 1
9613 0
9614 0
9615 0
9616 0
9617 1
9618 1
9619 1
9620 0
9621 0
9622 1
9623 0
9624 1
9625 3
9626 0
9627 1
9628 0
9629 0
9630 1
9631 1
9632 0
9633 1
9634 2
9635 0
9636 1
9637 1
9638 0
9639 0
9640 0
9641 0
9642 0
9643 0
9644 1
9645 1
9646 1
9647 0
9648 0
9649 1
9650 1
9651 1
9652 0
9653 0
9654 0
9655 1
9656 1
9657 0
9658 0
9659 0
9660 0
9661 0
9662 0
9663 4
9664 0
9665 2
9666 0
9667 0
9668 0
9669 0
9670 1
9671 0
9672 0
9673 0
9674 1
9675 0
9676 0
9677 2
9678 1
9679 0
9680 0
9681 2
9682 0
9683 0
9684 1
9685 0
9686 1
9687 3
9688 2
9689 0
9690 1
9691 3
9692 0
9693 1
9694 1
9695 0
9696 0
9697 0
9698 0
9699 2
9700 1
9701 3
9702 0
9703 0
9704 0
9705 0
9706 1
9707 0
9708 2
9709 0
9710 0
9711 1
9712 1
9713 0
9714 0
9715 0
9716 1
9717 0
9718 0
9719 0
9720 0
9721 0
9722 0
9723 1
9724 0
9725 0
9726 0
9727 0
9728 0
9729 1
9730 4
9731 0
9732 0
9733 0
9734 1
9735 0
9736 1
9737 0
9738 1
9739 0
9740 0
9741 1
9742 1
9743 1
9744 2
9745 0
9746 1
9747 1
9748 1
9749 1
9750 1
9751 1
9752 0
9753 2
9754 0
9755 0
9756 0
9757 0
9758 0
9759 0
9760 1
9761 1
9762 1
9763 0
9764 0
9765 0
9766 1
9767 0
9768 1
9769 0
9770 0
9771 0
9772 0
9773 0
9774 2
9775 0
9776 0
9777 0
9778 2
9779 0
9780 0
9781 2
9782 2
9783 1
9784 0
9785 3
9786 1
9787 0
9788 0
9789 1
9790 1
9791 1
9792 0
9793 0
9794 0
9795 1
9796 0
9797 0
9798 0
9799 1
9800 1
9801 0
9802 0
9803 0
9804 1
9805 0
9806 0
9807 1
9808 2
9809 0
9810 1
9811 1
9812 1
9813 1
9814 2
9815 1
9816 0
9817 1
9818 0
9819 1
9820 2
9821 3
9822 1
9823 4
9824 0
9825 1
9826 7
9827 3
9828 0
9829 3
9830 2
9831 5
9832 2
9833 0
9834 3
9835 4
9836 3
9837 2
9838 3
9839 0
9840 2
9841 4
9842 1
9843 1
9844 2
9845 0
9846 1
9847 2
9848 1
9849 0
9850 0
9851 0
9852 4
9853 0
9854 0
9855 2
9856 0
9857 0
9858 1
9859 0
9860 1
9861 1
9862 1
9863 0
9864 1
9865 3
9866 1
9867 0
9868 0
9869 2
9870 1
9871 1
9872 0
9873 0
9874 0
9875 0
9876 1
9877 0
9878 2
9879 1
9880 1
9881 0
9882 2
9883 0
9884 0
9885 0
9886 2
9887 3
9888 0
9889 0
9890 2
9891 1
9892 1
9893 1
9894 0
9895 0
9896 1
9897 0
9898 3
9899 0
9900 0
9901 0
9902 0
9903 2
9904 2
9905 1
9906 0
9907 0
9908 0
9909 0
9910 0
9911 0
9912 0
9913 1
9914 0
9915 0
9916 2
9917 0
9918 1
9919 0
9920 1
9921 1
9922 1
9923 1
9924 0
9925 2
9926 1
9927 1
9928 1
9929 2
9930 0
9931 0
9932 0
9933 0
9934 0
9935 1
9936 0
9937 0
9938 2
9939 0
9940 1
9941 3
9942 0
9943 0
9944 0
9945 1
9946 2
9947 3
9948 0
9949 1
9950 0
9951 1
9952 0
9953 0
9954 0
9955 1
9956 0
9957 0
9958 2
9959 0
9960 0
9961 1
9962 0
9963 0
9964 0
9965 0
9966 1
9967 0
9968 0
9969 1
9970 1
9971 1
9972 0
9973 1
9974 0
9975 0
9976 1
9977 1
9978 1
9979 2
9980 1
9981 1
9982 1
9983 0
9984 0
9985 0
9986 0
9987 1
9988 0
9989 0
9990 2
9991 0
9992 0
9993 3
9994 2
9995 1
9996 0
9997 0
9998 0
9999 0
10000 0
10001 1
10002 0
10003 2
10004 0
10005 1
10006 2
10007 0
10008 0
10009 0
10010 0
10011 0
10012 0
10013 0
10014 0
10015 0
10016 1
10017 0
10018 1
10019 0
10020 0
10021 1
10022 0
10023 0
10024 1
10025 0
10026 0
10027 0
10028 0
10029 0
10030 0
10031 0
10032 0
10033 0
10034 0
10035 0
10036 0
10037 0
10038 1
10039 1
10040 2
10041 0
10042 0
10043 0
10044 2
10045 1
10046 1
10047 0
10048 0
10049 0
10050 0
10051 0
10052 0
10053 1
10054 0
10055 0
10056 1
10057 3
10058 1
10059 0
10060 0
10061 1
10062 2
10063 1
10064 0
10065 4
10066 1
10067 0
10068 0
10069 1
10070 1
10071 1
10072 1
10073 0
10074 0
10075 0
10076 0
10077 0
10078 1
10079 0
10080 1
10081 2
10082 1
10083 0
10084 1
10085 0
10086 1
10087 0
10088 1
10089 0
10090 0
10091 0
10092 1
10093 0
10094 1
10095 0
10096 1
10097 1
10098 0
10099 1
10100 0
10101 1
10102 0
10103 1
10104 0
10105 0
10106 1
10107 1
10108 0
10109 0
10110 1
10111 0
10112 2
10113 1
10114 0
10115 0
10116 0
10117 0
10118 1
10119 0
10120 0
10121 1
10122 0
10123 1
10124 2
10125 1
10126 0
10127 0
10128 3
10129 1
10130 0
10131 1
10132 0
10133 0
10134 0
10135 0
10136 0
10137 2
10138 0
10139 0
10140 0
10141 2
10142 0
10143 0
10144 1
10145 1
10146 0
10147 0
10148 0
10149 0
10150 0
10151 0
10152 0
10153 2
10154 0
10155 0
10156 0
10157 0
10158 1
10159 0
10160 1
10161 0
10162 0
10163 0
10164 0
10165 0
10166 0
10167 1
10168 0
10169 0
10170 0
10171 2
10172 0
10173 1
10174 1
10175 1
10176 0
10177 1
10178 0
10179 0
10180 0
10181 0
10182 1
10183 2
10184 0
10185 0
10186 1
10187 1
10188 0
10189 1
10190 0
10191 0
10192 1
10193 0
10194 0
10195 1
10196 0
10197 0
10198 0
10199 0
10200 0
10201 1
10202 0
10203 0
10204 1
10205 0
10206 1
10207 2
10208 0
10209 1
10210 0
10211 0
10212 0
10213 1
10214 0
10215 1
10216 2
10217 1
10218 0
10219 0
10220 0
10221 0
10222 0
10223 1
10224 0
10225 1
10226 0
10227 1
10228 0
10229 1
10230 1
10231 0
10232 0
10233 1
10234 1
10235 1
10236 0
10237 1
10238 2
10239 0
10240 1
10241 2
10242 1
10243 1
10244 0
10245 1
10246 1
10247 0
10248 0
10249 2
10250 1
10251 0
10252 1
10253 1
10254 1
10255 0
10256 2
10257 2
10258 2
10259 2
10260 0
10261 0
10262 0
10263 0
10264 0
10265 0
10266 0
10267 1
10268 0
10269 0
10270 0
10271 1
10272 0
10273 0
10274 0
10275 0
10276 0
10277 2
10278 0
10279 0
10280 0
10281 1
10282 0
10283 1
10284 0
10285 2
10286 0
10287 0
10288 2
10289 1
10290 0
10291 1
10292 0
10293 1
10294 0
10295 0
10296 1
10297 0
10298 1
10299 0
10300 1
10301 1
10302 0
10303 1
10304 0
10305 0
10306 1
10307 0
10308 3
10309 1
10310 0
10311 1
10312 1
10313 2
10314 0
10315 0
10316 0
10317 2
10318 0
10319 1
10320 0
10321 0
10322 0
10323 2
10324 0
10325 1
10326 0
10327 1
10328 0
10329 1
10330 0
10331 0
10332 1
10333 1
10334 1
10335 0
10336 0
10337 1
10338 1
10339 0
10340 0
10341 0
10342 2
10343 3
10344 0
10345 0
10346 1
10347 0
10348 0
10349 1
10350 0
10351 0
10352 3
10353 0
10354 1
10355 0
10356 0
10357 1
10358 1
10359 0
10360 1
10361 0
10362 1
10363 0
10364 1
10365 1
10366 0
10367 0
10368 1
10369 1
10370 0
10371 0
10372 0
10373 1
10374 1
10375 0
10376 0
10377 0
10378 1
10379 0
10380 0
10381 1
10382 0
10383 1
10384 0
10385 0
10386 0
10387 0
10388 2
10389 0
10390 1
10391 1
10392 0
10393 0
10394 0
10395 0
10396 2
10397 1
10398 0
10399 0
10400 2
10401 1
10402 0
10403 1
10404 1
10405 1
10406 0
10407 2
10408 2
10409 0
10410 1
10411 0
10412 1
10413 1
10414 0
10415 0
10416 0
10417 0
10418 1
10419 1
10420 0
10421 1
10422 0
10423 1
10424 0
10425 1
10426 1
10427 1
10428 1
10429 0
10430 0
10431 0
10432 0
10433 1
10434 0
10435 1
10436 0
10437 0
10438 2
10439 1
10440 0
10441 1
10442 3
10443 2
10444 1
10445 3
10446 0
10447 1
10448 1
10449 0
10450 3
10451 1
10452 2
10453 4
10454 0
10455 0
10456 3
10457 2
10458 0
10459 5
10460 2
10461 0
10462 0
10463 2
10464 0
10465 0
10466 0
10467 1
10468 2
10469 1
10470 1
10471 1
10472 0
10473 1
10474 0
10475 0
10476 0
10477 0
10478 0
10479 1
10480 0
10481 0
10482 0
10483 0
10484 0
10485 0
10486 0
10487 0
10488 1
10489 0
10490 2
10491 0
10492 2
10493 0
10494 0
10495 1
10496 0
10497 0
10498 0
10499 0
10500 0
10501 0
10502 0
10503 0
10504 0
10505 1
10506 0
10507 0
10508 2
10509 0
10510 0
10511 0
10512 2
10513 0
10514 0
10515 1
10516 1
10517 1
10518 1
10519 0
10520 0
10521 2
10522 1
10523 2
10524 0
10525 0
10526 0
10527 1
10528 0
10529 1
10530 0
10531 1
10532 0
10533 0
10534 0
10535 0
10536 1
10537 2
10538 1
10539 0
10540 0
10541 0
10542 0
10543 1
10544 1
10545 2
10546 1
10547 0
10548 0
10549 1
10550 0
10551 1
10552 2
10553 0
10554 0
10555 0
10556 2
10557 0
10558 1
10559 0
10560 0
10561 0
10562 0
10563 0
10564 1
10565 0
10566 4
10567 0
10568 1
10569 2
10570 0
10571 0
10572 1
10573 0
10574 0
10575 1
10576 0
10577 1
10578 0
10579 0
10580 0
10581 0
10582 1
10583 0
10584 1
10585 0
10586 0
10587 1
10588 0
10589 1
10590 1
10591 0
10592 0
10593 2
10594 1
10595 0
10596 3
10597 0
10598 0
10599 0
10600 0
10601 1
10602 0
10603 0
10604 1
10605 0
10606 1
10607 1
10608 2
10609 0
10610 0
10611 1
10612 0
10613 0
10614 0
10615 1
10616 0
10617 1
10618 1
10619 0
10620 0
10621 0
10622 2
10623 0
10624 0
10625 1
10626 1
10627 1
10628 2
10629 0
10630 0
10631 0
10632 1
10633 0
10634 0
10635 0
10636 0
10637 1
10638 0
10639 0
10640 0
10641 1
10642 1
10643 0
10644 0
10645 1
10646 1
10647 0
10648 1
10649 0
10650 0
10651 0
10652 0
10653 0
10654 1
10655 0
10656 0
10657 0
10658 0
10659 0
10660 0
10661 1
10662 1
10663 0
10664 0
10665 1
10666 0
10667 0
10668 0
10669 2
10670 1
10671 3
10672 1
10673 0
10674 1
10675 1
10676 0
10677 1
10678 1
10679 0
10680 0
10681 0
10682 0
10683 0
10684 0
10685 2
10686 1
10687 0
10688 0
10689 0
10690 0
10691 1
10692 1
10693 0
10694 0
10695 0
10696 0
10697 1
10698 0
10699 0
10700 0
10701 0
10702 0
10703 1
10704 0
10705 0
10706 0
10707 0
10708 0
10709 0
10710 1
10711 0
10712 0
10713 0
10714 3
10715 0
10716 0
10717 0
10718 1
10719 1
10720 2
10721 2
10722 0
10723 2
10724 0
10725 0
10726 1
10727 1
10728 1
10729 2
10730 0
10731 2
10732 0
10733 1
10734 0
10735 0
10736 1
10737 0
10738 1
10739 0
10740 0
10741 0
10742 1
10743 2
10744 0
10745 2
10746 0
10747 0
10748 0
10749 1
10750 0
10751 1
10752 1
10753 1
10754 0
10755 1
10756 3
10757 1
10758 0
10759 1
10760 0
10761 1
10762 1
10763 0
10764 1
10765 0
10766 1
10767 1
10768 1
10769 1
10770 0
10771 1
10772 0
10773 0
10774 1
10775 0
10776 1
10777 0
10778 0
10779 0
10780 0
10781 0
10782 0
10783 0
10784 1
10785 0
10786 0
10787 0
10788 1
10789 1
10790 0
10791 1
10792 0
10793 2
10794 0
10795 0
10796 0
10797 0
10798 0
10799 0
10800 0
10801 1
10802 0
10803 0
10804 0
10805 0
10806 0
10807 1
10808 1
10809 0
10810 0
10811 0
10812 1
10813 2
10814 3
10815 0
10816 0
10817 1
10818 0
10819 0
10820 1
10821 0
10822 0
10823 0
10824 0
10825 0
10826 0
10827 1
10828 1
10829 1
10830 1
10831 1
10832 0
10833 1
10834 0
10835 0
10836 0
10837 0
10838 0
10839 0
10840 0
10841 0
10842 0
10843 0
10844 0
10845 1
10846 2
10847 0
10848 1
10849 1
10850 0
10851 0
10852 0
10853 0
10854 0
10855 1
10856 0
10857 1
10858 0
10859 2
10860 4
10861 1
10862 1
10863 0
10864 0
10865 0
10866 0
10867 0
10868 0
10869 0
10870 1
10871 0
10872 0
10873 0
10874 0
10875 0
10876 1
10877 0
10878 0
10879 0
10880 0
10881 2
10882 2
10883 0
10884 0
10885 1
10886 0
10887 0
10888 1
10889 0
10890 0
10891 0
10892 0
10893 0
10894 0
10895 1
10896 0
10897 0
10898 0
10899 0
10900 0
10901 0
10902 0
10903 2
10904 1
10905 1
10906 1
10907 0
10908 0
10909 0
10910 0
10911 0
10912 0
10913 0
10914 0
10915 0
10916 1
10917 0
10918 0
10919 0
10920 0
10921 1
10922 1
10923 1
10924 0
10925 1
10926 1
10927 1
10928 0
10929 1
10930 0
10931 0
10932 0
10933 0
10934 1
10935 0
10936 0
10937 2
10938 0
10939 0
10940 1
10941 1
10942 0
10943 1
10944 0
10945 0
10946 1
10947 2
10948 0
10949 1
10950 0
10951 1
10952 0
10953 1
10954 0
10955 0
10956 0
10957 1
10958 1
10959 0
10960 2
10961 1
10962 2
10963 0
10964 0
10965 0
10966 0
10967 1
10968 0
10969 1
10970 0
10971 0
10972 0
10973 1
10974 0
10975 0
10976 0
10977 0
10978 1
10979 0
10980 1
10981 1
10982 2
10983 0
10984 0
10985 0
10986 1
10987 0
10988 0
10989 0
10990 0
10991 0
10992 0
10993 0
10994 2
10995 0
10996 0
10997 0
10998 0
10999 0
11000 0
11001 0
11002 2
11003 1
11004 0
11005 0
11006 0
11007 1
11008 0
11009 1
11010 0
11011 2
11012 0
11013 1
11014 0
11015 0
11016 0
11017 1
11018 0
11019 1
11020 1
11021 0
11022 0
11023 1
11024 0
11025 1
11026 0
11027 0
11028 1
11029 0
11030 0
11031 3
11032 0
11033 0
11034 3
11035 0
11036 0
11037 0
11038 0
11039 1
11040 0
11041 0
11042 0
11043 0
11044 1
11045 0
11046 0
11047 1
11048 0
11049 0
11050 1
11051 0
11052 0
11053 0
11054 0
11055 0
11056 0
11057 0
11058 1
11059 0
11060 0
11061 0
11062 1
11063 0
11064 0
11065 1
11066 0
11067 0
11068 0
11069 0
11070 1
11071 1
11072 0
11073 0
11074 0
11075 0
11076 0
11077 2
11078 0
11079 1
11080 0
11081 0
11082 2
11083 0
11084 0
11085 0
11086 0
11087 0
11088 0
11089 4
11090 0
11091 1
11092 1
11093 1
11094 0
11095 0
11096 0
11097 0
11098 0
11099 0
11100 0
11101 1
11102 0
11103 1
11104 0
11105 0
11106 0
11107 0
11108 0
11109 0
11110 0
11111 3
11112 1
11113 0
11114 1
11115 0
11116 2
11117 0
11118 0
11119 0
11120 1
11121 0
11122 1
11123 0
11124 0
11125 0
11126 0
11127 0
11128 1
11129 0
11130 1
11131 0
11132 0
11133 0
11134 0
11135 0
11136 1
11137 1
11138 1
11139 1
11140 0
11141 0
11142 0
11143 0
11144 0
11145 0
11146 1
11147 1
11148 1
11149 1
11150 2
11151 0
11152 1
11153 0
11154 0
11155 1
11156 0
11157 0
11158 0
11159 1
11160 0
11161 2
11162 0
11163 1
11164 0
11165 0
11166 0
11167 1
11168 1
11169 0
11170 1
11171 0
11172 1
11173 1
11174 2
11175 1
11176 1
11177 0
11178 1
11179 0
11180 0
11181 1
11182 0
11183 1
11184 0
11185 0
11186 1
11187 2
11188 0
11189 0
11190 0
11191 1
11192 0
11193 0
11194 0
11195 0
11196 0
11197 1
11198 0
11199 0
11200 2
11201 1
11202 1
11203 0
11204 1
11205 0
11206 0
11207 0
11208 1
11209 1
11210 3
11211 0
11212 1
11213 2
11214 1
11215 0
11216 0
11217 1
11218 0
11219 1
11220 0
11221 0
11222 0
11223 0
11224 1
11225 0
11226 0
11227 0
11228 3
11229 2
11230 0
11231 0
11232 1
11233 0
11234 0
11235 1
11236 0
11237 0
11238 1
11239 0
11240 0
11241 0
11242 1
11243 0
11244 2
11245 0
11246 0
11247 1
11248 1
11249 1
11250 0
11251 0
11252 1
11253 0
11254 0
11255 0
11256 0
11257 0
11258 0
11259 0
11260 2
11261 1
11262 0
11263 0
11264 0
11265 1
11266 0
11267 1
11268 1
11269 0
11270 1
11271 0
11272 0
11273 1
11274 0
11275 0
11276 0
11277 0
11278 1
11279 0
11280 0
11281 1
11282 1
11283 0
11284 0
11285 0
11286 1
11287 0
11288 0
11289 0
11290 2
11291 0
11292 2
11293 1
11294 2
11295 0
11296 1
11297 1
11298 1
11299 1
11300 0
11301 1
11302 0
11303 0
11304 0
11305 0
11306 0
11307 0
11308 1
11309 0
11310 0
11311 1
11312 0
11313 2
11314 0
11315 0
11316 1
11317 0
11318 0
11319 0
11320 1
11321 0
11322 0
11323 1
11324 1
11325 0
11326 0
11327 1
11328 0
11329 1
11330 0
11331 0
11332 0
11333 1
11334 2
11335 0
11336 0
11337 1
11338 0
11339 0
11340 2
11341 0
11342 1
11343 0
11344 0
11345 0
11346 0
11347 0
11348 1
11349 0
11350 0
11351 0
11352 0
11353 0
11354 0
11355 0
11356 0
11357 0
11358 4
11359 0
11360 0
11361 0
11362 0
11363 0
11364 0
11365 0
11366 0
11367 1
11368 1
11369 0
11370 0
11371 0
11372 1
11373 0
11374 0
11375 1
11376 1
11377 1
11378 0
11379 0
11380 0
11381 3
11382 0
11383 0
11384 0
11385 0
11386 2
11387 1
11388 0
11389 1
11390 0
11391 0
11392 0
11393 1
11394 0
11395 0
11396 0
11397 0
11398 0
11399 1
11400 0
11401 0
11402 1
11403 0
11404 1
11405 1
11406 0
11407 1
11408 0
11409 1
11410 1
11411 1
11412 1
11413 0
11414 1
11415 1
11416 0
11417 1
11418 0
11419 1
11420 1
11421 0
11422 0
11423 0
11424 1
11425 3
11426 1
11427 0
11428 1
11429 0
11430 0
11431 1
11432 1
11433 0
11434 0
11435 0
11436 0
11437 2
11438 1
11439 0
11440 1
11441 0
11442 1
11443 1
11444 0
11445 0
11446 0
11447 0
11448 0
11449 4
11450 0
11451 0
11452 0
11453 2
11454 0
11455 0
11456 0
11457 1
11458 0
11459 0
11460 0
11461 1
11462 1
11463 2
11464 0
11465 2
11466 0
11467 0
11468 1
11469 0
11470 1
11471 0
11472 0
11473 0
11474 0
11475 0
11476 0
11477 0
11478 1
11479 0
11480 1
11481 0
11482 1
11483 1
11484 0
11485 0
11486 1
11487 1
11488 0
11489 0
11490 0
11491 1
11492 0
11493 0
11494 0
11495 0
11496 0
11497 0
11498 1
11499 1
11500 0
11501 0
11502 0
11503 1
11504 1
11505 1
11506 0
11507 1
11508 1
11509 1
11510 0
11511 0
11512 0
11513 0
11514 2
11515 1
11516 0
11517 0
11518 0
11519 0
11520 0
11521 1
11522 0
11523 0
11524 1
11525 1
11526 0
11527 1
11528 1
11529 0
11530 0
11531 0
11532 1
11533 0
11534 0
11535 1
11536 0
11537 1
11538 1
11539 1
11540 1
11541 0
11542 1
11543 0
11544 3
11545 0
11546 0
11547 0
11548 0
11549 0
11550 1
11551 1
11552 0
11553 0
11554 0
11555 0
11556 1
11557 2
11558 0
11559 1
11560 0
11561 0
11562 0
11563 0
11564 0
11565 0
11566 1
11567 0
11568 0
11569 2
11570 0
11571 0
11572 0
11573 0
11574 1
11575 1
11576 1
11577 1
11578 0
11579 0
11580 0
11581 0
11582 0
11583 1
11584 0
11585 1
11586 2
11587 0
11588 0
11589 2
11590 0
11591 2
11592 2
11593 0
11594 0
11595 0
11596 0
11597 0
11598 0
11599 1
11600 0
11601 1
11602 0
11603 1
11604 0
11605 1
11606 1
11607 0
11608 1
11609 0
11610 1
11611 0
11612 1
11613 1
11614 0
11615 0
11616 0
11617 1
11618 2
11619 0
11620 2
11621 1
11622 0
11623 0
11624 0
11625 0
11626 0
11627 0
11628 0
11629 0
11630 0
11631 0
11632 0
11633 1
11634 0
11635 1
11636 1
11637 0
11638 0
11639 1
11640 0
11641 2
11642 1
11643 2
11644 1
11645 2
11646 1
11647 0
11648 1
11649 0
11650 0
11651 2
11652 0
11653 0
11654 2
11655 1
11656 1
11657 1
11658 2
11659 1
11660 1
11661 1
11662 0
11663 1
11664 0
11665 3
11666 1
11667 1
11668 0
11669 0
11670 1
11671 2
11672 1
11673 0
11674 1
11675 0
11676 1
11677 0
11678 1
11679 0
11680 1
11681 0
11682 0
11683 1
11684 0
11685 0
11686 0
11687 0
11688 1
11689 0
11690 1
11691 1
11692 2
11693 0
11694 1
11695 0
11696 1
11697 0
11698 1
11699 0
11700 2
11701 1
11702 1
11703 1
11704 0
11705 0
11706 2
11707 0
11708 0
11709 3
11710 0
11711 0
11712 0
11713 1
11714 1
11715 1
11716 0
11717 0
11718 1
11719 0
11720 0
11721 1
11722 1
11723 0
11724 2
11725 1
11726 0
11727 0
11728 0
11729 1
11730 0
11731 1
11732 1
11733 0
11734 0
11735 0
11736 0
11737 1
11738 1
11739 2
11740 2
11741 1
11742 2
11743 0
11744 0
11745 0
11746 1
11747 1
11748 1
11749 1
11750 1
11751 2
11752 0
11753 0
11754 0
11755 0
11756 0
11757 0
11758 0
11759 0
11760 0
11761 0
11762 1
11763 0
11764 1
11765 0
11766 2
11767 1
11768 0
11769 0
11770 0
11771 1
11772 0
11773 3
11774 0
11775 2
11776 1
11777 0
11778 2
11779 0
11780 1
11781 0
11782 2
11783 0
11784 1
11785 2
11786 0
11787 0
11788 0
11789 1
11790 1
11791 1
11792 2
11793 1
11794 0
11795 0
11796 0
11797 0
11798 0
11799 0
11800 0
11801 2
11802 0
11803 0
11804 1
11805 0
11806 0
11807 0
11808 0
11809 1
11810 0
11811 0
11812 0
11813 1
11814 1
11815 0
11816 0
11817 0
11818 0
11819 0
11820 0
11821 0
11822 0
11823 1
11824 0
11825 0
11826 0
11827 0
11828 0
11829 1
11830 0
11831 0
11832 0
11833 1
11834 3
11835 1
11836 0
11837 0
11838 0
11839 0
11840 1
11841 0
11842 0
11843 0
11844 2
11845 1
11846 0
11847 0
11848 0
11849 1
11850 0
11851 1
11852 3
11853 0
11854 0
11855 1
11856 0
11857 0
11858 0
11859 1
11860 0
11861 0
11862 0
11863 0
11864 1
11865 1
11866 0
11867 0
11868 1
11869 0
11870 1
11871 0
11872 0
11873 0
11874 3
11875 0
11876 1
11877 1
11878 0
11879 1
11880 0
11881 0
11882 1
11883 1
11884 0
11885 1
11886 1
11887 0
11888 2
11889 0
11890 1
11891 0
11892 2
11893 1
11894 1
11895 0
11896 0
11897 1
11898 1
11899 1
11900 0
11901 2
11902 0
11903 1
11904 1
11905 0
11906 1
11907 1
11908 1
11909 3
11910 2
11911 0
11912 1
11913 1
11914 1
11915 0
11916 2
11917 1
11918 0
11919 0
11920 0
11921 0
11922 0
11923 0
11924 1
11925 0
11926 0
11927 1
11928 1
11929 0
11930 1
11931 0
11932 0
11933 0
11934 1
11935 0
11936 0
11937 0
11938 0
11939 0
11940 1
11941 1
11942 0
11943 2
11944 0
11945 0
11946 2
11947 0
11948 1
11949 0
11950 0
11951 1
11952 1
11953 1
11954 0
11955 0
11956 0
11957 0
11958 3
11959 0
11960 0
11961 0
11962 2
11963 1
11964 0
11965 0
11966 1
11967 0
11968 1
11969 0
11970 0
11971 3
11972 0
11973 3
11974 1
11975 1
11976 1
11977 0
11978 0
11979 0
11980 0
11981 2
11982 0
11983 0
11984 0
11985 2
11986 0
11987 0
11988 0
11989 0
11990 0
11991 0
11992 0
11993 0
11994 0
11995 1
11996 0
11997 0
11998 1
11999 1
12000 2
12001 0
12002 1
12003 1
12004 0
12005 1
12006 0
12007 1
12008 0
12009 0
12010 0
12011 1
12012 0
12013 0
12014 0
12015 0
12016 0
12017 0
12018 2
12019 1
12020 1
12021 0
12022 0
12023 0
12024 0
12025 0
12026 0
12027 2
12028 2
12029 2
12030 0
12031 0
12032 0
12033 1
12034 0
12035 0
12036 2
12037 0
12038 1
12039 1
12040 1
12041 0
12042 1
12043 1
12044 1
12045 0
12046 0
12047 1
12048 0
12049 0
12050 2
12051 0
12052 2
12053 1
12054 1
12055 0
12056 0
12057 0
12058 0
12059 0
12060 2
12061 0
12062 0
12063 0
12064 3
12065 2
12066 0
12067 0
12068 0
12069 0
12070 2
12071 1
12072 1
12073 1
12074 0
12075 0
12076 1
12077 0
12078 0
12079 0
12080 0
12081 0
12082 1
12083 1
12084 2
12085 1
12086 0
12087 0
12088 3
12089 4
12090 0
12091 1
12092 0
12093 1
12094 0
12095 0
12096 0
12097 2
12098 0
12099 0
12100 1
12101 0
12102 0
12103 1
12104 1
12105 0
12106 0
12107 1
12108 1
12109 0
12110 2
12111 1
12112 0
12113 0
12114 0
12115 0
12116 0
12117 2
12118 0
12119 0
12120 0
12121 0
12122 0
12123 1
12124 0
12125 1
12126 0
12127 1
12128 1
12129 1
12130 1
12131 0
12132 1
12133 1
12134 0
12135 1
12136 0
12137 0
12138 0
12139 3
12140 0
12141 0
12142 0
12143 0
12144 1
12145 0
12146 0
12147 1
12148 1
12149 0
12150 0
12151 0
12152 0
12153 0
12154 0
12155 2
12156 0
12157 0
12158 2
12159 0
12160 0
12161 0
12162 0
12163 0
12164 0
12165 2
12166 0
12167 1
12168 2
12169 0
12170 1
12171 1
12172 1
12173 1
12174 1
12175 1
12176 0
12177 2
12178 0
12179 0
12180 1
12181 0
12182 1
12183 1
12184 0
12185 0
12186 0
12187 1
12188 0
12189 0
12190 1
12191 1
12192 0
12193 0
12194 1
12195 1
12196 1
12197 1
12198 1
12199 2
12200 1
12201 0
12202 0
12203 0
12204 1
12205 0
12206 0
12207 0
12208 0
12209 1
12210 1
12211 0
12212 0
12213 0
12214 0
12215 0
12216 2
12217 0
12218 1
12219 0
12220 1
12221 0
12222 0
12223 1
12224 1
12225 1
12226 0
12227 1
12228 1
12229 0
12230 1
12231 0
12232 0
12233 0
12234 0
12235 0
12236 0
12237 0
12238 2
12239 0
12240 0
12241 0
12242 1
12243 0
12244 1
12245 0
12246 1
12247 2
12248 1
12249 0
12250 2
12251 0
12252 0
12253 0
12254 0
12255 1
12256 1
12257 1
12258 0
12259 0
12260 0
12261 0
12262 0
12263 0
12264 0
12265 1
12266 0
12267 0
12268 0
12269 1
12270 1
12271 1
12272 1
12273 0
12274 2
12275 1
12276 1
12277 1
12278 0
12279 0
12280 0
12281 1
12282 0
12283 0
12284 1
12285 0
12286 0
12287 1
12288 0
12289 1
12290 0
12291 0
12292 0
12293 1
12294 0
12295 0
12296 0
12297 0
12298 0
12299 1
12300 0
12301 1
12302 1
12303 0
12304 0
12305 0
12306 0
12307 0
12308 0
12309 0
12310 2
12311 0
12312 0
12313 1
12314 0
12315 1
12316 1
12317 1
12318 1
12319 0
12320 0
12321 0
12322 0
12323 0
12324 0
12325 0
12326 1
12327 0
12328 0
12329 1
12330 0
12331 0
12332 0
12333 0
12334 0
12335 0
12336 0
12337 0
12338 0
12339 0
12340 0
12341 0
12342 1
12343 0
12344 0
12345 0
12346 0
12347 0
12348 0
12349 0
12350 1
12351 0
12352 0
12353 1
12354 0
12355 1
12356 1
12357 0
12358 1
12359 0
12360 0
12361 0
12362 0
12363 2
12364 0
12365 0
12366 1
12367 1
12368 0
12369 0
12370 1
12371 0
12372 2
12373 0
12374 0
12375 0
12376 0
12377 0
12378 0
12379 0
12380 1
12381 0
12382 0
12383 0
12384 0
12385 0
12386 2
12387 0
12388 1
12389 2
12390 0
12391 0
12392 1
12393 0
12394 0
12395 1
12396 0
12397 2
12398 1
12399 1
12400 0
12401 0
12402 0
12403 1
12404 0
12405 2
12406 0
12407 0
12408 1
12409 1
12410 2
12411 0
12412 0
12413 1
12414 0
12415 1
12416 0
12417 1
12418 0
12419 0
12420 0
12421 0
12422 0
12423 0
12424 0
12425 1
12426 0
12427 0
12428 0
12429 1
12430 0
12431 0
12432 0
12433 0
12434 0
12435 2
12436 0
12437 1
12438 0
12439 0
12440 0
12441 0
12442 0
12443 0
12444 0
12445 0
12446 0
12447 1
12448 4
12449 2
12450 1
12451 0
12452 1
12453 1
12454 1
12455 1
12456 0
12457 0
12458 0
12459 1
12460 0
12461 0
12462 0
12463 0
12464 0
12465 0
12466 1
12467 1
12468 1
12469 1
12470 0
12471 1
12472 0
12473 0
12474 0
12475 1
12476 0
12477 1
12478 0
12479 0
12480 2
12481 0
12482 0
12483 0
12484 0
12485 1
12486 3
12487 1
12488 0
12489 1
12490 0
12491 0
12492 1
12493 0
12494 0
12495 0
12496 1
12497 0
12498 0
12499 0
12500 0
12501 0
12502 2
12503 0
12504 1
12505 2
12506 0
12507 1
12508 1
12509 0
12510 1
12511 0
12512 0
12513 0
12514 0
12515 1
12516 1
12517 0
12518 0
12519 0
12520 0
12521 0
12522 1
12523 0
12524 1
12525 1
12526 2
12527 0
12528 0
12529 0
12530 0
12531 1
12532 3
12533 0
12534 0
12535 0
12536 1
12537 1
12538 0
12539 1
12540 1
12541 0
12542 0
12543 0
12544 0
12545 0
12546 1
12547 0
12548 0
12549 0
12550 1
12551 0
12552 0
12553 2
12554 2
12555 0
12556 0
12557 0
12558 1
12559 3
12560 0
12561 0
12562 0
12563 0
12564 0
12565 3
12566 2
12567 1
12568 0
12569 0
12570 1
12571 0
12572 1
12573 0
12574 1
12575 0
12576 1
12577 1
12578 2
12579 1
12580 0
12581 0
12582 0
12583 0
12584 0
12585 0
12586 0
12587 0
12588 2
12589 0
12590 0
12591 0
12592 1
12593 0
12594 0
12595 1
12596 0
12597 0
12598 2
12599 1
12600 2
12601 0
12602 0
12603 0
12604 1
12605 1
12606 0
12607 1
12608 0
12609 0
12610 1
12611 0
12612 0
12613 1
12614 1
12615 0
12616 1
12617 1
12618 0
12619 2
12620 0
12621 1
12622 1
12623 2
12624 0
12625 1
12626 0
12627 0
12628 0
12629 1
12630 0
12631 0
12632 0
12633 1
12634 0
12635 0
12636 0
12637 0
12638 0
12639 0
12640 1
12641 0
12642 1
12643 2
12644 0
12645 0
12646 1
12647 0
12648 0
12649 1
12650 0
12651 1
12652 1
12653 0
12654 0
12655 0
12656 0
12657 0
12658 1
12659 1
12660 0
12661 0
12662 2
12663 0
12664 2
12665 1
12666 2
12667 0
12668 0
12669 1
12670 1
12671 0
12672 0
12673 0
12674 0
12675 0
12676 0
12677 0
12678 0
12679 0
12680 0
12681 1
12682 0
12683 0
12684 1
12685 1
12686 1
12687 0
12688 1
12689 1
12690 2
12691 0
12692 1
12693 1
12694 1
12695 2
12696 0
12697 0
12698 0
12699 0
12700 1
12701 2
12702 1
12703 1
12704 0
12705 0
12706 0
12707 0
12708 0
12709 1
12710 0
12711 0
12712 1
12713 2
12714 0
12715 1
12716 2
12717 1
12718 0
12719 0
12720 0
12721 0
12722 0
12723 0
12724 2
12725 1
12726 1
12727 0
12728 0
12729 0
12730 0
12731 0
12732 1
12733 0
12734 0
12735 2
12736 0
12737 0
12738 0
12739 1
12740 4
12741 0
12742 0
12743 0
12744 1
12745 2
12746 0
12747 0
12748 0
12749 1
12750 0
12751 0
12752 0
12753 0
12754 0
12755 0
12756 1
12757 0
12758 1
12759 1
12760 0
12761 1
12762 0
12763 0
12764 0
12765 1
12766 0
12767 1
12768 0
12769 0
12770 0
12771 0
12772 0
12773 0
12774 1
12775 0
12776 0
12777 0
12778 0
12779 1
12780 1
12781 0
12782 1
12783 1
12784 0
12785 1
12786 0
12787 1
12788 1
12789 1
12790 0
12791 0
12792 0
12793 0
12794 1
12795 0
12796 0
12797 0
12798 1
12799 1
12800 1
12801 1
12802 0
12803 1
12804 0
12805 0
12806 0
12807 0
12808 0
12809 0
12810 0
12811 0
12812 0
12813 0
12814 0
12815 0
12816 1
12817 2
12818 1
12819 0
12820 1
12821 0
12822 0
12823 0
12824 0
12825 0
12826 1
12827 2
12828 0
12829 0
12830 1
12831 0
12832 0
12833 0
12834 0
12835 0
12836 1
12837 1
12838 0
12839 0
12840 2
12841 0
12842 0
12843 1
12844 0
12845 1
12846 0
12847 0
12848 0
12849 1
12850 0
12851 0
12852 3
12853 1
12854 0
12855 1
12856 1
12857 0
12858 0
12859 0
12860 1
12861 0
12862 0
12863 1
12864 0
12865 0
12866 0
12867 0
12868 0
12869 0
12870 1
12871 0
12872 2
12873 0
12874 0
12875 0
12876 0
12877 0
12878 1
12879 0
12880 0
12881 1
12882 0
12883 1
12884 0
12885 0
12886 0
12887 0
12888 1
12889 0
12890 1
12891 0
12892 0
12893 0
12894 0
12895 0
12896 1
12897 0
12898 0
12899 0
12900 0
12901 1
12902 1
12903 0
12904 0
12905 0
12906 0
12907 1
12908 1
12909 0
12910 0
12911 0
12912 0
12913 0
12914 0
12915 0
12916 0
12917 1
12918 1
12919 1
12920 1
12921 1
12922 1
12923 0
12924 0
12925 0
12926 0
12927 1
12928 0
12929 0
12930 0
12931 0
12932 1
12933 0
12934 0
12935 0
12936 1
12937 0
12938 1
12939 0
12940 2
12941 0
12942 0
12943 0
12944 1
12945 0
12946 0
12947 1
12948 0
12949 0
12950 0
12951 1
12952 0
12953 0
12954 0
12955 1
12956 0
12957 2
12958 1
12959 0
12960 0
12961 1
12962 0
12963 2
12964 1
12965 0
12966 1
12967 3
12968 0
12969 1
12970 0
12971 0
12972 0
12973 0
12974 1
12975 0
12976 0
12977 0
12978 1
12979 2
12980 1
12981 0
12982 0
12983 0
12984 0
12985 0
12986 1
12987 0
12988 0
12989 0
12990 0
12991 0
12992 0
12993 2
12994 0
12995 1
12996 0
12997 0
12998 0
12999 2
13000 0
13001 0
13002 0
13003 0
13004 0
13005 1
13006 0
13007 1
13008 0
13009 0
13010 0
13011 2
13012 1
13013 0
13014 0
13015 0
13016 0
13017 0
13018 1
13019 0
13020 0
13021 1
13022 0
13023 0
13024 0
13025 0
13026 0
13027 2
13028 0
13029 0
13030 0
13031 2
13032 0
13033 1
13034 1
13035 0
13036 0
13037 0
13038 1
13039 0
13040 1
13041 3
13042 1
13043 0
13044 0
13045 1
13046 0
13047 0
13048 0
13049 0
13050 1
13051 0
13052 1
13053 0
13054 1
13055 0
13056 1
13057 0
13058 1
13059 0
13060 1
13061 1
13062 0
13063 0
13064 1
13065 0
13066 0
13067 1
13068 0
13069 0
13070 1
13071 0
13072 0
13073 0
13074 1
13075 0
13076 1
13077 0
13078 0
13079 1
13080 1
13081 2
13082 0
13083 0
13084 0
13085 1
13086 1
13087 1
13088 0
13089 0
13090 1
13091 2
13092 1
13093 0
13094 0
13095 0
13096 0
13097 0
13098 0
13099 0
13100 0
13101 1
13102 0
13103 1
13104 0
13105 0
13106 0
13107 0
13108 0
13109 0
13110 2
13111 0
13112 3
13113 0
13114 0
13115 1
13116 1
13117 0
13118 0
13119 0
13120 0
13121 0
13122 0
13123 0
13124 0
13125 0
13126 0
13127 0
13128 0
13129 2
13130 0
13131 2
13132 0
13133 0
13134 0
13135 0
13136 0
13137 0
13138 0
13139 0
13140 0
13141 0
13142 0
13143 0
13144 0
13145 0
13146 0
13147 1
13148 0
13149 1
13150 1
13151 1
13152 1
13153 0
13154 1
13155 1
13156 1
13157 1
13158 1
13159 0
13160 0
13161 1
13162 0
13163 0
13164 0
13165 0
13166 0
13167 0
13168 0
13169 0
13170 0
13171 0
13172 0
13173 1
13174 1
13175 0
13176 1
13177 1
13178 0
13179 0
13180 0
13181 0
13182 0
13183 1
13184 1
13185 0
13186 1
13187 1
13188 0
13189 0
13190 0
13191 1
13192 0
13193 1
13194 0
13195 0
13196 2
13197 0
13198 0
13199 0
13200 0
13201 0
13202 1
13203 1
13204 0
13205 2
13206 1
13207 0
13208 0
13209 0
13210 1
13211 1
13212 1
13213 0
13214 0
13215 0
13216 0
13217 0
13218 0
13219 0
13220 0
13221 0
13222 0
13223 0
13224 0
13225 0
13226 1
13227 0
13228 1
13229 0
13230 0
13231 0
13232 0
13233 0
13234 1
13235 1
13236 0
13237 1
13238 0
13239 0
13240 0
13241 1
13242 0
13243 0
13244 1
13245 0
13246 0
13247 0
13248 0
13249 0
13250 2
13251 2
13252 0
13253 0
13254 0
13255 1
13256 0
13257 1
13258 0
13259 0
13260 1
13261 1
13262 1
13263 0
13264 1
13265 1
13266 1
13267 0
13268 0
13269 0
13270 0
13271 0
13272 0
13273 0
13274 0
13275 0
13276 0
13277 2
13278 0
13279 0
13280 0
13281 0
13282 2
13283 1
13284 0
13285 0
13286 1
13287 0
13288 1
13289 0
13290 1
13291 1
13292 0
13293 0
13294 2
13295 1
13296 0
13297 2
13298 0
13299 0
13300 0
13301 0
13302 1
13303 0
13304 0
13305 0
13306 1
13307 0
13308 0
13309 0
13310 1
13311 1
13312 1
13313 0
13314 0
13315 2
13316 0
13317 0
13318 0
13319 1
13320 0
13321 2
13322 0
13323 0
13324 0
13325 0
13326 0
13327 0
13328 0
13329 1
13330 1
13331 0
13332 1
13333 0
13334 0
13335 0
13336 0
13337 0
13338 0
13339 1
13340 0
13341 0
13342 1
13343 0
13344 0
13345 0
13346 2
13347 3
13348 0
13349 0
13350 0
13351 4
13352 1
13353 0
13354 1
13355 1
13356 0
13357 0
13358 2
13359 0
13360 0
13361 2
13362 1
13363 2
13364 0
13365 0
13366 0
13367 0
13368 2
13369 1
13370 0
13371 0
13372 1
13373 0
13374 1
13375 0
13376 1
13377 0
13378 1
13379 0
13380 0
13381 0
13382 0
13383 1
13384 1
13385 0
13386 1
13387 0
13388 1
13389 1
13390 1
13391 1
13392 0
13393 0
13394 1
13395 0
13396 0
13397 1
13398 2
13399 0
13400 0
13401 1
13402 1
13403 2
13404 1
13405 1
13406 0
13407 0
13408 0
13409 0
13410 0
13411 1
13412 1
13413 0
13414 0
13415 0
13416 0
13417 0
13418 0
13419 0
13420 2
13421 0
13422 0
13423 1
13424 0
13425 1
13426 0
13427 0
13428 0
13429 0
13430 0
13431 0
13432 0
13433 1
13434 0
13435 0
13436 0
13437 0
13438 0
13439 0
13440 0
13441 1
13442 0
13443 0
13444 0
13445 0
13446 0
13447 0
13448 0
13449 0
13450 2
13451 0
13452 1
13453 0
13454 0
13455 0
13456 0
13457 0
13458 2
13459 2
13460 1
13461 1
13462 1
13463 2
13464 1
13465 0
13466 0
13467 0
13468 1
13469 0
13470 0
13471 0
13472 0
13473 0
13474 1
13475 0
13476 1
13477 0
13478 0
13479 0
13480 0
13481 0
13482 0
13483 0
13484 0
13485 1
13486 1
13487 1
13488 1
13489 0
13490 2
13491 0
13492 1
13493 0
13494 0
13495 0
13496 0
13497 0
13498 0
13499 0
13500 0
13501 0
13502 0
13503 1
13504 1
13505 1
13506 0
13507 1
13508 1
13509 0
13510 0
13511 0
13512 0
13513 0
13514 0
13515 0
13516 0
13517 0
13518 1
13519 0
13520 0
13521 0
13522 1
13523 1
13524 1
13525 0
13526 0
13527 0
13528 0
13529 0
13530 2
13531 0
13532 0
13533 0
13534 1
13535 0
13536 0
13537 0
13538 0
13539 0
13540 0
13541 0
13542 0
13543 1
13544 0
13545 0
13546 1
13547 0
13548 0
13549 0
13550 0
13551 0
13552 0
13553 0
13554 0
13555 0
13556 0
13557 0
13558 2
13559 0
13560 1
13561 0
13562 0
13563 0
13564 1
13565 0
13566 0
13567 0
13568 1
13569 0
13570 0
13571 1
13572 0
13573 1
13574 0
13575 0
13576 0
13577 0
13578 0
13579 0
13580 0
13581 1
13582 1
13583 1
13584 0
13585 0
13586 0
13587 0
13588 0
13589 0
13590 0
13591 0
13592 1
13593 0
13594 0
13595 0
13596 0
13597 1
13598 0
13599 0
13600 0
13601 0
13602 0
13603 2
13604 0
13605 1
13606 0
13607 0
13608 0
13609 0
13610 0
13611 0
13612 1
13613 0
13614 0
13615 0
13616 0
13617 0
13618 0
13619 0
13620 2
13621 0
13622 0
13623 0
13624 0
13625 1
13626 0
13627 0
13628 0
13629 0
13630 0
13631 1
13632 0
13633 0
13634 0
13635 0
13636 0
13637 1
13638 0
13639 0
13640 0
13641 0
13642 1
13643 0
13644 0
13645 0
13646 2
13647 1
13648 0
13649 2
13650 1
13651 1
13652 1
13653 0
13654 0
13655 0
13656 0
13657 0
13658 0
13659 1
13660 0
13661 0
13662 0
13663 0
13664 1
13665 0
13666 0
13667 1
13668 0
13669 0
13670 1
13671 0
13672 0
13673 0
13674 0
13675 0
13676 0
13677 1
13678 0
13679 0
13680 0
13681 1
13682 0
13683 1
13684 0
13685 0
13686 0
13687 0
13688 0
13689 1
13690 1
13691 0
13692 0
13693 0
13694 0
13695 0
13696 1
13697 0
13698 0
13699 0
13700 0
13701 1
13702 0
13703 1
13704 0
13705 0
13706 1
13707 0
13708 0
13709 0
13710 0
13711 0
13712 0
13713 1
13714 0
13715 0
13716 0
13717 0
13718 0
13719 0
13720 0
13721 0
13722 1
13723 0
13724 0
13725 1
13726 1
13727 0
13728 1
13729 1
13730 1
13731 0
13732 0
13733 1
13734 0
13735 0
13736 0
13737 0
13738 0
13739 0
13740 2
13741 0
13742 0
13743 1
13744 0
13745 0
13746 0
13747 0
13748 1
13749 0
13750 0
13751 0
13752 1
13753 0
13754 0
13755 0
13756 0
13757 0
13758 0
13759 0
13760 0
13761 0
13762 1
13763 0
13764 1
13765 0
13766 1
13767 0
13768 1
13769 0
13770 0
13771 0
13772 0
13773 1
13774 0
13775 0
13776 0
13777 0
13778 0
13779 0
13780 0
13781 0
13782 0
13783 0
13784 0
13785 0
13786 0
13787 0
13788 1
13789 0
13790 1
13791 1
13792 0
13793 0
13794 0
13795 0
13796 0
13797 1
13798 0
13799 0
13800 0
13801 0
13802 0
13803 0
13804 0
13805 0
13806 0
13807 0
13808 0
13809 0
13810 0
13811 0
13812 0
13813 0
13814 0
13815 0
13816 0
13817 2
13818 0
13819 0
13820 0
13821 0
13822 0
13823 0
13824 2
13825 1
13826 2
13827 0
13828 1
13829 0
13830 0
13831 0
13832 2
13833 0
13834 0
13835 0
13836 0
13837 0
13838 0
13839 0
13840 0
13841 0
13842 0
13843 0
13844 0
13845 0
13846 1
13847 0
13848 0
13849 0
13850 0
13851 0
13852 0
13853 0
13854 0
13855 0
13856 0
13857 1
13858 0
13859 0
13860 0
13861 0
13862 0
13863 1
13864 0
13865 0
13866 0
13867 0
13868 1
13869 0
13870 1
13871 1
13872 1
13873 1
13874 0
13875 0
13876 1
13877 0
13878 0
13879 0
13880 0
13881 1
13882 0
13883 1
13884 0
13885 0
13886 0
13887 0
13888 0
13889 0
13890 0
13891 1
13892 0
13893 0
13894 0
13895 0
13896 1
13897 1
13898 0
13899 1
13900 0
13901 0
13902 3
13903 0
13904 0
13905 1
13906 0
13907 0
13908 0
13909 0
13910 0
13911 0
13912 0
13913 0
13914 0
13915 1
13916 0
13917 1
13918 0
13919 0
13920 1
13921 0
13922 0
13923 0
13924 1
13925 2
13926 1
13927 0
13928 1
13929 1
13930 0
13931 0
13932 1
13933 0
13934 0
13935 1
13936 0
13937 1
13938 0
13939 1
13940 0
13941 2
13942 0
13943 0
13944 1
13945 0
13946 0
13947 2
13948 0
13949 0
13950 1
13951 0
13952 0
13953 0
13954 0
13955 1
13956 0
13957 0
13958 0
13959 1
13960 0
13961 0
13962 2
13963 0
13964 0
13965 0
13966 0
13967 0
13968 0
13969 0
13970 0
13971 0
13972 0
13973 1
13974 0
13975 0
13976 0
13977 0
13978 0
13979 1
13980 1
13981 0
13982 0
13983 0
13984 0
13985 0
13986 0
13987 1
13988 0
13989 0
13990 0
13991 0
13992 0
13993 0
13994 0
13995 1
13996 0
13997 0
13998 0
13999 0
14000 0
14001 0
14002 0
14003 0
14004 0
14005 0
14006 1
14007 1
14008 0
14009 0
14010 0
14011 0
14012 0
14013 0
14014 0
14015 0
14016 0
14017 1
14018 0
14019 0
14020 0
14021 0
14022 0
14023 0
14024 0
14025 1
14026 0
14027 0
14028 0
14029 0
14030 1
14031 1
14032 0
14033 0
14034 0
14035 0
14036 0
14037 1
14038 0
14039 0
14040 0
14041 0
14042 0
14043 0
14044 0
14045 0
14046 0
14047 0
14048 0
14049 2
14050 0
14051 0
14052 1
14053 0
14054 0
14055 1
14056 0
14057 1
14058 0
14059 0
14060 2
14061 0
14062 1
14063 1
14064 0
14065 0
14066 3
14067 0
14068 0
14069 0
14070 1
14071 1
14072 0
14073 0
14074 1
14075 0
14076 0
14077 0
14078 0
14079 0
14080 0
14081 0
14082 0
14083 0
14084 0
14085 0
14086 1
14087 0
14088 0
14089 0
14090 0
14091 0
14092 0
14093 1
14094 2
14095 0
14096 1
14097 0
14098 0
14099 1
14100 1
14101 0
14102 1
14103 1
14104 1
14105 1
14106 0
14107 0
14108 0
14109 1
14110 0
14111 1
14112 1
14113 1
14114 0
14115 1
14116 0
14117 1
14118 0
14119 0
14120 0
14121 1
14122 0
14123 1
14124 0
14125 1
14126 0
14127 1
14128 0
14129 0
14130 0
14131 0
14132 1
14133 0
14134 1
14135 0
14136 0
14137 1
14138 0
14139 0
14140 1
14141 0
14142 0
14143 0
14144 0
14145 0
14146 2
14147 1
14148 0
14149 0
14150 0
14151 1
14152 0
14153 0
14154 0
14155 0
14156 0
14157 1
14158 0
14159 0
14160 1
14161 1
14162 0
14163 0
14164 0
14165 0
14166 0
14167 0
14168 0
14169 0
14170 0
14171 0
14172 0
14173 0
14174 0
14175 0
14176 0
14177 0
14178 0
14179 0
14180 2
14181 1
14182 1
14183 1
14184 0
14185 0
14186 0
14187 2
14188 0
14189 0
14190 0
14191 0
14192 0
14193 0
14194 0
14195 0
14196 0
14197 3
14198 0
14199 1
14200 1
14201 0
14202 0
14203 1
14204 3
14205 0
14206 1
14207 0
14208 0
14209 0
14210 0
14211 0
14212 0
14213 0
14214 0
14215 0
14216 0
14217 0
14218 1
14219 0
14220 0
14221 1
14222 0
14223 0
14224 1
14225 0
14226 0
14227 0
14228 0
14229 0
14230 0
14231 0
14232 0
14233 2
14234 1
14235 0
14236 0
14237 0
14238 2
14239 0
14240 0
14241 0
14242 0
14243 1
14244 1
14245 0
14246 1
14247 0
14248 0
14249 1
14250 0
14251 0
14252 0
14253 0
14254 0
14255 0
14256 1
14257 1
14258 0
14259 1
14260 1
14261 1
14262 0
14263 2
14264 1
14265 1
14266 1
14267 3
14268 1
14269 2
14270 3
14271 1
14272 0
14273 2
14274 1
14275 0
14276 2
14277 0
14278 0
14279 2
14280 2
14281 0
14282 1
14283 5
14284 1
14285 1
14286 0
14287 1
14288 0
14289 1
14290 1
14291 1
14292 0
14293 0
14294 3
14295 0
14296 0
14297 0
14298 0
14299 0
14300 0
14301 0
14302 0
14303 1
14304 1
14305 0
14306 0
14307 0
14308 0
14309 0
14310 0
14311 0
14312 0
14313 0
14314 0
14315 0
14316 0
14317 0
14318 0
14319 2
14320 0
14321 0
14322 0
14323 2
14324 0
14325 1
14326 0
14327 0
14328 0
14329 1
14330 1
14331 1
14332 0
14333 0
14334 0
14335 0
14336 0
14337 0
14338 1
14339 0
14340 0
14341 0
14342 0
14343 0
14344 0
14345 0
14346 0
14347 0
14348 1
14349 0
14350 0
14351 0
14352 1
14353 0
14354 0
14355 0
14356 0
14357 0
14358 0
14359 0
14360 1
14361 2
14362 0
14363 1
14364 0
14365 0
14366 1
14367 0
14368 0
14369 0
14370 0
14371 0
14372 0
14373 0
14374 0
14375 0
14376 0
14377 0
14378 0
14379 0
14380 0
14381 0
14382 0
14383 0
14384 2
14385 0
14386 0
14387 0
14388 0
14389 0
14390 1
14391 0
14392 0
14393 0
14394 0
14395 0
14396 0
14397 0
14398 0
14399 0
14400 0
14401 0
14402 0
14403 0
14404 0
14405 0
14406 0
14407 0
14408 0
14409 0
14410 0
14411 0
14412 1
14413 0
14414 0
14415 0
14416 0
14417 0
14418 0
14419 0
14420 0
14421 0
14422 0
14423 0
14424 0
14425 1
14426 0
14427 1
14428 0
14429 1
14430 1
14431 0
14432 0
14433 0
14434 0
14435 0
14436 0
14437 0
14438 0
14439 0
14440 0
14441 0
14442 0
14443 0
14444 0
14445 0
14446 0
14447 0
14448 0
14449 0
14450 0
14451 0
14452 0
14453 0
14454 0
14455 0
14456 0
14457 0
14458 0
14459 0
14460 0
14461 0
14462 0
14463 0
14464 0
14465 0
14466 1
14467 0
14468 0
14469 0
14470 1
14471 0
14472 0
14473 0
14474 0
14475 0
14476 0
14477 0
14478 1
14479 0
14480 0
14481 0
14482 0
14483 0
14484 0
14485 0
14486 0
14487 1
14488 0
14489 0
14490 0
14491 0
14492 0
14493 1
14494 0
14495 0
14496 0
14497 0
14498 0
14499 0
14500 0
14501 0
14502 0
14503 0
14504 0
14505 0
14506 1
14507 0
14508 0
14509 1
14510 0
14511 0
14512 0
14513 0
14514 0
14515 0
14516 0
14517 0
14518 1
14519 0
14520 0
14521 0
14522 0
14523 1
14524 1
14525 1
14526 0
14527 0
14528 0
14529 0
14530 0
14531 0
14532 0
14533 0
14534 0
14535 0
14536 0
14537 0
14538 0
14539 0
14540 0
14541 0
14542 0
14543 1
14544 0
14545 0
14546 0
14547 0
14548 0
14549 0
14550 0
14551 1
14552 0
14553 0
14554 0
14555 0
14556 0
14557 1
14558 0
14559 0
14560 1
14561 0
14562 0
14563 0
14564 0
14565 0
14566 1
14567 0
14568 0
14569 0
14570 0
14571 0
14572 1
14573 0
14574 0
14575 0
14576 0
14577 0
14578 0
14579 0
14580 0
14581 0
14582 0
14583 0
14584 0
14585 0
14586 1
14587 0
14588 1
14589 0
14590 0
14591 0
14592 0
14593 0
14594 0
14595 0
14596 0
14597 0
14598 0
14599 1
14600 0
14601 0
14602 0
14603 0
14604 0
14605 0
14606 0
14607 0
14608 1
14609 0
14610 0
14611 0
14612 0
14613 0
14614 1
14615 0
14616 0
14617 0
14618 0
14619 0
14620 0
14621 0
14622 0
14623 0
14624 0
14625 0
14626 0
14627 0
14628 0
14629 0
14630 1
14631 0
14632 0
14633 0
14634 0
14635 0
14636 0
14637 0
14638 0
14639 0
14640 0
14641 0
14642 0
14643 0
14644 0
14645 0
14646 1
14647 1
14648 0
14649 0
14650 0
14651 0
14652 0
14653 1
14654 0
14655 0
14656 0
14657 0
14658 0
14659 0
14660 0
14661 0
14662 0
14663 0
14664 0
14665 0
14666 1
14667 1
14668 0
14669 0
14670 0
14671 0
14672 1
14673 0
14674 0
14675 0
14676 0
14677 1
14678 0
14679 1
14680 0
14681 0
14682 1
14683 0
14684 0
14685 0
14686 0
14687 0
14688 1
14689 0
14690 0
14691 0
14692 1
14693 0
14694 0
14695 0
14696 0
14697 0
14698 0
14699 0
14700 0
14701 0
14702 0
14703 1
14704 0
14705 0
14706 0
14707 0
14708 0
14709 0
14710 0
14711 0
14712 0
14713 0
14714 0
14715 0
14716 0
14717 1
14718 0
14719 0
14720 0
14721 0
14722 0
14723 0
14724 0
14725 0
14726 0
14727 0
14728 0
14729 0
14730 0
14731 0
14732 0
14733 0
14734 1
14735 1
14736 0
14737 0
14738 0
14739 0
14740 0
14741 0
14742 0
14743 0
14744 0
14745 0
14746 0
14747 0
14748 0
14749 0
14750 0
14751 0
14752 0
14753 0
14754 0
14755 1
14756 0
14757 0
14758 0
14759 0
14760 1
14761 0
14762 0
14763 0
14764 0
14765 1
14766 0
14767 0
14768 1
14769 0
14770 0
14771 0
14772 0
14773 1
14774 0
14775 0
14776 0
14777 0
14778 0
14779 0
14780 0
14781 0
14782 0
14783 0
14784 0
14785 0
14786 2
14787 0
14788 1
14789 0
14790 0
14791 0
14792 0
14793 0
14794 0
14795 0
14796 0
14797 0
14798 0
14799 0
14800 0
14801 0
14802 0
14803 0
14804 0
14805 0
14806 0
14807 0
14808 0
14809 0
14810 0
14811 0
14812 1
14813 1
14814 0
14815 0
14816 1
14817 0
14818 0
14819 0
14820 1
14821 0
14822 0
14823 0
14824 0
14825 1
14826 0
14827 0
14828 0
14829 0
14830 0
14831 0
14832 2
14833 0
14834 0
14835 0
14836 0
14837 0
14838 0
14839 0
14840 0
14841 0
14842 1
14843 0
14844 1
14845 0
14846 0
14847 0
14848 0
14849 0
14850 0
14851 0
14852 0
14853 0
14854 0
14855 1
14856 1
14857 1
14858 0
14859 0
14860 0
14861 0
14862 1
14863 0
14864 0
14865 0
14866 1
14867 0
14868 0
14869 0
14870 0
14871 1
14872 0
14873 0
14874 1
14875 0
14876 0
14877 1
14878 0
14879 0
14880 0
14881 1
14882 1
14883 1
14884 1
14885 0
14886 0
14887 0
14888 0
14889 0
14890 0
14891 0
14892 0
14893 0
14894 0
14895 0
14896 0
14897 0
14898 0
14899 0
14900 0
14901 0
14902 1
14903 0
14904 0
14905 0
14906 0
14907 1
14908 0
14909 0
14910 1
14911 0
14912 0
14913 0
14914 0
14915 0
14916 0
14917 0
14918 0
14919 0
14920 0
14921 0
14922 0
14923 0
14924 0
14925 0
14926 0
14927 0
14928 0
14929 0
14930 0
14931 0
14932 1
14933 0
14934 0
14935 0
14936 0
14937 0
14938 1
14939 1
14940 0
14941 0
14942 0
14943 0
14944 0
14945 0
14946 0
14947 1
14948 1
14949 0
14950 1
14951 0
14952 0
14953 1
14954 0
14955 0
14956 0
14957 0
14958 0
14959 0
14960 0
14961 1
14962 0
14963 0
14964 0
14965 0
14966 0
14967 1
14968 0
14969 0
14970 0
14971 1
14972 0
14973 0
14974 0
14975 0
14976 0
14977 0
14978 0
14979 0
14980 0
14981 0
14982 0
14983 0
14984 0
14985 0
14986 0
14987 0
14988 0
14989 0
14990 1
14991 0
14992 0
14993 0
14994 0
14995 0
14996 0
14997 0
14998 0
14999 0
15000 0
15001 0
15002 0
15003 0
15004 0
15005 0
15006 0
15007 0
15008 0
15009 0
15010 0
15011 0
15012 0
15013 0
15014 0
15015 0
15016 0
15017 0
15018 0
15019 0
15020 0
15021 0
15022 1
15023 0
15024 2
15025 1
15026 0
15027 0
15028 0
15029 0
15030 0
15031 0
15032 0
15033 0
15034 0
15035 0
15036 0
15037 1
15038 0
15039 0
15040 0
15041 0
15042 0
15043 0
15044 0
15045 0
15046 0
15047 1
15048 0
15049 0
15050 0
15051 0
15052 0
15053 0
15054 0
15055 0
15056 0
15057 1
15058 0
15059 0
15060 0
15061 0
15062 0
15063 0
15064 1
15065 2
15066 0
15067 0
15068 0
15069 0
15070 0
15071 0
15072 0
15073 0
15074 1
15075 0
15076 0
15077 0
15078 0
15079 1
15080 0
15081 0
15082 0
15083 0
15084 1
15085 0
15086 0
15087 1
15088 0
15089 0
15090 0
15091 0
15092 0
15093 0
15094 1
15095 0
15096 0
15097 0
15098 0
15099 0
15100 0
15101 0
15102 0
15103 0
15104 0
15105 0
15106 0
15107 0
15108 0
15109 0
15110 0
15111 1
15112 0
15113 0
15114 0
15115 0
15116 1
15117 0
15118 1
15119 0
15120 0
15121 0
15122 0
15123 0
15124 0
15125 0
15126 0
15127 0
15128 1
15129 0
15130 0
15131 1
15132 0
15133 0
15134 1
15135 0
15136 0
15137 0
15138 0
15139 0
15140 0
15141 0
15142 1
15143 0
15144 0
15145 0
15146 0
15147 1
15148 0
15149 0
15150 0
15151 0
15152 0
15153 1
15154 0
15155 0
15156 0
15157 0
15158 0
15159 0
15160 0
15161 0
15162 0
15163 0
15164 0
15165 0
15166 0
15167 0
15168 0
15169 0
15170 0
15171 0
15172 0
15173 0
15174 0
15175 0
15176 0
15177 0
15178 0
15179 0
15180 0
15181 0
15182 0
15183 0
15184 0
15185 0
15186 2
15187 0
15188 0
15189 0
15190 0
15191 0
15192 1
15193 1
15194 0
15195 0
15196 0
15197 0
15198 0
15199 0
15200 1
15201 0
15202 0
15203 0
15204 1
15205 0
15206 0
15207 0
15208 0
15209 0
15210 0
15211 0
15212 0
15213 0
15214 0
15215 1
15216 1
15217 0
15218 0
15219 0
15220 0
15221 1
15222 0
15223 0
15224 0
15225 0
15226 0
15227 1
15228 0
15229 0
15230 0
15231 1
15232 0
15233 0
15234 0
15235 0
15236 1
15237 0
15238 0
15239 0
15240 0
15241 0
15242 0
15243 0
15244 0
15245 0
15246 0
15247 0
15248 0
15249 0
15250 0
15251 0
15252 0
15253 0
15254 0
15255 0
15256 0
15257 0
15258 0
15259 0
15260 0
15261 0
15262 0
15263 0
15264 0
15265 1
15266 0
15267 0
15268 0
15269 0
15270 1
15271 0
15272 0
15273 1
15274 0
15275 0
15276 0
15277 0
15278 0
15279 0
15280 0
15281 0
15282 0
15283 0
15284 0
15285 1
15286 0
15287 0
15288 0
15289 0
15290 0
15291 0
15292 0
15293 0
15294 0
15295 0
15296 0
15297 0
15298 0
15299 0
15300 0
15301 0
15302 0
15303 0
15304 0
15305 1
15306 0
15307 0
15308 0
15309 0
15310 0
15311 0
15312 0
15313 0
15314 0
15315 1
15316 0
15317 0
15318 0
15319 0
15320 0
15321 0
15322 0
15323 0
15324 0
15325 0
15326 0
15327 0
15328 0
15329 0
15330 1
15331 0
15332 0
15333 0
15334 0
15335 0
15336 0
15337 0
15338 0
15339 1
15340 0
15341 0
15342 0
15343 0
15344 0
15345 0
15346 0
15347 1
15348 0
15349 0
15350 0
15351 0
15352 0
15353 0
15354 0
15355 0
15356 0
15357 0
15358 0
15359 0
15360 0
15361 0
15362 0
15363 1
15364 0
15365 0
15366 0
15367 0
15368 0
15369 0
15370 1
15371 0
15372 0
15373 0
15374 0
15375 0
15376 0
15377 0
15378 1
15379 0
15380 0
15381 0
15382 1
15383 0
15384 0
15385 0
15386 0
15387 0
15388 0
15389 0
15390 0
15391 0
15392 0
15393 0
15394 1
15395 0
15396 0
15397 0
15398 0
15399 0
15400 0
15401 0
15402 0
15403 0
15404 0
15405 0
15406 0
15407 0
15408 0
15409 0
15410 0
15411 0
15412 0
15413 0
15414 0
15415 0
15416 0
15417 0
15418 0
15419 1
15420 0
15421 0
15422 0
15423 0
15424 0
15425 0
15426 0
15427 0
15428 0
15429 0
15430 0
15431 0
15432 0
15433 0
15434 0
15435 0
15436 0
15437 0
15438 0
15439 1
15440 0
15441 0
15442 0
15443 0
15444 0
15445 0
15446 0
15447 0
15448 0
15449 0
15450 0
15451 0
15452 0
15453 0
15454 0
15455 0
15456 0
15457 0
15458 0
15459 0
15460 1
15461 0
15462 0
15463 0
15464 0
15465 0
15466 0
15467 0
15468 0
15469 0
15470 0
15471 0
15472 0
15473 0
15474 0
15475 0
15476 0
15477 0
15478 0
15479 0
15480 0
15481 0
15482 0
15483 0
15484 1
15485 1
15486 0
15487 0
15488 0
15489 1
15490 0
15491 0
15492 0
15493 0
15494 0
15495 0
15496 0
15497 0
15498 1
15499 0
15500 0
15501 0
15502 0
15503 0
15504 0
15505 0
15506 0
15507 0
15508 0
15509 0
15510 0
15511 0
15512 0
15513 0
15514 0
15515 0
15516 0
15517 1
15518 0
15519 0
15520 0
15521 0
15522 0
15523 0
15524 0
15525 1
15526 0
15527 0
15528 0
15529 0
15530 0
15531 0
15532 0
15533 0
15534 0
15535 0
15536 1
15537 0
15538 0
15539 0
15540 0
15541 0
15542 0
15543 0
15544 0
15545 0
15546 0
15547 0
15548 0
15549 0
15550 0
15551 0
15552 0
15553 1
15554 0
15555 0
15556 0
15557 0
15558 0
15559 0
15560 0
15561 0
15562 0
15563 0
15564 0
15565 1
15566 0
15567 1
15568 1
15569 0
15570 0
15571 0
15572 0
15573 1
15574 0
15575 0
15576 0
15577 0
15578 0
15579 0
15580 0
15581 1
15582 0
15583 0
15584 0
15585 1
15586 0
15587 1
15588 0
15589 0
15590 0
15591 0
15592 0
15593 0
15594 0
15595 2
15596 0
15597 0
15598 0
15599 0
15600 0
15601 0
15602 0
15603 0
15604 0
15605 1
15606 0
15607 0
15608 1
15609 0
15610 0
15611 2
15612 0
15613 0
15614 0
15615 0
15616 0
15617 0
15618 0
15619 0
15620 0
15621 0
15622 0
15623 0
15624 0
15625 0
15626 0
15627 1
15628 1
15629 0
15630 0
15631 0
15632 0
15633 0
15634 0
15635 0
15636 0
15637 0
15638 0
15639 0
15640 0
15641 0
15642 0
15643 0
15644 0
15645 0
15646 0
15647 0
15648 0
15649 0
15650 1
15651 0
15652 1
15653 0
15654 1
15655 0
15656 0
15657 0
15658 0
15659 0
15660 0
15661 0
15662 0
15663 0
15664 0
15665 0
15666 1
15667 0
15668 0
15669 0
15670 0
15671 0
15672 1
15673 0
15674 0
15675 0
15676 0
15677 0
15678 0
15679 1
15680 0
15681 0
15682 0
15683 1
15684 0
15685 0
15686 0
15687 0
15688 0
15689 0
15690 0
15691 0
15692 0
15693 0
15694 0
15695 0
15696 0
15697 0
15698 0
15699 0
15700 0
15701 0
15702 0
15703 0
15704 1
15705 0
15706 0
15707 1
15708 0
15709 0
15710 1
15711 1
15712 1
15713 0
15714 0
15715 1
15716 0
15717 0
15718 0
15719 0
15720 0
15721 0
15722 1
15723 0
15724 0
15725 0
15726 0
15727 0
15728 0
15729 0
15730 0
15731 0
15732 1
15733 0
15734 0
15735 1
15736 1
15737 0
15738 2
15739 0
15740 1
15741 1
15742 3
15743 1
15744 2
15745 4
15746 6
15747 3
15748 4
15749 8
15750 5
15751 8
15752 4
15753 6
15754 5
15755 7
15756 12
15757 10
15758 15
15759 14
15760 8
15761 19
15762 10
15763 10
15764 18
15765 15
15766 16
15767 4
15768 9
15769 10
15770 7
15771 5
15772 8
15773 6
15774 1
15775 6
15776 2
15777 3
15778 2
15779 0
15780 1
15781 0
15782 0
15783 4
15784 1
15785 1
15786 0
15787 0
15788 1
15789 0
15790 0
15791 0
15792 0
15793 0
15794 0
15795 0
15796 1
15797 0
15798 1
15799 0
15800 0
15801 0
15802 0
15803 0
15804 0
15805 0
15806 0
15807 0
15808 0
15809 0
15810 0
15811 0
15812 0
15813 0
15814 0
15815 0
15816 0
15817 0
15818 0
15819 0
15820 0
15821 0
15822 0
15823 0
15824 0
15825 0
15826 0
15827 0
15828 0
15829 0
15830 0
15831 0
15832 1
15833 0
15834 0
15835 1
15836 0
15837 0
15838 0
15839 0
15840 0
15841 0
15842 0
15843 0
15844 0
15845 0
15846 1
15847 0
15848 0
15849 0
15850 0
15851 0
15852 0
15853 0
15854 1
15855 0
15856 0
15857 0
15858 1
15859 0
15860 0
15861 0
15862 0
15863 0
15864 0
15865 0
15866 0
15867 0
15868 1
15869 0
15870 0
15871 0
15872 0
15873 0
15874 1
15875 0
15876 0
15877 0
15878 0
15879 0
15880 0
15881 0
15882 0
15883 0
15884 0
15885 0
15886 0
15887 0
15888 0
15889 0
15890 0
15891 0
15892 0
15893 0
15894 0
15895 0
15896 0
15897 0
15898 0
15899 0
15900 0
15901 0
15902 0
15903 0
15904 0
15905 0
15906 0
15907 0
15908 1
15909 0
15910 0
15911 0
15912 0
15913 0
15914 0
15915 0
15916 0
15917 0
15918 0
15919 0
15920 0
15921 0
15922 0
15923 0
15924 0
15925 0
15926 0
15927 0
15928 0
15929 0
15930 0
15931 0
15932 0
15933 0
15934 0
15935 0
15936 0
15937 0
15938 0
15939 0
15940 1
15941 0
15942 0
15943 0
15944 0
15945 0
15946 0
15947 0
15948 0
15949 0
15950 0
15951 0
15952 0
15953 0
15954 0
15955 0
15956 0
15957 0
15958 0
15959 0
15960 0
15961 0
15962 0
15963 0
15964 0
15965 0
15966 0
15967 0
15968 0
15969 0
15970 0
15971 0
15972 0
15973 0
15974 0
15975 0
15976 0
15977 0
15978 0
15979 1
15980 1
15981 0
15982 0
15983 0
15984 0
15985 0
15986 0
15987 0
15988 0
15989 0
15990 0
15991 0
15992 0
15993 0
15994 0
15995 0
15996 1
15997 0
15998 0
15999 0
16000 0
16001 0
16002 1
16003 0
16004 0
16005 0
16006 0
16007 0
16008 0
16009 0
16010 1
16011 0
16012 0
16013 0
16014 0
16015 0
16016 0
16017 0
16018 0
16019 0
16020 0
16021 0
16022 0
16023 0
16024 0
16025 0
16026 0
16027 0
16028 0
16029 0
16030 0
16031 0
16032 0
16033 0
16034 0
16035 0
16036 0
16037 0
16038 0
16039 0
16040 0
16041 0
16042 0
16043 0
16044 0
16045 0
16046 0
16047 0
16048 0
16049 1
16050 0
16051 0
16052 0
16053 0
16054 0
16055 0
16056 0
16057 1
16058 0
16059 0
16060 0
16061 0
16062 0
16063 1
16064 0
16065 0
16066 0
16067 0
16068 0
16069 0
16070 0
16071 0
16072 0
16073 0
16074 0
16075 0
16076 0
16077 0
16078 0
16079 0
16080 0
16081 0
16082 0
16083 0
16084 0
16085 0
16086 0
16087 0
16088 0
16089 0
16090 0
16091 0
16092 0
16093 0
16094 0
16095 0
16096 0
16097 0
16098 0
16099 0
16100 0
16101 0
16102 0
16103 0
16104 0
16105 0
16106 0
16107 0
16108 0
16109 0
16110 0
16111 0
16112 1
16113 0
16114 0
16115 0
16116 0
16117 0
16118 0
16119 0
16120 0
16121 0
16122 0
16123 0
16124 0
16125 0
16126 0
16127 0
16128 0
16129 1
16130 0
16131 1
16132 0
16133 1
16134 0
16135 0
16136 0
16137 0
16138 0
16139 0
16140 0
16141 0
16142 1
16143 0
16144 1
16145 0
16146 0
16147 0
16148 0
16149 0
16150 0
16151 0
16152 0
16153 0
16154 0
16155 0
16156 0
16157 0
16158 0
16159 0
16160 0
16161 0
16162 0
16163 0
16164 0
16165 1
16166 0
16167 0
16168 1
16169 0
16170 0
16171 0
16172 0
16173 0
16174 0
16175 0
16176 1
16177 0
16178 0
16179 0
16180 0
16181 1
16182 0
16183 1
16184 1
16185 0
16186 0
16187 0
16188 0
16189 0
16190 0
16191 0
16192 0
16193 0
16194 0
16195 0
16196 0
16197 0
16198 1
16199 0
16200 0
16201 0
16202 0
16203 0
16204 0
16205 0
16206 1
16207 0
16208 0
16209 0
16210 1
16211 0
16212 0
16213 0
16214 0
16215 0
16216 0
16217 0
16218 0
16219 0
16220 0
16221 0
16222 0
16223 0
16224 0
16225 0
16226 0
16227 0
16228 0
16229 0
16230 0
16231 1
16232 0
16233 0
16234 0
16235 0
16236 1
16237 0
16238 0
16239 0
16240 0
16241 0
16242 0
16243 0
16244 0
16245 0
16246 0
16247 0
16248 0
16249 0
16250 0
16251 0
16252 0
16253 0
16254 0
16255 0
16256 0
16257 1
16258 0
16259 0
16260 0
16261 1
16262 0
16263 0
16264 0
16265 0
16266 0
16267 0
16268 0
16269 0
16270 0
16271 0
16272 1
16273 1
16274 0
16275 0
16276 0
16277 0
16278 0
16279 1
16280 0
16281 0
16282 0
16283 0
16284 0
16285 1
16286 0
16287 0
16288 0
16289 1
16290 0
16291 0
16292 3
16293 0
16294 0
16295 1
16296 0
16297 0
16298 0
16299 0
16300 1
16301 0
16302 0
16303 0
16304 0
16305 0
16306 0
16307 0
16308 0
16309 0
16310 0
16311 0
16312 1
16313 0
16314 1
16315 0
16316 0
16317 0
16318 1
16319 0
16320 0
16321 0
16322 0
16323 1
16324 0
16325 0
16326 1
16327 0
16328 0
16329 0
16330 0
16331 2
16332 0
16333 0
16334 0
16335 0
16336 0
16337 0
16338 0
16339 0
16340 0
16341 0
16342 0
16343 0
16344 1
16345 0
16346 0
16347 0
16348 0
16349 1
16350 0
16351 0
16352 0
16353 0
16354 0
16355 0
16356 0
16357 0
16358 0
16359 0
16360 0
16361 0
16362 0
16363 0
16364 0
16365 0
16366 0
16367 0
16368 0
16369 0
16370 0
16371 0
16372 0
16373 0
16374 1
16375 0
16376 0
16377 0
16378 1
16379 0
16380 0
16381 0
16382 0
16383 507
