0 0
1 35
2 32
3 28
4 14
5 15
6 12
7 7
8 3
9 0
10 1
11 1
12 1
13 0
14 2
15 0
16 0
17 0
18 0
19 0
20 0
21 0
22 0
23 0
24 0
25 0
26 0
27 0
28 0
29 0
30 0
31 0
32 0
33 0
34 0
35 0
36 0
37 0
38 0
39 0
40 0
41 1
42 1
43 0
44 0
45 1
46 1
47 1
48 1
49 0
50 2
51 1
52 6
53 2
54 2
55 2
56 4
57 3
58 3
59 10
60 4
61 5
62 6
63 5
64 6
65 9
66 7
67 8
68 8
69 6
70 10
71 15
72 14
73 6
74 16
75 14
76 18
77 15
78 17
79 29
80 23
81 18
82 21
83 22
84 30
85 34
86 27
87 37
88 31
89 33
90 25
91 34
92 35
93 31
94 50
95 51
96 36
97 53
98 59
99 59
100 57
101 55
102 51
103 56
104 47
105 57
106 50
107 56
108 44
109 67
110 63
111 78
112 51
113 71
114 73
115 71
116 69
117 62
118 84
119 69
120 48
121 67
122 72
123 66
124 52
125 66
126 79
127 64
128 70
129 64
130 80
131 62
132 81
133 75
134 75
135 79
136 81
137 81
138 94
139 88
140 82
141 84
142 67
143 85
144 87
145 88
146 73
147 76
148 70
149 83
150 76
151 81
152 80
153 65
154 87
155 84
156 59
157 84
158 71
159 89
160 97
161 83
162 76
163 82
164 87
165 84
166 85
167 99
168 88
169 95
170 106
171 91
172 83
173 90
174 88
175 87
176 85
177 91
178 85
179 97
180 96
181 80
182 96
183 109
184 78
185 84
186 98
187 86
188 84
189 104
190 89
191 100
192 90
193 96
194 96
195 95
196 87
197 91
198 96
199 90
200 102
201 91
202 97
203 98
204 91
205 111
206 108
207 96
208 100
209 89
210 87
211 112
212 95
213 97
214 96
215 91
216 93
217 94
218 89
219 109
220 100
221 93
222 95
223 107
224 107
225 89
226 98
227 103
228 99
229 100
230 110
231 95
232 96
233 87
234 121
235 117
236 106
237 100
238 99
239 99
240 113
241 112
242 93
243 108
244 103
245 78
246 108
247 105
248 112
249 110
250 112
251 114
252 94
253 108
254 108
255 111
256 97
257 106
258 85
259 116
260 101
261 95
262 111
263 121
264 86
265 119
266 106
267 112
268 87
269 114
270 92
271 110
272 145
273 107
274 109
275 85
276 105
277 117
278 108
279 104
280 92
281 103
282 100
283 100
284 105
285 109
286 100
287 80
288 103
289 101
290 108
291 96
292 120
293 100
294 108
295 111
296 103
297 86
298 121
299 119
300 117
301 102
302 101
303 119
304 106
305 98
306 120
307 111
308 105
309 116
310 101
311 124
312 103
313 113
314 126
315 105
316 125
317 111
318 126
319 110
320 123
321 121
322 90
323 112
324 112
325 116
326 133
327 122
328 107
329 107
330 98
331 122
332 136
333 132
334 111
335 97
336 123
337 112
338 102
339 126
340 118
341 134
342 92
343 117
344 113
345 111
346 109
347 125
348 121
349 109
350 114
351 107
352 120
353 113
354 112
355 109
356 114
357 103
358 115
359 111
360 108
361 109
362 135
363 113
364 113
365 125
366 138
367 121
368 115
369 117
370 110
371 117
372 108
373 112
374 101
375 125
376 112
377 105
378 120
379 131
380 130
381 120
382 116
383 120
384 104
385 120
386 112
387 122
388 128
389 110
390 100
391 110
392 108
393 109
394 118
395 122
396 107
397 115
398 91
399 123
400 103
401 104
402 121
403 107
404 120
405 111
406 99
407 115
408 117
409 110
410 104
411 127
412 102
413 129
414 118
415 103
416 102
417 119
418 113
419 111
420 122
421 121
422 115
423 132
424 110
425 105
426 121
427 134
428 135
429 130
430 135
431 127
432 142
433 132
434 116
435 138
436 105
437 103
438 102
439 116
440 98
441 109
442 105
443 100
444 103
445 93
446 87
447 97
448 105
449 99
450 96
451 88
452 98
453 77
454 94
455 85
456 93
457 109
458 93
459 75
460 90
461 114
462 89
463 93
464 104
465 100
466 101
467 90
468 96
469 97
470 95
471 100
472 96
473 76
474 90
475 78
476 109
477 94
478 107
479 100
480 97
481 99
482 116
483 99
484 132
485 154
486 111
487 149
488 120
489 128
490 120
491 130
492 124
493 113
494 124
495 132
496 118
497 104
498 108
499 118
500 108
501 112
502 109
503 81
504 98
505 95
506 98
507 97
508 84
509 89
510 94
511 87
512 87
513 97
514 80
515 90
516 74
517 73
518 75
519 78
520 86
521 91
522 83
523 72
524 84
525 84
526 94
527 99
528 100
529 89
530 83
531 90
532 80
533 99
534 81
535 72
536 89
537 82
538 102
539 71
540 77
541 82
542 70
543 78
544 92
545 94
546 86
547 86
548 88
549 89
550 92
551 78
552 80
553 91
554 89
555 99
556 91
557 98
558 86
559 63
560 90
561 89
562 98
563 83
564 80
565 86
566 83
567 89
568 70
569 82
570 92
571 84
572 81
573 74
574 75
575 92
576 87
577 90
578 72
579 74
580 100
581 89
582 77
583 81
584 92
585 80
586 85
587 70
588 87
589 88
590 81
591 76
592 87
593 76
594 88
595 79
596 97
597 64
598 85
599 79
600 79
601 107
602 85
603 94
604 89
605 87
606 90
607 86
608 87
609 92
610 97
611 84
612 87
613 77
614 79
615 86
616 97
617 90
618 77
619 90
620 83
621 84
622 82
623 90
624 62
625 77
626 86
627 74
628 86
629 63
630 71
631 87
632 96
633 91
634 88
635 92
636 84
637 80
638 93
639 92
640 84
641 99
642 70
643 81
644 74
645 105
646 85
647 96
648 100
649 82
650 89
651 86
652 87
653 93
654 89
655 86
656 86
657 75
658 67
659 96
660 89
661 87
662 96
663 78
664 86
665 83
666 79
667 85
668 102
669 96
670 99
671 90
672 98
673 79
674 84
675 103
676 89
677 87
678 96
679 94
680 81
681 85
682 78
683 83
684 85
685 70
686 99
687 85
688 84
689 83
690 97
691 92
692 96
693 76
694 94
695 90
696 74
697 107
698 73
699 97
700 102
701 73
702 69
703 90
704 84
705 79
706 91
707 91
708 73
709 97
710 92
711 92
712 90
713 92
714 81
715 71
716 81
717 118
718 74
719 77
720 102
721 80
722 90
723 81
724 85
725 84
726 91
727 79
728 80
729 74
730 71
731 92
732 102
733 110
734 100
735 102
736 69
737 89
738 89
739 81
740 85
741 100
742 100
743 106
744 74
745 96
746 92
747 87
748 96
749 119
750 101
751 100
752 89
753 103
754 89
755 97
756 82
757 98
758 84
759 93
760 88
761 115
762 85
763 88
764 99
765 93
766 97
767 101
768 98
769 89
770 81
771 103
772 95
773 89
774 92
775 86
776 89
777 94
778 100
779 106
780 112
781 95
782 116
783 119
784 96
785 138
786 122
787 121
788 117
789 105
790 118
791 99
792 95
793 98
794 99
795 92
796 105
797 113
798 123
799 88
800 92
801 99
802 99
803 110
804 130
805 124
806 114
807 130
808 146
809 136
810 121
811 124
812 136
813 107
814 111
815 103
816 94
817 136
818 112
819 100
820 101
821 105
822 95
823 109
824 90
825 120
826 89
827 95
828 137
829 94
830 120
831 111
832 114
833 107
834 129
835 110
836 97
837 93
838 89
839 101
840 100
841 109
842 99
843 94
844 114
845 105
846 111
847 109
848 91
849 100
850 102
851 108
852 101
853 97
854 97
855 98
856 91
857 92
858 101
859 106
860 129
861 91
862 138
863 111
864 91
865 130
866 101
867 117
868 112
869 105
870 109
871 121
872 109
873 110
874 117
875 109
876 110
877 131
878 114
879 105
880 117
881 113
882 102
883 123
884 130
885 142
886 115
887 135
888 169
889 134
890 154
891 128
892 123
893 134
894 129
895 166
896 161
897 150
898 175
899 134
900 164
901 168
902 152
903 159
904 145
905 136
906 176
907 148
908 131
909 145
910 149
911 125
912 168
913 158
914 160
915 164
916 146
917 129
918 126
919 158
920 150
921 159
922 141
923 159
924 136
925 141
926 135
927 132
928 155
929 136
930 146
931 139
932 146
933 136
934 138
935 130
936 127
937 149
938 126
939 136
940 111
941 143
942 157
943 137
944 139
945 147
946 151
947 126
948 129
949 146
950 137
951 111
952 154
953 138
954 125
955 117
956 151
957 131
958 131
959 155
960 146
961 132
962 131
963 116
964 126
965 140
966 141
967 151
968 134
969 127
970 130
971 138
972 124
973 110
974 133
975 124
976 147
977 123
978 146
979 137
980 135
981 138
982 107
983 122
984 142
985 130
986 136
987 119
988 130
989 148
990 123
991 136
992 144
993 120
994 118
995 139
996 135
997 134
998 126
999 140
1000 117
1001 117
1002 130
1003 129
1004 115
1005 121
1006 106
1007 135
1008 131
1009 116
1010 118
1011 122
1012 122
1013 119
1014 116
1015 151
1016 130
1017 145
1018 133
1019 129
1020 129
1021 136
1022 135
1023 116
1024 134
1025 116
1026 97
1027 118
1028 120
1029 115
1030 126
1031 137
1032 129
1033 129
1034 124
1035 119
1036 121
1037 116
1038 130
1039 105
1040 137
1041 123
1042 134
1043 107
1044 122
1045 131
1046 127
1047 113
1048 134
1049 126
1050 123
1051 128
1052 105
1053 131
1054 117
1055 133
1056 110
1057 113
1058 125
1059 115
1060 122
1061 114
1062 116
1063 118
1064 108
1065 117
1066 119
1067 114
1068 131
1069 122
1070 145
1071 123
1072 145
1073 121
1074 123
1075 145
1076 139
1077 134
1078 107
1079 121
1080 124
1081 113
1082 117
1083 99
1084 129
1085 139
1086 125
1087 119
1088 125
1089 117
1090 139
1091 117
1092 117
1093 145
1094 127
1095 121
1096 115
1097 98
1098 141
1099 103
1100 102
1101 117
1102 132
1103 103
1104 136
1105 122
1106 126
1107 120
1108 136
1109 120
1110 121
1111 137
1112 124
1113 109
1114 130
1115 127
1116 137
1117 114
1118 123
1119 121
1120 131
1121 137
1122 142
1123 130
1124 117
1125 108
1126 131
1127 155
1128 131
1129 124
1130 125
1131 129
1132 123
1133 121
1134 120
1135 127
1136 132
1137 129
1138 118
1139 143
1140 120
1141 136
1142 128
1143 131
1144 131
1145 129
1146 123
1147 112
1148 171
1149 149
1150 104
1151 130
1152 133
1153 118
1154 126
1155 131
1156 121
1157 113
1158 116
1159 119
1160 130
1161 145
1162 115
1163 141
1164 132
1165 112
1166 112
1167 138
1168 142
1169 117
1170 123
1171 128
1172 132
1173 140
1174 139
1175 131
1176 138
1177 144
1178 160
1179 134
1180 132
1181 119
1182 131
1183 141
1184 141
1185 124
1186 157
1187 151
1188 143
1189 126
1190 137
1191 141
1192 142
1193 132
1194 136
1195 122
1196 142
1197 135
1198 146
1199 120
1200 164
1201 137
1202 159
1203 136
1204 124
1205 149
1206 135
1207 120
1208 126
1209 141
1210 149
1211 145
1212 131
1213 134
1214 138
1215 128
1216 142
1217 163
1218 134
1219 137
1220 149
1221 146
1222 126
1223 141
1224 143
1225 149
1226 164
1227 148
1228 139
1229 150
1230 118
1231 152
1232 131
1233 154
1234 152
1235 131
1236 132
1237 139
1238 139
1239 131
1240 162
1241 158
1242 144
1243 129
1244 144
1245 155
1246 160
1247 142
1248 170
1249 159
1250 122
1251 146
1252 129
1253 161
1254 133
1255 138
1256 138
1257 153
1258 144
1259 157
1260 137
1261 163
1262 168
1263 145
1264 152
1265 131
1266 166
1267 132
1268 154
1269 151
1270 162
1271 164
1272 141
1273 130
1274 131
1275 160
1276 151
1277 172
1278 131
1279 138
1280 146
1281 145
1282 142
1283 136
1284 147
1285 156
1286 155
1287 170
1288 161
1289 163
1290 163
1291 173
1292 162
1293 178
1294 162
1295 159
1296 207
1297 197
1298 249
1299 283
1300 344
1301 556
1302 726
1303 1049
1304 1498
1305 2015
1306 2673
1307 3396
1308 4136
1309 4894
1310 5621
1311 6025
1312 6406
1313 6652
1314 6311
1315 5860
1316 5354
1317 4497
1318 3799
1319 2999
1320 2324
1321 1757
1322 1332
1323 908
1324 625
1325 490
1326 332
1327 256
1328 218
1329 162
1330 131
1331 119
1332 134
1333 119
1334 139
1335 129
1336 108
1337 105
1338 101
1339 84
1340 108
1341 87
1342 96
1343 88
1344 104
1345 88
1346 88
1347 91
1348 87
1349 90
1350 111
1351 88
1352 101
1353 105
1354 98
1355 95
1356 89
1357 81
1358 102
1359 105
1360 98
1361 108
1362 100
1363 76
1364 88
1365 98
1366 89
1367 95
1368 92
1369 70
1370 88
1371 84
1372 89
1373 90
1374 92
1375 94
1376 88
1377 93
1378 96
1379 82
1380 93
1381 88
1382 100
1383 84
1384 84
1385 88
1386 93
1387 84
1388 83
1389 95
1390 106
1391 91
1392 77
1393 90
1394 87
1395 88
1396 100
1397 96
1398 88
1399 101
1400 87
1401 86
1402 95
1403 103
1404 88
1405 85
1406 81
1407 85
1408 86
1409 91
1410 93
1411 97
1412 95
1413 113
1414 91
1415 84
1416 73
1417 77
1418 87
1419 97
1420 77
1421 92
1422 77
1423 95
1424 82
1425 72
1426 98
1427 97
1428 86
1429 97
1430 72
1431 103
1432 85
1433 86
1434 87
1435 97
1436 93
1437 79
1438 87
1439 75
1440 101
1441 89
1442 83
1443 89
1444 98
1445 81
1446 92
1447 72
1448 81
1449 92
1450 87
1451 95
1452 98
1453 80
1454 71
1455 65
1456 111
1457 80
1458 83
1459 82
1460 91
1461 77
1462 74
1463 63
1464 72
1465 88
1466 80
1467 92
1468 82
1469 86
1470 100
1471 91
1472 102
1473 77
1474 101
1475 73
1476 84
1477 86
1478 80
1479 90
1480 87
1481 100
1482 89
1483 89
1484 81
1485 83
1486 93
1487 91
1488 65
1489 82
1490 78
1491 80
1492 96
1493 77
1494 87
1495 103
1496 82
1497 91
1498 94
1499 75
1500 88
1501 99
1502 87
1503 86
1504 101
1505 101
1506 92
1507 96
1508 84
1509 78
1510 65
1511 99
1512 78
1513 78
1514 93
1515 99
1516 75
1517 114
1518 87
1519 93
1520 82
1521 92
1522 91
1523 86
1524 84
1525 102
1526 68
1527 87
1528 118
1529 87
1530 100
1531 87
1532 89
1533 94
1534 72
1535 90
1536 90
1537 87
1538 85
1539 79
1540 93
1541 94
1542 84
1543 109
1544 90
1545 89
1546 101
1547 88
1548 76
1549 88
1550 87
1551 85
1552 98
1553 79
1554 95
1555 86
1556 93
1557 91
1558 92
1559 84
1560 86
1561 79
1562 94
1563 81
1564 99
1565 102
1566 102
1567 83
1568 85
1569 87
1570 112
1571 93
1572 94
1573 98
1574 96
1575 90
1576 105
1577 101
1578 81
1579 92
1580 102
1581 97
1582 107
1583 94
1584 117
1585 81
1586 97
1587 101
1588 116
1589 94
1590 110
1591 106
1592 101
1593 117
1594 105
1595 108
1596 118
1597 126
1598 111
1599 111
1600 96
1601 107
1602 106
1603 105
1604 96
1605 110
1606 98
1607 100
1608 106
1609 87
1610 89
1611 103
1612 82
1613 99
1614 103
1615 113
1616 87
1617 100
1618 106
1619 108
1620 99
1621 107
1622 91
1623 97
1624 92
1625 98
1626 98
1627 102
1628 114
1629 97
1630 106
1631 90
1632 87
1633 99
1634 88
1635 96
1636 93
1637 107
1638 101
1639 95
1640 91
1641 94
1642 94
1643 106
1644 81
1645 88
1646 93
1647 88
1648 102
1649 92
1650 101
1651 96
1652 93
1653 99
1654 88
1655 93
1656 93
1657 88
1658 97
1659 107
1660 85
1661 104
1662 87
1663 108
1664 95
1665 89
1666 103
1667 84
1668 88
1669 94
1670 96
1671 92
1672 94
1673 103
1674 98
1675 94
1676 77
1677 104
1678 96
1679 86
1680 99
1681 78
1682 101
1683 86
1684 105
1685 100
1686 93
1687 91
1688 79
1689 82
1690 95
1691 99
1692 99
1693 84
1694 87
1695 92
1696 104
1697 65
1698 91
1699 91
1700 94
1701 80
1702 89
1703 79
1704 94
1705 93
1706 108
1707 113
1708 84
1709 71
1710 91
1711 126
1712 96
1713 96
1714 78
1715 93
1716 85
1717 104
1718 104
1719 86
1720 97
1721 102
1722 77
1723 96
1724 98
1725 72
1726 103
1727 95
1728 92
1729 82
1730 98
1731 83
1732 83
1733 93
1734 84
1735 87
1736 95
1737 100
1738 111
1739 88
1740 106
1741 78
1742 83
1743 84
1744 102
1745 86
1746 92
1747 88
1748 99
1749 100
1750 99
1751 105
1752 85
1753 96
1754 81
1755 88
1756 94
1757 99
1758 79
1759 82
1760 98
1761 94
1762 87
1763 103
1764 84
1765 86
1766 93
1767 86
1768 95
1769 90
1770 84
1771 94
1772 82
1773 89
1774 83
1775 89
1776 95
1777 104
1778 86
1779 86
1780 102
1781 93
1782 74
1783 73
1784 95
1785 107
1786 98
1787 95
1788 91
1789 97
1790 102
1791 76
1792 97
1793 95
1794 95
1795 104
1796 96
1797 82
1798 95
1799 90
1800 100
1801 73
1802 98
1803 88
1804 110
1805 95
1806 68
1807 101
1808 81
1809 90
1810 101
1811 111
1812 86
1813 89
1814 116
1815 100
1816 104
1817 101
1818 83
1819 85
1820 85
1821 111
1822 81
1823 66
1824 92
1825 94
1826 91
1827 85
1828 87
1829 82
1830 84
1831 85
1832 96
1833 87
1834 101
1835 83
1836 80
1837 98
1838 66
1839 69
1840 77
1841 83
1842 86
1843 86
1844 96
1845 92
1846 89
1847 83
1848 80
1849 86
1850 75
1851 81
1852 91
1853 119
1854 87
1855 77
1856 113
1857 79
1858 77
1859 81
1860 97
1861 97
1862 88
1863 82
1864 71
1865 103
1866 106
1867 85
1868 83
1869 103
1870 99
1871 78
1872 83
1873 84
1874 93
1875 83
1876 86
1877 80
1878 83
1879 81
1880 87
1881 92
1882 87
1883 92
1884 84
1885 98
1886 98
1887 73
1888 96
1889 101
1890 84
1891 82
1892 91
1893 94
1894 79
1895 100
1896 88
1897 102
1898 100
1899 100
1900 107
1901 87
1902 90
1903 90
1904 71
1905 76
1906 86
1907 83
1908 73
1909 85
1910 102
1911 81
1912 108
1913 92
1914 91
1915 85
1916 78
1917 73
1918 84
1919 97
1920 86
1921 102
1922 103
1923 83
1924 88
1925 86
1926 92
1927 104
1928 102
1929 76
1930 79
1931 76
1932 88
1933 90
1934 93
1935 93
1936 93
1937 95
1938 83
1939 93
1940 97
1941 93
1942 82
1943 88
1944 84
1945 90
1946 89
1947 88
1948 81
1949 83
1950 85
1951 88
1952 86
1953 81
1954 87
1955 91
1956 93
1957 94
1958 91
1959 96
1960 84
1961 104
1962 73
1963 84
1964 83
1965 97
1966 65
1967 81
1968 74
1969 76
1970 87
1971 94
1972 84
1973 88
1974 77
1975 84
1976 96
1977 82
1978 83
1979 93
1980 96
1981 86
1982 78
1983 92
1984 86
1985 92
1986 92
1987 98
1988 85
1989 86
1990 91
1991 82
1992 100
1993 86
1994 78
1995 99
1996 77
1997 88
1998 79
1999 76
2000 94
2001 80
2002 81
2003 86
2004 85
2005 100
2006 100
2007 97
2008 107
2009 80
2010 98
2011 89
2012 92
2013 107
2014 94
2015 78
2016 96
2017 97
2018 108
2019 90
2020 70
2021 95
2022 80
2023 75
2024 82
2025 80
2026 85
2027 87
2028 75
2029 82
2030 88
2031 91
2032 93
2033 101
2034 86
2035 101
2036 84
2037 80
2038 83
2039 76
2040 77
2041 91
2042 80
2043 101
2044 101
2045 77
2046 81
2047 85
2048 97
2049 102
2050 73
2051 95
2052 85
2053 96
2054 78
2055 80
2056 88
2057 73
2058 85
2059 87
2060 91
2061 106
2062 86
2063 70
2064 92
2065 87
2066 78
2067 96
2068 89
2069 82
2070 103
2071 79
2072 106
2073 94
2074 83
2075 96
2076 94
2077 88
2078 85
2079 91
2080 76
2081 88
2082 99
2083 92
2084 67
2085 99
2086 91
2087 82
2088 95
2089 82
2090 81
2091 71
2092 86
2093 86
2094 97
2095 104
2096 105
2097 92
2098 92
2099 76
2100 92
2101 101
2102 103
2103 82
2104 83
2105 68
2106 77
2107 90
2108 80
2109 85
2110 83
2111 101
2112 76
2113 101
2114 77
2115 93
2116 92
2117 92
2118 82
2119 92
2120 91
2121 105
2122 91
2123 91
2124 78
2125 69
2126 89
2127 79
2128 101
2129 67
2130 81
2131 83
2132 76
2133 72
2134 80
2135 81
2136 60
2137 77
2138 87
2139 77
2140 90
2141 84
2142 90
2143 77
2144 85
2145 71
2146 77
2147 76
2148 90
2149 74
2150 55
2151 70
2152 77
2153 67
2154 86
2155 88
2156 85
2157 72
2158 75
2159 97
2160 73
2161 100
2162 67
2163 78
2164 73
2165 83
2166 90
2167 76
2168 88
2169 72
2170 75
2171 71
2172 79
2173 72
2174 78
2175 80
2176 63
2177 79
2178 68
2179 81
2180 68
2181 50
2182 74
2183 70
2184 85
2185 76
2186 77
2187 68
2188 79
2189 72
2190 83
2191 76
2192 68
2193 74
2194 67
2195 84
2196 62
2197 71
2198 63
2199 70
2200 90
2201 89
2202 72
2203 70
2204 60
2205 79
2206 78
2207 64
2208 79
2209 71
2210 95
2211 72
2212 74
2213 70
2214 76
2215 85
2216 70
2217 78
2218 67
2219 74
2220 65
2221 78
2222 74
2223 76
2224 68
2225 88
2226 81
2227 63
2228 68
2229 74
2230 88
2231 78
2232 66
2233 81
2234 82
2235 77
2236 85
2237 77
2238 84
2239 71
2240 92
2241 66
2242 66
2243 83
2244 79
2245 72
2246 78
2247 79
2248 76
2249 82
2250 89
2251 70
2252 79
2253 74
2254 71
2255 74
2256 81
2257 76
2258 89
2259 63
2260 70
2261 77
2262 70
2263 67
2264 81
2265 81
2266 76
2267 76
2268 71
2269 81
2270 67
2271 85
2272 60
2273 70
2274 66
2275 70
2276 67
2277 62
2278 84
2279 65
2280 83
2281 79
2282 73
2283 67
2284 83
2285 76
2286 77
2287 71
2288 66
2289 81
2290 77
2291 68
2292 73
2293 107
2294 70
2295 71
2296 69
2297 72
2298 63
2299 70
2300 67
2301 75
2302 73
2303 68
2304 80
2305 82
2306 63
2307 93
2308 84
2309 79
2310 79
2311 74
2312 73
2313 83
2314 55
2315 74
2316 66
2317 63
2318 58
2319 77
2320 84
2321 64
2322 58
2323 54
2324 65
2325 84
2326 89
2327 54
2328 58
2329 83
2330 65
2331 67
2332 71
2333 67
2334 70
2335 73
2336 81
2337 72
2338 66
2339 85
2340 59
2341 75
2342 55
2343 73
2344 62
2345 74
2346 63
2347 70
2348 69
2349 66
2350 67
2351 75
2352 73
2353 61
2354 68
2355 76
2356 64
2357 86
2358 67
2359 59
2360 61
2361 77
2362 64
2363 74
2364 69
2365 68
2366 63
2367 64
2368 69
2369 64
2370 77
2371 70
2372 65
2373 61
2374 76
2375 69
2376 57
2377 74
2378 72
2379 64
2380 63
2381 66
2382 63
2383 49
2384 78
2385 74
2386 63
2387 67
2388 79
2389 79
2390 62
2391 64
2392 68
2393 59
2394 54
2395 55
2396 62
2397 54
2398 87
2399 52
2400 70
2401 68
2402 74
2403 51
2404 70
2405 45
2406 67
2407 59
2408 51
2409 55
2410 60
2411 67
2412 61
2413 59
2414 72
2415 62
2416 62
2417 59
2418 72
2419 60
2420 74
2421 57
2422 63
2423 61
2424 53
2425 53
2426 54
2427 70
2428 51
2429 51
2430 75
2431 58
2432 60
2433 54
2434 64
2435 53
2436 56
2437 53
2438 58
2439 58
2440 71
2441 53
2442 59
2443 70
2444 61
2445 62
2446 60
2447 73
2448 68
2449 70
2450 58
2451 66
2452 64
2453 60
2454 49
2455 61
2456 66
2457 59
2458 54
2459 62
2460 60
2461 57
2462 58
2463 60
2464 71
2465 67
2466 66
2467 61
2468 61
2469 66
2470 64
2471 56
2472 51
2473 60
2474 60
2475 59
2476 63
2477 56
2478 63
2479 57
2480 61
2481 64
2482 63
2483 56
2484 66
2485 61
2486 43
2487 63
2488 62
2489 58
2490 80
2491 49
2492 64
2493 57
2494 61
2495 61
2496 55
2497 65
2498 57
2499 52
2500 60
2501 55
2502 66
2503 53
2504 45
2505 71
2506 61
2507 56
2508 54
2509 49
2510 53
2511 62
2512 51
2513 75
2514 52
2515 62
2516 59
2517 57
2518 60
2519 64
2520 75
2521 57
2522 64
2523 63
2524 50
2525 68
2526 55
2527 67
2528 50
2529 77
2530 52
2531 50
2532 59
2533 56
2534 61
2535 57
2536 57
2537 63
2538 58
2539 59
2540 54
2541 59
2542 55
2543 49
2544 71
2545 41
2546 56
2547 63
2548 70
2549 57
2550 42
2551 60
2552 71
2553 57
2554 71
2555 72
2556 62
2557 58
2558 60
2559 67
2560 57
2561 65
2562 58
2563 48
2564 59
2565 62
2566 72
2567 73
2568 51
2569 63
2570 68
2571 60
2572 79
2573 60
2574 64
2575 71
2576 64
2577 67
2578 55
2579 68
2580 71
2581 53
2582 61
2583 54
2584 70
2585 49
2586 49
2587 71
2588 51
2589 57
2590 55
2591 40
2592 60
2593 65
2594 54
2595 51
2596 68
2597 53
2598 55
2599 51
2600 48
2601 48
2602 53
2603 57
2604 65
2605 46
2606 73
2607 60
2608 57
2609 71
2610 57
2611 55
2612 59
2613 42
2614 72
2615 53
2616 53
2617 48
2618 58
2619 58
2620 55
2621 56
2622 67
2623 87
2624 104
2625 106
2626 148
2627 180
2628 236
2629 317
2630 354
2631 457
2632 565
2633 717
2634 864
2635 1003
2636 1136
2637 1217
2638 1287
2639 1325
2640 1272
2641 1226
2642 1177
2643 1027
2644 811
2645 739
2646 618
2647 505
2648 359
2649 280
2650 206
2651 181
2652 135
2653 106
2654 67
2655 63
2656 61
2657 59
2658 57
2659 48
2660 47
2661 52
2662 49
2663 55
2664 41
2665 42
2666 52
2667 62
2668 53
2669 56
2670 52
2671 57
2672 54
2673 52
2674 56
2675 46
2676 40
2677 52
2678 58
2679 57
2680 62
2681 44
2682 47
2683 48
2684 51
2685 62
2686 63
2687 60
2688 35
2689 50
2690 44
2691 50
2692 53
2693 53
2694 49
2695 53
2696 48
2697 37
2698 64
2699 61
2700 52
2701 32
2702 42
2703 53
2704 44
2705 52
2706 46
2707 63
2708 59
2709 47
2710 58
2711 62
2712 55
2713 56
2714 58
2715 54
2716 61
2717 58
2718 48
2719 55
2720 48
2721 47
2722 47
2723 65
2724 57
2725 53
2726 56
2727 48
2728 41
2729 37
2730 40
2731 40
2732 44
2733 52
2734 47
2735 35
2736 36
2737 60
2738 65
2739 59
2740 37
2741 42
2742 49
2743 45
2744 63
2745 53
2746 43
2747 58
2748 43
2749 58
2750 43
2751 57
2752 40
2753 55
2754 37
2755 57
2756 40
2757 49
2758 59
2759 42
2760 47
2761 44
2762 43
2763 40
2764 53
2765 50
2766 51
2767 51
2768 38
2769 46
2770 35
2771 35
2772 38
2773 43
2774 48
2775 43
2776 44
2777 42
2778 47
2779 58
2780 39
2781 31
2782 47
2783 48
2784 44
2785 46
2786 39
2787 55
2788 37
2789 48
2790 48
2791 36
2792 52
2793 61
2794 39
2795 51
2796 43
2797 46
2798 41
2799 36
2800 36
2801 43
2802 57
2803 47
2804 44
2805 48
2806 53
2807 46
2808 44
2809 45
2810 47
2811 50
2812 43
2813 45
2814 37
2815 32
2816 47
2817 55
2818 52
2819 39
2820 38
2821 40
2822 44
2823 44
2824 38
2825 35
2826 39
2827 43
2828 26
2829 54
2830 38
2831 36
2832 50
2833 50
2834 54
2835 44
2836 41
2837 40
2838 48
2839 39
2840 39
2841 49
2842 50
2843 47
2844 50
2845 46
2846 45
2847 42
2848 49
2849 52
2850 32
2851 46
2852 45
2853 47
2854 42
2855 49
2856 58
2857 41
2858 46
2859 47
2860 50
2861 32
2862 48
2863 35
2864 50
2865 33
2866 50
2867 57
2868 40
2869 47
2870 32
2871 34
2872 42
2873 52
2874 37
2875 41
2876 29
2877 47
2878 46
2879 45
2880 38
2881 30
2882 56
2883 42
2884 43
2885 36
2886 43
2887 44
2888 50
2889 43
2890 37
2891 40
2892 33
2893 40
2894 37
2895 35
2896 56
2897 39
2898 50
2899 48
2900 34
2901 36
2902 55
2903 42
2904 43
2905 41
2906 46
2907 44
2908 47
2909 56
2910 49
2911 52
2912 48
2913 44
2914 43
2915 50
2916 52
2917 51
2918 49
2919 52
2920 60
2921 55
2922 57
2923 43
2924 56
2925 51
2926 58
2927 55
2928 54
2929 46
2930 40
2931 34
2932 47
2933 40
2934 55
2935 46
2936 43
2937 54
2938 44
2939 47
2940 25
2941 41
2942 45
2943 47
2944 52
2945 48
2946 41
2947 45
2948 44
2949 49
2950 39
2951 55
2952 47
2953 42
2954 33
2955 55
2956 45
2957 45
2958 44
2959 49
2960 37
2961 48
2962 55
2963 36
2964 32
2965 48
2966 56
2967 55
2968 38
2969 42
2970 53
2971 39
2972 39
2973 44
2974 42
2975 45
2976 46
2977 36
2978 50
2979 41
2980 47
2981 44
2982 50
2983 43
2984 37
2985 37
2986 40
2987 42
2988 42
2989 43
2990 40
2991 40
2992 39
2993 43
2994 43
2995 38
2996 41
2997 44
2998 41
2999 40
3000 56
3001 51
3002 44
3003 45
3004 43
3005 42
3006 46
3007 43
3008 40
3009 48
3010 55
3011 41
3012 51
3013 48
3014 38
3015 49
3016 48
3017 42
3018 38
3019 41
3020 43
3021 53
3022 40
3023 38
3024 47
3025 33
3026 45
3027 39
3028 50
3029 38
3030 41
3031 52
3032 39
3033 36
3034 42
3035 46
3036 43
3037 36
3038 34
3039 40
3040 46
3041 45
3042 37
3043 37
3044 45
3045 45
3046 46
3047 34
3048 52
3049 37
3050 41
3051 39
3052 40
3053 51
3054 45
3055 37
3056 36
3057 45
3058 47
3059 36
3060 47
3061 56
3062 40
3063 42
3064 41
3065 32
3066 36
3067 39
3068 43
3069 37
3070 38
3071 40
3072 39
3073 37
3074 36
3075 44
3076 46
3077 46
3078 32
3079 57
3080 39
3081 36
3082 38
3083 49
3084 32
3085 46
3086 42
3087 34
3088 45
3089 53
3090 44
3091 50
3092 41
3093 38
3094 49
3095 49
3096 34
3097 50
3098 43
3099 33
3100 35
3101 34
3102 35
3103 44
3104 38
3105 40
3106 42
3107 33
3108 40
3109 40
3110 49
3111 50
3112 41
3113 31
3114 47
3115 36
3116 33
3117 32
3118 40
3119 40
3120 48
3121 29
3122 48
3123 41
3124 41
3125 37
3126 44
3127 45
3128 40
3129 36
3130 47
3131 31
3132 34
3133 36
3134 33
3135 53
3136 36
3137 39
3138 38
3139 41
3140 37
3141 37
3142 42
3143 28
3144 37
3145 42
3146 38
3147 33
3148 39
3149 37
3150 39
3151 32
3152 56
3153 43
3154 42
3155 27
3156 36
3157 34
3158 46
3159 35
3160 45
3161 32
3162 35
3163 36
3164 45
3165 49
3166 37
3167 39
3168 40
3169 44
3170 35
3171 38
3172 43
3173 39
3174 35
3175 54
3176 46
3177 47
3178 50
3179 46
3180 45
3181 60
3182 47
3183 51
3184 66
3185 99
3186 87
3187 82
3188 93
3189 91
3190 94
3191 113
3192 98
3193 100
3194 86
3195 103
3196 78
3197 71
3198 70
3199 60
3200 57
3201 62
3202 49
3203 68
3204 41
3205 44
3206 42
3207 43
3208 38
3209 44
3210 39
3211 40
3212 34
3213 39
3214 40
3215 34
3216 37
3217 35
3218 18
3219 37
3220 40
3221 35
3222 32
3223 38
3224 33
3225 32
3226 50
3227 32
3228 38
3229 46
3230 48
3231 50
3232 41
3233 40
3234 45
3235 38
3236 34
3237 49
3238 35
3239 44
3240 24
3241 34
3242 40
3243 39
3244 32
3245 40
3246 40
3247 33
3248 42
3249 43
3250 37
3251 34
3252 36
3253 24
3254 32
3255 46
3256 30
3257 28
3258 28
3259 39
3260 34
3261 44
3262 38
3263 23
3264 36
3265 35
3266 35
3267 48
3268 35
3269 38
3270 36
3271 35
3272 36
3273 46
3274 47
3275 35
3276 54
3277 29
3278 35
3279 31
3280 40
3281 42
3282 37
3283 39
3284 35
3285 18
3286 38
3287 37
3288 42
3289 35
3290 53
3291 30
3292 43
3293 34
3294 34
3295 35
3296 42
3297 36
3298 25
3299 28
3300 39
3301 40
3302 35
3303 43
3304 52
3305 34
3306 35
3307 38
3308 35
3309 49
3310 34
3311 40
3312 41
3313 35
3314 27
3315 47
3316 36
3317 41
3318 28
3319 29
3320 36
3321 40
3322 33
3323 34
3324 36
3325 31
3326 36
3327 35
3328 35
3329 30
3330 35
3331 31
3332 42
3333 30
3334 43
3335 38
3336 38
3337 38
3338 42
3339 34
3340 37
3341 48
3342 41
3343 33
3344 30
3345 37
3346 41
3347 40
3348 29
3349 31
3350 37
3351 31
3352 33
3353 27
3354 40
3355 33
3356 36
3357 41
3358 38
3359 35
3360 27
3361 46
3362 40
3363 36
3364 35
3365 46
3366 32
3367 37
3368 39
3369 44
3370 39
3371 38
3372 27
3373 30
3374 45
3375 28
3376 38
3377 33
3378 42
3379 39
3380 35
3381 29
3382 36
3383 32
3384 32
3385 33
3386 42
3387 33
3388 45
3389 33
3390 49
3391 41
3392 52
3393 39
3394 24
3395 42
3396 42
3397 49
3398 43
3399 38
3400 52
3401 45
3402 39
3403 34
3404 44
3405 50
3406 30
3407 44
3408 49
3409 34
3410 30
3411 36
3412 38
3413 30
3414 31
3415 43
3416 30
3417 40
3418 36
3419 31
3420 33
3421 37
3422 36
3423 43
3424 32
3425 33
3426 35
3427 37
3428 37
3429 46
3430 35
3431 36
3432 26
3433 31
3434 38
3435 33
3436 38
3437 43
3438 39
3439 38
3440 35
3441 38
3442 32
3443 36
3444 33
3445 45
3446 43
3447 36
3448 33
3449 33
3450 42
3451 37
3452 42
3453 29
3454 28
3455 36
3456 30
3457 45
3458 36
3459 35
3460 37
3461 41
3462 28
3463 46
3464 30
3465 40
3466 37
3467 35
3468 32
3469 29
3470 32
3471 28
3472 25
3473 27
3474 32
3475 35
3476 43
3477 34
3478 32
3479 48
3480 30
3481 31
3482 39
3483 30
3484 32
3485 44
3486 33
3487 41
3488 34
3489 43
3490 40
3491 40
3492 33
3493 37
3494 40
3495 36
3496 49
3497 43
3498 45
3499 39
3500 43
3501 51
3502 46
3503 33
3504 49
3505 38
3506 40
3507 41
3508 43
3509 37
3510 29
3511 43
3512 52
3513 41
3514 35
3515 41
3516 31
3517 33
3518 31
3519 40
3520 34
3521 36
3522 30
3523 36
3524 26
3525 29
3526 47
3527 46
3528 36
3529 32
3530 27
3531 35
3532 38
3533 37
3534 40
3535 32
3536 32
3537 35
3538 38
3539 30
3540 34
3541 33
3542 36
3543 34
3544 33
3545 36
3546 38
3547 40
3548 39
3549 53
3550 43
3551 38
3552 61
3553 46
3554 48
3555 58
3556 55
3557 40
3558 50
3559 34
3560 43
3561 42
3562 42
3563 45
3564 39
3565 35
3566 33
3567 20
3568 40
3569 40
3570 28
3571 48
3572 41
3573 32
3574 30
3575 27
3576 30
3577 34
3578 31
3579 24
3580 38
3581 42
3582 34
3583 32
3584 36
3585 47
3586 33
3587 29
3588 36
3589 27
3590 33
3591 29
3592 37
3593 29
3594 30
3595 33
3596 39
3597 30
3598 27
3599 33
3600 30
3601 29
3602 27
3603 26
3604 37
3605 33
3606 37
3607 28
3608 43
3609 37
3610 27
3611 30
3612 33
3613 30
3614 46
3615 40
3616 28
3617 37
3618 38
3619 36
3620 42
3621 41
3622 40
3623 38
3624 26
3625 32
3626 35
3627 27
3628 36
3629 31
3630 44
3631 32
3632 24
3633 25
3634 33
3635 44
3636 36
3637 32
3638 33
3639 46
3640 36
3641 44
3642 27
3643 42
3644 38
3645 39
3646 41
3647 37
3648 44
3649 39
3650 36
3651 42
3652 27
3653 41
3654 37
3655 43
3656 37
3657 36
3658 41
3659 34
3660 38
3661 43
3662 37
3663 45
3664 30
3665 44
3666 44
3667 27
3668 43
3669 37
3670 49
3671 39
3672 40
3673 35
3674 48
3675 38
3676 41
3677 50
3678 31
3679 35
3680 54
3681 33
3682 29
3683 40
3684 33
3685 46
3686 35
3687 35
3688 39
3689 37
3690 38
3691 39
3692 47
3693 45
3694 39
3695 65
3696 81
3697 88
3698 138
3699 194
3700 272
3701 373
3702 442
3703 617
3704 827
3705 1028
3706 1338
3707 1638
3708 1970
3709 2322
3710 2517
3711 2881
3712 2903
3713 3045
3714 3005
3715 2930
3716 2748
3717 2664
3718 2201
3719 1900
3720 1591
3721 1351
3722 1103
3723 825
3724 611
3725 481
3726 333
3727 236
3728 153
3729 120
3730 105
3731 79
3732 71
3733 51
3734 57
3735 45
3736 36
3737 36
3738 27
3739 33
3740 33
3741 30
3742 24
3743 28
3744 23
3745 31
3746 29
3747 32
3748 26
3749 40
3750 29
3751 29
3752 22
3753 28
3754 25
3755 29
3756 32
3757 38
3758 36
3759 27
3760 25
3761 25
3762 26
3763 23
3764 41
3765 25
3766 30
3767 16
3768 35
3769 27
3770 27
3771 34
3772 21
3773 28
3774 22
3775 25
3776 30
3777 29
3778 25
3779 30
3780 24
3781 31
3782 31
3783 30
3784 27
3785 32
3786 25
3787 30
3788 26
3789 37
3790 32
3791 35
3792 32
3793 33
3794 23
3795 30
3796 33
3797 36
3798 37
3799 35
3800 24
3801 28
3802 30
3803 27
3804 25
3805 33
3806 27
3807 28
3808 29
3809 29
3810 25
3811 28
3812 27
3813 35
3814 25
3815 19
3816 20
3817 19
3818 29
3819 27
3820 21
3821 39
3822 23
3823 37
3824 21
3825 29
3826 34
3827 26
3828 26
3829 24
3830 19
3831 18
3832 27
3833 22
3834 39
3835 38
3836 25
3837 22
3838 29
3839 32
3840 29
3841 28
3842 28
3843 40
3844 33
3845 29
3846 30
3847 12
3848 17
3849 27
3850 17
3851 22
3852 24
3853 32
3854 24
3855 26
3856 31
3857 30
3858 29
3859 38
3860 22
3861 28
3862 33
3863 33
3864 15
3865 25
3866 18
3867 23
3868 28
3869 20
3870 21
3871 27
3872 29
3873 24
3874 30
3875 25
3876 24
3877 35
3878 23
3879 29
3880 33
3881 32
3882 33
3883 20
3884 16
3885 24
3886 20
3887 30
3888 29
3889 29
3890 20
3891 25
3892 14
3893 40
3894 27
3895 24
3896 35
3897 22
3898 37
3899 25
3900 31
3901 24
3902 20
3903 24
3904 24
3905 18
3906 35
3907 23
3908 35
3909 22
3910 24
3911 31
3912 22
3913 20
3914 22
3915 23
3916 15
3917 29
3918 30
3919 30
3920 18
3921 29
3922 29
3923 32
3924 29
3925 29
3926 23
3927 30
3928 27
3929 24
3930 26
3931 15
3932 27
3933 31
3934 25
3935 27
3936 39
3937 30
3938 18
3939 30
3940 31
3941 27
3942 20
3943 34
3944 42
3945 31
3946 30
3947 40
3948 22
3949 24
3950 31
3951 33
3952 33
3953 28
3954 33
3955 37
3956 40
3957 45
3958 67
3959 58
3960 63
3961 77
3962 73
3963 103
3964 102
3965 104
3966 111
3967 108
3968 124
3969 109
3970 121
3971 83
3972 79
3973 97
3974 68
3975 66
3976 56
3977 38
3978 46
3979 46
3980 36
3981 30
3982 38
3983 29
3984 34
3985 31
3986 26
3987 20
3988 26
3989 23
3990 29
3991 10
3992 19
3993 22
3994 29
3995 25
3996 25
3997 28
3998 38
3999 20
4000 21
4001 26
4002 23
4003 21
4004 27
4005 17
4006 39
4007 21
4008 17
4009 18
4010 25
4011 26
4012 26
4013 27
4014 21
4015 25
4016 21
4017 19
4018 21
4019 28
4020 33
4021 34
4022 24
4023 28
4024 29
4025 26
4026 26
4027 21
4028 37
4029 22
4030 32
4031 22
4032 19
4033 20
4034 28
4035 26
4036 21
4037 16
4038 25
4039 22
4040 25
4041 28
4042 22
4043 31
4044 18
4045 24
4046 31
4047 24
4048 29
4049 15
4050 26
4051 15
4052 24
4053 30
4054 21
4055 29
4056 21
4057 25
4058 27
4059 17
4060 26
4061 29
4062 27
4063 22
4064 29
4065 30
4066 22
4067 18
4068 30
4069 30
4070 15
4071 23
4072 26
4073 28
4074 31
4075 21
4076 31
4077 25
4078 28
4079 25
4080 21
4081 23
4082 26
4083 23
4084 34
4085 25
4086 23
4087 27
4088 36
4089 29
4090 34
4091 23
4092 19
4093 25
4094 26
4095 36
4096 24
4097 22
4098 20
4099 24
4100 27
4101 31
4102 25
4103 21
4104 28
4105 26
4106 24
4107 31
4108 25
4109 29
4110 26
4111 24
4112 29
4113 21
4114 22
4115 26
4116 21
4117 23
4118 25
4119 27
4120 25
4121 26
4122 19
4123 24
4124 21
4125 24
4126 24
4127 33
4128 21
4129 26
4130 21
4131 20
4132 26
4133 23
4134 25
4135 20
4136 24
4137 23
4138 14
4139 28
4140 27
4141 24
4142 22
4143 20
4144 19
4145 30
4146 25
4147 20
4148 34
4149 28
4150 25
4151 25
4152 25
4153 31
4154 26
4155 29
4156 35
4157 34
4158 18
4159 33
4160 31
4161 23
4162 45
4163 26
4164 42
4165 24
4166 35
4167 33
4168 32
4169 25
4170 26
4171 22
4172 28
4173 29
4174 21
4175 24
4176 29
4177 25
4178 18
4179 29
4180 20
4181 25
4182 35
4183 23
4184 23
4185 29
4186 25
4187 29
4188 27
4189 25
4190 24
4191 28
4192 28
4193 30
4194 36
4195 16
4196 33
4197 20
4198 17
4199 29
4200 24
4201 26
4202 17
4203 31
4204 29
4205 32
4206 19
4207 24
4208 21
4209 22
4210 39
4211 32
4212 20
4213 28
4214 23
4215 22
4216 24
4217 21
4218 23
4219 23
4220 18
4221 24
4222 30
4223 26
4224 31
4225 25
4226 17
4227 14
4228 32
4229 19
4230 24
4231 28
4232 27
4233 26
4234 20
4235 26
4236 22
4237 23
4238 35
4239 28
4240 28
4241 21
4242 28
4243 26
4244 23
4245 21
4246 37
4247 33
4248 18
4249 22
4250 29
4251 29
4252 25
4253 23
4254 23
4255 26
4256 33
4257 28
4258 31
4259 25
4260 25
4261 28
4262 23
4263 27
4264 28
4265 21
4266 39
4267 11
4268 27
4269 29
4270 18
4271 22
4272 33
4273 27
4274 22
4275 36
4276 30
4277 23
4278 29
4279 31
4280 27
4281 22
4282 29
4283 25
4284 19
4285 28
4286 19
4287 25
4288 17
4289 23
4290 33
4291 27
4292 23
4293 18
4294 27
4295 20
4296 26
4297 28
4298 30
4299 19
4300 27
4301 22
4302 25
4303 26
4304 26
4305 22
4306 25
4307 20
4308 24
4309 17
4310 23
4311 26
4312 27
4313 22
4314 30
4315 23
4316 22
4317 30
4318 30
4319 31
4320 25
4321 29
4322 28
4323 20
4324 20
4325 27
4326 14
4327 21
4328 23
4329 22
4330 26
4331 12
4332 32
4333 33
4334 23
4335 29
4336 24
4337 26
4338 18
4339 23
4340 24
4341 23
4342 16
4343 22
4344 28
4345 22
4346 31
4347 29
4348 18
4349 19
4350 19
4351 22
4352 20
4353 22
4354 23
4355 33
4356 21
4357 28
4358 22
4359 30
4360 30
4361 32
4362 19
4363 22
4364 15
4365 21
4366 20
4367 27
4368 30
4369 20
4370 26
4371 34
4372 20
4373 18
4374 23
4375 24
4376 28
4377 30
4378 21
4379 24
4380 23
4381 29
4382 17
4383 19
4384 19
4385 23
4386 24
4387 27
4388 17
4389 26
4390 24
4391 14
4392 29
4393 21
4394 22
4395 30
4396 27
4397 27
4398 28
4399 25
4400 25
4401 26
4402 29
4403 21
4404 24
4405 28
4406 34
4407 31
4408 26
4409 31
4410 16
4411 26
4412 31
4413 16
4414 20
4415 29
4416 20
4417 26
4418 27
4419 20
4420 31
4421 56
4422 55
4423 70
4424 76
4425 82
4426 101
4427 99
4428 142
4429 145
4430 185
4431 187
4432 216
4433 234
4434 240
4435 219
4436 241
4437 187
4438 191
4439 185
4440 159
4441 132
4442 117
4443 119
4444 102
4445 80
4446 57
4447 59
4448 46
4449 46
4450 39
4451 28
4452 23
4453 22
4454 26
4455 28
4456 25
4457 27
4458 22
4459 21
4460 22
4461 26
4462 23
4463 28
4464 40
4465 27
4466 18
4467 16
4468 23
4469 26
4470 24
4471 22
4472 21
4473 19
4474 26
4475 21
4476 20
4477 25
4478 25
4479 24
4480 28
4481 31
4482 26
4483 39
4484 35
4485 29
4486 36
4487 31
4488 34
4489 35
4490 32
4491 41
4492 34
4493 27
4494 26
4495 32
4496 23
4497 16
4498 30
4499 26
4500 32
4501 26
4502 21
4503 14
4504 24
4505 26
4506 32
4507 32
4508 22
4509 17
4510 18
4511 30
4512 35
4513 23
4514 22
4515 24
4516 26
4517 23
4518 19
4519 29
4520 33
4521 27
4522 24
4523 29
4524 28
4525 24
4526 18
4527 32
4528 23
4529 29
4530 25
4531 32
4532 26
4533 24
4534 20
4535 26
4536 25
4537 21
4538 29
4539 16
4540 18
4541 28
4542 15
4543 23
4544 24
4545 23
4546 23
4547 20
4548 26
4549 23
4550 16
4551 23
4552 20
4553 27
4554 22
4555 24
4556 23
4557 29
4558 19
4559 23
4560 34
4561 28
4562 24
4563 23
4564 21
4565 27
4566 21
4567 36
4568 24
4569 32
4570 32
4571 27
4572 30
4573 22
4574 26
4575 19
4576 29
4577 28
4578 20
4579 25
4580 30
4581 21
4582 19
4583 31
4584 17
4585 19
4586 12
4587 25
4588 29
4589 23
4590 20
4591 22
4592 28
4593 38
4594 31
4595 25
4596 34
4597 28
4598 26
4599 32
4600 24
4601 28
4602 15
4603 26
4604 23
4605 22
4606 22
4607 27
4608 25
4609 24
4610 23
4611 23
4612 26
4613 14
4614 23
4615 20
4616 19
4617 24
4618 22
4619 17
4620 24
4621 20
4622 29
4623 22
4624 26
4625 32
4626 31
4627 23
4628 24
4629 28
4630 19
4631 33
4632 31
4633 23
4634 29
4635 29
4636 26
4637 18
4638 24
4639 27
4640 24
4641 19
4642 27
4643 29
4644 21
4645 26
4646 19
4647 27
4648 28
4649 29
4650 24
4651 24
4652 13
4653 24
4654 29
4655 18
4656 21
4657 26
4658 27
4659 24
4660 36
4661 23
4662 25
4663 30
4664 21
4665 20
4666 21
4667 18
4668 32
4669 26
4670 29
4671 21
4672 19
4673 20
4674 21
4675 25
4676 23
4677 27
4678 22
4679 24
4680 26
4681 21
4682 21
4683 28
4684 28
4685 28
4686 25
4687 23
4688 15
4689 27
4690 30
4691 30
4692 23
4693 23
4694 29
4695 23
4696 35
4697 25
4698 24
4699 17
4700 14
4701 29
4702 22
4703 18
4704 24
4705 14
4706 20
4707 17
4708 28
4709 30
4710 25
4711 23
4712 25
4713 30
4714 23
4715 29
4716 28
4717 21
4718 26
4719 22
4720 22
4721 27
4722 32
4723 23
4724 27
4725 23
4726 30
4727 24
4728 33
4729 22
4730 29
4731 25
4732 26
4733 28
4734 37
4735 21
4736 23
4737 19
4738 22
4739 24
4740 27
4741 27
4742 20
4743 24
4744 33
4745 19
4746 18
4747 21
4748 22
4749 33
4750 25
4751 27
4752 31
4753 25
4754 25
4755 19
4756 25
4757 26
4758 28
4759 21
4760 22
4761 24
4762 25
4763 27
4764 38
4765 30
4766 21
4767 34
4768 33
4769 30
4770 32
4771 29
4772 22
4773 32
4774 38
4775 48
4776 56
4777 70
4778 72
4779 105
4780 119
4781 149
4782 172
4783 189
4784 210
4785 213
4786 248
4787 293
4788 328
4789 277
4790 298
4791 251
4792 248
4793 257
4794 212
4795 197
4796 154
4797 151
4798 124
4799 112
4800 91
4801 81
4802 60
4803 55
4804 45
4805 34
4806 43
4807 29
4808 21
4809 23
4810 24
4811 17
4812 26
4813 19
4814 19
4815 22
4816 25
4817 21
4818 29
4819 23
4820 20
4821 19
4822 33
4823 33
4824 23
4825 18
4826 21
4827 26
4828 21
4829 34
4830 22
4831 22
4832 22
4833 30
4834 23
4835 23
4836 27
4837 27
4838 16
4839 18
4840 31
4841 27
4842 21
4843 23
4844 23
4845 21
4846 31
4847 26
4848 24
4849 20
4850 27
4851 25
4852 17
4853 25
4854 31
4855 23
4856 31
4857 22
4858 28
4859 23
4860 20
4861 35
4862 20
4863 28
4864 32
4865 28
4866 26
4867 28
4868 20
4869 30
4870 23
4871 28
4872 21
4873 24
4874 15
4875 25
4876 26
4877 26
4878 25
4879 25
4880 21
4881 23
4882 23
4883 24
4884 19
4885 21
4886 16
4887 26
4888 19
4889 26
4890 24
4891 24
4892 21
4893 19
4894 24
4895 20
4896 32
4897 18
4898 23
4899 22
4900 24
4901 28
4902 23
4903 23
4904 24
4905 19
4906 23
4907 30
4908 27
4909 18
4910 27
4911 17
4912 32
4913 31
4914 20
4915 25
4916 22
4917 24
4918 27
4919 24
4920 22
4921 21
4922 30
4923 29
4924 26
4925 21
4926 23
4927 26
4928 18
4929 14
4930 32
4931 21
4932 24
4933 26
4934 22
4935 27
4936 28
4937 27
4938 16
4939 26
4940 20
4941 23
4942 19
4943 15
4944 24
4945 25
4946 19
4947 18
4948 23
4949 26
4950 24
4951 20
4952 16
4953 34
4954 27
4955 29
4956 20
4957 23
4958 31
4959 21
4960 22
4961 22
4962 21
4963 25
4964 25
4965 29
4966 22
4967 19
4968 33
4969 25
4970 23
4971 25
4972 21
4973 23
4974 23
4975 26
4976 29
4977 27
4978 19
4979 29
4980 30
4981 25
4982 17
4983 27
4984 25
4985 34
4986 21
4987 33
4988 28
4989 24
4990 27
4991 23
4992 27
4993 30
4994 23
4995 35
4996 26
4997 21
4998 28
4999 20
5000 23
5001 33
5002 16
5003 25
5004 23
5005 31
5006 24
5007 23
5008 22
5009 25
5010 25
5011 32
5012 15
5013 20
5014 19
5015 28
5016 16
5017 33
5018 24
5019 20
5020 14
5021 26
5022 37
5023 28
5024 19
5025 16
5026 22
5027 20
5028 21
5029 17
5030 22
5031 29
5032 21
5033 24
5034 36
5035 20
5036 31
5037 25
5038 22
5039 28
5040 35
5041 27
5042 29
5043 16
5044 18
5045 30
5046 24
5047 21
5048 28
5049 26
5050 35
5051 19
5052 14
5053 26
5054 16
5055 28
5056 19
5057 24
5058 21
5059 29
5060 26
5061 19
5062 22
5063 22
5064 33
5065 21
5066 35
5067 28
5068 28
5069 30
5070 28
5071 28
5072 25
5073 27
5074 18
5075 20
5076 26
5077 31
5078 27
5079 30
5080 24
5081 15
5082 33
5083 22
5084 22
5085 22
5086 28
5087 22
5088 31
5089 19
5090 22
5091 22
5092 28
5093 28
5094 18
5095 17
5096 29
5097 25
5098 20
5099 28
5100 20
5101 21
5102 27
5103 19
5104 17
5105 33
5106 28
5107 28
5108 21
5109 14
5110 30
5111 21
5112 26
5113 31
5114 20
5115 26
5116 27
5117 31
5118 21
5119 29
5120 23
5121 27
5122 28
5123 25
5124 20
5125 19
5126 25
5127 18
5128 19
5129 27
5130 30
5131 17
5132 24
5133 20
5134 23
5135 23
5136 23
5137 26
5138 32
5139 17
5140 24
5141 19
5142 36
5143 20
5144 20
5145 22
5146 17
5147 18
5148 19
5149 21
5150 17
5151 21
5152 22
5153 26
5154 26
5155 29
5156 21
5157 20
5158 24
5159 27
5160 29
5161 27
5162 20
5163 24
5164 24
5165 28
5166 25
5167 24
5168 24
5169 37
5170 30
5171 23
5172 32
5173 21
5174 16
5175 22
5176 28
5177 24
5178 23
5179 25
5180 25
5181 25
5182 24
5183 18
5184 21
5185 32
5186 31
5187 23
5188 20
5189 25
5190 25
5191 24
5192 31
5193 22
5194 36
5195 21
5196 26
5197 31
5198 33
5199 16
5200 31
5201 27
5202 22
5203 13
5204 25
5205 29
5206 24
5207 19
5208 25
5209 19
5210 30
5211 29
5212 26
5213 19
5214 22
5215 29
5216 28
5217 18
5218 20
5219 24
5220 20
5221 30
5222 26
5223 21
5224 20
5225 27
5226 22
5227 27
5228 11
5229 22
5230 19
5231 29
5232 27
5233 30
5234 19
5235 31
5236 29
5237 27
5238 19
5239 18
5240 17
5241 28
5242 28
5243 29
5244 27
5245 20
5246 20
5247 31
5248 29
5249 34
5250 22
5251 28
5252 26
5253 23
5254 25
5255 28
5256 27
5257 28
5258 32
5259 32
5260 22
5261 32
5262 31
5263 30
5264 33
5265 42
5266 48
5267 34
5268 42
5269 43
5270 56
5271 52
5272 57
5273 45
5274 42
5275 58
5276 45
5277 48
5278 51
5279 38
5280 38
5281 37
5282 27
5283 30
5284 28
5285 33
5286 35
5287 25
5288 24
5289 31
5290 32
5291 21
5292 23
5293 23
5294 24
5295 25
5296 26
5297 22
5298 15
5299 24
5300 21
5301 28
5302 20
5303 15
5304 22
5305 32
5306 17
5307 15
5308 26
5309 19
5310 16
5311 27
5312 23
5313 24
5314 21
5315 26
5316 20
5317 25
5318 23
5319 24
5320 24
5321 25
5322 26
5323 30
5324 28
5325 22
5326 21
5327 25
5328 30
5329 17
5330 27
5331 21
5332 26
5333 28
5334 24
5335 23
5336 24
5337 26
5338 29
5339 21
5340 23
5341 15
5342 20
5343 20
5344 34
5345 17
5346 33
5347 15
5348 20
5349 19
5350 24
5351 23
5352 18
5353 24
5354 26
5355 28
5356 22
5357 34
5358 22
5359 28
5360 16
5361 21
5362 28
5363 28
5364 21
5365 26
5366 27
5367 29
5368 24
5369 29
5370 25
5371 26
5372 23
5373 18
5374 26
5375 30
5376 27
5377 18
5378 21
5379 20
5380 31
5381 26
5382 32
5383 22
5384 23
5385 15
5386 19
5387 28
5388 23
5389 17
5390 24
5391 22
5392 21
5393 27
5394 26
5395 28
5396 24
5397 38
5398 27
5399 22
5400 32
5401 34
5402 24
5403 24
5404 18
5405 24
5406 15
5407 23
5408 22
5409 28
5410 18
5411 27
5412 26
5413 26
5414 27
5415 22
5416 12
5417 19
5418 21
5419 28
5420 33
5421 30
5422 26
5423 19
5424 33
5425 24
5426 45
5427 29
5428 36
5429 39
5430 41
5431 41
5432 36
5433 26
5434 35
5435 36
5436 29
5437 36
5438 43
5439 25
5440 22
5441 26
5442 34
5443 32
5444 26
5445 22
5446 22
5447 26
5448 19
5449 34
5450 24
5451 33
5452 22
5453 30
5454 21
5455 23
5456 20
5457 15
5458 19
5459 23
5460 23
5461 26
5462 22
5463 21
5464 25
5465 17
5466 19
5467 23
5468 20
5469 25
5470 27
5471 28
5472 18
5473 16
5474 29
5475 19
5476 20
5477 25
5478 25
5479 25
5480 24
5481 16
5482 24
5483 27
5484 27
5485 24
5486 10
5487 25
5488 22
5489 17
5490 27
5491 26
5492 23
5493 22
5494 25
5495 28
5496 28
5497 18
5498 28
5499 33
5500 27
5501 18
5502 23
5503 25
5504 30
5505 24
5506 33
5507 29
5508 26
5509 28
5510 31
5511 24
5512 24
5513 32
5514 28
5515 34
5516 25
5517 27
5518 24
5519 28
5520 27
5521 32
5522 37
5523 20
5524 32
5525 27
5526 22
5527 24
5528 22
5529 30
5530 19
5531 14
5532 20
5533 30
5534 24
5535 25
5536 24
5537 16
5538 16
5539 28
5540 22
5541 25
5542 25
5543 21
5544 26
5545 25
5546 16
5547 36
5548 26
5549 27
5550 25
5551 17
5552 25
5553 25
5554 18
5555 29
5556 14
5557 28
5558 27
5559 23
5560 31
5561 20
5562 21
5563 24
5564 29
5565 23
5566 26
5567 23
5568 27
5569 17
5570 26
5571 24
5572 32
5573 26
5574 27
5575 18
5576 24
5577 23
5578 33
5579 27
5580 22
5581 24
5582 17
5583 31
5584 16
5585 14
5586 21
5587 22
5588 28
5589 23
5590 34
5591 24
5592 26
5593 19
5594 27
5595 25
5596 33
5597 18
5598 26
5599 20
5600 27
5601 27
5602 28
5603 31
5604 21
5605 24
5606 19
5607 35
5608 27
5609 28
5610 25
5611 34
5612 33
5613 26
5614 31
5615 26
5616 24
5617 36
5618 29
5619 25
5620 25
5621 28
5622 29
5623 26
5624 24
5625 27
5626 23
5627 22
5628 19
5629 37
5630 24
5631 15
5632 28
5633 30
5634 28
5635 23
5636 23
5637 17
5638 21
5639 22
5640 26
5641 25
5642 26
5643 30
5644 23
5645 27
5646 31
5647 25
5648 27
5649 21
5650 26
5651 30
5652 17
5653 27
5654 32
5655 23
5656 28
5657 14
5658 28
5659 22
5660 26
5661 26
5662 19
5663 25
5664 37
5665 17
5666 23
5667 17
5668 36
5669 26
5670 24
5671 24
5672 32
5673 19
5674 30
5675 29
5676 22
5677 20
5678 32
5679 22
5680 27
5681 24
5682 36
5683 25
5684 34
5685 19
5686 32
5687 32
5688 25
5689 40
5690 22
5691 18
5692 26
5693 36
5694 23
5695 28
5696 26
5697 22
5698 24
5699 32
5700 12
5701 31
5702 28
5703 25
5704 28
5705 26
5706 25
5707 40
5708 30
5709 29
5710 23
5711 27
5712 16
5713 17
5714 30
5715 33
5716 30
5717 22
5718 23
5719 24
5720 24
5721 26
5722 24
5723 20
5724 29
5725 20
5726 27
5727 16
5728 28
5729 33
5730 25
5731 12
5732 31
5733 28
5734 29
5735 19
5736 30
5737 29
5738 29
5739 23
5740 24
5741 36
5742 40
5743 17
5744 28
5745 21
5746 23
5747 25
5748 25
5749 24
5750 27
5751 23
5752 18
5753 20
5754 27
5755 25
5756 30
5757 18
5758 33
5759 28
5760 22
5761 27
5762 26
5763 26
5764 27
5765 25
5766 35
5767 23
5768 28
5769 27
5770 29
5771 18
5772 30
5773 29
5774 33
5775 27
5776 13
5777 31
5778 20
5779 28
5780 20
5781 31
5782 31
5783 23
5784 20
5785 23
5786 19
5787 26
5788 21
5789 22
5790 25
5791 24
5792 23
5793 24
5794 23
5795 25
5796 25
5797 25
5798 24
5799 17
5800 27
5801 36
5802 21
5803 23
5804 33
5805 23
5806 22
5807 27
5808 24
5809 23
5810 31
5811 28
5812 34
5813 35
5814 23
5815 30
5816 30
5817 22
5818 22
5819 18
5820 32
5821 35
5822 20
5823 21
5824 36
5825 25
5826 25
5827 32
5828 21
5829 26
5830 24
5831 31
5832 17
5833 21
5834 37
5835 24
5836 26
5837 23
5838 27
5839 23
5840 23
5841 23
5842 30
5843 20
5844 27
5845 26
5846 20
5847 22
5848 22
5849 22
5850 15
5851 25
5852 19
5853 22
5854 17
5855 20
5856 24
5857 15
5858 26
5859 23
5860 31
5861 27
5862 24
5863 26
5864 30
5865 28
5866 28
5867 32
5868 23
5869 23
5870 19
5871 20
5872 27
5873 31
5874 15
5875 20
5876 17
5877 25
5878 21
5879 23
5880 31
5881 29
5882 21
5883 23
5884 18
5885 21
5886 29
5887 21
5888 27
5889 26
5890 20
5891 22
5892 23
5893 30
5894 24
5895 25
5896 32
5897 20
5898 34
5899 24
5900 21
5901 24
5902 15
5903 26
5904 19
5905 22
5906 23
5907 19
5908 25
5909 21
5910 31
5911 18
5912 31
5913 18
5914 41
5915 19
5916 35
5917 14
5918 31
5919 25
5920 28
5921 26
5922 19
5923 30
5924 28
5925 34
5926 26
5927 17
5928 23
5929 32
5930 22
5931 21
5932 32
5933 28
5934 34
5935 22
5936 26
5937 24
5938 18
5939 17
5940 24
5941 35
5942 22
5943 24
5944 28
5945 28
5946 21
5947 27
5948 22
5949 21
5950 33
5951 23
5952 28
5953 23
5954 30
5955 23
5956 24
5957 20
5958 30
5959 31
5960 20
5961 16
5962 24
5963 20
5964 19
5965 28
5966 22
5967 25
5968 23
5969 32
5970 25
5971 23
5972 14
5973 29
5974 33
5975 22
5976 28
5977 23
5978 33
5979 20
5980 33
5981 19
5982 27
5983 25
5984 20
5985 20
5986 29
5987 22
5988 25
5989 21
5990 27
5991 23
5992 23
5993 26
5994 32
5995 32
5996 29
5997 29
5998 20
5999 28
6000 30
6001 33
6002 32
6003 18
6004 28
6005 23
6006 31
6007 28
6008 29
6009 24
6010 31
6011 19
6012 23
6013 30
6014 28
6015 28
6016 29
6017 28
6018 28
6019 26
6020 28
6021 28
6022 32
6023 29
6024 23
6025 24
6026 18
6027 22
6028 34
6029 23
6030 33
6031 36
6032 19
6033 14
6034 28
6035 24
6036 18
6037 27
6038 23
6039 24
6040 28
6041 30
6042 34
6043 27
6044 21
6045 30
6046 23
6047 25
6048 17
6049 27
6050 23
6051 27
6052 23
6053 32
6054 26
6055 24
6056 18
6057 20
6058 27
6059 22
6060 25
6061 25
6062 29
6063 29
6064 31
6065 23
6066 25
6067 34
6068 17
6069 40
6070 31
6071 33
6072 29
6073 28
6074 36
6075 37
6076 40
6077 39
6078 39
6079 45
6080 48
6081 46
6082 54
6083 60
6084 54
6085 56
6086 48
6087 42
6088 46
6089 43
6090 54
6091 51
6092 34
6093 40
6094 30
6095 36
6096 43
6097 30
6098 27
6099 24
6100 23
6101 32
6102 22
6103 34
6104 28
6105 37
6106 40
6107 39
6108 33
6109 41
6110 25
6111 37
6112 37
6113 34
6114 44
6115 29
6116 28
6117 23
6118 27
6119 28
6120 25
6121 31
6122 31
6123 22
6124 34
6125 36
6126 28
6127 30
6128 26
6129 35
6130 30
6131 31
6132 30
6133 37
6134 24
6135 33
6136 28
6137 23
6138 25
6139 27
6140 32
6141 27
6142 26
6143 34
6144 33
6145 34
6146 24
6147 30
6148 28
6149 34
6150 27
6151 29
6152 25
6153 33
6154 35
6155 28
6156 31
6157 33
6158 27
6159 22
6160 27
6161 23
6162 25
6163 32
6164 25
6165 18
6166 28
6167 27
6168 18
6169 24
6170 20
6171 27
6172 26
6173 28
6174 34
6175 30
6176 28
6177 21
6178 24
6179 22
6180 29
6181 29
6182 26
6183 25
6184 39
6185 36
6186 28
6187 30
6188 25
6189 26
6190 25
6191 24
6192 20
6193 28
6194 24
6195 20
6196 26
6197 37
6198 25
6199 25
6200 20
6201 31
6202 24
6203 23
6204 25
6205 31
6206 28
6207 34
6208 34
6209 19
6210 32
6211 39
6212 32
6213 40
6214 29
6215 25
6216 21
6217 17
6218 28
6219 28
6220 22
6221 35
6222 29
6223 27
6224 28
6225 29
6226 28
6227 33
6228 37
6229 21
6230 27
6231 24
6232 24
6233 17
6234 33
6235 33
6236 19
6237 25
6238 25
6239 25
6240 22
6241 23
6242 28
6243 23
6244 28
6245 26
6246 29
6247 24
6248 28
6249 23
6250 18
6251 28
6252 29
6253 24
6254 24
6255 42
6256 23
6257 25
6258 23
6259 22
6260 22
6261 27
6262 28
6263 22
6264 20
6265 25
6266 25
6267 27
6268 21
6269 22
6270 29
6271 29
6272 28
6273 24
6274 22
6275 25
6276 27
6277 28
6278 32
6279 23
6280 28
6281 31
6282 21
6283 32
6284 29
6285 24
6286 26
6287 35
6288 31
6289 17
6290 32
6291 41
6292 35
6293 26
6294 35
6295 27
6296 26
6297 26
6298 25
6299 39
6300 30
6301 29
6302 27
6303 33
6304 34
6305 34
6306 26
6307 28
6308 29
6309 33
6310 25
6311 21
6312 26
6313 24
6314 27
6315 27
6316 42
6317 40
6318 43
6319 39
6320 49
6321 46
6322 65
6323 44
6324 53
6325 48
6326 51
6327 53
6328 48
6329 49
6330 41
6331 43
6332 48
6333 28
6334 29
6335 30
6336 25
6337 21
6338 29
6339 22
6340 22
6341 29
6342 19
6343 16
6344 23
6345 23
6346 25
6347 37
6348 26
6349 20
6350 25
6351 29
6352 26
6353 30
6354 25
6355 36
6356 22
6357 24
6358 25
6359 12
6360 27
6361 24
6362 15
6363 18
6364 23
6365 16
6366 19
6367 30
6368 21
6369 26
6370 23
6371 25
6372 22
6373 22
6374 27
6375 16
6376 26
6377 18
6378 28
6379 20
6380 30
6381 19
6382 21
6383 16
6384 27
6385 23
6386 23
6387 19
6388 16
6389 31
6390 23
6391 25
6392 28
6393 27
6394 26
6395 15
6396 23
6397 25
6398 32
6399 21
6400 25
6401 27
6402 30
6403 21
6404 19
6405 27
6406 22
6407 25
6408 19
6409 20
6410 26
6411 27
6412 29
6413 22
6414 29
6415 14
6416 24
6417 27
6418 28
6419 31
6420 24
6421 25
6422 20
6423 27
6424 35
6425 26
6426 26
6427 18
6428 21
6429 18
6430 25
6431 24
6432 31
6433 22
6434 22
6435 26
6436 21
6437 21
6438 22
6439 22
6440 20
6441 34
6442 28
6443 26
6444 26
6445 23
6446 26
6447 32
6448 22
6449 23
6450 18
6451 32
6452 30
6453 22
6454 36
6455 25
6456 21
6457 16
6458 23
6459 19
6460 28
6461 34
6462 22
6463 24
6464 25
6465 7
6466 25
6467 32
6468 28
6469 22
6470 28
6471 26
6472 24
6473 29
6474 23
6475 25
6476 24
6477 22
6478 21
6479 24
6480 17
6481 21
6482 28
6483 25
6484 20
6485 24
6486 26
6487 17
6488 21
6489 27
6490 28
6491 17
6492 25
6493 24
6494 21
6495 19
6496 26
6497 31
6498 23
6499 19
6500 15
6501 23
6502 17
6503 25
6504 26
6505 18
6506 19
6507 19
6508 17
6509 28
6510 24
6511 8
6512 29
6513 22
6514 26
6515 27
6516 24
6517 21
6518 22
6519 23
6520 26
6521 17
6522 12
6523 18
6524 19
6525 25
6526 20
6527 17
6528 21
6529 23
6530 25
6531 27
6532 24
6533 23
6534 15
6535 15
6536 22
6537 24
6538 25
6539 23
6540 18
6541 22
6542 20
6543 17
6544 28
6545 19
6546 32
6547 15
6548 15
6549 24
6550 33
6551 16
6552 30
6553 17
6554 23
6555 22
6556 12
6557 21
6558 29
6559 17
6560 26
6561 21
6562 17
6563 21
6564 26
6565 31
6566 22
6567 35
6568 23
6569 36
6570 22
6571 35
6572 17
6573 30
6574 19
6575 26
6576 30
6577 25
6578 19
6579 27
6580 30
6581 26
6582 19
6583 29
6584 33
6585 27
6586 28
6587 30
6588 12
6589 31
6590 22
6591 25
6592 22
6593 22
6594 29
6595 24
6596 19
6597 27
6598 24
6599 23
6600 23
6601 24
6602 24
6603 30
6604 23
6605 23
6606 20
6607 22
6608 17
6609 21
6610 22
6611 27
6612 23
6613 28
6614 17
6615 24
6616 24
6617 15
6618 25
6619 15
6620 19
6621 19
6622 18
6623 12
6624 30
6625 27
6626 23
6627 24
6628 27
6629 26
6630 24
6631 22
6632 23
6633 24
6634 17
6635 20
6636 14
6637 22
6638 24
6639 22
6640 27
6641 26
6642 19
6643 17
6644 22
6645 23
6646 18
6647 22
6648 23
6649 22
6650 22
6651 20
6652 25
6653 31
6654 20
6655 24
6656 18
6657 20
6658 18
6659 14
6660 22
6661 23
6662 33
6663 14
6664 18
6665 19
6666 19
6667 25
6668 19
6669 19
6670 26
6671 19
6672 20
6673 24
6674 22
6675 22
6676 20
6677 25
6678 20
6679 22
6680 17
6681 24
6682 25
6683 23
6684 24
6685 26
6686 28
6687 23
6688 23
6689 17
6690 26
6691 19
6692 19
6693 24
6694 21
6695 21
6696 17
6697 24
6698 31
6699 27
6700 30
6701 19
6702 16
6703 17
6704 17
6705 18
6706 29
6707 34
6708 28
6709 18
6710 23
6711 25
6712 23
6713 17
6714 23
6715 24
6716 30
6717 25
6718 22
6719 27
6720 13
6721 12
6722 31
6723 21
6724 16
6725 29
6726 16
6727 18
6728 28
6729 20
6730 23
6731 23
6732 13
6733 18
6734 25
6735 19
6736 25
6737 19
6738 26
6739 23
6740 24
6741 19
6742 30
6743 25
6744 25
6745 17
6746 21
6747 25
6748 23
6749 26
6750 21
6751 19
6752 25
6753 24
6754 13
6755 25
6756 20
6757 24
6758 18
6759 24
6760 27
6761 17
6762 18
6763 18
6764 22
6765 19
6766 15
6767 22
6768 25
6769 28
6770 22
6771 19
6772 26
6773 19
6774 32
6775 22
6776 19
6777 41
6778 24
6779 20
6780 18
6781 20
6782 19
6783 29
6784 27
6785 23
6786 22
6787 17
6788 20
6789 13
6790 24
6791 24
6792 18
6793 31
6794 24
6795 22
6796 20
6797 22
6798 21
6799 19
6800 20
6801 23
6802 17
6803 16
6804 22
6805 23
6806 12
6807 27
6808 15
6809 19
6810 19
6811 19
6812 14
6813 24
6814 17
6815 14
6816 23
6817 24
6818 25
6819 27
6820 26
6821 19
6822 23
6823 21
6824 25
6825 24
6826 15
6827 28
6828 22
6829 21
6830 25
6831 32
6832 38
6833 14
6834 19
6835 23
6836 21
6837 27
6838 20
6839 16
6840 20
6841 15
6842 21
6843 25
6844 13
6845 28
6846 27
6847 19
6848 20
6849 26
6850 21
6851 24
6852 17
6853 23
6854 29
6855 23
6856 18
6857 41
6858 12
6859 26
6860 24
6861 17
6862 22
6863 26
6864 29
6865 21
6866 19
6867 22
6868 14
6869 12
6870 25
6871 26
6872 29
6873 24
6874 24
6875 19
6876 19
6877 24
6878 19
6879 13
6880 24
6881 19
6882 27
6883 14
6884 17
6885 15
6886 24
6887 19
6888 18
6889 16
6890 18
6891 25
6892 22
6893 23
6894 23
6895 24
6896 19
6897 17
6898 23
6899 26
6900 25
6901 31
6902 25
6903 21
6904 20
6905 21
6906 22
6907 19
6908 20
6909 21
6910 18
6911 20
6912 9
6913 26
6914 16
6915 21
6916 26
6917 19
6918 25
6919 30
6920 20
6921 24
6922 19
6923 20
6924 18
6925 21
6926 23
6927 19
6928 35
6929 18
6930 12
6931 16
6932 25
6933 23
6934 20
6935 11
6936 22
6937 26
6938 15
6939 26
6940 24
6941 19
6942 37
6943 15
6944 22
6945 17
6946 29
6947 32
6948 24
6949 15
6950 16
6951 28
6952 19
6953 16
6954 20
6955 27
6956 24
6957 17
6958 17
6959 27
6960 24
6961 20
6962 26
6963 23
6964 26
6965 19
6966 23
6967 24
6968 24
6969 19
6970 21
6971 22
6972 25
6973 16
6974 29
6975 20
6976 25
6977 18
6978 26
6979 8
6980 18
6981 17
6982 28
6983 23
6984 26
6985 20
6986 19
6987 17
6988 28
6989 28
6990 24
6991 20
6992 23
6993 16
6994 22
6995 32
6996 14
6997 16
6998 18
6999 23
7000 23
7001 20
7002 17
7003 24
7004 23
7005 18
7006 21
7007 22
7008 23
7009 15
7010 21
7011 23
7012 26
7013 21
7014 24
7015 29
7016 22
7017 19
7018 26
7019 19
7020 26
7021 17
7022 30
7023 13
7024 19
7025 24
7026 23
7027 23
7028 20
7029 25
7030 20
7031 18
7032 22
7033 18
7034 25
7035 16
7036 25
7037 23
7038 30
7039 27
7040 27
7041 38
7042 18
7043 24
7044 17
7045 21
7046 19
7047 21
7048 16
7049 26
7050 26
7051 16
7052 21
7053 26
7054 21
7055 23
7056 28
7057 21
7058 27
7059 25
7060 16
7061 25
7062 24
7063 22
7064 29
7065 27
7066 17
7067 27
7068 23
7069 29
7070 23
7071 30
7072 30
7073 28
7074 25
7075 25
7076 23
7077 19
7078 30
7079 26
7080 23
7081 37
7082 27
7083 43
7084 29
7085 26
7086 37
7087 39
7088 22
7089 31
7090 31
7091 22
7092 30
7093 20
7094 25
7095 21
7096 31
7097 26
7098 23
7099 21
7100 21
7101 19
7102 23
7103 18
7104 26
7105 20
7106 19
7107 15
7108 26
7109 27
7110 19
7111 31
7112 26
7113 19
7114 17
7115 15
7116 19
7117 25
7118 33
7119 17
7120 26
7121 22
7122 17
7123 25
7124 25
7125 22
7126 23
7127 28
7128 19
7129 24
7130 36
7131 29
7132 28
7133 22
7134 19
7135 25
7136 20
7137 36
7138 27
7139 31
7140 24
7141 25
7142 28
7143 20
7144 19
7145 28
7146 19
7147 25
7148 30
7149 19
7150 19
7151 18
7152 23
7153 17
7154 37
7155 18
7156 18
7157 22
7158 30
7159 19
7160 27
7161 17
7162 28
7163 22
7164 24
7165 16
7166 30
7167 12
7168 18
7169 20
7170 29
7171 14
7172 21
7173 20
7174 20
7175 12
7176 27
7177 17
7178 25
7179 22
7180 19
7181 25
7182 25
7183 30
7184 23
7185 21
7186 23
7187 19
7188 22
7189 17
7190 19
7191 16
7192 23
7193 24
7194 13
7195 17
7196 33
7197 19
7198 30
7199 18
7200 22
7201 26
7202 28
7203 21
7204 20
7205 14
7206 14
7207 19
7208 13
7209 10
7210 25
7211 15
7212 15
7213 21
7214 17
7215 28
7216 19
7217 17
7218 21
7219 20
7220 31
7221 21
7222 17
7223 17
7224 13
7225 17
7226 22
7227 24
7228 23
7229 21
7230 24
7231 26
7232 19
7233 21
7234 20
7235 22
7236 23
7237 12
7238 23
7239 28
7240 25
7241 16
7242 17
7243 31
7244 28
7245 26
7246 21
7247 23
7248 22
7249 17
7250 20
7251 21
7252 20
7253 21
7254 20
7255 23
7256 23
7257 21
7258 22
7259 20
7260 28
7261 27
7262 18
7263 28
7264 30
7265 24
7266 31
7267 21
7268 14
7269 21
7270 28
7271 32
7272 29
7273 24
7274 31
7275 28
7276 26
7277 24
7278 33
7279 40
7280 35
7281 35
7282 28
7283 29
7284 29
7285 34
7286 30
7287 36
7288 28
7289 26
7290 36
7291 23
7292 27
7293 19
7294 22
7295 19
7296 26
7297 24
7298 25
7299 30
7300 23
7301 21
7302 22
7303 21
7304 18
7305 20
7306 24
7307 18
7308 25
7309 22
7310 30
7311 30
7312 29
7313 32
7314 36
7315 38
7316 44
7317 36
7318 33
7319 52
7320 53
7321 47
7322 35
7323 49
7324 48
7325 48
7326 47
7327 37
7328 28
7329 29
7330 34
7331 33
7332 22
7333 14
7334 20
7335 26
7336 30
7337 30
7338 28
7339 25
7340 21
7341 16
7342 19
7343 14
7344 17
7345 27
7346 18
7347 19
7348 26
7349 24
7350 19
7351 20
7352 22
7353 18
7354 26
7355 19
7356 13
7357 18
7358 24
7359 19
7360 17
7361 23
7362 17
7363 26
7364 27
7365 8
7366 18
7367 22
7368 24
7369 15
7370 21
7371 23
7372 18
7373 20
7374 21
7375 14
7376 34
7377 24
7378 27
7379 21
7380 23
7381 12
7382 21
7383 20
7384 24
7385 29
7386 22
7387 13
7388 18
7389 21
7390 21
7391 18
7392 25
7393 25
7394 28
7395 18
7396 14
7397 23
7398 17
7399 23
7400 18
7401 22
7402 23
7403 19
7404 16
7405 19
7406 18
7407 21
7408 29
7409 22
7410 26
7411 24
7412 15
7413 19
7414 21
7415 17
7416 18
7417 18
7418 31
7419 28
7420 30
7421 37
7422 49
7423 45
7424 46
7425 53
7426 59
7427 52
7428 67
7429 69
7430 58
7431 51
7432 54
7433 58
7434 55
7435 52
7436 63
7437 50
7438 38
7439 32
7440 37
7441 26
7442 30
7443 23
7444 25
7445 24
7446 23
7447 25
7448 19
7449 19
7450 23
7451 14
7452 13
7453 21
7454 26
7455 28
7456 14
7457 15
7458 20
7459 19
7460 21
7461 18
7462 23
7463 25
7464 22
7465 20
7466 20
7467 16
7468 25
7469 17
7470 18
7471 19
7472 16
7473 22
7474 17
7475 20
7476 25
7477 20
7478 21
7479 21
7480 11
7481 18
7482 17
7483 24
7484 16
7485 23
7486 20
7487 23
7488 22
7489 13
7490 18
7491 22
7492 26
7493 15
7494 26
7495 15
7496 12
7497 26
7498 13
7499 23
7500 24
7501 21
7502 16
7503 29
7504 25
7505 18
7506 20
7507 27
7508 23
7509 17
7510 23
7511 14
7512 25
7513 24
7514 24
7515 14
7516 26
7517 12
7518 16
7519 14
7520 17
7521 17
7522 16
7523 26
7524 19
7525 25
7526 16
7527 14
7528 20
7529 17
7530 16
7531 24
7532 20
7533 25
7534 28
7535 21
7536 28
7537 18
7538 27
7539 19
7540 20
7541 18
7542 19
7543 17
7544 18
7545 18
7546 16
7547 26
7548 13
7549 11
7550 15
7551 18
7552 20
7553 22
7554 17
7555 20
7556 27
7557 19
7558 25
7559 20
7560 17
7561 29
7562 19
7563 20
7564 17
7565 22
7566 20
7567 24
7568 9
7569 17
7570 12
7571 19
7572 29
7573 18
7574 30
7575 28
7576 26
7577 17
7578 26
7579 19
7580 20
7581 25
7582 21
7583 26
7584 21
7585 20
7586 18
7587 23
7588 23
7589 28
7590 15
7591 14
7592 27
7593 17
7594 26
7595 25
7596 23
7597 15
7598 22
7599 20
7600 25
7601 24
7602 24
7603 20
7604 24
7605 23
7606 33
7607 16
7608 19
7609 24
7610 24
7611 25
7612 18
7613 19
7614 23
7615 14
7616 16
7617 28
7618 17
7619 21
7620 20
7621 16
7622 23
7623 13
7624 22
7625 20
7626 15
7627 22
7628 28
7629 25
7630 19
7631 20
7632 19
7633 24
7634 20
7635 19
7636 23
7637 23
7638 15
7639 11
7640 16
7641 23
7642 19
7643 18
7644 17
7645 18
7646 27
7647 25
7648 20
7649 25
7650 19
7651 23
7652 24
7653 22
7654 21
7655 16
7656 24
7657 19
7658 18
7659 26
7660 21
7661 24
7662 25
7663 18
7664 22
7665 19
7666 23
7667 15
7668 17
7669 19
7670 16
7671 17
7672 19
7673 19
7674 20
7675 27
7676 22
7677 21
7678 24
7679 16
7680 29
7681 27
7682 20
7683 19
7684 17
7685 22
7686 18
7687 22
7688 30
7689 19
7690 31
7691 37
7692 24
7693 33
7694 30
7695 33
7696 30
7697 29
7698 23
7699 20
7700 24
7701 25
7702 17
7703 24
7704 21
7705 35
7706 19
7707 15
7708 28
7709 23
7710 25
7711 19
7712 19
7713 33
7714 18
7715 19
7716 19
7717 28
7718 22
7719 25
7720 22
7721 15
7722 30
7723 21
7724 25
7725 26
7726 25
7727 27
7728 21
7729 14
7730 16
7731 19
7732 18
7733 26
7734 15
7735 22
7736 21
7737 22
7738 28
7739 18
7740 15
7741 28
7742 26
7743 36
7744 19
7745 28
7746 25
7747 23
7748 25
7749 20
7750 19
7751 30
7752 30
7753 29
7754 32
7755 26
7756 32
7757 29
7758 40
7759 44
7760 31
7761 46
7762 37
7763 43
7764 26
7765 29
7766 30
7767 36
7768 31
7769 37
7770 40
7771 32
7772 24
7773 38
7774 23
7775 17
7776 25
7777 23
7778 28
7779 13
7780 18
7781 31
7782 34
7783 19
7784 14
7785 22
7786 23
7787 17
7788 13
7789 28
7790 27
7791 15
7792 21
7793 25
7794 19
7795 19
7796 22
7797 24
7798 24
7799 28
7800 23
7801 22
7802 18
7803 25
7804 22
7805 17
7806 24
7807 28
7808 21
7809 21
7810 18
7811 17
7812 24
7813 22
7814 21
7815 18
7816 24
7817 22
7818 20
7819 19
7820 14
7821 19
7822 16
7823 18
7824 24
7825 13
7826 19
7827 27
7828 18
7829 17
7830 22
7831 28
7832 20
7833 16
7834 19
7835 21
7836 23
7837 23
7838 20
7839 22
7840 15
7841 19
7842 25
7843 23
7844 18
7845 35
7846 23
7847 14
7848 24
7849 18
7850 22
7851 21
7852 22
7853 26
7854 22
7855 27
7856 25
7857 23
7858 18
7859 20
7860 23
7861 28
7862 22
7863 19
7864 21
7865 26
7866 26
7867 16
7868 25
7869 20
7870 21
7871 22
7872 19
7873 22
7874 23
7875 15
7876 19
7877 14
7878 20
7879 23
7880 17
7881 16
7882 16
7883 21
7884 21
7885 17
7886 18
7887 18
7888 28
7889 16
7890 20
7891 20
7892 25
7893 23
7894 17
7895 17
7896 15
7897 21
7898 13
7899 16
7900 24
7901 24
7902 16
7903 22
7904 21
7905 21
7906 25
7907 22
7908 23
7909 18
7910 19
7911 24
7912 26
7913 21
7914 25
7915 26
7916 18
7917 25
7918 21
7919 14
7920 16
7921 16
7922 22
7923 20
7924 17
7925 30
7926 18
7927 26
7928 35
7929 22
7930 11
7931 26
7932 19
7933 19
7934 29
7935 18
7936 18
7937 28
7938 19
7939 17
7940 17
7941 18
7942 34
7943 17
7944 28
7945 22
7946 11
7947 31
7948 25
7949 16
7950 26
7951 25
7952 21
7953 24
7954 20
7955 20
7956 30
7957 20
7958 19
7959 20
7960 22
7961 20
7962 20
7963 27
7964 22
7965 23
7966 17
7967 19
7968 25
7969 25
7970 20
7971 26
7972 14
7973 15
7974 17
7975 20
7976 20
7977 24
7978 22
7979 13
7980 19
7981 18
7982 29
7983 18
7984 22
7985 20
7986 17
7987 37
7988 19
7989 26
7990 19
7991 20
7992 24
7993 19
7994 20
7995 20
7996 24
7997 29
7998 26
7999 31
8000 23
8001 25
8002 23
8003 17
8004 17
8005 20
8006 28
8007 30
8008 19
8009 19
8010 21
8011 24
8012 21
8013 21
8014 16
8015 28
8016 22
8017 13
8018 24
8019 22
8020 23
8021 22
8022 19
8023 16
8024 22
8025 23
8026 21
8027 17
8028 32
8029 20
8030 20
8031 17
8032 17
8033 21
8034 13
8035 23
8036 23
8037 17
8038 24
8039 18
8040 28
8041 19
8042 16
8043 24
8044 24
8045 20
8046 25
8047 27
8048 26
8049 19
8050 15
8051 23
8052 21
8053 16
8054 27
8055 17
8056 19
8057 19
8058 31
8059 21
8060 22
8061 22
8062 15
8063 23
8064 17
8065 31
8066 22
8067 31
8068 18
8069 14
8070 17
8071 18
8072 19
8073 23
8074 24
8075 20
8076 23
8077 18
8078 20
8079 13
8080 17
8081 31
8082 24
8083 32
8084 23
8085 27
8086 27
8087 26
8088 22
8089 23
8090 17
8091 25
8092 30
8093 25
8094 14
8095 26
8096 27
8097 23
8098 21
8099 24
8100 21
8101 18
8102 20
8103 21
8104 18
8105 16
8106 24
8107 21
8108 18
8109 25
8110 21
8111 27
8112 20
8113 24
8114 22
8115 18
8116 22
8117 23
8118 21
8119 22
8120 25
8121 23
8122 16
8123 26
8124 26
8125 13
8126 41
8127 23
8128 19
8129 24
8130 17
8131 17
8132 25
8133 32
8134 15
8135 20
8136 25
8137 23
8138 27
8139 21
8140 17
8141 23
8142 24
8143 26
8144 18
8145 15
8146 25
8147 32
8148 19
8149 20
8150 26
8151 24
8152 24
8153 25
8154 20
8155 22
8156 23
8157 16
8158 20
8159 23
8160 21
8161 24
8162 20
8163 21
8164 21
8165 19
8166 25
8167 22
8168 30
8169 20
8170 13
8171 20
8172 22
8173 19
8174 14
8175 19
8176 28
8177 19
8178 16
8179 26
8180 15
8181 28
8182 18
8183 27
8184 29
8185 20
8186 24
8187 12
8188 22
8189 20
8190 25
8191 25
8192 25
8193 18
8194 21
8195 19
8196 26
8197 19
8198 25
8199 15
8200 19
8201 16
8202 19
8203 13
8204 19
8205 32
8206 18
8207 14
8208 25
8209 22
8210 17
8211 26
8212 16
8213 24
8214 18
8215 13
8216 19
8217 21
8218 26
8219 22
8220 18
8221 23
8222 20
8223 24
8224 23
8225 22
8226 23
8227 24
8228 22
8229 20
8230 18
8231 18
8232 31
8233 30
8234 19
8235 19
8236 27
8237 21
8238 27
8239 17
8240 21
8241 27
8242 24
8243 24
8244 11
8245 26
8246 24
8247 18
8248 20
8249 32
8250 27
8251 24
8252 18
8253 22
8254 22
8255 19
8256 38
8257 31
8258 26
8259 31
8260 24
8261 20
8262 21
8263 17
8264 13
8265 25
8266 24
8267 20
8268 24
8269 19
8270 25
8271 18
8272 20
8273 20
8274 21
8275 13
8276 33
8277 24
8278 15
8279 16
8280 23
8281 18
8282 18
8283 17
8284 12
8285 26
8286 18
8287 16
8288 22
8289 32
8290 33
8291 18
8292 23
8293 19
8294 29
8295 18
8296 32
8297 27
8298 24
8299 22
8300 22
8301 13
8302 30
8303 23
8304 22
8305 16
8306 14
8307 20
8308 21
8309 25
8310 14
8311 20
8312 23
8313 16
8314 24
8315 21
8316 16
8317 16
8318 17
8319 19
8320 24
8321 25
8322 19
8323 30
8324 21
8325 25
8326 22
8327 17
8328 21
8329 16
8330 26
8331 21
8332 22
8333 23
8334 20
8335 26
8336 14
8337 12
8338 21
8339 21
8340 14
8341 25
8342 20
8343 17
8344 23
8345 27
8346 24
8347 19
8348 20
8349 28
8350 20
8351 29
8352 21
8353 20
8354 21
8355 19
8356 11
8357 22
8358 17
8359 24
8360 20
8361 23
8362 21
8363 16
8364 21
8365 22
8366 18
8367 19
8368 21
8369 20
8370 28
8371 18
8372 21
8373 16
8374 16
8375 21
8376 21
8377 19
8378 26
8379 25
8380 23
8381 22
8382 28
8383 25
8384 38
8385 50
8386 43
8387 66
8388 83
8389 99
8390 126
8391 146
8392 178
8393 233
8394 243
8395 295
8396 363
8397 396
8398 382
8399 453
8400 481
8401 538
8402 573
8403 555
8404 575
8405 581
8406 533
8407 509
8408 471
8409 456
8410 406
8411 419
8412 337
8413 277
8414 239
8415 165
8416 155
8417 135
8418 105
8419 71
8420 61
8421 48
8422 45
8423 33
8424 29
8425 23
8426 28
8427 21
8428 28
8429 16
8430 26
8431 18
8432 19
8433 19
8434 10
8435 13
8436 16
8437 17
8438 13
8439 15
8440 20
8441 24
8442 22
8443 17
8444 15
8445 18
8446 16
8447 10
8448 18
8449 12
8450 18
8451 14
8452 21
8453 16
8454 16
8455 20
8456 24
8457 25
8458 12
8459 17
8460 19
8461 17
8462 17
8463 15
8464 17
8465 15
8466 17
8467 19
8468 15
8469 22
8470 18
8471 20
8472 23
8473 18
8474 14
8475 21
8476 24
8477 23
8478 20
8479 17
8480 14
8481 14
8482 14
8483 18
8484 15
8485 21
8486 14
8487 14
8488 16
8489 20
8490 21
8491 21
8492 19
8493 19
8494 22
8495 12
8496 17
8497 27
8498 15
8499 18
8500 20
8501 23
8502 18
8503 13
8504 19
8505 18
8506 15
8507 14
8508 13
8509 14
8510 20
8511 26
8512 24
8513 15
8514 19
8515 18
8516 25
8517 20
8518 20
8519 12
8520 20
8521 18
8522 12
8523 25
8524 16
8525 22
8526 12
8527 16
8528 14
8529 14
8530 10
8531 19
8532 20
8533 11
8534 16
8535 15
8536 9
8537 13
8538 12
8539 14
8540 14
8541 17
8542 8
8543 20
8544 20
8545 15
8546 18
8547 20
8548 14
8549 21
8550 12
8551 16
8552 18
8553 18
8554 23
8555 10
8556 13
8557 16
8558 18
8559 14
8560 24
8561 18
8562 25
8563 15
8564 24
8565 25
8566 19
8567 17
8568 14
8569 12
8570 17
8571 20
8572 18
8573 22
8574 11
8575 20
8576 17
8577 14
8578 18
8579 11
8580 20
8581 22
8582 29
8583 9
8584 15
8585 18
8586 15
8587 16
8588 17
8589 19
8590 19
8591 20
8592 10
8593 13
8594 17
8595 18
8596 20
8597 15
8598 13
8599 18
8600 18
8601 14
8602 20
8603 12
8604 15
8605 14
8606 24
8607 14
8608 16
8609 22
8610 11
8611 22
8612 19
8613 20
8614 11
8615 17
8616 20
8617 26
8618 23
8619 12
8620 22
8621 12
8622 16
8623 15
8624 11
8625 17
8626 17
8627 14
8628 27
8629 13
8630 22
8631 24
8632 14
8633 15
8634 24
8635 15
8636 20
8637 17
8638 18
8639 21
8640 19
8641 22
8642 17
8643 23
8644 17
8645 17
8646 26
8647 13
8648 19
8649 17
8650 12
8651 22
8652 19
8653 17
8654 23
8655 17
8656 15
8657 19
8658 15
8659 21
8660 17
8661 9
8662 11
8663 12
8664 19
8665 23
8666 21
8667 13
8668 16
8669 10
8670 14
8671 18
8672 18
8673 20
8674 26
8675 15
8676 21
8677 15
8678 9
8679 18
8680 16
8681 12
8682 11
8683 7
8684 21
8685 24
8686 18
8687 24
8688 12
8689 19
8690 25
8691 16
8692 12
8693 11
8694 25
8695 9
8696 22
8697 22
8698 12
8699 18
8700 18
8701 24
8702 19
8703 21
8704 10
8705 15
8706 17
8707 20
8708 16
8709 19
8710 15
8711 14
8712 22
8713 17
8714 25
8715 23
8716 18
8717 14
8718 17
8719 21
8720 14
8721 23
8722 18
8723 20
8724 21
8725 14
8726 18
8727 19
8728 22
8729 27
8730 15
8731 14
8732 17
8733 23
8734 21
8735 23
8736 28
8737 23
8738 30
8739 25
8740 25
8741 29
8742 26
8743 30
8744 33
8745 37
8746 28
8747 30
8748 32
8749 23
8750 29
8751 31
8752 19
8753 30
8754 28
8755 28
8756 16
8757 27
8758 16
8759 19
8760 11
8761 20
8762 21
8763 27
8764 13
8765 18
8766 17
8767 19
8768 13
8769 20
8770 12
8771 14
8772 15
8773 16
8774 23
8775 15
8776 11
8777 21
8778 16
8779 17
8780 18
8781 15
8782 10
8783 10
8784 19
8785 19
8786 26
8787 13
8788 21
8789 13
8790 14
8791 11
8792 17
8793 13
8794 16
8795 21
8796 15
8797 15
8798 14
8799 23
8800 24
8801 21
8802 11
8803 25
8804 18
8805 23
8806 23
8807 17
8808 18
8809 20
8810 20
8811 19
8812 17
8813 12
8814 21
8815 16
8816 16
8817 15
8818 25
8819 15
8820 17
8821 12
8822 16
8823 15
8824 18
8825 22
8826 18
8827 19
8828 16
8829 10
8830 16
8831 13
8832 16
8833 14
8834 18
8835 13
8836 22
8837 18
8838 15
8839 25
8840 23
8841 14
8842 17
8843 18
8844 15
8845 16
8846 20
8847 20
8848 18
8849 13
8850 18
8851 15
8852 10
8853 17
8854 22
8855 26
8856 19
8857 22
8858 21
8859 20
8860 21
8861 16
8862 11
8863 13
8864 21
8865 10
8866 21
8867 21
8868 22
8869 17
8870 8
8871 11
8872 19
8873 19
8874 19
8875 24
8876 21
8877 17
8878 28
8879 19
8880 10
8881 23
8882 23
8883 19
8884 17
8885 28
8886 14
8887 11
8888 22
8889 11
8890 16
8891 15
8892 20
8893 20
8894 16
8895 18
8896 18
8897 32
8898 19
8899 20
8900 21
8901 13
8902 25
8903 18
8904 13
8905 29
8906 14
8907 16
8908 18
8909 19
8910 12
8911 13
8912 9
8913 13
8914 18
8915 20
8916 17
8917 22
8918 15
8919 18
8920 13
8921 8
8922 15
8923 10
8924 21
8925 22
8926 15
8927 24
8928 17
8929 19
8930 25
8931 18
8932 17
8933 16
8934 16
8935 15
8936 17
8937 20
8938 18
8939 17
8940 14
8941 27
8942 21
8943 13
8944 19
8945 21
8946 26
8947 14
8948 23
8949 15
8950 17
8951 11
8952 16
8953 10
8954 16
8955 25
8956 17
8957 11
8958 24
8959 12
8960 30
8961 13
8962 17
8963 16
8964 18
8965 19
8966 17
8967 25
8968 16
8969 17
8970 19
8971 15
8972 20
8973 22
8974 15
8975 15
8976 23
8977 15
8978 19
8979 22
8980 21
8981 15
8982 9
8983 17
8984 13
8985 18
8986 21
8987 24
8988 10
8989 13
8990 21
8991 16
8992 16
8993 16
8994 14
8995 13
8996 17
8997 19
8998 28
8999 19
9000 18
9001 22
9002 18
9003 20
9004 16
9005 12
9006 13
9007 21
9008 13
9009 23
9010 26
9011 18
9012 14
9013 18
9014 17
9015 19
9016 18
9017 15
9018 13
9019 24
9020 19
9021 20
9022 16
9023 8
9024 18
9025 18
9026 20
9027 19
9028 17
9029 12
9030 22
9031 12
9032 18
9033 16
9034 16
9035 13
9036 13
9037 18
9038 17
9039 14
9040 17
9041 23
9042 25
9043 22
9044 14
9045 18
9046 25
9047 14
9048 21
9049 17
9050 22
9051 19
9052 28
9053 27
9054 11
9055 19
9056 17
9057 16
9058 25
9059 18
9060 28
9061 12
9062 24
9063 17
9064 24
9065 19
9066 22
9067 16
9068 19
9069 19
9070 24
9071 29
9072 21
9073 26
9074 14
9075 19
9076 25
9077 17
9078 21
9079 24
9080 24
9081 25
9082 20
9083 22
9084 32
9085 26
9086 28
9087 18
9088 22
9089 14
9090 23
9091 19
9092 19
9093 22
9094 16
9095 22
9096 18
9097 17
9098 19
9099 14
9100 22
9101 19
9102 18
9103 18
9104 22
9105 18
9106 21
9107 15
9108 23
9109 18
9110 14
9111 16
9112 13
9113 23
9114 19
9115 25
9116 23
9117 14
9118 15
9119 16
9120 16
9121 23
9122 22
9123 12
9124 12
9125 16
9126 26
9127 17
9128 15
9129 19
9130 18
9131 25
9132 19
9133 13
9134 10
9135 23
9136 17
9137 14
9138 25
9139 20
9140 22
9141 8
9142 21
9143 13
9144 20
9145 20
9146 20
9147 16
9148 24
9149 13
9150 25
9151 23
9152 10
9153 19
9154 18
9155 12
9156 16
9157 18
9158 14
9159 23
9160 22
9161 20
9162 15
9163 16
9164 12
9165 14
9166 13
9167 21
9168 17
9169 21
9170 19
9171 16
9172 23
9173 18
9174 19
9175 17
9176 13
9177 17
9178 15
9179 19
9180 22
9181 16
9182 13
9183 12
9184 29
9185 20
9186 23
9187 21
9188 24
9189 18
9190 17
9191 17
9192 25
9193 18
9194 16
9195 24
9196 22
9197 22
9198 20
9199 14
9200 14
9201 13
9202 15
9203 24
9204 23
9205 18
9206 24
9207 15
9208 15
9209 15
9210 22
9211 18
9212 20
9213 20
9214 12
9215 24
9216 12
9217 21
9218 24
9219 15
9220 18
9221 19
9222 15
9223 23
9224 27
9225 22
9226 20
9227 16
9228 27
9229 20
9230 17
9231 15
9232 8
9233 20
9234 23
9235 17
9236 15
9237 20
9238 21
9239 16
9240 22
9241 16
9242 19
9243 15
9244 12
9245 16
9246 10
9247 18
9248 19
9249 14
9250 20
9251 16
9252 21
9253 16
9254 21
9255 29
9256 22
9257 16
9258 21
9259 25
9260 17
9261 23
9262 13
9263 23
9264 13
9265 19
9266 24
9267 16
9268 14
9269 19
9270 27
9271 17
9272 23
9273 19
9274 13
9275 23
9276 18
9277 26
9278 15
9279 17
9280 15
9281 24
9282 22
9283 14
9284 21
9285 18
9286 15
9287 24
9288 11
9289 20
9290 22
9291 23
9292 13
9293 16
9294 27
9295 20
9296 12
9297 21
9298 19
9299 12
9300 16
9301 18
9302 18
9303 15
9304 15
9305 23
9306 21
9307 18
9308 22
9309 19
9310 25
9311 18
9312 21
9313 17
9314 25
9315 20
9316 18
9317 24
9318 21
9319 18
9320 15
9321 22
9322 23
9323 20
9324 18
9325 19
9326 23
9327 15
9328 17
9329 24
9330 26
9331 16
9332 20
9333 23
9334 33
9335 24
9336 22
9337 25
9338 27
9339 27
9340 23
9341 35
9342 32
9343 52
9344 42
9345 60
9346 66
9347 70
9348 97
9349 91
9350 84
9351 106
9352 109
9353 137
9354 172
9355 148
9356 145
9357 175
9358 158
9359 189
9360 167
9361 186
9362 162
9363 175
9364 135
9365 132
9366 121
9367 86
9368 84
9369 86
9370 77
9371 59
9372 57
9373 28
9374 36
9375 32
9376 29
9377 26
9378 42
9379 23
9380 19
9381 17
9382 19
9383 13
9384 31
9385 13
9386 17
9387 19
9388 13
9389 17
9390 23
9391 21
9392 13
9393 25
9394 19
9395 25
9396 16
9397 27
9398 24
9399 20
9400 18
9401 16
9402 19
9403 21
9404 23
9405 23
9406 23
9407 20
9408 24
9409 19
9410 18
9411 21
9412 25
9413 14
9414 20
9415 17
9416 11
9417 16
9418 19
9419 25
9420 14
9421 16
9422 17
9423 24
9424 22
9425 11
9426 18
9427 11
9428 22
9429 17
9430 15
9431 16
9432 20
9433 11
9434 16
9435 13
9436 21
9437 14
9438 13
9439 15
9440 18
9441 18
9442 17
9443 14
9444 14
9445 12
9446 20
9447 18
9448 19
9449 20
9450 15
9451 16
9452 20
9453 15
9454 18
9455 22
9456 27
9457 23
9458 19
9459 13
9460 18
9461 25
9462 20
9463 24
9464 22
9465 15
9466 21
9467 17
9468 16
9469 19
9470 26
9471 27
9472 10
9473 16
9474 18
9475 17
9476 19
9477 12
9478 13
9479 17
9480 20
9481 17
9482 21
9483 26
9484 25
9485 11
9486 11
9487 21
9488 16
9489 19
9490 21
9491 21
9492 17
9493 17
9494 22
9495 21
9496 16
9497 18
9498 17
9499 12
9500 22
9501 14
9502 22
9503 19
9504 11
9505 19
9506 20
9507 19
9508 17
9509 17
9510 15
9511 26
9512 21
9513 22
9514 26
9515 20
9516 19
9517 14
9518 17
9519 16
9520 18
9521 20
9522 16
9523 12
9524 19
9525 13
9526 17
9527 20
9528 14
9529 16
9530 18
9531 21
9532 21
9533 13
9534 15
9535 25
9536 12
9537 16
9538 12
9539 12
9540 11
9541 15
9542 17
9543 16
9544 24
9545 17
9546 13
9547 12
9548 19
9549 15
9550 13
9551 19
9552 24
9553 12
9554 19
9555 24
9556 13
9557 16
9558 18
9559 16
9560 16
9561 22
9562 10
9563 17
9564 13
9565 21
9566 12
9567 23
9568 18
9569 21
9570 24
9571 13
9572 16
9573 16
9574 15
9575 16
9576 16
9577 22
9578 24
9579 12
9580 16
9581 16
9582 14
9583 16
9584 15
9585 13
9586 11
9587 22
9588 16
9589 15
9590 19
9591 13
9592 10
9593 21
9594 13
9595 25
9596 14
9597 19
9598 14
9599 18
9600 14
9601 13
9602 17
9603 19
9604 20
9605 18
9606 11
9607 11
9608 18
9609 18
9610 16
9611 22
9612 15
9613 11
9614 17
9615 22
9616 11
9617 17
9618 15
9619 15
9620 15
9621 18
9622 13
9623 17
9624 17
9625 17
9626 22
9627 19
9628 13
9629 17
9630 17
9631 15
9632 23
9633 12
9634 10
9635 16
9636 16
9637 17
9638 18
9639 22
9640 21
9641 20
9642 12
9643 16
9644 21
9645 14
9646 18
9647 17
9648 18
9649 19
9650 19
9651 19
9652 12
9653 16
9654 18
9655 13
9656 22
9657 13
9658 22
9659 18
9660 17
9661 13
9662 19
9663 21
9664 17
9665 18
9666 14
9667 15
9668 11
9669 20
9670 9
9671 12
9672 13
9673 11
9674 17
9675 16
9676 16
9677 12
9678 25
9679 17
9680 13
9681 17
9682 16
9683 16
9684 15
9685 17
9686 20
9687 20
9688 22
9689 17
9690 18
9691 7
9692 20
9693 11
9694 23
9695 16
9696 14
9697 22
9698 15
9699 19
9700 15
9701 19
9702 17
9703 26
9704 13
9705 19
9706 10
9707 15
9708 19
9709 15
9710 14
9711 18
9712 8
9713 20
9714 16
9715 26
9716 14
9717 20
9718 21
9719 16
9720 21
9721 25
9722 17
9723 18
9724 22
9725 15
9726 17
9727 17
9728 21
9729 16
9730 18
9731 19
9732 14
9733 15
9734 20
9735 18
9736 25
9737 13
9738 19
9739 15
9740 10
9741 10
9742 20
9743 12
9744 17
9745 12
9746 15
9747 16
9748 11
9749 23
9750 11
9751 14
9752 11
9753 11
9754 7
9755 17
9756 20
9757 14
9758 17
9759 12
9760 15
9761 15
9762 8
9763 23
9764 14
9765 16
9766 9
9767 12
9768 21
9769 18
9770 11
9771 12
9772 24
9773 14
9774 12
9775 13
9776 12
9777 12
9778 13
9779 15
9780 12
9781 10
9782 11
9783 12
9784 17
9785 11
9786 13
9787 15
9788 14
9789 11
9790 8
9791 13
9792 18
9793 14
9794 15
9795 8
9796 15
9797 11
9798 23
9799 8
9800 8
9801 17
9802 10
9803 17
9804 14
9805 13
9806 5
9807 13
9808 12
9809 18
9810 14
9811 20
9812 13
9813 15
9814 10
9815 12
9816 12
9817 16
9818 18
9819 17
9820 17
9821 18
9822 11
9823 15
9824 15
9825 14
9826 22
9827 12
9828 18
9829 14
9830 16
9831 13
9832 15
9833 16
9834 15
9835 9
9836 17
9837 12
9838 14
9839 15
9840 13
9841 8
9842 10
9843 10
9844 21
9845 16
9846 6
9847 15
9848 12
9849 8
9850 10
9851 11
9852 14
9853 10
9854 11
9855 17
9856 13
9857 15
9858 10
9859 11
9860 11
9861 9
9862 16
9863 14
9864 10
9865 11
9866 16
9867 13
9868 14
9869 11
9870 16
9871 10
9872 13
9873 19
9874 22
9875 13
9876 8
9877 12
9878 10
9879 15
9880 9
9881 9
9882 19
9883 15
9884 17
9885 15
9886 10
9887 16
9888 11
9889 8
9890 12
9891 7
9892 15
9893 14
9894 20
9895 14
9896 16
9897 7
9898 19
9899 7
9900 14
9901 19
9902 8
9903 14
9904 18
9905 12
9906 11
9907 9
9908 27
9909 18
9910 27
9911 16
9912 22
9913 24
9914 17
9915 25
9916 25
9917 26
9918 25
9919 27
9920 22
9921 31
9922 22
9923 20
9924 27
9925 19
9926 24
9927 14
9928 13
9929 15
9930 19
9931 17
9932 15
9933 15
9934 12
9935 16
9936 14
9937 12
9938 12
9939 6
9940 11
9941 16
9942 13
9943 11
9944 20
9945 16
9946 17
9947 9
9948 7
9949 14
9950 8
9951 11
9952 12
9953 10
9954 10
9955 12
9956 14
9957 13
9958 16
9959 19
9960 7
9961 16
9962 23
9963 12
9964 16
9965 10
9966 9
9967 8
9968 8
9969 12
9970 13
9971 11
9972 15
9973 15
9974 12
9975 11
9976 12
9977 12
9978 14
9979 17
9980 15
9981 17
9982 14
9983 10
9984 18
9985 16
9986 21
9987 15
9988 24
9989 20
9990 19
9991 19
9992 22
9993 23
9994 15
9995 18
9996 20
9997 18
9998 24
9999 15
10000 19
10001 13
10002 23
10003 14
10004 17
10005 23
10006 13
10007 20
10008 9
10009 15
10010 13
10011 13
10012 10
10013 14
10014 14
10015 13
10016 15
10017 11
10018 6
10019 6
10020 9
10021 17
10022 10
10023 8
10024 5
10025 18
10026 6
10027 13
10028 15
10029 13
10030 11
10031 12
10032 13
10033 15
10034 12
10035 12
10036 13
10037 12
10038 12
10039 11
10040 9
10041 3
10042 9
10043 18
10044 10
10045 26
10046 10
10047 17
10048 8
10049 16
10050 14
10051 11
10052 15
10053 12
10054 20
10055 12
10056 21
10057 19
10058 10
10059 12
10060 17
10061 10
10062 23
10063 12
10064 11
10065 17
10066 19
10067 11
10068 8
10069 12
10070 7
10071 15
10072 6
10073 9
10074 7
10075 8
10076 12
10077 17
10078 13
10079 8
10080 12
10081 14
10082 12
10083 13
10084 6
10085 13
10086 14
10087 14
10088 16
10089 9
10090 8
10091 7
10092 13
10093 12
10094 8
10095 14
10096 10
10097 11
10098 9
10099 8
10100 12
10101 13
10102 17
10103 14
10104 10
10105 8
10106 15
10107 18
10108 9
10109 15
10110 7
10111 12
10112 14
10113 12
10114 14
10115 11
10116 16
10117 9
10118 17
10119 12
10120 8
10121 12
10122 15
10123 10
10124 14
10125 10
10126 15
10127 12
10128 11
10129 13
10130 8
10131 7
10132 12
10133 18
10134 7
10135 16
10136 11
10137 10
10138 12
10139 6
10140 14
10141 9
10142 15
10143 11
10144 13
10145 13
10146 7
10147 9
10148 13
10149 20
10150 12
10151 14
10152 12
10153 16
10154 8
10155 9
10156 9
10157 11
10158 9
10159 7
10160 15
10161 14
10162 9
10163 11
10164 8
10165 5
10166 14
10167 14
10168 8
10169 10
10170 15
10171 8
10172 15
10173 11
10174 11
10175 13
10176 9
10177 6
10178 8
10179 12
10180 10
10181 7
10182 8
10183 12
10184 9
10185 11
10186 7
10187 14
10188 10
10189 10
10190 10
10191 10
10192 12
10193 11
10194 5
10195 8
10196 8
10197 5
10198 10
10199 10
10200 15
10201 7
10202 11
10203 10
10204 14
10205 12
10206 10
10207 15
10208 14
10209 4
10210 13
10211 7
10212 16
10213 11
10214 8
10215 19
10216 7
10217 15
10218 10
10219 15
10220 4
10221 10
10222 10
10223 10
10224 13
10225 8
10226 13
10227 14
10228 8
10229 12
10230 4
10231 9
10232 5
10233 14
10234 13
10235 9
10236 11
10237 18
10238 13
10239 14
10240 5
10241 11
10242 7
10243 14
10244 11
10245 8
10246 7
10247 6
10248 16
10249 18
10250 7
10251 9
10252 9
10253 14
10254 14
10255 15
10256 10
10257 7
10258 7
10259 12
10260 9
10261 12
10262 9
10263 11
10264 11
10265 9
10266 10
10267 14
10268 18
10269 14
10270 8
10271 16
10272 15
10273 12
10274 9
10275 9
10276 13
10277 9
10278 13
10279 10
10280 10
10281 6
10282 12
10283 10
10284 16
10285 13
10286 14
10287 9
10288 14
10289 8
10290 16
10291 8
10292 10
10293 11
10294 10
10295 11
10296 12
10297 14
10298 8
10299 15
10300 14
10301 7
10302 14
10303 9
10304 10
10305 12
10306 16
10307 7
10308 3
10309 9
10310 14
10311 7
10312 11
10313 7
10314 13
10315 5
10316 13
10317 10
10318 17
10319 16
10320 7
10321 16
10322 7
10323 7
10324 11
10325 10
10326 11
10327 15
10328 11
10329 15
10330 11
10331 9
10332 10
10333 11
10334 7
10335 8
10336 9
10337 6
10338 9
10339 15
10340 10
10341 9
10342 8
10343 12
10344 15
10345 5
10346 10
10347 12
10348 9
10349 13
10350 6
10351 7
10352 10
10353 9
10354 13
10355 13
10356 8
10357 5
10358 7
10359 11
10360 12
10361 5
10362 9
10363 14
10364 14
10365 11
10366 19
10367 17
10368 14
10369 11
10370 17
10371 11
10372 14
10373 13
10374 20
10375 18
10376 25
10377 16
10378 14
10379 13
10380 26
10381 40
10382 40
10383 61
10384 64
10385 76
10386 78
10387 104
10388 137
10389 147
10390 155
10391 186
10392 226
10393 283
10394 274
10395 340
10396 369
10397 412
10398 426
10399 484
10400 481
10401 440
10402 492
10403 479
10404 475
10405 413
10406 413
10407 417
10408 371
10409 305
10410 272
10411 268
10412 215
10413 176
10414 162
10415 127
10416 133
10417 81
10418 73
10419 46
10420 47
10421 32
10422 28
10423 22
10424 29
10425 11
10426 18
10427 6
10428 7
10429 8
10430 10
10431 11
10432 15
10433 10
10434 8
10435 7
10436 9
10437 9
10438 4
10439 5
10440 10
10441 5
10442 9
10443 10
10444 7
10445 11
10446 9
10447 7
10448 7
10449 12
10450 11
10451 12
10452 12
10453 11
10454 10
10455 16
10456 13
10457 13
10458 7
10459 13
10460 14
10461 14
10462 20
10463 8
10464 17
10465 8
10466 10
10467 8
10468 11
10469 10
10470 10
10471 8
10472 6
10473 12
10474 10
10475 9
10476 5
10477 10
10478 13
10479 14
10480 9
10481 2
10482 11
10483 5
10484 15
10485 13
10486 6
10487 8
10488 11
10489 9
10490 14
10491 10
10492 6
10493 6
10494 8
10495 10
10496 7
10497 8
10498 4
10499 7
10500 15
10501 10
10502 13
10503 11
10504 13
10505 11
10506 10
10507 8
10508 15
10509 13
10510 11
10511 11
10512 17
10513 12
10514 5
10515 3
10516 13
10517 7
10518 12
10519 12
10520 8
10521 12
10522 13
10523 8
10524 7
10525 10
10526 10
10527 17
10528 8
10529 12
10530 8
10531 7
10532 9
10533 16
10534 8
10535 10
10536 12
10537 12
10538 5
10539 9
10540 5
10541 7
10542 9
10543 13
10544 11
10545 11
10546 10
10547 11
10548 5
10549 11
10550 13
10551 12
10552 7
10553 12
10554 7
10555 6
10556 9
10557 8
10558 8
10559 11
10560 11
10561 7
10562 11
10563 10
10564 5
10565 11
10566 6
10567 11
10568 17
10569 6
10570 8
10571 5
10572 5
10573 14
10574 9
10575 9
10576 6
10577 11
10578 12
10579 9
10580 6
10581 4
10582 10
10583 7
10584 4
10585 8
10586 9
10587 13
10588 8
10589 6
10590 14
10591 8
10592 8
10593 7
10594 10
10595 6
10596 12
10597 12
10598 11
10599 10
10600 10
10601 11
10602 11
10603 9
10604 11
10605 15
10606 12
10607 10
10608 10
10609 7
10610 10
10611 4
10612 10
10613 14
10614 5
10615 11
10616 8
10617 10
10618 11
10619 8
10620 8
10621 11
10622 8
10623 7
10624 5
10625 6
10626 15
10627 9
10628 7
10629 9
10630 4
10631 5
10632 7
10633 5
10634 12
10635 5
10636 7
10637 7
10638 9
10639 14
10640 11
10641 9
10642 7
10643 6
10644 6
10645 11
10646 10
10647 5
10648 11
10649 9
10650 11
10651 6
10652 12
10653 6
10654 7
10655 9
10656 11
10657 8
10658 9
10659 10
10660 5
10661 12
10662 11
10663 7
10664 8
10665 11
10666 11
10667 8
10668 10
10669 4
10670 7
10671 12
10672 11
10673 8
10674 6
10675 5
10676 10
10677 13
10678 4
10679 23
10680 9
10681 10
10682 6
10683 11
10684 11
10685 8
10686 13
10687 11
10688 11
10689 12
10690 16
10691 6
10692 6
10693 10
10694 6
10695 2
10696 11
10697 6
10698 11
10699 12
10700 11
10701 12
10702 9
10703 12
10704 13
10705 10
10706 8
10707 4
10708 11
10709 13
10710 10
10711 6
10712 9
10713 3
10714 6
10715 8
10716 10
10717 11
10718 5
10719 7
10720 10
10721 5
10722 6
10723 8
10724 7
10725 7
10726 10
10727 18
10728 5
10729 11
10730 7
10731 10
10732 5
10733 6
10734 9
10735 5
10736 6
10737 10
10738 8
10739 10
10740 4
10741 9
10742 10
10743 8
10744 6
10745 10
10746 7
10747 4
10748 7
10749 11
10750 6
10751 5
10752 11
10753 7
10754 11
10755 3
10756 7
10757 2
10758 10
10759 5
10760 11
10761 10
10762 8
10763 4
10764 6
10765 8
10766 8
10767 4
10768 10
10769 7
10770 6
10771 10
10772 8
10773 4
10774 4
10775 8
10776 7
10777 7
10778 11
10779 3
10780 6
10781 11
10782 4
10783 7
10784 1
10785 5
10786 7
10787 10
10788 13
10789 12
10790 9
10791 8
10792 6
10793 6
10794 12
10795 5
10796 9
10797 11
10798 8
10799 8
10800 4
10801 11
10802 9
10803 8
10804 10
10805 8
10806 7
10807 10
10808 9
10809 8
10810 8
10811 5
10812 11
10813 4
10814 5
10815 9
10816 12
10817 7
10818 12
10819 7
10820 7
10821 8
10822 12
10823 11
10824 10
10825 7
10826 12
10827 8
10828 14
10829 10
10830 12
10831 15
10832 15
10833 9
10834 23
10835 12
10836 13
10837 14
10838 27
10839 29
10840 32
10841 25
10842 25
10843 20
10844 26
10845 32
10846 31
10847 32
10848 31
10849 27
10850 18
10851 30
10852 30
10853 20
10854 17
10855 24
10856 15
10857 14
10858 17
10859 15
10860 11
10861 12
10862 9
10863 10
10864 7
10865 7
10866 6
10867 7
10868 7
10869 6
10870 10
10871 10
10872 11
10873 3
10874 8
10875 7
10876 5
10877 11
10878 7
10879 9
10880 5
10881 4
10882 8
10883 7
10884 13
10885 9
10886 9
10887 6
10888 7
10889 4
10890 7
10891 11
10892 7
10893 11
10894 11
10895 11
10896 8
10897 5
10898 6
10899 6
10900 9
10901 11
10902 8
10903 3
10904 5
10905 5
10906 9
10907 9
10908 9
10909 11
10910 7
10911 5
10912 2
10913 4
10914 6
10915 4
10916 9
10917 9
10918 5
10919 8
10920 7
10921 12
10922 6
10923 10
10924 8
10925 8
10926 11
10927 7
10928 12
10929 8
10930 6
10931 8
10932 7
10933 11
10934 5
10935 6
10936 1
10937 5
10938 7
10939 7
10940 6
10941 4
10942 13
10943 10
10944 7
10945 13
10946 3
10947 5
10948 9
10949 6
10950 9
10951 6
10952 10
10953 11
10954 8
10955 7
10956 9
10957 9
10958 5
10959 7
10960 4
10961 4
10962 6
10963 7
10964 4
10965 12
10966 7
10967 10
10968 5
10969 9
10970 9
10971 9
10972 6
10973 5
10974 8
10975 12
10976 7
10977 10
10978 6
10979 7
10980 8
10981 2
10982 11
10983 7
10984 6
10985 8
10986 7
10987 8
10988 10
10989 10
10990 6
10991 7
10992 10
10993 4
10994 5
10995 9
10996 3
10997 9
10998 10
10999 8
11000 3
11001 3
11002 12
11003 2
11004 7
11005 5
11006 8
11007 8
11008 9
11009 6
11010 7
11011 6
11012 7
11013 7
11014 7
11015 11
11016 6
11017 10
11018 7
11019 6
11020 6
11021 8
11022 10
11023 7
11024 13
11025 11
11026 10
11027 12
11028 9
11029 5
11030 13
11031 2
11032 11
11033 5
11034 8
11035 11
11036 10
11037 6
11038 10
11039 5
11040 6
11041 12
11042 10
11043 8
11044 9
11045 5
11046 4
11047 4
11048 7
11049 13
11050 6
11051 4
11052 8
11053 5
11054 7
11055 8
11056 5
11057 9
11058 10
11059 7
11060 4
11061 7
11062 3
11063 7
11064 10
11065 3
11066 4
11067 10
11068 6
11069 9
11070 10
11071 10
11072 11
11073 11
11074 8
11075 7
11076 10
11077 5
11078 7
11079 7
11080 7
11081 10
11082 7
11083 1
11084 7
11085 7
11086 4
11087 12
11088 3
11089 4
11090 8
11091 7
11092 6
11093 14
11094 10
11095 7
11096 9
11097 11
11098 9
11099 10
11100 6
11101 10
11102 2
11103 9
11104 8
11105 6
11106 12
11107 4
11108 6
11109 8
11110 5
11111 9
11112 6
11113 9
11114 5
11115 4
11116 4
11117 10
11118 5
11119 6
11120 11
11121 6
11122 5
11123 4
11124 3
11125 14
11126 9
11127 8
11128 7
11129 5
11130 4
11131 8
11132 5
11133 12
11134 8
11135 13
11136 12
11137 4
11138 5
11139 6
11140 7
11141 10
11142 4
11143 10
11144 9
11145 7
11146 8
11147 8
11148 11
11149 8
11150 5
11151 8
11152 6
11153 10
11154 8
11155 8
11156 7
11157 9
11158 5
11159 5
11160 5
11161 3
11162 5
11163 7
11164 3
11165 4
11166 8
11167 7
11168 6
11169 9
11170 6
11171 3
11172 11
11173 10
11174 4
11175 13
11176 13
11177 7
11178 17
11179 5
11180 5
11181 10
11182 18
11183 6
11184 9
11185 10
11186 8
11187 7
11188 14
11189 9
11190 8
11191 11
11192 8
11193 7
11194 7
11195 11
11196 11
11197 15
11198 9
11199 6
11200 4
11201 9
11202 4
11203 6
11204 9
11205 6
11206 10
11207 4
11208 9
11209 12
11210 7
11211 9
11212 8
11213 13
11214 12
11215 7
11216 5
11217 8
11218 3
11219 3
11220 4
11221 7
11222 6
11223 9
11224 6
11225 10
11226 3
11227 15
11228 6
11229 13
11230 11
11231 4
11232 8
11233 9
11234 5
11235 10
11236 10
11237 9
11238 13
11239 6
11240 5
11241 9
11242 9
11243 7
11244 5
11245 7
11246 9
11247 6
11248 7
11249 13
11250 5
11251 8
11252 13
11253 8
11254 7
11255 10
11256 8
11257 7
11258 8
11259 5
11260 10
11261 11
11262 7
11263 7
11264 8
11265 4
11266 6
11267 7
11268 10
11269 12
11270 9
11271 5
11272 6
11273 12
11274 7
11275 7
11276 3
11277 4
11278 8
11279 8
11280 7
11281 8
11282 9
11283 7
11284 8
11285 3
11286 10
11287 8
11288 5
11289 6
11290 4
11291 8
11292 6
11293 5
11294 6
11295 8
11296 5
11297 8
11298 6
11299 5
11300 9
11301 6
11302 12
11303 8
11304 7
11305 7
11306 9
11307 4
11308 4
11309 10
11310 9
11311 9
11312 11
11313 9
11314 10
11315 9
11316 7
11317 6
11318 10
11319 5
11320 7
11321 8
11322 5
11323 5
11324 8
11325 7
11326 6
11327 6
11328 10
11329 8
11330 9
11331 10
11332 9
11333 8
11334 9
11335 14
11336 12
11337 13
11338 6
11339 9
11340 5
11341 9
11342 7
11343 8
11344 8
11345 9
11346 13
11347 8
11348 8
11349 7
11350 7
11351 4
11352 5
11353 10
11354 6
11355 6
11356 9
11357 2
11358 14
11359 10
11360 7
11361 3
11362 3
11363 9
11364 4
11365 8
11366 10
11367 2
11368 5
11369 6
11370 9
11371 9
11372 9
11373 7
11374 7
11375 4
11376 5
11377 6
11378 5
11379 8
11380 8
11381 6
11382 12
11383 10
11384 12
11385 5
11386 10
11387 11
11388 11
11389 7
11390 15
11391 10
11392 9
11393 5
11394 6
11395 7
11396 7
11397 4
11398 3
11399 11
11400 8
11401 7
11402 9
11403 7
11404 5
11405 8
11406 11
11407 4
11408 5
11409 4
11410 7
11411 8
11412 4
11413 12
11414 10
11415 7
11416 10
11417 7
11418 9
11419 7
11420 7
11421 7
11422 9
11423 7
11424 6
11425 9
11426 3
11427 5
11428 11
11429 8
11430 11
11431 5
11432 5
11433 10
11434 11
11435 16
11436 7
11437 2
11438 7
11439 7
11440 6
11441 7
11442 14
11443 10
11444 5
11445 6
11446 9
11447 11
11448 5
11449 9
11450 6
11451 5
11452 6
11453 8
11454 9
11455 9
11456 6
11457 4
11458 4
11459 4
11460 7
11461 7
11462 10
11463 7
11464 6
11465 8
11466 5
11467 10
11468 5
11469 8
11470 10
11471 7
11472 5
11473 11
11474 12
11475 9
11476 11
11477 11
11478 11
11479 11
11480 7
11481 9
11482 8
11483 5
11484 9
11485 11
11486 9
11487 5
11488 11
11489 9
11490 3
11491 7
11492 5
11493 7
11494 15
11495 8
11496 4
11497 3
11498 11
11499 5
11500 10
11501 6
11502 6
11503 10
11504 2
11505 4
11506 4
11507 7
11508 7
11509 6
11510 11
11511 8
11512 6
11513 5
11514 7
11515 6
11516 10
11517 11
11518 12
11519 11
11520 8
11521 13
11522 10
11523 6
11524 10
11525 7
11526 9
11527 9
11528 8
11529 9
11530 7
11531 8
11532 10
11533 7
11534 8
11535 7
11536 6
11537 6
11538 9
11539 10
11540 8
11541 3
11542 6
11543 8
11544 9
11545 9
11546 10
11547 11
11548 7
11549 5
11550 7
11551 6
11552 16
11553 3
11554 3
11555 13
11556 10
11557 7
11558 12
11559 10
11560 7
11561 8
11562 9
11563 4
11564 6
11565 9
11566 10
11567 9
11568 8
11569 9
11570 11
11571 8
11572 9
11573 6
11574 8
11575 3
11576 4
11577 6
11578 5
11579 12
11580 11
11581 8
11582 9
11583 10
11584 10
11585 6
11586 9
11587 3
11588 7
11589 12
11590 10
11591 6
11592 7
11593 10
11594 8
11595 7
11596 5
11597 3
11598 4
11599 10
11600 4
11601 7
11602 7
11603 12
11604 5
11605 14
11606 4
11607 9
11608 9
11609 16
11610 10
11611 7
11612 7
11613 11
11614 8
11615 9
11616 12
11617 10
11618 6
11619 12
11620 6
11621 11
11622 13
11623 10
11624 7
11625 8
11626 8
11627 4
11628 8
11629 8
11630 8
11631 9
11632 8
11633 6
11634 8
11635 6
11636 10
11637 11
11638 6
11639 14
11640 8
11641 2
11642 11
11643 10
11644 14
11645 10
11646 6
11647 8
11648 12
11649 11
11650 11
11651 8
11652 5
11653 5
11654 12
11655 9
11656 10
11657 8
11658 7
11659 8
11660 11
11661 11
11662 5
11663 7
11664 7
11665 12
11666 6
11667 12
11668 13
11669 9
11670 7
11671 7
11672 13
11673 8
11674 8
11675 4
11676 6
11677 7
11678 11
11679 10
11680 8
11681 9
11682 9
11683 20
11684 10
11685 9
11686 9
11687 12
11688 12
11689 19
11690 14
11691 24
11692 14
11693 22
11694 31
11695 27
11696 34
11697 39
11698 43
11699 52
11700 58
11701 78
11702 91
11703 95
11704 114
11705 107
11706 143
11707 137
11708 195
11709 198
11710 228
11711 242
11712 271
11713 269
11714 279
11715 284
11716 272
11717 298
11718 284
11719 301
11720 271
11721 247
11722 222
11723 201
11724 186
11725 178
11726 147
11727 128
11728 105
11729 98
11730 85
11731 69
11732 52
11733 41
11734 34
11735 36
11736 23
11737 22
11738 19
11739 25
11740 25
11741 17
11742 18
11743 22
11744 19
11745 18
11746 29
11747 32
11748 44
11749 31
11750 48
11751 35
11752 40
11753 47
11754 39
11755 35
11756 59
11757 60
11758 56
11759 59
11760 63
11761 59
11762 56
11763 39
11764 45
11765 40
11766 39
11767 45
11768 32
11769 27
11770 25
11771 24
11772 18
11773 16
11774 16
11775 9
11776 17
11777 7
11778 6
11779 11
11780 6
11781 6
11782 7
11783 4
11784 9
11785 10
11786 12
11787 12
11788 10
11789 7
11790 9
11791 5
11792 11
11793 13
11794 5
11795 10
11796 8
11797 4
11798 5
11799 7
11800 8
11801 5
11802 8
11803 9
11804 9
11805 5
11806 9
11807 7
11808 6
11809 13
11810 6
11811 6
11812 5
11813 6
11814 8
11815 9
11816 8
11817 7
11818 10
11819 7
11820 4
11821 8
11822 3
11823 13
11824 8
11825 3
11826 8
11827 10
11828 3
11829 4
11830 8
11831 4
11832 7
11833 7
11834 8
11835 12
11836 7
11837 5
11838 2
11839 5
11840 8
11841 7
11842 5
11843 6
11844 6
11845 8
11846 6
11847 7
11848 9
11849 12
11850 5
11851 4
11852 3
11853 14
11854 12
11855 6
11856 6
11857 4
11858 6
11859 11
11860 6
11861 8
11862 7
11863 8
11864 9
11865 8
11866 11
11867 10
11868 9
11869 8
11870 7
11871 14
11872 8
11873 13
11874 8
11875 10
11876 8
11877 6
11878 7
11879 13
11880 7
11881 8
11882 5
11883 8
11884 10
11885 11
11886 9
11887 8
11888 12
11889 9
11890 7
11891 7
11892 8
11893 4
11894 7
11895 11
11896 4
11897 7
11898 7
11899 10
11900 5
11901 6
11902 13
11903 12
11904 12
11905 10
11906 8
11907 4
11908 11
11909 5
11910 8
11911 3
11912 10
11913 4
11914 5
11915 11
11916 8
11917 6
11918 9
11919 6
11920 9
11921 4
11922 3
11923 9
11924 2
11925 4
11926 10
11927 11
11928 11
11929 4
11930 8
11931 11
11932 14
11933 10
11934 3
11935 14
11936 6
11937 5
11938 8
11939 12
11940 7
11941 11
11942 4
11943 12
11944 5
11945 7
11946 7
11947 8
11948 9
11949 8
11950 6
11951 14
11952 12
11953 12
11954 10
11955 15
11956 8
11957 8
11958 12
11959 9
11960 16
11961 12
11962 11
11963 15
11964 26
11965 15
11966 27
11967 15
11968 21
11969 10
11970 23
11971 18
11972 10
11973 22
11974 23
11975 17
11976 27
11977 24
11978 46
11979 49
11980 49
11981 54
11982 61
11983 47
11984 77
11985 114
11986 124
11987 138
11988 149
11989 202
11990 226
11991 217
11992 245
11993 279
11994 283
11995 324
11996 337
11997 382
11998 384
11999 377
12000 359
12001 373
12002 336
12003 346
12004 308
12005 296
12006 280
12007 254
12008 211
12009 193
12010 199
12011 122
12012 113
12013 91
12014 81
12015 55
12016 60
12017 43
12018 37
12019 35
12020 22
12021 12
12022 19
12023 15
12024 10
12025 6
12026 8
12027 8
12028 9
12029 7
12030 8
12031 7
12032 1
12033 8
12034 9
12035 7
12036 5
12037 9
12038 12
12039 8
12040 8
12041 10
12042 6
12043 6
12044 13
12045 11
12046 5
12047 5
12048 6
12049 15
12050 11
12051 6
12052 6
12053 14
12054 6
12055 9
12056 11
12057 10
12058 7
12059 9
12060 5
12061 6
12062 11
12063 8
12064 8
12065 9
12066 9
12067 6
12068 8
12069 6
12070 10
12071 9
12072 9
12073 1
12074 9
12075 6
12076 6
12077 6
12078 12
12079 9
12080 9
12081 10
12082 9
12083 8
12084 5
12085 3
12086 10
12087 6
12088 6
12089 6
12090 6
12091 7
12092 4
12093 12
12094 10
12095 9
12096 3
12097 6
12098 15
12099 8
12100 7
12101 8
12102 5
12103 9
12104 5
12105 6
12106 10
12107 7
12108 8
12109 13
12110 6
12111 10
12112 7
12113 10
12114 11
12115 8
12116 7
12117 6
12118 13
12119 11
12120 6
12121 10
12122 6
12123 14
12124 4
12125 12
12126 13
12127 7
12128 7
12129 7
12130 8
12131 8
12132 7
12133 6
12134 8
12135 9
12136 12
12137 11
12138 9
12139 10
12140 6
12141 9
12142 6
12143 7
12144 10
12145 5
12146 6
12147 8
12148 6
12149 7
12150 11
12151 9
12152 8
12153 6
12154 7
12155 5
12156 13
12157 5
12158 5
12159 9
12160 4
12161 11
12162 6
12163 7
12164 2
12165 6
12166 4
12167 2
12168 9
12169 6
12170 7
12171 6
12172 9
12173 6
12174 8
12175 8
12176 6
12177 9
12178 7
12179 6
12180 7
12181 7
12182 6
12183 10
12184 8
12185 9
12186 8
12187 3
12188 5
12189 9
12190 5
12191 8
12192 7
12193 8
12194 8
12195 12
12196 10
12197 5
12198 8
12199 6
12200 4
12201 5
12202 5
12203 7
12204 11
12205 8
12206 8
12207 13
12208 11
12209 8
12210 11
12211 6
12212 10
12213 11
12214 8
12215 7
12216 7
12217 2
12218 7
12219 13
12220 7
12221 6
12222 11
12223 6
12224 9
12225 7
12226 8
12227 5
12228 6
12229 3
12230 8
12231 6
12232 5
12233 12
12234 7
12235 15
12236 5
12237 4
12238 4
12239 11
12240 7
12241 4
12242 13
12243 7
12244 5
12245 11
12246 10
12247 7
12248 10
12249 13
12250 3
12251 9
12252 9
12253 6
12254 13
12255 7
12256 9
12257 9
12258 9
12259 7
12260 8
12261 5
12262 5
12263 10
12264 7
12265 5
12266 7
12267 3
12268 7
12269 14
12270 8
12271 4
12272 7
12273 4
12274 7
12275 5
12276 8
12277 4
12278 10
12279 3
12280 3
12281 10
12282 6
12283 4
12284 10
12285 6
12286 13
12287 5
12288 8
12289 10
12290 6
12291 9
12292 13
12293 6
12294 5
12295 8
12296 6
12297 7
12298 7
12299 10
12300 8
12301 3
12302 7
12303 5
12304 10
12305 5
12306 12
12307 8
12308 7
12309 9
12310 10
12311 6
12312 10
12313 6
12314 6
12315 11
12316 8
12317 7
12318 5
12319 4
12320 8
12321 13
12322 6
12323 7
12324 10
12325 8
12326 7
12327 12
12328 9
12329 8
12330 9
12331 7
12332 10
12333 8
12334 5
12335 8
12336 10
12337 6
12338 7
12339 6
12340 6
12341 9
12342 12
12343 9
12344 5
12345 11
12346 7
12347 7
12348 13
12349 10
12350 6
12351 8
12352 11
12353 9
12354 11
12355 6
12356 15
12357 10
12358 14
12359 6
12360 6
12361 13
12362 5
12363 9
12364 8
12365 15
12366 7
12367 15
12368 10
12369 11
12370 10
12371 11
12372 8
12373 6
12374 10
12375 4
12376 6
12377 9
12378 7
12379 14
12380 16
12381 4
12382 7
12383 6
12384 5
12385 5
12386 4
12387 10
12388 9
12389 5
12390 11
12391 11
12392 8
12393 8
12394 8
12395 7
12396 4
12397 12
12398 8
12399 6
12400 7
12401 8
12402 7
12403 6
12404 10
12405 9
12406 6
12407 6
12408 11
12409 4
12410 5
12411 7
12412 8
12413 5
12414 8
12415 16
12416 6
12417 8
12418 13
12419 10
12420 7
12421 12
12422 13
12423 7
12424 1
12425 5
12426 11
12427 12
12428 9
12429 13
12430 8
12431 5
12432 10
12433 14
12434 9
12435 6
12436 8
12437 8
12438 11
12439 10
12440 5
12441 6
12442 7
12443 7
12444 8
12445 9
12446 9
12447 6
12448 14
12449 15
12450 8
12451 8
12452 12
12453 6
12454 11
12455 8
12456 17
12457 10
12458 4
12459 7
12460 13
12461 14
12462 6
12463 14
12464 14
12465 16
12466 10
12467 6
12468 12
12469 4
12470 7
12471 9
12472 11
12473 12
12474 12
12475 5
12476 11
12477 9
12478 10
12479 9
12480 8
12481 11
12482 8
12483 10
12484 13
12485 12
12486 10
12487 7
12488 10
12489 12
12490 15
12491 12
12492 9
12493 11
12494 8
12495 12
12496 6
12497 10
12498 4
12499 13
12500 4
12501 10
12502 16
12503 11
12504 4
12505 7
12506 7
12507 11
12508 9
12509 6
12510 9
12511 4
12512 6
12513 8
12514 14
12515 5
12516 6
12517 10
12518 9
12519 8
12520 7
12521 7
12522 14
12523 10
12524 9
12525 6
12526 7
12527 13
12528 9
12529 12
12530 10
12531 11
12532 14
12533 11
12534 11
12535 8
12536 8
12537 9
12538 10
12539 13
12540 9
12541 14
12542 11
12543 11
12544 11
12545 10
12546 9
12547 6
12548 8
12549 14
12550 9
12551 11
12552 13
12553 8
12554 8
12555 12
12556 9
12557 6
12558 15
12559 4
12560 17
12561 8
12562 8
12563 10
12564 10
12565 9
12566 15
12567 10
12568 8
12569 9
12570 5
12571 8
12572 4
12573 10
12574 15
12575 8
12576 5
12577 11
12578 11
12579 11
12580 12
12581 5
12582 11
12583 11
12584 10
12585 6
12586 11
12587 7
12588 7
12589 11
12590 11
12591 10
12592 13
12593 9
12594 7
12595 13
12596 10
12597 6
12598 6
12599 11
12600 13
12601 7
12602 9
12603 7
12604 8
12605 8
12606 13
12607 5
12608 10
12609 16
12610 8
12611 5
12612 8
12613 9
12614 12
12615 13
12616 7
12617 7
12618 9
12619 10
12620 8
12621 16
12622 3
12623 9
12624 6
12625 15
12626 8
12627 10
12628 12
12629 7
12630 11
12631 7
12632 9
12633 14
12634 11
12635 13
12636 9
12637 10
12638 7
12639 10
12640 11
12641 8
12642 14
12643 7
12644 11
12645 13
12646 2
12647 12
12648 13
12649 9
12650 7
12651 13
12652 13
12653 8
12654 5
12655 12
12656 13
12657 8
12658 7
12659 14
12660 10
12661 5
12662 14
12663 10
12664 5
12665 8
12666 7
12667 11
12668 4
12669 7
12670 8
12671 8
12672 8
12673 11
12674 7
12675 11
12676 12
12677 10
12678 10
12679 6
12680 6
12681 2
12682 9
12683 5
12684 8
12685 9
12686 5
12687 8
12688 12
12689 6
12690 11
12691 8
12692 14
12693 12
12694 5
12695 9
12696 7
12697 8
12698 10
12699 8
12700 11
12701 6
12702 11
12703 16
12704 11
12705 9
12706 2
12707 8
12708 14
12709 13
12710 8
12711 8
12712 8
12713 12
12714 8
12715 10
12716 7
12717 13
12718 13
12719 9
12720 8
12721 7
12722 7
12723 10
12724 10
12725 13
12726 7
12727 8
12728 11
12729 13
12730 4
12731 3
12732 4
12733 6
12734 11
12735 10
12736 12
12737 7
12738 7
12739 15
12740 7
12741 8
12742 9
12743 6
12744 4
12745 8
12746 8
12747 9
12748 12
12749 5
12750 10
12751 8
12752 3
12753 10
12754 11
12755 8
12756 11
12757 6
12758 8
12759 13
12760 11
12761 10
12762 9
12763 11
12764 12
12765 8
12766 9
12767 10
12768 10
12769 9
12770 6
12771 14
12772 5
12773 11
12774 17
12775 9
12776 11
12777 13
12778 9
12779 12
12780 11
12781 7
12782 6
12783 8
12784 6
12785 11
12786 11
12787 9
12788 8
12789 6
12790 4
12791 5
12792 5
12793 4
12794 9
12795 8
12796 8
12797 15
12798 4
12799 8
12800 9
12801 11
12802 11
12803 8
12804 8
12805 12
12806 10
12807 6
12808 13
12809 8
12810 10
12811 10
12812 5
12813 7
12814 11
12815 7
12816 11
12817 6
12818 9
12819 4
12820 6
12821 8
12822 11
12823 14
12824 4
12825 9
12826 8
12827 8
12828 11
12829 4
12830 7
12831 7
12832 11
12833 13
12834 8
12835 14
12836 12
12837 6
12838 6
12839 13
12840 3
12841 8
12842 8
12843 14
12844 2
12845 9
12846 13
12847 9
12848 4
12849 9
12850 8
12851 7
12852 6
12853 9
12854 8
12855 4
12856 4
12857 8
12858 4
12859 14
12860 5
12861 14
12862 10
12863 7
12864 5
12865 4
12866 7
12867 10
12868 8
12869 3
12870 7
12871 6
12872 6
12873 4
12874 3
12875 7
12876 11
12877 5
12878 2
12879 6
12880 4
12881 5
12882 3
12883 6
12884 7
12885 11
12886 5
12887 6
12888 4
12889 5
12890 4
12891 6
12892 5
12893 7
12894 8
12895 7
12896 6
12897 2
12898 8
12899 1
12900 5
12901 4
12902 4
12903 5
12904 5
12905 7
12906 9
12907 4
12908 3
12909 5
12910 4
12911 11
12912 6
12913 11
12914 2
12915 12
12916 8
12917 5
12918 5
12919 7
12920 11
12921 8
12922 7
12923 6
12924 8
12925 7
12926 3
12927 8
12928 11
12929 3
12930 3
12931 1
12932 4
12933 5
12934 8
12935 6
12936 1
12937 7
12938 4
12939 1
12940 3
12941 5
12942 3
12943 6
12944 9
12945 6
12946 4
12947 2
12948 4
12949 6
12950 8
12951 3
12952 5
12953 7
12954 4
12955 2
12956 2
12957 5
12958 5
12959 2
12960 8
12961 6
12962 4
12963 2
12964 7
12965 7
12966 5
12967 7
12968 7
12969 6
12970 6
12971 5
12972 3
12973 5
12974 7
12975 5
12976 2
12977 3
12978 6
12979 9
12980 6
12981 4
12982 7
12983 6
12984 6
12985 3
12986 10
12987 8
12988 4
12989 8
12990 5
12991 9
12992 8
12993 9
12994 10
12995 7
12996 9
12997 6
12998 7
12999 6
13000 8
13001 9
13002 8
13003 5
13004 11
13005 8
13006 7
13007 8
13008 8
13009 5
13010 6
13011 3
13012 6
13013 6
13014 4
13015 3
13016 4
13017 2
13018 7
13019 8
13020 8
13021 6
13022 10
13023 6
13024 5
13025 2
13026 2
13027 5
13028 6
13029 6
13030 8
13031 5
13032 6
13033 9
13034 4
13035 7
13036 7
13037 8
13038 4
13039 5
13040 9
13041 6
13042 7
13043 4
13044 2
13045 3
13046 4
13047 6
13048 10
13049 4
13050 6
13051 7
13052 6
13053 6
13054 7
13055 7
13056 1
13057 7
13058 5
13059 5
13060 11
13061 4
13062 9
13063 8
13064 4
13065 6
13066 8
13067 11
13068 10
13069 8
13070 11
13071 11
13072 10
13073 16
13074 24
13075 23
13076 22
13077 31
13078 27
13079 23
13080 16
13081 38
13082 23
13083 41
13084 29
13085 46
13086 30
13087 40
13088 32
13089 33
13090 40
13091 38
13092 38
13093 35
13094 32
13095 23
13096 31
13097 25
13098 22
13099 20
13100 19
13101 16
13102 13
13103 10
13104 7
13105 9
13106 8
13107 8
13108 7
13109 6
13110 4
13111 2
13112 7
13113 6
13114 4
13115 5
13116 3
13117 4
13118 6
13119 6
13120 3
13121 4
13122 5
13123 2
13124 4
13125 6
13126 5
13127 8
13128 7
13129 5
13130 4
13131 11
13132 3
13133 8
13134 5
13135 6
13136 6
13137 4
13138 2
13139 4
13140 6
13141 9
13142 4
13143 9
13144 7
13145 6
13146 5
13147 7
13148 5
13149 7
13150 13
13151 3
13152 3
13153 7
13154 4
13155 4
13156 7
13157 9
13158 9
13159 6
13160 4
13161 9
13162 7
13163 7
13164 7
13165 4
13166 10
13167 7
13168 7
13169 6
13170 3
13171 3
13172 7
13173 3
13174 2
13175 4
13176 7
13177 6
13178 5
13179 6
13180 5
13181 7
13182 7
13183 7
13184 1
13185 2
13186 3
13187 6
13188 5
13189 6
13190 6
13191 6
13192 6
13193 2
13194 4
13195 3
13196 6
13197 3
13198 6
13199 2
13200 2
13201 7
13202 4
13203 6
13204 4
13205 5
13206 5
13207 6
13208 2
13209 5
13210 3
13211 3
13212 3
13213 3
13214 6
13215 6
13216 6
13217 4
13218 3
13219 5
13220 7
13221 5
13222 4
13223 6
13224 6
13225 5
13226 10
13227 7
13228 5
13229 4
13230 5
13231 5
13232 7
13233 2
13234 5
13235 7
13236 1
13237 4
13238 6
13239 10
13240 8
13241 4
13242 4
13243 7
13244 3
13245 9
13246 5
13247 6
13248 4
13249 4
13250 9
13251 4
13252 5
13253 2
13254 2
13255 5
13256 3
13257 6
13258 5
13259 6
13260 2
13261 7
13262 5
13263 3
13264 4
13265 5
13266 5
13267 3
13268 6
13269 5
13270 9
13271 7
13272 7
13273 2
13274 8
13275 3
13276 4
13277 0
13278 5
13279 7
13280 3
13281 5
13282 5
13283 4
13284 8
13285 7
13286 6
13287 4
13288 4
13289 2
13290 7
13291 2
13292 5
13293 6
13294 5
13295 9
13296 7
13297 6
13298 7
13299 1
13300 4
13301 3
13302 6
13303 5
13304 10
13305 6
13306 7
13307 5
13308 7
13309 9
13310 6
13311 7
13312 5
13313 6
13314 4
13315 8
13316 3
13317 4
13318 7
13319 9
13320 6
13321 5
13322 11
13323 6
13324 7
13325 6
13326 3
13327 6
13328 1
13329 11
13330 6
13331 6
13332 4
13333 4
13334 4
13335 6
13336 3
13337 5
13338 3
13339 2
13340 3
13341 6
13342 3
13343 4
13344 2
13345 6
13346 8
13347 7
13348 8
13349 4
13350 7
13351 7
13352 5
13353 3
13354 3
13355 3
13356 3
13357 4
13358 10
13359 7
13360 6
13361 1
13362 3
13363 5
13364 2
13365 3
13366 4
13367 3
13368 2
13369 6
13370 1
13371 0
13372 5
13373 8
13374 4
13375 2
13376 8
13377 4
13378 4
13379 3
13380 5
13381 6
13382 7
13383 4
13384 3
13385 4
13386 4
13387 2
13388 6
13389 2
13390 6
13391 3
13392 8
13393 4
13394 4
13395 7
13396 5
13397 1
13398 4
13399 8
13400 9
13401 5
13402 4
13403 3
13404 3
13405 2
13406 5
13407 5
13408 7
13409 7
13410 0
13411 4
13412 6
13413 4
13414 7
13415 4
13416 3
13417 4
13418 6
13419 6
13420 6
13421 8
13422 7
13423 3
13424 3
13425 3
13426 4
13427 4
13428 2
13429 5
13430 6
13431 2
13432 6
13433 3
13434 6
13435 2
13436 5
13437 7
13438 4
13439 2
13440 6
13441 5
13442 3
13443 1
13444 5
13445 3
13446 1
13447 4
13448 0
13449 5
13450 5
13451 3
13452 4
13453 4
13454 2
13455 5
13456 2
13457 3
13458 5
13459 9
13460 2
13461 5
13462 6
13463 2
13464 2
13465 7
13466 3
13467 5
13468 1
13469 6
13470 1
13471 9
13472 5
13473 7
13474 3
13475 8
13476 11
13477 3
13478 10
13479 3
13480 3
13481 10
13482 6
13483 11
13484 10
13485 9
13486 9
13487 9
13488 4
13489 11
13490 15
13491 10
13492 10
13493 7
13494 7
13495 12
13496 9
13497 5
13498 3
13499 5
13500 4
13501 7
13502 7
13503 9
13504 3
13505 5
13506 6
13507 3
13508 4
13509 6
13510 2
13511 5
13512 4
13513 2
13514 2
13515 5
13516 5
13517 2
13518 2
13519 4
13520 0
13521 4
13522 0
13523 1
13524 3
13525 3
13526 3
13527 5
13528 3
13529 6
13530 4
13531 3
13532 6
13533 3
13534 8
13535 4
13536 6
13537 4
13538 3
13539 2
13540 4
13541 2
13542 2
13543 2
13544 7
13545 2
13546 4
13547 3
13548 2
13549 3
13550 5
13551 4
13552 4
13553 2
13554 4
13555 4
13556 3
13557 4
13558 9
13559 4
13560 2
13561 3
13562 3
13563 3
13564 1
13565 2
13566 6
13567 1
13568 3
13569 6
13570 4
13571 1
13572 4
13573 2
13574 3
13575 2
13576 1
13577 2
13578 1
13579 4
13580 4
13581 5
13582 1
13583 1
13584 2
13585 4
13586 6
13587 1
13588 4
13589 2
13590 2
13591 0
13592 2
13593 0
13594 3
13595 4
13596 1
13597 2
13598 5
13599 6
13600 4
13601 4
13602 3
13603 8
13604 1
13605 2
13606 6
13607 3
13608 4
13609 3
13610 6
13611 9
13612 2
13613 2
13614 2
13615 6
13616 3
13617 3
13618 3
13619 2
13620 10
13621 5
13622 5
13623 1
13624 5
13625 2
13626 1
13627 5
13628 5
13629 2
13630 5
13631 5
13632 4
13633 5
13634 4
13635 0
13636 3
13637 7
13638 3
13639 6
13640 3
13641 3
13642 2
13643 5
13644 1
13645 1
13646 1
13647 4
13648 4
13649 4
13650 5
13651 6
13652 4
13653 6
13654 1
13655 3
13656 4
13657 2
13658 4
13659 3
13660 3
13661 6
13662 2
13663 2
13664 3
13665 1
13666 3
13667 3
13668 3
13669 2
13670 5
13671 4
13672 4
13673 3
13674 0
13675 6
13676 1
13677 2
13678 2
13679 5
13680 3
13681 3
13682 2
13683 3
13684 1
13685 3
13686 2
13687 4
13688 2
13689 3
13690 6
13691 1
13692 3
13693 5
13694 6
13695 5
13696 3
13697 3
13698 8
13699 2
13700 5
13701 2
13702 3
13703 2
13704 3
13705 2
13706 3
13707 4
13708 2
13709 2
13710 1
13711 5
13712 1
13713 8
13714 4
13715 5
13716 2
13717 2
13718 1
13719 3
13720 3
13721 4
13722 2
13723 4
13724 3
13725 0
13726 1
13727 2
13728 4
13729 4
13730 4
13731 4
13732 2
13733 2
13734 3
13735 4
13736 4
13737 2
13738 6
13739 1
13740 1
13741 3
13742 5
13743 2
13744 4
13745 2
13746 5
13747 3
13748 3
13749 3
13750 4
13751 4
13752 1
13753 5
13754 9
13755 5
13756 1
13757 3
13758 3
13759 5
13760 1
13761 3
13762 5
13763 3
13764 1
13765 3
13766 3
13767 3
13768 4
13769 3
13770 3
13771 0
13772 1
13773 2
13774 3
13775 3
13776 3
13777 5
13778 1
13779 0
13780 4
13781 1
13782 3
13783 3
13784 2
13785 2
13786 4
13787 3
13788 1
13789 1
13790 4
13791 3
13792 2
13793 2
13794 1
13795 4
13796 1
13797 2
13798 2
13799 1
13800 1
13801 3
13802 3
13803 4
13804 2
13805 2
13806 2
13807 1
13808 3
13809 3
13810 2
13811 1
13812 4
13813 1
13814 4
13815 2
13816 2
13817 2
13818 2
13819 3
13820 0
13821 4
13822 2
13823 2
13824 3
13825 4
13826 2
13827 4
13828 2
13829 2
13830 1
13831 3
13832 2
13833 2
13834 3
13835 1
13836 3
13837 3
13838 1
13839 4
13840 2
13841 1
13842 5
13843 3
13844 2
13845 6
13846 1
13847 5
13848 4
13849 0
13850 3
13851 4
13852 2
13853 1
13854 6
13855 5
13856 3
13857 2
13858 3
13859 3
13860 2
13861 2
13862 5
13863 1
13864 2
13865 2
13866 2
13867 2
13868 3
13869 1
13870 4
13871 7
13872 1
13873 2
13874 3
13875 1
13876 3
13877 1
13878 2
13879 3
13880 2
13881 2
13882 1
13883 2
13884 1
13885 3
13886 2
13887 4
13888 2
13889 2
13890 4
13891 1
13892 2
13893 0
13894 2
13895 3
13896 2
13897 4
13898 2
13899 2
13900 4
13901 3
13902 2
13903 2
13904 1
13905 3
13906 1
13907 2
13908 2
13909 4
13910 3
13911 3
13912 4
13913 4
13914 5
13915 1
13916 0
13917 4
13918 3
13919 2
13920 0
13921 1
13922 2
13923 3
13924 4
13925 4
13926 1
13927 2
13928 4
13929 1
13930 4
13931 1
13932 2
13933 3
13934 2
13935 4
13936 2
13937 1
13938 3
13939 4
13940 3
13941 5
13942 3
13943 3
13944 5
13945 5
13946 1
13947 3
13948 5
13949 5
13950 2
13951 10
13952 3
13953 3
13954 2
13955 3
13956 4
13957 3
13958 1
13959 2
13960 3
13961 5
13962 2
13963 4
13964 4
13965 1
13966 1
13967 5
13968 2
13969 3
13970 0
13971 2
13972 4
13973 0
13974 3
13975 0
13976 0
13977 2
13978 2
13979 2
13980 3
13981 4
13982 3
13983 2
13984 1
13985 2
13986 1
13987 0
13988 2
13989 3
13990 3
13991 7
13992 4
13993 6
13994 4
13995 3
13996 4
13997 1
13998 5
13999 4
14000 11
14001 9
14002 8
14003 12
14004 17
14005 9
14006 15
14007 20
14008 22
14009 22
14010 17
14011 30
14012 28
14013 31
14014 32
14015 32
14016 36
14017 29
14018 37
14019 35
14020 30
14021 39
14022 28
14023 37
14024 29
14025 25
14026 28
14027 23
14028 16
14029 9
14030 17
14031 15
14032 15
14033 16
14034 6
14035 5
14036 5
14037 11
14038 5
14039 1
14040 3
14041 4
14042 2
14043 2
14044 2
14045 5
14046 2
14047 2
14048 2
14049 2
14050 1
14051 0
14052 3
14053 0
14054 1
14055 1
14056 2
14057 2
14058 2
14059 0
14060 0
14061 4
14062 0
14063 1
14064 2
14065 2
14066 2
14067 4
14068 1
14069 3
14070 3
14071 3
14072 1
14073 3
14074 1
14075 2
14076 1
14077 3
14078 1
14079 0
14080 2
14081 1
14082 0
14083 1
14084 1
14085 1
14086 3
14087 0
14088 3
14089 1
14090 2
14091 0
14092 4
14093 0
14094 2
14095 1
14096 1
14097 0
14098 5
14099 1
14100 3
14101 0
14102 2
14103 1
14104 3
14105 0
14106 1
14107 3
14108 0
14109 1
14110 2
14111 2
14112 1
14113 2
14114 2
14115 0
14116 2
14117 5
14118 2
14119 1
14120 1
14121 1
14122 5
14123 1
14124 2
14125 2
14126 0
14127 3
14128 0
14129 1
14130 3
14131 2
14132 0
14133 1
14134 1
14135 2
14136 4
14137 0
14138 0
14139 3
14140 0
14141 0
14142 3
14143 4
14144 2
14145 0
14146 0
14147 1
14148 0
14149 2
14150 1
14151 2
14152 3
14153 1
14154 0
14155 1
14156 0
14157 3
14158 2
14159 2
14160 1
14161 1
14162 3
14163 0
14164 1
14165 1
14166 1
14167 2
14168 3
14169 1
14170 3
14171 2
14172 2
14173 2
14174 2
14175 1
14176 0
14177 1
14178 0
14179 1
14180 1
14181 3
14182 4
14183 4
14184 1
14185 2
14186 0
14187 4
14188 4
14189 0
14190 3
14191 0
14192 0
14193 1
14194 2
14195 0
14196 3
14197 1
14198 1
14199 0
14200 1
14201 0
14202 1
14203 0
14204 0
14205 2
14206 2
14207 2
14208 0
14209 1
14210 1
14211 2
14212 1
14213 2
14214 4
14215 0
14216 0
14217 1
14218 1
14219 4
14220 0
14221 1
14222 1
14223 1
14224 2
14225 2
14226 1
14227 1
14228 3
14229 0
14230 3
14231 1
14232 2
14233 1
14234 1
14235 1
14236 2
14237 1
14238 0
14239 0
14240 2
14241 0
14242 0
14243 1
14244 1
14245 1
14246 2
14247 3
14248 1
14249 2
14250 0
14251 0
14252 0
14253 1
14254 2
14255 1
14256 0
14257 1
14258 0
14259 3
14260 0
14261 2
14262 3
14263 0
14264 1
14265 1
14266 2
14267 1
14268 0
14269 1
14270 2
14271 3
14272 2
14273 4
14274 2
14275 1
14276 2
14277 1
14278 1
14279 2
14280 0
14281 2
14282 0
14283 0
14284 1
14285 3
14286 1
14287 1
14288 3
14289 1
14290 1
14291 2
14292 1
14293 1
14294 2
14295 0
14296 0
14297 3
14298 2
14299 1
14300 2
14301 1
14302 1
14303 1
14304 1
14305 0
14306 1
14307 0
14308 1
14309 2
14310 3
14311 1
14312 1
14313 0
14314 0
14315 2
14316 1
14317 0
14318 0
14319 1
14320 0
14321 2
14322 0
14323 1
14324 0
14325 2
14326 2
14327 0
14328 0
14329 1
14330 0
14331 0
14332 1
14333 1
14334 0
14335 2
14336 1
14337 1
14338 1
14339 1
14340 0
14341 2
14342 1
14343 0
14344 1
14345 0
14346 3
14347 0
14348 0
14349 2
14350 1
14351 1
14352 0
14353 0
14354 1
14355 0
14356 0
14357 2
14358 2
14359 2
14360 1
14361 0
14362 0
14363 4
14364 1
14365 1
14366 2
14367 0
14368 2
14369 1
14370 0
14371 1
14372 2
14373 0
14374 2
14375 2
14376 2
14377 1
14378 0
14379 0
14380 1
14381 1
14382 0
14383 2
14384 3
14385 3
14386 2
14387 1
14388 0
14389 0
14390 2
14391 1
14392 1
14393 0
14394 1
14395 2
14396 0
14397 1
14398 1
14399 0
14400 1
14401 0
14402 0
14403 3
14404 1
14405 3
14406 1
14407 0
14408 2
14409 2
14410 1
14411 2
14412 2
14413 1
14414 1
14415 1
14416 0
14417 0
14418 0
14419 1
14420 1
14421 1
14422 3
14423 0
14424 0
14425 1
14426 0
14427 1
14428 0
14429 1
14430 1
14431 0
14432 1
14433 1
14434 1
14435 1
14436 0
14437 1
14438 2
14439 2
14440 0
14441 1
14442 3
14443 1
14444 2
14445 0
14446 0
14447 1
14448 1
14449 3
14450 1
14451 3
14452 1
14453 2
14454 1
14455 1
14456 0
14457 1
14458 1
14459 1
14460 1
14461 1
14462 1
14463 1
14464 2
14465 1
14466 1
14467 0
14468 0
14469 0
14470 1
14471 2
14472 0
14473 1
14474 2
14475 0
14476 0
14477 2
14478 0
14479 2
14480 0
14481 1
14482 2
14483 0
14484 0
14485 1
14486 0
14487 2
14488 0
14489 1
14490 1
14491 1
14492 0
14493 3
14494 1
14495 1
14496 2
14497 2
14498 1
14499 2
14500 3
14501 2
14502 2
14503 0
14504 2
14505 0
14506 2
14507 1
14508 0
14509 1
14510 1
14511 1
14512 4
14513 0
14514 3
14515 0
14516 1
14517 1
14518 0
14519 1
14520 0
14521 0
14522 1
14523 0
14524 1
14525 1
14526 1
14527 0
14528 2
14529 0
14530 1
14531 2
14532 1
14533 2
14534 4
14535 1
14536 0
14537 0
14538 1
14539 1
14540 3
14541 1
14542 3
14543 0
14544 1
14545 2
14546 0
14547 1
14548 1
14549 1
14550 0
14551 2
14552 2
14553 0
14554 2
14555 0
14556 0
14557 0
14558 1
14559 1
14560 0
14561 0
14562 2
14563 2
14564 1
14565 1
14566 0
14567 0
14568 0
14569 3
14570 0
14571 1
14572 1
14573 1
14574 0
14575 0
14576 0
14577 1
14578 1
14579 1
14580 0
14581 2
14582 1
14583 1
14584 1
14585 1
14586 0
14587 1
14588 1
14589 2
14590 1
14591 0
14592 1
14593 0
14594 1
14595 0
14596 0
14597 0
14598 1
14599 2
14600 1
14601 0
14602 2
14603 1
14604 0
14605 0
14606 1
14607 0
14608 1
14609 0
14610 0
14611 1
14612 0
14613 1
14614 1
14615 0
14616 1
14617 2
14618 1
14619 0
14620 2
14621 0
14622 0
14623 2
14624 2
14625 0
14626 2
14627 2
14628 2
14629 2
14630 0
14631 0
14632 0
14633 2
14634 1
14635 0
14636 1
14637 0
14638 1
14639 1
14640 1
14641 1
14642 1
14643 1
14644 0
14645 1
14646 1
14647 2
14648 0
14649 1
14650 1
14651 0
14652 3
14653 1
14654 1
14655 2
14656 0
14657 2
14658 0
14659 0
14660 1
14661 1
14662 3
14663 0
14664 1
14665 1
14666 1
14667 1
14668 0
14669 0
14670 3
14671 1
14672 1
14673 0
14674 0
14675 0
14676 1
14677 1
14678 3
14679 0
14680 4
14681 0
14682 0
14683 1
14684 0
14685 0
14686 0
14687 0
14688 1
14689 0
14690 0
14691 1
14692 0
14693 0
14694 2
14695 0
14696 1
14697 1
14698 0
14699 0
14700 1
14701 2
14702 3
14703 2
14704 1
14705 3
14706 2
14707 0
14708 3
14709 3
14710 0
14711 1
14712 2
14713 2
14714 1
14715 1
14716 0
14717 0
14718 3
14719 1
14720 0
14721 2
14722 2
14723 2
14724 0
14725 2
14726 1
14727 4
14728 0
14729 0
14730 1
14731 2
14732 1
14733 0
14734 2
14735 1
14736 0
14737 0
14738 2
14739 0
14740 1
14741 0
14742 1
14743 0
14744 0
14745 0
14746 2
14747 0
14748 0
14749 0
14750 2
14751 1
14752 1
14753 0
14754 0
14755 0
14756 1
14757 3
14758 1
14759 0
14760 1
14761 0
14762 1
14763 1
14764 2
14765 1
14766 2
14767 0
14768 1
14769 0
14770 3
14771 2
14772 3
14773 0
14774 0
14775 0
14776 1
14777 0
14778 1
14779 0
14780 0
14781 0
14782 0
14783 0
14784 1
14785 1
14786 1
14787 1
14788 1
14789 1
14790 1
14791 2
14792 3
14793 1
14794 3
14795 0
14796 0
14797 0
14798 2
14799 0
14800 0
14801 2
14802 1
14803 1
14804 0
14805 0
14806 0
14807 0
14808 1
14809 1
14810 1
14811 1
14812 1
14813 1
14814 1
14815 1
14816 1
14817 2
14818 1
14819 3
14820 1
14821 0
14822 1
14823 2
14824 1
14825 2
14826 0
14827 0
14828 1
14829 1
14830 3
14831 0
14832 1
14833 2
14834 1
14835 0
14836 1
14837 1
14838 2
14839 1
14840 0
14841 1
14842 0
14843 1
14844 0
14845 0
14846 0
14847 2
14848 0
14849 1
14850 1
14851 1
14852 1
14853 2
14854 0
14855 1
14856 1
14857 4
14858 1
14859 2
14860 1
14861 3
14862 2
14863 2
14864 1
14865 1
14866 2
14867 0
14868 3
14869 2
14870 0
14871 1
14872 0
14873 2
14874 0
14875 1
14876 1
14877 0
14878 0
14879 1
14880 0
14881 0
14882 2
14883 0
14884 0
14885 1
14886 1
14887 3
14888 1
14889 0
14890 0
14891 1
14892 0
14893 0
14894 2
14895 0
14896 1
14897 2
14898 0
14899 1
14900 1
14901 0
14902 2
14903 0
14904 0
14905 1
14906 1
14907 1
14908 1
14909 0
14910 2
14911 1
14912 0
14913 1
14914 1
14915 0
14916 0
14917 0
14918 0
14919 3
14920 2
14921 1
14922 2
14923 1
14924 0
14925 0
14926 1
14927 2
14928 2
14929 0
14930 1
14931 1
14932 1
14933 0
14934 2
14935 1
14936 1
14937 1
14938 0
14939 1
14940 3
14941 0
14942 0
14943 0
14944 0
14945 1
14946 1
14947 0
14948 0
14949 0
14950 1
14951 0
14952 2
14953 0
14954 1
14955 1
14956 1
14957 1
14958 3
14959 2
14960 1
14961 2
14962 0
14963 2
14964 0
14965 0
14966 0
14967 1
14968 0
14969 1
14970 0
14971 1
14972 1
14973 1
14974 0
14975 1
14976 1
14977 1
14978 1
14979 3
14980 0
14981 0
14982 2
14983 1
14984 0
14985 1
14986 1
14987 0
14988 1
14989 1
14990 1
14991 0
14992 0
14993 0
14994 1
14995 3
14996 1
14997 2
14998 0
14999 2
15000 1
15001 1
15002 0
15003 0
15004 1
15005 0
15006 0
15007 1
15008 0
15009 1
15010 1
15011 1
15012 0
15013 2
15014 0
15015 1
15016 0
15017 0
15018 0
15019 2
15020 0
15021 1
15022 1
15023 1
15024 2
15025 2
15026 1
15027 0
15028 2
15029 0
15030 0
15031 2
15032 2
15033 0
15034 2
15035 3
15036 2
15037 1
15038 1
15039 0
15040 1
15041 0
15042 1
15043 0
15044 1
15045 2
15046 0
15047 0
15048 0
15049 1
15050 1
15051 1
15052 0
15053 0
15054 0
15055 2
15056 2
15057 0
15058 1
15059 2
15060 0
15061 1
15062 2
15063 1
15064 3
15065 1
15066 0
15067 0
15068 1
15069 0
15070 1
15071 1
15072 1
15073 2
15074 0
15075 1
15076 1
15077 1
15078 2
15079 1
15080 2
15081 2
15082 2
15083 1
15084 1
15085 2
15086 0
15087 2
15088 1
15089 0
15090 3
15091 4
15092 1
15093 3
15094 1
15095 0
15096 1
15097 1
15098 1
15099 2
15100 0
15101 1
15102 0
15103 1
15104 1
15105 0
15106 3
15107 1
15108 0
15109 2
15110 1
15111 1
15112 1
15113 0
15114 1
15115 1
15116 1
15117 2
15118 2
15119 0
15120 0
15121 1
15122 1
15123 2
15124 0
15125 2
15126 0
15127 1
15128 2
15129 2
15130 1
15131 1
15132 2
15133 0
15134 3
15135 3
15136 4
15137 1
15138 0
15139 1
15140 1
15141 2
15142 1
15143 3
15144 4
15145 2
15146 2
15147 2
15148 1
15149 3
15150 1
15151 3
15152 5
15153 5
15154 3
15155 3
15156 4
15157 8
15158 7
15159 4
15160 6
15161 12
15162 8
15163 23
15164 18
15165 15
15166 21
15167 30
15168 30
15169 44
15170 42
15171 42
15172 60
15173 49
15174 71
15175 91
15176 98
15177 131
15178 123
15179 151
15180 147
15181 203
15182 230
15183 226
15184 251
15185 291
15186 313
15187 347
15188 348
15189 411
15190 390
15191 403
15192 379
15193 420
15194 417
15195 435
15196 388
15197 358
15198 321
15199 326
15200 336
15201 254
15202 262
15203 232
15204 183
15205 149
15206 131
15207 110
15208 84
15209 69
15210 64
15211 62
15212 42
15213 39
15214 26
15215 14
15216 13
15217 7
15218 10
15219 4
15220 6
15221 4
15222 4
15223 2
15224 1
15225 3
15226 1
15227 0
15228 0
15229 1
15230 1
15231 1
15232 0
15233 0
15234 2
15235 1
15236 0
15237 0
15238 0
15239 1
15240 0
15241 1
15242 0
15243 0
15244 0
15245 2
15246 0
15247 0
15248 0
15249 0
15250 0
15251 0
15252 0
15253 0
15254 0
15255 0
15256 1
15257 0
15258 1
15259 1
15260 1
15261 0
15262 0
15263 0
15264 0
15265 2
15266 0
15267 0
15268 1
15269 0
15270 0
15271 0
15272 0
15273 0
15274 0
15275 0
15276 0
15277 0
15278 0
15279 0
15280 0
15281 0
15282 1
15283 0
15284 1
15285 0
15286 0
15287 0
15288 0
15289 0
15290 0
15291 0
15292 0
15293 0
15294 0
15295 0
15296 0
15297 0
15298 0
15299 0
15300 1
15301 0
15302 0
15303 0
15304 0
15305 0
15306 0
15307 0
15308 0
15309 0
15310 0
15311 0
15312 0
15313 0
15314 0
15315 0
15316 0
15317 0
15318 0
15319 0
15320 0
15321 0
15322 0
15323 0
15324 0
15325 1
15326 1
15327 0
15328 0
15329 0
15330 1
15331 0
15332 1
15333 0
15334 0
15335 0
15336 1
15337 0
15338 0
15339 0
15340 0
15341 0
15342 0
15343 0
15344 1
15345 0
15346 0
15347 1
15348 0
15349 1
15350 1
15351 0
15352 0
15353 0
15354 0
15355 2
15356 0
15357 0
15358 1
15359 0
15360 0
15361 0
15362 0
15363 0
15364 0
15365 0
15366 0
15367 0
15368 0
15369 3
15370 0
15371 0
15372 0
15373 0
15374 0
15375 0
15376 0
15377 1
15378 1
15379 0
15380 0
15381 0
15382 1
15383 0
15384 0
15385 0
15386 0
15387 0
15388 0
15389 0
15390 0
15391 1
15392 2
15393 0
15394 1
15395 0
15396 2
15397 1
15398 1
15399 0
15400 0
15401 2
15402 1
15403 0
15404 0
15405 0
15406 0
15407 0
15408 0
15409 0
15410 0
15411 0
15412 0
15413 0
15414 0
15415 0
15416 0
15417 0
15418 0
15419 0
15420 0
15421 0
15422 0
15423 0
15424 0
15425 0
15426 0
15427 0
15428 0
15429 0
15430 0
15431 0
15432 1
15433 0
15434 0
15435 0
15436 0
15437 0
15438 0
15439 0
15440 0
15441 0
15442 0
15443 0
15444 0
15445 0
15446 1
15447 0
15448 0
15449 0
15450 0
15451 0
15452 0
15453 0
15454 0
15455 0
15456 0
15457 0
15458 0
15459 0
15460 0
15461 0
15462 1
15463 0
15464 1
15465 0
15466 0
15467 1
15468 0
15469 0
15470 0
15471 0
15472 0
15473 0
15474 0
15475 1
15476 1
15477 0
15478 1
15479 1
15480 0
15481 0
15482 0
15483 0
15484 0
15485 0
15486 1
15487 0
15488 0
15489 0
15490 1
15491 0
15492 0
15493 1
15494 0
15495 0
15496 0
15497 1
15498 0
15499 0
15500 0
15501 0
15502 1
15503 0
15504 0
15505 0
15506 0
15507 0
15508 0
15509 0
15510 0
15511 0
15512 0
15513 0
15514 0
15515 0
15516 0
15517 0
15518 1
15519 0
15520 0
15521 0
15522 0
15523 0
15524 0
15525 0
15526 0
15527 0
15528 1
15529 1
15530 1
15531 0
15532 0
15533 0
15534 0
15535 0
15536 1
15537 0
15538 0
15539 0
15540 0
15541 0
15542 0
15543 0
15544 0
15545 0
15546 0
15547 0
15548 1
15549 0
15550 0
15551 0
15552 0
15553 0
15554 1
15555 1
15556 0
15557 0
15558 0
15559 0
15560 0
15561 0
15562 0
15563 0
15564 1
15565 0
15566 0
15567 0
15568 1
15569 1
15570 0
15571 0
15572 0
15573 0
15574 0
15575 0
15576 0
15577 1
15578 0
15579 0
15580 2
15581 1
15582 0
15583 2
15584 1
15585 0
15586 0
15587 0
15588 0
15589 0
15590 0
15591 0
15592 0
15593 1
15594 0
15595 0
15596 0
15597 0
15598 0
15599 0
15600 0
15601 0
15602 0
15603 0
15604 0
15605 0
15606 0
15607 0
15608 1
15609 0
15610 0
15611 0
15612 0
15613 0
15614 1
15615 0
15616 0
15617 1
15618 0
15619 0
15620 1
15621 0
15622 0
15623 0
15624 0
15625 0
15626 1
15627 0
15628 1
15629 1
15630 0
15631 0
15632 0
15633 1
15634 1
15635 1
15636 1
15637 1
15638 0
15639 0
15640 0
15641 0
15642 0
15643 0
15644 1
15645 0
15646 0
15647 0
15648 0
15649 1
15650 0
15651 0
15652 0
15653 0
15654 0
15655 0
15656 1
15657 0
15658 0
15659 0
15660 0
15661 0
15662 0
15663 0
15664 0
15665 1
15666 0
15667 0
15668 0
15669 0
15670 0
15671 0
15672 0
15673 0
15674 0
15675 0
15676 0
15677 0
15678 0
15679 0
15680 1
15681 0
15682 0
15683 0
15684 0
15685 0
15686 3
15687 0
15688 0
15689 0
15690 0
15691 1
15692 0
15693 0
15694 0
15695 0
15696 0
15697 0
15698 1
15699 1
15700 0
15701 1
15702 0
15703 3
15704 2
15705 0
15706 3
15707 1
15708 1
15709 1
15710 2
15711 4
15712 4
15713 4
15714 8
15715 5
15716 2
15717 4
15718 1
15719 7
15720 4
15721 11
15722 11
15723 9
15724 10
15725 10
15726 3
15727 12
15728 9
15729 5
15730 10
15731 7
15732 9
15733 8
15734 9
15735 5
15736 4
15737 5
15738 6
15739 7
15740 5
15741 3
15742 3
15743 2
15744 6
15745 5
15746 6
15747 3
15748 4
15749 9
15750 9
15751 5
15752 7
15753 7
15754 7
15755 10
15756 16
15757 13
15758 11
15759 8
15760 11
15761 16
15762 11
15763 15
15764 16
15765 11
15766 13
15767 11
15768 15
15769 12
15770 9
15771 11
15772 11
15773 2
15774 5
15775 1
15776 3
15777 4
15778 2
15779 5
15780 2
15781 1
15782 0
15783 3
15784 1
15785 1
15786 1
15787 0
15788 0
15789 0
15790 0
15791 1
15792 0
15793 1
15794 0
15795 0
15796 0
15797 0
15798 1
15799 0
15800 0
15801 0
15802 0
15803 0
15804 0
15805 0
15806 0
15807 0
15808 0
15809 0
15810 0
15811 0
15812 0
15813 0
15814 1
15815 1
15816 0
15817 0
15818 0
15819 0
15820 0
15821 0
15822 0
15823 0
15824 0
15825 0
15826 0
15827 0
15828 0
15829 0
15830 1
15831 0
15832 0
15833 0
15834 0
15835 0
15836 0
15837 1
15838 0
15839 0
15840 0
15841 0
15842 0
15843 1
15844 0
15845 0
15846 0
15847 0
15848 0
15849 0
15850 0
15851 0
15852 1
15853 0
15854 1
15855 0
15856 0
15857 0
15858 0
15859 0
15860 0
15861 0
15862 0
15863 0
15864 0
15865 0
15866 0
15867 0
15868 1
15869 0
15870 0
15871 0
15872 0
15873 0
15874 1
15875 0
15876 0
15877 0
15878 0
15879 1
15880 0
15881 0
15882 0
15883 0
15884 0
15885 0
15886 2
15887 0
15888 0
15889 0
15890 0
15891 0
15892 0
15893 0
15894 0
15895 0
15896 0
15897 0
15898 0
15899 0
15900 0
15901 1
15902 1
15903 1
15904 0
15905 0
15906 0
15907 1
15908 0
15909 0
15910 1
15911 0
15912 0
15913 1
15914 0
15915 0
15916 0
15917 0
15918 0
15919 1
15920 1
15921 0
15922 0
15923 0
15924 0
15925 0
15926 0
15927 0
15928 0
15929 1
15930 0
15931 0
15932 0
15933 0
15934 0
15935 0
15936 0
15937 0
15938 0
15939 0
15940 0
15941 0
15942 0
15943 0
15944 0
15945 0
15946 1
15947 0
15948 0
15949 0
15950 1
15951 0
15952 0
15953 0
15954 0
15955 0
15956 0
15957 0
15958 0
15959 0
15960 0
15961 0
15962 0
15963 1
15964 0
15965 0
15966 0
15967 0
15968 0
15969 0
15970 0
15971 2
15972 0
15973 0
15974 0
15975 0
15976 0
15977 0
15978 0
15979 0
15980 0
15981 0
15982 0
15983 0
15984 0
15985 0
15986 0
15987 0
15988 0
15989 0
15990 0
15991 0
15992 0
15993 0
15994 0
15995 0
15996 0
15997 0
15998 0
15999 0
16000 0
16001 0
16002 0
16003 0
16004 1
16005 0
16006 0
16007 0
16008 0
16009 0
16010 0
16011 0
16012 0
16013 0
16014 0
16015 0
16016 1
16017 0
16018 0
16019 0
16020 0
16021 1
16022 1
16023 0
16024 0
16025 1
16026 0
16027 0
16028 0
16029 0
16030 0
16031 0
16032 0
16033 0
16034 0
16035 0
16036 2
16037 0
16038 0
16039 0
16040 0
16041 0
16042 0
16043 1
16044 0
16045 0
16046 0
16047 0
16048 0
16049 0
16050 0
16051 0
16052 0
16053 0
16054 0
16055 0
16056 1
16057 0
16058 1
16059 0
16060 0
16061 0
16062 0
16063 0
16064 0
16065 0
16066 0
16067 0
16068 0
16069 0
16070 0
16071 0
16072 0
16073 0
16074 0
16075 0
16076 1
16077 0
16078 0
16079 0
16080 0
16081 0
16082 0
16083 0
16084 0
16085 0
16086 0
16087 0
16088 0
16089 0
16090 0
16091 0
16092 0
16093 0
16094 0
16095 0
16096 0
16097 1
16098 0
16099 0
16100 0
16101 3
16102 0
16103 0
16104 0
16105 0
16106 0
16107 0
16108 0
16109 1
16110 0
16111 0
16112 0
16113 0
16114 0
16115 0
16116 0
16117 0
16118 0
16119 0
16120 0
16121 0
16122 0
16123 0
16124 0
16125 0
16126 0
16127 0
16128 0
16129 0
16130 0
16131 0
16132 0
16133 0
16134 0
16135 0
16136 0
16137 0
16138 0
16139 0
16140 0
16141 0
16142 0
16143 0
16144 0
16145 0
16146 0
16147 0
16148 0
16149 0
16150 0
16151 0
16152 0
16153 0
16154 0
16155 0
16156 0
16157 0
16158 0
16159 0
16160 0
16161 0
16162 0
16163 0
16164 0
16165 0
16166 0
16167 0
16168 0
16169 0
16170 0
16171 0
16172 0
16173 0
16174 0
16175 0
16176 1
16177 0
16178 0
16179 0
16180 0
16181 0
16182 0
16183 0
16184 1
16185 0
16186 0
16187 1
16188 1
16189 0
16190 0
16191 0
16192 0
16193 0
16194 0
16195 0
16196 0
16197 0
16198 0
16199 1
16200 0
16201 0
16202 0
16203 0
16204 0
16205 0
16206 0
16207 0
16208 0
16209 0
16210 0
16211 0
16212 0
16213 0
16214 0
16215 0
16216 0
16217 1
16218 0
16219 0
16220 0
16221 0
16222 0
16223 0
16224 0
16225 0
16226 1
16227 0
16228 0
16229 0
16230 0
16231 0
16232 0
16233 0
16234 0
16235 0
16236 0
16237 1
16238 0
16239 0
16240 1
16241 0
16242 1
16243 0
16244 1
16245 0
16246 0
16247 0
16248 0
16249 0
16250 0
16251 0
16252 0
16253 0
16254 0
16255 0
16256 0
16257 0
16258 1
16259 0
16260 0
16261 0
16262 0
16263 0
16264 0
16265 1
16266 0
16267 0
16268 0
16269 0
16270 0
16271 0
16272 0
16273 0
16274 0
16275 0
16276 1
16277 1
16278 0
16279 0
16280 0
16281 0
16282 0
16283 0
16284 0
16285 1
16286 0
16287 0
16288 1
16289 0
16290 1
16291 0
16292 0
16293 0
16294 0
16295 1
16296 0
16297 0
16298 0
16299 0
16300 0
16301 0
16302 0
16303 0
16304 0
16305 0
16306 0
16307 0
16308 0
16309 0
16310 0
16311 0
16312 0
16313 0
16314 0
16315 0
16316 1
16317 0
16318 0
16319 0
16320 0
16321 0
16322 0
16323 0
16324 0
16325 0
16326 0
16327 0
16328 0
16329 0
16330 0
16331 0
16332 0
16333 0
16334 0
16335 0
16336 0
16337 0
16338 0
16339 0
16340 0
16341 0
16342 0
16343 0
16344 1
16345 0
16346 0
16347 0
16348 1
16349 0
16350 0
16351 0
16352 0
16353 0
16354 0
16355 0
16356 0
16357 1
16358 1
16359 0
16360 0
16361 0
16362 0
16363 0
16364 0
16365 0
16366 0
16367 0
16368 0
16369 0
16370 0
16371 0
16372 0
16373 0
16374 0
16375 1
16376 0
16377 1
16378 1
16379 0
16380 0
16381 0
16382 1
16383 747
