0 0
1 10
2 7
3 9
4 7
5 0
6 6
7 1
8 2
9 2
10 0
11 0
12 0
13 0
14 0
15 0
16 0
17 0
18 0
19 0
20 0
21 0
22 0
23 0
24 0
25 0
26 0
27 0
28 0
29 0
30 0
31 0
32 0
33 0
34 0
35 0
36 0
37 0
38 0
39 0
40 0
41 0
42 0
43 0
44 0
45 0
46 0
47 0
48 0
49 0
50 0
51 0
52 0
53 0
54 0
55 0
56 0
57 0
58 0
59 0
60 0
61 0
62 0
63 0
64 0
65 0
66 0
67 0
68 0
69 0
70 0
71 0
72 0
73 0
74 0
75 0
76 0
77 0
78 0
79 0
80 0
81 0
82 0
83 0
84 0
85 0
86 0
87 0
88 0
89 0
90 1
91 2
92 3
93 5
94 8
95 8
96 18
97 22
98 41
99 52
100 72
101 71
102 110
103 118
104 149
105 218
106 243
107 293
108 264
109 365
110 374
111 391
112 438
113 478
114 507
115 526
116 515
117 522
118 554
119 506
120 490
121 493
122 476
123 488
124 445
125 425
126 426
127 380
128 341
129 327
130 313
131 260
132 315
133 261
134 223
135 230
136 221
137 199
138 183
139 208
140 217
141 188
142 179
143 196
144 172
145 189
146 172
147 176
148 174
149 181
150 183
151 193
152 194
153 169
154 205
155 172
156 192
157 197
158 211
159 218
160 180
161 226
162 216
163 174
164 217
165 200
166 198
167 206
168 239
169 218
170 210
171 225
172 203
173 188
174 187
175 165
176 160
177 183
178 197
179 163
180 174
181 134
182 135
183 141
184 124
185 136
186 141
187 135
188 127
189 131
190 122
191 102
192 90
193 100
194 79
195 103
196 84
197 106
198 80
199 86
200 86
201 91
202 83
203 83
204 77
205 87
206 76
207 92
208 71
209 68
210 61
211 71
212 57
213 66
214 79
215 76
216 68
217 53
218 90
219 81
220 67
221 76
222 66
223 78
224 82
225 80
226 78
227 76
228 78
229 74
230 77
231 101
232 96
233 99
234 104
235 88
236 97
237 103
238 99
239 107
240 109
241 120
242 116
243 117
244 125
245 124
246 117
247 138
248 144
249 152
250 144
251 150
252 136
253 133
254 172
255 176
256 131
257 171
258 180
259 192
260 186
261 164
262 193
263 183
264 182
265 198
266 205
267 186
268 223
269 213
270 205
271 222
272 180
273 180
274 210
275 201
276 202
277 210
278 190
279 200
280 214
281 196
282 222
283 238
284 227
285 227
286 211
287 247
288 231
289 205
290 221
291 221
292 228
293 255
294 247
295 252
296 234
297 241
298 295
299 272
300 299
301 280
302 280
303 303
304 286
305 296
306 332
307 330
308 334
309 366
310 322
311 372
312 352
313 394
314 370
315 394
316 398
317 411
318 442
319 438
320 476
321 448
322 454
323 517
324 532
325 528
326 505
327 521
328 545
329 537
330 593
331 604
332 625
333 612
334 670
335 672
336 695
337 680
338 753
339 800
340 793
341 790
342 840
343 932
344 902
345 977
346 919
347 971
348 1059
349 1077
350 1094
351 1117
352 1210
353 1130
354 1221
355 1254
356 1279
357 1316
358 1334
359 1430
360 1457
361 1489
362 1464
363 1563
364 1617
365 1643
366 1645
367 1741
368 1731
369 1711
370 1877
371 1912
372 1924
373 1936
374 1960
375 2012
376 2039
377 2103
378 2113
379 2119
380 2133
381 2229
382 2228
383 2230
384 2296
385 2314
386 2106
387 2287
388 2288
389 2235
390 2331
391 2367
392 2210
393 2245
394 2273
395 2273
396 2270
397 2365
398 2238
399 2144
400 2124
401 2140
402 2072
403 2120
404 2089
405 2036
406 1937
407 1911
408 1907
409 1852
410 1746
411 1773
412 1756
413 1657
414 1571
415 1626
416 1541
417 1520
418 1464
419 1400
420 1363
421 1297
422 1320
423 1269
424 1281
425 1204
426 1209
427 1098
428 1124
429 1065
430 1036
431 968
432 1051
433 946
434 935
435 930
436 893
437 859
438 884
439 878
440 818
441 841
442 825
443 844
444 767
445 768
446 762
447 716
448 776
449 748
450 716
451 674
452 675
453 693
454 649
455 658
456 645
457 616
458 607
459 617
460 647
461 598
462 610
463 595
464 511
465 579
466 559
467 536
468 540
469 490
470 518
471 498
472 486
473 418
474 436
475 413
476 422
477 436
478 351
479 383
480 350
481 312
482 310
483 320
484 308
485 306
486 293
487 282
488 269
489 286
490 266
491 256
492 247
493 211
494 203
495 199
496 195
497 197
498 191
499 196
500 166
501 149
502 152
503 152
504 147
505 131
506 115
507 148
508 150
509 145
510 136
511 137
512 120
513 113
514 131
515 113
516 115
517 109
518 112
519 103
520 109
521 81
522 102
523 103
524 108
525 104
526 96
527 118
528 103
529 98
530 97
531 81
532 102
533 95
534 84
535 100
536 94
537 102
538 93
539 97
540 97
541 105
542 81
543 97
544 99
545 98
546 98
547 105
548 93
549 108
550 96
551 96
552 93
553 88
554 86
555 100
556 104
557 93
558 105
559 107
560 71
561 100
562 98
563 102
564 103
565 95
566 107
567 100
568 90
569 115
570 99
571 106
572 102
573 92
574 84
575 116
576 112
577 98
578 98
579 112
580 95
581 104
582 91
583 102
584 108
585 116
586 98
587 91
588 100
589 123
590 115
591 106
592 113
593 123
594 112
595 115
596 109
597 119
598 84
599 132
600 122
601 112
602 112
603 112
604 111
605 124
606 110
607 118
608 108
609 118
610 129
611 121
612 111
613 125
614 110
615 96
616 113
617 114
618 124
619 116
620 111
621 113
622 107
623 107
624 110
625 128
626 114
627 118
628 140
629 121
630 133
631 125
632 122
633 117
634 113
635 101
636 109
637 122
638 114
639 148
640 109
641 112
642 104
643 127
644 134
645 133
646 143
647 137
648 124
649 153
650 130
651 129
652 124
653 140
654 134
655 142
656 131
657 152
658 127
659 151
660 117
661 127
662 138
663 151
664 123
665 131
666 164
667 135
668 162
669 146
670 131
671 141
672 156
673 142
674 122
675 165
676 143
677 148
678 143
679 144
680 145
681 144
682 161
683 158
684 142
685 144
686 162
687 153
688 159
689 163
690 135
691 166
692 149
693 144
694 155
695 168
696 158
697 150
698 157
699 152
700 163
701 155
702 155
703 148
704 154
705 167
706 161
707 172
708 176
709 157
710 179
711 177
712 170
713 173
714 173
715 176
716 164
717 144
718 174
719 178
720 186
721 161
722 185
723 162
724 193
725 154
726 174
727 144
728 166
729 176
730 191
731 179
732 199
733 190
734 191
735 185
736 208
737 158
738 158
739 195
740 182
741 171
742 180
743 165
744 201
745 188
746 184
747 201
748 180
749 203
750 196
751 191
752 186
753 225
754 206
755 204
756 199
757 195
758 215
759 217
760 219
761 198
762 200
763 195
764 206
765 220
766 206
767 213
768 199
769 211
770 212
771 228
772 194
773 216
774 232
775 229
776 205
777 220
778 244
779 232
780 233
781 209
782 221
783 215
784 257
785 232
786 234
787 209
788 207
789 224
790 222
791 222
792 248
793 222
794 237
795 244
796 217
797 225
798 258
799 252
800 249
801 255
802 244
803 214
804 232
805 226
806 261
807 236
808 224
809 232
810 262
811 239
812 235
813 223
814 222
815 265
816 246
817 255
818 252
819 281
820 245
821 215
822 246
823 290
824 259
825 269
826 227
827 264
828 248
829 235
830 253
831 233
832 252
833 250
834 251
835 258
836 242
837 247
838 252
839 222
840 236
841 240
842 274
843 263
844 261
845 241
846 235
847 262
848 230
849 266
850 243
851 240
852 219
853 253
854 225
855 253
856 237
857 245
858 226
859 248
860 242
861 252
862 242
863 251
864 252
865 236
866 212
867 255
868 262
869 280
870 238
871 219
872 267
873 233
874 233
875 214
876 238
877 239
878 209
879 232
880 238
881 222
882 225
883 217
884 229
885 222
886 215
887 243
888 214
889 225
890 229
891 278
892 218
893 206
894 207
895 239
896 212
897 254
898 230
899 247
900 210
901 243
902 225
903 224
904 180
905 236
906 252
907 219
908 229
909 228
910 205
911 208
912 227
913 205
914 243
915 212
916 219
917 217
918 196
919 225
920 244
921 245
922 230
923 264
924 211
925 212
926 231
927 209
928 222
929 179
930 209
931 204
932 217
933 229
934 219
935 232
936 206
937 199
938 224
939 218
940 217
941 199
942 209
943 240
944 222
945 248
946 227
947 218
948 202
949 188
950 219
951 209
952 216
953 212
954 195
955 204
956 235
957 217
958 214
959 197
960 202
961 222
962 204
963 203
964 223
965 197
966 222
967 228
968 213
969 207
970 202
971 209
972 200
973 217
974 186
975 224
976 190
977 199
978 214
979 227
980 206
981 226
982 204
983 246
984 212
985 216
986 226
987 222
988 204
989 239
990 247
991 243
992 232
993 220
994 222
995 214
996 228
997 224
998 246
999 255
1000 245
1001 236
1002 232
1003 277
1004 263
1005 256
1006 263
1007 269
1008 252
1009 232
1010 268
1011 309
1012 273
1013 299
1014 259
1015 313
1016 268
1017 270
1018 306
1019 290
1020 286
1021 294
1022 297
1023 330
1024 295
1025 307
1026 304
1027 330
1028 330
1029 351
1030 360
1031 348
1032 359
1033 335
1034 357
1035 348
1036 373
1037 370
1038 385
1039 396
1040 374
1041 386
1042 373
1043 440
1044 439
1045 396
1046 417
1047 446
1048 447
1049 450
1050 454
1051 452
1052 460
1053 475
1054 480
1055 478
1056 523
1057 567
1058 524
1059 585
1060 581
1061 510
1062 542
1063 509
1064 593
1065 562
1066 579
1067 621
1068 627
1069 642
1070 568
1071 643
1072 646
1073 630
1074 627
1075 674
1076 684
1077 666
1078 730
1079 673
1080 683
1081 718
1082 773
1083 685
1084 724
1085 813
1086 753
1087 795
1088 676
1089 803
1090 804
1091 770
1092 785
1093 854
1094 873
1095 835
1096 847
1097 900
1098 884
1099 938
1100 831
1101 867
1102 903
1103 894
1104 915
1105 933
1106 917
1107 910
1108 915
1109 959
1110 952
1111 937
1112 927
1113 943
1114 962
1115 930
1116 945
1117 930
1118 1020
1119 940
1120 1030
1121 984
1122 999
1123 986
1124 915
1125 942
1126 957
1127 908
1128 965
1129 935
1130 951
1131 993
1132 1020
1133 987
1134 943
1135 1007
1136 942
1137 977
1138 899
1139 1005
1140 955
1141 930
1142 833
1143 899
1144 888
1145 933
1146 894
1147 908
1148 901
1149 881
1150 898
1151 891
1152 901
1153 832
1154 869
1155 866
1156 841
1157 827
1158 780
1159 800
1160 847
1161 780
1162 787
1163 738
1164 751
1165 756
1166 716
1167 711
1168 767
1169 733
1170 667
1171 712
1172 702
1173 665
1174 667
1175 662
1176 658
1177 603
1178 652
1179 629
1180 608
1181 566
1182 570
1183 567
1184 552
1185 580
1186 534
1187 523
1188 541
1189 511
1190 503
1191 509
1192 500
1193 513
1194 460
1195 468
1196 489
1197 425
1198 426
1199 410
1200 437
1201 408
1202 389
1203 406
1204 361
1205 383
1206 362
1207 375
1208 361
1209 334
1210 327
1211 309
1212 279
1213 309
1214 320
1215 274
1216 279
1217 272
1218 269
1219 255
1220 252
1221 256
1222 256
1223 244
1224 235
1225 233
1226 217
1227 230
1228 210
1229 208
1230 240
1231 207
1232 211
1233 197
1234 215
1235 190
1236 209
1237 189
1238 176
1239 178
1240 197
1241 177
1242 167
1243 178
1244 179
1245 180
1246 157
1247 163
1248 155
1249 174
1250 142
1251 127
1252 149
1253 157
1254 131
1255 136
1256 122
1257 139
1258 144
1259 141
1260 128
1261 154
1262 126
1263 154
1264 138
1265 140
1266 164
1267 111
1268 129
1269 128
1270 118
1271 143
1272 128
1273 152
1274 124
1275 123
1276 129
1277 129
1278 123
1279 130
1280 122
1281 124
1282 125
1283 116
1284 131
1285 115
1286 141
1287 133
1288 129
1289 133
1290 105
1291 139
1292 109
1293 106
1294 122
1295 124
1296 110
1297 126
1298 118
1299 98
1300 139
1301 102
1302 127
1303 136
1304 115
1305 143
1306 123
1307 118
1308 147
1309 131
1310 114
1311 131
1312 129
1313 132
1314 134
1315 132
1316 118
1317 125
1318 115
1319 121
1320 106
1321 139
1322 120
1323 103
1324 112
1325 114
1326 129
1327 135
1328 136
1329 137
1330 118
1331 141
1332 130
1333 122
1334 132
1335 132
1336 119
1337 116
1338 137
1339 134
1340 110
1341 135
1342 114
1343 145
1344 117
1345 125
1346 142
1347 115
1348 132
1349 123
1350 134
1351 146
1352 122
1353 127
1354 126
1355 125
1356 124
1357 127
1358 128
1359 134
1360 139
1361 102
1362 141
1363 131
1364 106
1365 123
1366 117
1367 131
1368 115
1369 128
1370 138
1371 137
1372 118
1373 140
1374 113
1375 126
1376 121
1377 125
1378 137
1379 110
1380 123
1381 126
1382 108
1383 123
1384 105
1385 106
1386 130
1387 130
1388 125
1389 126
1390 137
1391 132
1392 128
1393 127
1394 137
1395 131
1396 145
1397 111
1398 121
1399 112
1400 136
1401 118
1402 124
1403 123
1404 131
1405 149
1406 102
1407 142
1408 115
1409 141
1410 113
1411 130
1412 110
1413 106
1414 118
1415 141
1416 126
1417 126
1418 109
1419 136
1420 132
1421 118
1422 107
1423 123
1424 135
1425 109
1426 124
1427 115
1428 142
1429 124
1430 119
1431 120
1432 118
1433 110
1434 149
1435 104
1436 129
1437 127
1438 117
1439 118
1440 144
1441 120
1442 110
1443 119
1444 123
1445 122
1446 129
1447 151
1448 121
1449 124
1450 122
1451 132
1452 119
1453 142
1454 134
1455 116
1456 125
1457 126
1458 125
1459 118
1460 137
1461 118
1462 127
1463 121
1464 117
1465 126
1466 119
1467 143
1468 138
1469 130
1470 124
1471 138
1472 124
1473 131
1474 132
1475 138
1476 118
1477 126
1478 118
1479 121
1480 129
1481 108
1482 125
1483 110
1484 120
1485 114
1486 118
1487 116
1488 107
1489 106
1490 123
1491 103
1492 112
1493 117
1494 107
1495 104
1496 128
1497 116
1498 113
1499 113
1500 134
1501 137
1502 123
1503 133
1504 112
1505 109
1506 103
1507 110
1508 114
1509 119
1510 120
1511 110
1512 129
1513 110
1514 134
1515 110
1516 128
1517 129
1518 105
1519 97
1520 120
1521 115
1522 125
1523 121
1524 105
1525 123
1526 113
1527 115
1528 107
1529 118
1530 126
1531 112
1532 107
1533 125
1534 114
1535 99
1536 117
1537 134
1538 122
1539 95
1540 114
1541 126
1542 123
1543 106
1544 111
1545 112
1546 123
1547 119
1548 103
1549 126
1550 106
1551 126
1552 114
1553 108
1554 105
1555 109
1556 103
1557 123
1558 107
1559 112
1560 124
1561 99
1562 103
1563 121
1564 102
1565 124
1566 100
1567 108
1568 106
1569 106
1570 117
1571 106
1572 104
1573 125
1574 102
1575 114
1576 100
1577 122
1578 129
1579 125
1580 110
1581 101
1582 104
1583 110
1584 126
1585 120
1586 123
1587 114
1588 108
1589 95
1590 120
1591 98
1592 117
1593 95
1594 113
1595 104
1596 110
1597 120
1598 132
1599 117
1600 107
1601 105
1602 107
1603 115
1604 104
1605 107
1606 107
1607 112
1608 116
1609 121
1610 98
1611 107
1612 127
1613 90
1614 114
1615 120
1616 118
1617 123
1618 110
1619 101
1620 120
1621 118
1622 100
1623 102
1624 120
1625 117
1626 121
1627 129
1628 108
1629 109
1630 124
1631 125
1632 88
1633 99
1634 101
1635 114
1636 114
1637 97
1638 102
1639 110
1640 112
1641 111
1642 101
1643 105
1644 119
1645 107
1646 117
1647 110
1648 111
1649 121
1650 113
1651 137
1652 100
1653 119
1654 95
1655 139
1656 110
1657 97
1658 101
1659 104
1660 89
1661 102
1662 95
1663 118
1664 106
1665 124
1666 114
1667 106
1668 102
1669 106
1670 106
1671 104
1672 110
1673 101
1674 111
1675 101
1676 107
1677 97
1678 97
1679 120
1680 100
1681 95
1682 130
1683 111
1684 109
1685 95
1686 99
1687 100
1688 97
1689 103
1690 102
1691 111
1692 107
1693 94
1694 87
1695 131
1696 89
1697 118
1698 107
1699 95
1700 97
1701 89
1702 103
1703 96
1704 101
1705 80
1706 89
1707 98
1708 116
1709 92
1710 110
1711 92
1712 84
1713 94
1714 108
1715 109
1716 90
1717 115
1718 127
1719 116
1720 107
1721 115
1722 99
1723 121
1724 83
1725 124
1726 116
1727 96
1728 118
1729 99
1730 101
1731 103
1732 103
1733 107
1734 82
1735 77
1736 109
1737 114
1738 104
1739 97
1740 107
1741 99
1742 109
1743 105
1744 109
1745 97
1746 94
1747 100
1748 111
1749 105
1750 113
1751 94
1752 118
1753 100
1754 97
1755 111
1756 92
1757 102
1758 93
1759 106
1760 107
1761 114
1762 93
1763 96
1764 91
1765 97
1766 101
1767 90
1768 95
1769 106
1770 99
1771 112
1772 117
1773 99
1774 80
1775 105
1776 98
1777 112
1778 104
1779 89
1780 129
1781 86
1782 114
1783 99
1784 93
1785 104
1786 117
1787 108
1788 99
1789 110
1790 92
1791 94
1792 100
1793 103
1794 123
1795 106
1796 99
1797 107
1798 108
1799 96
1800 92
1801 120
1802 95
1803 95
1804 96
1805 104
1806 89
1807 101
1808 126
1809 103
1810 90
1811 99
1812 110
1813 114
1814 109
1815 110
1816 94
1817 106
1818 92
1819 111
1820 114
1821 114
1822 109
1823 100
1824 96
1825 87
1826 86
1827 93
1828 118
1829 115
1830 90
1831 104
1832 118
1833 99
1834 81
1835 101
1836 109
1837 93
1838 111
1839 116
1840 119
1841 108
1842 98
1843 96
1844 111
1845 115
1846 94
1847 99
1848 97
1849 108
1850 105
1851 99
1852 102
1853 104
1854 110
1855 119
1856 105
1857 102
1858 106
1859 112
1860 93
1861 106
1862 87
1863 104
1864 103
1865 107
1866 96
1867 96
1868 93
1869 102
1870 98
1871 83
1872 94
1873 90
1874 108
1875 106
1876 93
1877 99
1878 109
1879 94
1880 99
1881 97
1882 123
1883 86
1884 99
1885 94
1886 99
1887 100
1888 95
1889 96
1890 111
1891 116
1892 91
1893 75
1894 90
1895 96
1896 108
1897 96
1898 91
1899 102
1900 117
1901 93
1902 99
1903 99
1904 98
1905 92
1906 92
1907 99
1908 110
1909 90
1910 107
1911 112
1912 89
1913 90
1914 105
1915 105
1916 103
1917 122
1918 101
1919 96
1920 118
1921 100
1922 90
1923 92
1924 105
1925 105
1926 107
1927 98
1928 99
1929 106
1930 94
1931 90
1932 70
1933 96
1934 112
1935 104
1936 84
1937 102
1938 98
1939 94
1940 105
1941 105
1942 113
1943 106
1944 106
1945 97
1946 94
1947 108
1948 108
1949 80
1950 96
1951 100
1952 104
1953 108
1954 96
1955 82
1956 103
1957 96
1958 103
1959 120
1960 99
1961 92
1962 94
1963 106
1964 110
1965 91
1966 105
1967 107
1968 115
1969 85
1970 82
1971 101
1972 104
1973 98
1974 120
1975 95
1976 109
1977 93
1978 109
1979 92
1980 84
1981 119
1982 111
1983 101
1984 95
1985 113
1986 109
1987 84
1988 104
1989 116
1990 100
1991 120
1992 96
1993 103
1994 116
1995 136
1996 108
1997 109
1998 107
1999 109
2000 105
2001 90
2002 128
2003 112
2004 110
2005 113
2006 107
2007 113
2008 102
2009 108
2010 118
2011 118
2012 120
2013 113
2014 129
2015 120
2016 95
2017 110
2018 109
2019 109
2020 118
2021 109
2022 113
2023 134
2024 118
2025 111
2026 121
2027 112
2028 105
2029 131
2030 118
2031 121
2032 119
2033 132
2034 120
2035 111
2036 127
2037 117
2038 120
2039 128
2040 141
2041 136
2042 151
2043 115
2044 124
2045 126
2046 133
2047 141
2048 115
2049 136
2050 132
2051 130
2052 149
2053 126
2054 127
2055 132
2056 135
2057 137
2058 139
2059 130
2060 144
2061 126
2062 139
2063 139
2064 149
2065 134
2066 130
2067 143
2068 173
2069 155
2070 158
2071 150
2072 152
2073 144
2074 140
2075 140
2076 143
2077 134
2078 137
2079 160
2080 145
2081 152
2082 153
2083 141
2084 177
2085 163
2086 168
2087 174
2088 141
2089 153
2090 168
2091 168
2092 167
2093 164
2094 180
2095 144
2096 163
2097 164
2098 160
2099 171
2100 157
2101 157
2102 168
2103 172
2104 168
2105 183
2106 139
2107 186
2108 156
2109 143
2110 161
2111 151
2112 174
2113 146
2114 158
2115 174
2116 177
2117 143
2118 159
2119 164
2120 197
2121 171
2122 172
2123 183
2124 181
2125 162
2126 164
2127 162
2128 181
2129 166
2130 174
2131 170
2132 179
2133 164
2134 182
2135 186
2136 157
2137 210
2138 179
2139 162
2140 166
2141 173
2142 185
2143 174
2144 186
2145 201
2146 184
2147 175
2148 191
2149 166
2150 167
2151 163
2152 183
2153 178
2154 196
2155 145
2156 207
2157 156
2158 168
2159 164
2160 156
2161 176
2162 184
2163 184
2164 175
2165 154
2166 188
2167 199
2168 190
2169 174
2170 176
2171 168
2172 202
2173 183
2174 177
2175 190
2176 175
2177 197
2178 201
2179 166
2180 186
2181 172
2182 161
2183 163
2184 188
2185 195
2186 160
2187 160
2188 200
2189 173
2190 163
2191 183
2192 182
2193 144
2194 142
2195 187
2196 198
2197 176
2198 146
2199 165
2200 193
2201 144
2202 170
2203 162
2204 149
2205 165
2206 178
2207 168
2208 174
2209 169
2210 177
2211 145
2212 182
2213 161
2214 156
2215 197
2216 143
2217 141
2218 179
2219 141
2220 174
2221 162
2222 181
2223 153
2224 168
2225 161
2226 167
2227 153
2228 145
2229 160
2230 135
2231 153
2232 164
2233 143
2234 128
2235 168
2236 150
2237 165
2238 134
2239 145
2240 117
2241 136
2242 153
2243 117
2244 129
2245 145
2246 134
2247 148
2248 130
2249 145
2250 124
2251 129
2252 122
2253 150
2254 134
2255 120
2256 126
2257 134
2258 133
2259 117
2260 101
2261 131
2262 107
2263 130
2264 128
2265 115
2266 104
2267 110
2268 126
2269 117
2270 132
2271 121
2272 127
2273 130
2274 110
2275 123
2276 118
2277 133
2278 112
2279 110
2280 121
2281 119
2282 124
2283 112
2284 135
2285 117
2286 111
2287 104
2288 110
2289 105
2290 108
2291 95
2292 113
2293 113
2294 107
2295 113
2296 95
2297 108
2298 111
2299 100
2300 95
2301 101
2302 96
2303 115
2304 114
2305 94
2306 110
2307 100
2308 97
2309 87
2310 83
2311 89
2312 111
2313 106
2314 89
2315 83
2316 79
2317 81
2318 110
2319 106
2320 82
2321 86
2322 85
2323 80
2324 76
2325 79
2326 98
2327 82
2328 101
2329 102
2330 79
2331 95
2332 79
2333 76
2334 77
2335 76
2336 81
2337 73
2338 76
2339 77
2340 87
2341 94
2342 80
2343 77
2344 80
2345 61
2346 68
2347 86
2348 78
2349 75
2350 77
2351 73
2352 71
2353 76
2354 55
2355 72
2356 59
2357 71
2358 79
2359 72
2360 56
2361 68
2362 68
2363 73
2364 67
2365 72
2366 84
2367 57
2368 61
2369 69
2370 75
2371 73
2372 70
2373 72
2374 60
2375 84
2376 60
2377 61
2378 70
2379 74
2380 53
2381 84
2382 72
2383 61
2384 72
2385 53
2386 78
2387 73
2388 88
2389 55
2390 55
2391 67
2392 81
2393 55
2394 61
2395 60
2396 67
2397 75
2398 76
2399 59
2400 67
2401 58
2402 54
2403 58
2404 57
2405 68
2406 62
2407 59
2408 58
2409 61
2410 51
2411 69
2412 54
2413 49
2414 64
2415 55
2416 54
2417 73
2418 55
2419 63
2420 64
2421 67
2422 55
2423 64
2424 65
2425 53
2426 44
2427 69
2428 65
2429 79
2430 70
2431 64
2432 66
2433 62
2434 53
2435 57
2436 69
2437 55
2438 61
2439 47
2440 50
2441 68
2442 63
2443 58
2444 64
2445 48
2446 71
2447 58
2448 70
2449 72
2450 59
2451 70
2452 71
2453 63
2454 66
2455 61
2456 60
2457 61
2458 57
2459 46
2460 58
2461 61
2462 63
2463 49
2464 57
2465 53
2466 66
2467 62
2468 53
2469 58
2470 75
2471 59
2472 53
2473 62
2474 61
2475 44
2476 74
2477 60
2478 62
2479 53
2480 55
2481 48
2482 77
2483 69
2484 58
2485 52
2486 55
2487 55
2488 71
2489 57
2490 48
2491 57
2492 56
2493 53
2494 56
2495 53
2496 60
2497 58
2498 44
2499 71
2500 49
2501 66
2502 63
2503 63
2504 50
2505 67
2506 55
2507 54
2508 69
2509 62
2510 51
2511 63
2512 55
2513 53
2514 63
2515 58
2516 46
2517 53
2518 50
2519 69
2520 70
2521 61
2522 62
2523 59
2524 58
2525 58
2526 57
2527 61
2528 62
2529 56
2530 64
2531 51
2532 57
2533 64
2534 56
2535 66
2536 52
2537 59
2538 53
2539 59
2540 78
2541 49
2542 61
2543 63
2544 61
2545 70
2546 61
2547 52
2548 39
2549 59
2550 60
2551 63
2552 59
2553 49
2554 64
2555 35
2556 68
2557 58
2558 48
2559 67
2560 58
2561 57
2562 55
2563 55
2564 54
2565 49
2566 58
2567 54
2568 59
2569 56
2570 62
2571 54
2572 42
2573 55
2574 53
2575 48
2576 63
2577 55
2578 63
2579 55
2580 60
2581 47
2582 58
2583 56
2584 57
2585 63
2586 65
2587 59
2588 58
2589 50
2590 66
2591 63
2592 56
2593 52
2594 55
2595 68
2596 63
2597 62
2598 61
2599 60
2600 60
2601 55
2602 58
2603 55
2604 67
2605 55
2606 53
2607 58
2608 54
2609 52
2610 64
2611 51
2612 59
2613 60
2614 70
2615 55
2616 46
2617 50
2618 51
2619 56
2620 59
2621 57
2622 48
2623 58
2624 62
2625 55
2626 49
2627 61
2628 58
2629 56
2630 54
2631 64
2632 46
2633 45
2634 48
2635 54
2636 57
2637 46
2638 60
2639 59
2640 71
2641 52
2642 53
2643 47
2644 55
2645 67
2646 61
2647 54
2648 63
2649 55
2650 49
2651 52
2652 50
2653 52
2654 61
2655 51
2656 52
2657 47
2658 62
2659 61
2660 49
2661 61
2662 48
2663 56
2664 54
2665 54
2666 60
2667 49
2668 58
2669 65
2670 65
2671 46
2672 61
2673 56
2674 59
2675 53
2676 51
2677 57
2678 54
2679 55
2680 62
2681 63
2682 49
2683 53
2684 57
2685 46
2686 64
2687 65
2688 61
2689 51
2690 63
2691 60
2692 45
2693 52
2694 62
2695 62
2696 64
2697 76
2698 69
2699 58
2700 70
2701 60
2702 68
2703 74
2704 71
2705 69
2706 52
2707 63
2708 64
2709 60
2710 69
2711 59
2712 47
2713 65
2714 53
2715 61
2716 61
2717 66
2718 60
2719 63
2720 56
2721 61
2722 66
2723 49
2724 58
2725 77
2726 67
2727 86
2728 80
2729 70
2730 67
2731 66
2732 71
2733 70
2734 67
2735 70
2736 71
2737 58
2738 52
2739 77
2740 62
2741 58
2742 73
2743 69
2744 76
2745 74
2746 83
2747 70
2748 73
2749 85
2750 74
2751 85
2752 94
2753 70
2754 64
2755 86
2756 74
2757 61
2758 79
2759 73
2760 73
2761 73
2762 98
2763 90
2764 87
2765 72
2766 92
2767 82
2768 93
2769 83
2770 82
2771 93
2772 100
2773 87
2774 91
2775 73
2776 94
2777 91
2778 89
2779 99
2780 88
2781 96
2782 96
2783 93
2784 86
2785 115
2786 78
2787 89
2788 108
2789 95
2790 83
2791 84
2792 96
2793 91
2794 116
2795 100
2796 87
2797 100
2798 112
2799 90
2800 93
2801 113
2802 93
2803 94
2804 115
2805 120
2806 105
2807 109
2808 126
2809 104
2810 117
2811 90
2812 118
2813 109
2814 128
2815 132
2816 108
2817 132
2818 122
2819 120
2820 109
2821 120
2822 131
2823 136
2824 114
2825 130
2826 118
2827 112
2828 133
2829 124
2830 128
2831 127
2832 134
2833 127
2834 131
2835 129
2836 155
2837 118
2838 139
2839 136
2840 146
2841 154
2842 149
2843 144
2844 141
2845 148
2846 130
2847 141
2848 153
2849 117
2850 163
2851 148
2852 164
2853 160
2854 127
2855 142
2856 164
2857 172
2858 149
2859 149
2860 171
2861 148
2862 141
2863 161
2864 141
2865 162
2866 166
2867 154
2868 153
2869 178
2870 176
2871 169
2872 194
2873 177
2874 170
2875 167
2876 175
2877 147
2878 180
2879 181
2880 166
2881 166
2882 163
2883 169
2884 186
2885 182
2886 194
2887 212
2888 188
2889 176
2890 169
2891 153
2892 166
2893 168
2894 157
2895 200
2896 189
2897 183
2898 212
2899 194
2900 197
2901 214
2902 190
2903 184
2904 174
2905 180
2906 206
2907 200
2908 196
2909 206
2910 205
2911 203
2912 189
2913 216
2914 218
2915 200
2916 212
2917 200
2918 213
2919 198
2920 250
2921 237
2922 204
2923 204
2924 218
2925 216
2926 197
2927 216
2928 198
2929 229
2930 222
2931 243
2932 218
2933 192
2934 238
2935 235
2936 234
2937 222
2938 210
2939 208
2940 279
2941 235
2942 217
2943 218
2944 251
2945 244
2946 236
2947 235
2948 225
2949 223
2950 227
2951 238
2952 249
2953 226
2954 245
2955 236
2956 233
2957 239
2958 266
2959 247
2960 267
2961 259
2962 275
2963 243
2964 247
2965 235
2966 250
2967 249
2968 258
2969 249
2970 264
2971 238
2972 245
2973 244
2974 259
2975 244
2976 251
2977 254
2978 235
2979 259
2980 250
2981 255
2982 256
2983 256
2984 247
2985 274
2986 260
2987 248
2988 256
2989 236
2990 277
2991 262
2992 282
2993 244
2994 260
2995 244
2996 259
2997 243
2998 251
2999 251
3000 261
3001 251
3002 254
3003 261
3004 265
3005 257
3006 230
3007 242
3008 259
3009 231
3010 255
3011 266
3012 251
3013 230
3014 249
3015 258
3016 256
3017 218
3018 263
3019 245
3020 272
3021 280
3022 263
3023 243
3024 236
3025 251
3026 271
3027 240
3028 256
3029 235
3030 274
3031 260
3032 233
3033 249
3034 283
3035 262
3036 257
3037 242
3038 253
3039 249
3040 272
3041 232
3042 238
3043 241
3044 252
3045 238
3046 220
3047 221
3048 244
3049 228
3050 265
3051 275
3052 246
3053 211
3054 232
3055 242
3056 230
3057 202
3058 243
3059 243
3060 226
3061 227
3062 234
3063 226
3064 219
3065 228
3066 221
3067 235
3068 225
3069 234
3070 244
3071 215
3072 230
3073 236
3074 227
3075 217
3076 223
3077 234
3078 209
3079 219
3080 208
3081 214
3082 210
3083 201
3084 209
3085 249
3086 201
3087 214
3088 224
3089 184
3090 230
3091 203
3092 218
3093 206
3094 191
3095 217
3096 199
3097 206
3098 188
3099 218
3100 218
3101 199
3102 212
3103 202
3104 198
3105 196
3106 215
3107 193
3108 183
3109 160
3110 226
3111 197
3112 178
3113 193
3114 187
3115 164
3116 201
3117 184
3118 202
3119 184
3120 169
3121 200
3122 169
3123 172
3124 169
3125 167
3126 164
3127 172
3128 153
3129 175
3130 179
3131 125
3132 160
3133 160
3134 151
3135 147
3136 177
3137 174
3138 152
3139 148
3140 175
3141 166
3142 158
3143 165
3144 138
3145 144
3146 158
3147 147
3148 159
3149 131
3150 130
3151 164
3152 167
3153 146
3154 151
3155 134
3156 123
3157 144
3158 146
3159 157
3160 133
3161 131
3162 143
3163 130
3164 144
3165 155
3166 159
3167 117
3168 138
3169 117
3170 132
3171 136
3172 103
3173 139
3174 117
3175 141
3176 107
3177 126
3178 94
3179 127
3180 126
3181 130
3182 143
3183 120
3184 112
3185 116
3186 100
3187 125
3188 111
3189 104
3190 100
3191 101
3192 114
3193 97
3194 112
3195 91
3196 97
3197 120
3198 115
3199 126
3200 83
3201 95
3202 91
3203 97
3204 87
3205 96
3206 95
3207 89
3208 109
3209 89
3210 90
3211 78
3212 89
3213 71
3214 87
3215 90
3216 79
3217 80
3218 81
3219 87
3220 78
3221 84
3222 90
3223 91
3224 70
3225 70
3226 62
3227 77
3228 73
3229 89
3230 72
3231 77
3232 74
3233 90
3234 62
3235 73
3236 70
3237 68
3238 64
3239 68
3240 67
3241 86
3242 79
3243 72
3244 75
3245 56
3246 58
3247 77
3248 64
3249 62
3250 75
3251 52
3252 64
3253 55
3254 75
3255 68
3256 68
3257 47
3258 72
3259 72
3260 65
3261 53
3262 68
3263 62
3264 65
3265 68
3266 63
3267 58
3268 59
3269 45
3270 57
3271 62
3272 62
3273 66
3274 49
3275 48
3276 55
3277 54
3278 50
3279 43
3280 48
3281 55
3282 45
3283 48
3284 62
3285 42
3286 54
3287 45
3288 47
3289 56
3290 60
3291 48
3292 51
3293 56
3294 55
3295 48
3296 45
3297 40
3298 52
3299 54
3300 41
3301 55
3302 42
3303 49
3304 38
3305 37
3306 38
3307 40
3308 48
3309 43
3310 41
3311 41
3312 45
3313 62
3314 38
3315 36
3316 51
3317 57
3318 49
3319 39
3320 55
3321 48
3322 38
3323 38
3324 39
3325 39
3326 38
3327 54
3328 35
3329 37
3330 46
3331 51
3332 59
3333 43
3334 45
3335 42
3336 53
3337 35
3338 50
3339 40
3340 33
3341 41
3342 39
3343 45
3344 43
3345 47
3346 38
3347 42
3348 47
3349 35
3350 42
3351 35
3352 35
3353 50
3354 46
3355 40
3356 33
3357 49
3358 43
3359 31
3360 48
3361 40
3362 42
3363 42
3364 41
3365 43
3366 46
3367 46
3368 44
3369 39
3370 36
3371 50
3372 40
3373 46
3374 45
3375 42
3376 41
3377 45
3378 41
3379 46
3380 42
3381 24
3382 37
3383 44
3384 48
3385 47
3386 46
3387 39
3388 42
3389 49
3390 34
3391 34
3392 36
3393 39
3394 42
3395 35
3396 41
3397 29
3398 45
3399 40
3400 35
3401 40
3402 43
3403 40
3404 46
3405 42
3406 30
3407 48
3408 29
3409 38
3410 34
3411 41
3412 31
3413 43
3414 43
3415 47
3416 49
3417 31
3418 36
3419 48
3420 39
3421 55
3422 45
3423 35
3424 38
3425 40
3426 34
3427 42
3428 53
3429 37
3430 45
3431 43
3432 37
3433 29
3434 36
3435 38
3436 41
3437 53
3438 42
3439 42
3440 45
3441 43
3442 43
3443 49
3444 48
3445 39
3446 34
3447 52
3448 51
3449 49
3450 38
3451 41
3452 42
3453 45
3454 41
3455 38
3456 33
3457 52
3458 44
3459 39
3460 49
3461 38
3462 31
3463 46
3464 42
3465 39
3466 48
3467 44
3468 37
3469 34
3470 41
3471 45
3472 49
3473 44
3474 40
3475 39
3476 46
3477 49
3478 33
3479 37
3480 33
3481 32
3482 43
3483 49
3484 39
3485 48
3486 41
3487 38
3488 36
3489 50
3490 35
3491 49
3492 55
3493 53
3494 39
3495 52
3496 41
3497 50
3498 38
3499 33
3500 49
3501 33
3502 41
3503 43
3504 35
3505 49
3506 62
3507 36
3508 41
3509 33
3510 36
3511 48
3512 42
3513 36
3514 43
3515 45
3516 34
3517 54
3518 44
3519 41
3520 51
3521 48
3522 43
3523 44
3524 39
3525 39
3526 45
3527 40
3528 50
3529 36
3530 53
3531 51
3532 38
3533 50
3534 38
3535 48
3536 41
3537 41
3538 41
3539 55
3540 45
3541 51
3542 37
3543 45
3544 39
3545 52
3546 44
3547 44
3548 49
3549 50
3550 53
3551 58
3552 49
3553 42
3554 38
3555 53
3556 53
3557 46
3558 48
3559 53
3560 43
3561 37
3562 38
3563 56
3564 36
3565 44
3566 45
3567 61
3568 53
3569 49
3570 49
3571 49
3572 45
3573 44
3574 41
3575 41
3576 45
3577 41
3578 51
3579 45
3580 56
3581 47
3582 44
3583 47
3584 40
3585 51
3586 43
3587 42
3588 54
3589 42
3590 44
3591 47
3592 43
3593 48
3594 44
3595 55
3596 48
3597 43
3598 49
3599 49
3600 44
3601 42
3602 47
3603 30
3604 64
3605 65
3606 50
3607 49
3608 32
3609 50
3610 38
3611 50
3612 36
3613 50
3614 47
3615 50
3616 43
3617 39
3618 47
3619 50
3620 33
3621 40
3622 60
3623 57
3624 56
3625 46
3626 43
3627 43
3628 48
3629 47
3630 62
3631 39
3632 62
3633 45
3634 40
3635 45
3636 45
3637 55
3638 60
3639 54
3640 45
3641 46
3642 38
3643 48
3644 46
3645 49
3646 45
3647 47
3648 37
3649 41
3650 39
3651 52
3652 35
3653 66
3654 48
3655 42
3656 48
3657 50
3658 50
3659 46
3660 63
3661 39
3662 58
3663 42
3664 48
3665 55
3666 50
3667 61
3668 55
3669 40
3670 61
3671 47
3672 39
3673 56
3674 44
3675 49
3676 58
3677 42
3678 40
3679 61
3680 48
3681 51
3682 49
3683 59
3684 50
3685 59
3686 41
3687 61
3688 51
3689 50
3690 43
3691 50
3692 47
3693 42
3694 49
3695 53
3696 48
3697 40
3698 59
3699 64
3700 38
3701 50
3702 38
3703 59
3704 52
3705 56
3706 43
3707 63
3708 43
3709 45
3710 43
3711 42
3712 60
3713 51
3714 36
3715 38
3716 47
3717 53
3718 57
3719 47
3720 52
3721 48
3722 39
3723 57
3724 43
3725 55
3726 50
3727 46
3728 47
3729 55
3730 48
3731 53
3732 50
3733 43
3734 35
3735 38
3736 42
3737 46
3738 47
3739 48
3740 40
3741 44
3742 52
3743 46
3744 44
3745 43
3746 55
3747 46
3748 56
3749 59
3750 42
3751 44
3752 59
3753 50
3754 32
3755 48
3756 56
3757 42
3758 53
3759 44
3760 43
3761 42
3762 58
3763 47
3764 47
3765 54
3766 49
3767 45
3768 53
3769 42
3770 39
3771 39
3772 44
3773 55
3774 32
3775 46
3776 34
3777 57
3778 49
3779 40
3780 48
3781 31
3782 48
3783 53
3784 60
3785 26
3786 55
3787 47
3788 56
3789 60
3790 37
3791 43
3792 52
3793 51
3794 48
3795 50
3796 33
3797 42
3798 47
3799 53
3800 54
3801 43
3802 58
3803 50
3804 40
3805 50
3806 44
3807 45
3808 52
3809 37
3810 41
3811 56
3812 48
3813 44
3814 56
3815 40
3816 43
3817 47
3818 68
3819 42
3820 38
3821 60
3822 52
3823 45
3824 48
3825 49
3826 40
3827 48
3828 57
3829 46
3830 51
3831 50
3832 51
3833 46
3834 55
3835 52
3836 45
3837 44
3838 51
3839 52
3840 39
3841 43
3842 49
3843 42
3844 46
3845 45
3846 35
3847 49
3848 46
3849 51
3850 40
3851 47
3852 47
3853 54
3854 43
3855 30
3856 49
3857 40
3858 41
3859 52
3860 50
3861 44
3862 50
3863 48
3864 39
3865 55
3866 48
3867 36
3868 45
3869 32
3870 47
3871 53
3872 60
3873 53
3874 45
3875 44
3876 46
3877 37
3878 49
3879 44
3880 48
3881 44
3882 50
3883 42
3884 51
3885 41
3886 47
3887 35
3888 40
3889 33
3890 32
3891 39
3892 48
3893 41
3894 50
3895 53
3896 48
3897 50
3898 37
3899 33
3900 55
3901 49
3902 44
3903 55
3904 47
3905 25
3906 34
3907 43
3908 36
3909 36
3910 34
3911 44
3912 51
3913 46
3914 48
3915 47
3916 41
3917 38
3918 42
3919 32
3920 48
3921 43
3922 44
3923 40
3924 46
3925 40
3926 34
3927 44
3928 45
3929 37
3930 48
3931 38
3932 47
3933 38
3934 37
3935 41
3936 43
3937 41
3938 35
3939 42
3940 54
3941 48
3942 41
3943 46
3944 40
3945 47
3946 43
3947 32
3948 32
3949 35
3950 39
3951 34
3952 42
3953 39
3954 44
3955 37
3956 38
3957 36
3958 28
3959 45
3960 29
3961 46
3962 37
3963 35
3964 35
3965 53
3966 53
3967 41
3968 52
3969 43
3970 32
3971 29
3972 35
3973 44
3974 54
3975 50
3976 33
3977 38
3978 34
3979 40
3980 47
3981 30
3982 43
3983 40
3984 35
3985 38
3986 38
3987 47
3988 43
3989 41
3990 37
3991 38
3992 43
3993 40
3994 37
3995 39
3996 47
3997 34
3998 38
3999 48
4000 41
4001 33
4002 52
4003 34
4004 36
4005 35
4006 38
4007 33
4008 39
4009 32
4010 33
4011 43
4012 38
4013 40
4014 33
4015 33
4016 36
4017 31
4018 30
4019 40
4020 30
4021 40
4022 29
4023 32
4024 37
4025 33
4026 44
4027 44
4028 35
4029 33
4030 46
4031 32
4032 41
4033 43
4034 36
4035 35
4036 29
4037 27
4038 36
4039 29
4040 23
4041 32
4042 25
4043 33
4044 26
4045 35
4046 30
4047 35
4048 33
4049 36
4050 54
4051 29
4052 29
4053 38
4054 37
4055 31
4056 37
4057 22
4058 29
4059 44
4060 44
4061 35
4062 38
4063 28
4064 31
4065 36
4066 36
4067 33
4068 34
4069 28
4070 33
4071 29
4072 27
4073 31
4074 29
4075 39
4076 39
4077 24
4078 35
4079 24
4080 31
4081 35
4082 40
4083 23
4084 41
4085 31
4086 51
4087 29
4088 43
4089 28
4090 30
4091 40
4092 33
4093 34
4094 36
4095 32
4096 22
4097 33
4098 29
4099 27
4100 21
4101 25
4102 34
4103 30
4104 36
4105 24
4106 22
4107 34
4108 24
4109 30
4110 35
4111 20
4112 35
4113 35
4114 30
4115 21
4116 38
4117 36
4118 37
4119 29
4120 26
4121 25
4122 34
4123 35
4124 33
4125 34
4126 30
4127 31
4128 32
4129 32
4130 35
4131 39
4132 36
4133 34
4134 24
4135 22
4136 25
4137 27
4138 31
4139 33
4140 33
4141 31
4142 24
4143 30
4144 28
4145 30
4146 29
4147 31
4148 34
4149 33
4150 32
4151 35
4152 18
4153 30
4154 39
4155 27
4156 29
4157 29
4158 28
4159 26
4160 35
4161 31
4162 38
4163 32
4164 26
4165 31
4166 33
4167 27
4168 32
4169 28
4170 31
4171 38
4172 23
4173 26
4174 24
4175 41
4176 26
4177 35
4178 25
4179 20
4180 35
4181 23
4182 31
4183 38
4184 23
4185 21
4186 26
4187 26
4188 28
4189 27
4190 29
4191 31
4192 30
4193 30
4194 44
4195 33
4196 22
4197 32
4198 36
4199 38
4200 30
4201 35
4202 29
4203 26
4204 25
4205 34
4206 32
4207 32
4208 30
4209 36
4210 28
4211 30
4212 29
4213 22
4214 35
4215 29
4216 28
4217 17
4218 33
4219 23
4220 33
4221 21
4222 29
4223 34
4224 26
4225 29
4226 22
4227 29
4228 30
4229 29
4230 29
4231 32
4232 27
4233 21
4234 29
4235 28
4236 19
4237 27
4238 21
4239 26
4240 24
4241 34
4242 38
4243 28
4244 29
4245 28
4246 29
4247 32
4248 29
4249 27
4250 30
4251 24
4252 25
4253 28
4254 25
4255 24
4256 23
4257 35
4258 30
4259 34
4260 35
4261 28
4262 23
4263 33
4264 35
4265 30
4266 31
4267 28
4268 26
4269 28
4270 27
4271 29
4272 32
4273 33
4274 37
4275 29
4276 26
4277 19
4278 18
4279 19
4280 33
4281 37
4282 29
4283 26
4284 29
4285 32
4286 34
4287 31
4288 21
4289 34
4290 32
4291 41
4292 35
4293 29
4294 32
4295 16
4296 28
4297 36
4298 28
4299 35
4300 31
4301 37
4302 34
4303 26
4304 33
4305 30
4306 37
4307 25
4308 17
4309 29
4310 35
4311 32
4312 36
4313 25
4314 27
4315 29
4316 26
4317 36
4318 28
4319 33
4320 41
4321 23
4322 22
4323 25
4324 29
4325 22
4326 29
4327 18
4328 24
4329 30
4330 33
4331 36
4332 24
4333 30
4334 19
4335 28
4336 35
4337 23
4338 27
4339 28
4340 21
4341 23
4342 31
4343 30
4344 27
4345 21
4346 22
4347 35
4348 33
4349 30
4350 23
4351 23
4352 27
4353 42
4354 20
4355 43
4356 27
4357 36
4358 30
4359 32
4360 26
4361 40
4362 35
4363 39
4364 28
4365 24
4366 26
4367 22
4368 26
4369 20
4370 25
4371 34
4372 31
4373 27
4374 29
4375 23
4376 28
4377 36
4378 22
4379 24
4380 29
4381 28
4382 35
4383 31
4384 23
4385 34
4386 26
4387 34
4388 21
4389 24
4390 34
4391 22
4392 23
4393 34
4394 23
4395 34
4396 26
4397 30
4398 28
4399 34
4400 29
4401 41
4402 26
4403 24
4404 36
4405 33
4406 25
4407 35
4408 30
4409 26
4410 26
4411 25
4412 30
4413 35
4414 26
4415 23
4416 25
4417 25
4418 19
4419 27
4420 25
4421 30
4422 28
4423 28
4424 28
4425 23
4426 29
4427 28
4428 31
4429 29
4430 16
4431 32
4432 25
4433 31
4434 30
4435 27
4436 31
4437 31
4438 22
4439 38
4440 23
4441 25
4442 28
4443 24
4444 26
4445 27
4446 24
4447 19
4448 28
4449 35
4450 31
4451 25
4452 27
4453 26
4454 19
4455 31
4456 26
4457 34
4458 18
4459 23
4460 25
4461 28
4462 30
4463 32
4464 23
4465 38
4466 31
4467 28
4468 27
4469 32
4470 23
4471 29
4472 22
4473 30
4474 26
4475 24
4476 21
4477 34
4478 33
4479 27
4480 33
4481 23
4482 34
4483 23
4484 26
4485 27
4486 27
4487 28
4488 26
4489 30
4490 27
4491 32
4492 37
4493 31
4494 32
4495 32
4496 29
4497 28
4498 36
4499 25
4500 22
4501 25
4502 30
4503 22
4504 33
4505 24
4506 22
4507 25
4508 21
4509 23
4510 33
4511 20
4512 28
4513 33
4514 23
4515 22
4516 28
4517 27
4518 32
4519 30
4520 18
4521 32
4522 25
4523 16
4524 24
4525 26
4526 32
4527 29
4528 26
4529 34
4530 30
4531 29
4532 34
4533 40
4534 26
4535 30
4536 27
4537 23
4538 26
4539 22
4540 22
4541 33
4542 27
4543 35
4544 23
4545 27
4546 22
4547 27
4548 25
4549 25
4550 18
4551 22
4552 36
4553 32
4554 25
4555 25
4556 26
4557 30
4558 24
4559 37
4560 31
4561 31
4562 27
4563 29
4564 32
4565 25
4566 18
4567 21
4568 28
4569 23
4570 24
4571 24
4572 29
4573 29
4574 16
4575 27
4576 30
4577 25
4578 24
4579 21
4580 28
4581 26
4582 25
4583 23
4584 31
4585 19
4586 24
4587 27
4588 21
4589 27
4590 31
4591 28
4592 28
4593 30
4594 24
4595 21
4596 31
4597 22
4598 26
4599 29
4600 24
4601 34
4602 27
4603 33
4604 23
4605 27
4606 31
4607 17
4608 25
4609 29
4610 26
4611 27
4612 30
4613 22
4614 29
4615 23
4616 35
4617 35
4618 30
4619 33
4620 28
4621 31
4622 42
4623 22
4624 23
4625 34
4626 25
4627 25
4628 33
4629 26
4630 29
4631 26
4632 21
4633 21
4634 23
4635 26
4636 29
4637 35
4638 21
4639 25
4640 29
4641 36
4642 30
4643 25
4644 33
4645 33
4646 36
4647 28
4648 24
4649 25
4650 29
4651 18
4652 27
4653 24
4654 27
4655 34
4656 28
4657 22
4658 30
4659 23
4660 27
4661 37
4662 28
4663 23
4664 30
4665 27
4666 21
4667 31
4668 22
4669 36
4670 19
4671 36
4672 24
4673 40
4674 39
4675 33
4676 36
4677 21
4678 28
4679 24
4680 26
4681 26
4682 19
4683 30
4684 22
4685 14
4686 27
4687 25
4688 28
4689 21
4690 28
4691 33
4692 35
4693 39
4694 26
4695 32
4696 32
4697 23
4698 37
4699 29
4700 24
4701 25
4702 25
4703 29
4704 28
4705 22
4706 26
4707 20
4708 20
4709 26
4710 24
4711 28
4712 28
4713 25
4714 30
4715 39
4716 34
4717 19
4718 33
4719 32
4720 27
4721 23
4722 27
4723 26
4724 18
4725 30
4726 25
4727 25
4728 26
4729 22
4730 15
4731 25
4732 28
4733 29
4734 21
4735 22
4736 20
4737 29
4738 41
4739 30
4740 27
4741 37
4742 33
4743 26
4744 23
4745 23
4746 25
4747 31
4748 28
4749 33
4750 28
4751 25
4752 23
4753 24
4754 33
4755 33
4756 31
4757 34
4758 21
4759 29
4760 30
4761 25
4762 29
4763 28
4764 23
4765 23
4766 22
4767 22
4768 26
4769 28
4770 20
4771 23
4772 29
4773 21
4774 33
4775 19
4776 25
4777 37
4778 35
4779 27
4780 30
4781 30
4782 25
4783 27
4784 25
4785 31
4786 30
4787 36
4788 29
4789 22
4790 27
4791 22
4792 22
4793 33
4794 29
4795 21
4796 24
4797 30
4798 39
4799 27
4800 34
4801 31
4802 29
4803 21
4804 21
4805 28
4806 21
4807 36
4808 22
4809 34
4810 28
4811 25
4812 27
4813 25
4814 23
4815 30
4816 22
4817 30
4818 26
4819 36
4820 38
4821 20
4822 22
4823 25
4824 29
4825 28
4826 34
4827 18
4828 22
4829 30
4830 25
4831 27
4832 32
4833 26
4834 28
4835 28
4836 21
4837 19
4838 20
4839 28
4840 35
4841 22
4842 25
4843 26
4844 25
4845 28
4846 21
4847 27
4848 29
4849 31
4850 25
4851 20
4852 29
4853 30
4854 27
4855 20
4856 27
4857 19
4858 22
4859 24
4860 25
4861 36
4862 29
4863 22
4864 16
4865 23
4866 21
4867 18
4868 26
4869 22
4870 27
4871 25
4872 33
4873 35
4874 29
4875 37
4876 13
4877 27
4878 18
4879 28
4880 25
4881 30
4882 34
4883 29
4884 23
4885 25
4886 29
4887 24
4888 29
4889 21
4890 32
4891 23
4892 17
4893 33
4894 30
4895 25
4896 17
4897 31
4898 31
4899 22
4900 24
4901 19
4902 27
4903 32
4904 35
4905 25
4906 29
4907 20
4908 32
4909 22
4910 28
4911 26
4912 21
4913 24
4914 27
4915 22
4916 32
4917 27
4918 25
4919 24
4920 20
4921 22
4922 23
4923 22
4924 33
4925 29
4926 19
4927 20
4928 24
4929 26
4930 28
4931 42
4932 25
4933 20
4934 25
4935 32
4936 29
4937 27
4938 34
4939 34
4940 17
4941 20
4942 24
4943 24
4944 25
4945 26
4946 22
4947 25
4948 24
4949 27
4950 28
4951 28
4952 28
4953 24
4954 26
4955 20
4956 36
4957 27
4958 24
4959 29
4960 20
4961 21
4962 26
4963 23
4964 18
4965 20
4966 20
4967 24
4968 22
4969 23
4970 22
4971 26
4972 28
4973 23
4974 30
4975 36
4976 21
4977 27
4978 20
4979 28
4980 26
4981 22
4982 26
4983 28
4984 21
4985 19
4986 24
4987 25
4988 31
4989 16
4990 26
4991 34
4992 25
4993 37
4994 26
4995 35
4996 18
4997 18
4998 19
4999 23
5000 17
5001 26
5002 34
5003 31
5004 31
5005 26
5006 17
5007 30
5008 22
5009 39
5010 26
5011 20
5012 30
5013 28
5014 30
5015 21
5016 25
5017 26
5018 31
5019 31
5020 20
5021 32
5022 24
5023 25
5024 24
5025 32
5026 25
5027 29
5028 14
5029 20
5030 20
5031 27
5032 25
5033 34
5034 28
5035 30
5036 30
5037 31
5038 20
5039 23
5040 27
5041 26
5042 25
5043 32
5044 28
5045 23
5046 17
5047 22
5048 26
5049 27
5050 14
5051 31
5052 28
5053 25
5054 30
5055 19
5056 26
5057 20
5058 26
5059 33
5060 26
5061 22
5062 26
5063 34
5064 30
5065 21
5066 17
5067 21
5068 30
5069 18
5070 23
5071 26
5072 27
5073 27
5074 20
5075 28
5076 23
5077 25
5078 18
5079 17
5080 25
5081 25
5082 19
5083 23
5084 22
5085 19
5086 24
5087 21
5088 27
5089 18
5090 25
5091 17
5092 21
5093 18
5094 18
5095 28
5096 16
5097 28
5098 20
5099 24
5100 20
5101 17
5102 21
5103 15
5104 17
5105 27
5106 14
5107 25
5108 26
5109 21
5110 35
5111 29
5112 23
5113 23
5114 32
5115 32
5116 19
5117 23
5118 21
5119 20
5120 22
5121 16
5122 27
5123 26
5124 30
5125 34
5126 17
5127 22
5128 16
5129 25
5130 29
5131 24
5132 24
5133 35
5134 20
5135 24
5136 27
5137 17
5138 13
5139 37
5140 35
5141 24
5142 18
5143 17
5144 29
5145 18
5146 23
5147 17
5148 21
5149 19
5150 12
5151 23
5152 24
5153 29
5154 21
5155 22
5156 33
5157 26
5158 30
5159 19
5160 35
5161 24
5162 26
5163 25
5164 19
5165 29
5166 29
5167 20
5168 18
5169 17
5170 23
5171 16
5172 31
5173 30
5174 25
5175 19
5176 23
5177 15
5178 19
5179 26
5180 23
5181 27
5182 23
5183 19
5184 25
5185 17
5186 28
5187 22
5188 24
5189 19
5190 22
5191 21
5192 32
5193 23
5194 20
5195 17
5196 26
5197 21
5198 24
5199 31
5200 25
5201 21
5202 18
5203 24
5204 27
5205 33
5206 29
5207 27
5208 17
5209 23
5210 19
5211 23
5212 16
5213 21
5214 29
5215 14
5216 27
5217 23
5218 23
5219 27
5220 24
5221 19
5222 22
5223 23
5224 16
5225 19
5226 22
5227 20
5228 24
5229 22
5230 21
5231 19
5232 22
5233 17
5234 21
5235 24
5236 26
5237 18
5238 20
5239 17
5240 22
5241 31
5242 22
5243 25
5244 28
5245 16
5246 20
5247 22
5248 23
5249 26
5250 15
5251 21
5252 28
5253 24
5254 18
5255 27
5256 32
5257 18
5258 24
5259 16
5260 15
5261 23
5262 19
5263 14
5264 19
5265 17
5266 24
5267 17
5268 15
5269 24
5270 22
5271 31
5272 26
5273 18
5274 26
5275 19
5276 23
5277 23
5278 17
5279 23
5280 21
5281 21
5282 21
5283 27
5284 25
5285 22
5286 39
5287 16
5288 22
5289 23
5290 23
5291 25
5292 21
5293 21
5294 25
5295 20
5296 20
5297 19
5298 18
5299 25
5300 19
5301 24
5302 14
5303 25
5304 23
5305 20
5306 14
5307 20
5308 27
5309 15
5310 15
5311 28
5312 19
5313 32
5314 19
5315 18
5316 18
5317 24
5318 20
5319 20
5320 23
5321 17
5322 22
5323 28
5324 18
5325 18
5326 13
5327 21
5328 31
5329 22
5330 24
5331 14
5332 21
5333 22
5334 19
5335 20
5336 18
5337 20
5338 21
5339 17
5340 21
5341 21
5342 14
5343 23
5344 24
5345 23
5346 14
5347 22
5348 23
5349 20
5350 20
5351 27
5352 14
5353 25
5354 19
5355 27
5356 21
5357 22
5358 24
5359 17
5360 33
5361 21
5362 22
5363 22
5364 22
5365 20
5366 28
5367 17
5368 20
5369 27
5370 23
5371 22
5372 21
5373 21
5374 20
5375 19
5376 24
5377 19
5378 26
5379 18
5380 22
5381 21
5382 21
5383 20
5384 23
5385 28
5386 13
5387 13
5388 19
5389 18
5390 24
5391 25
5392 19
5393 12
5394 20
5395 19
5396 13
5397 20
5398 25
5399 22
5400 21
5401 19
5402 27
5403 21
5404 20
5405 16
5406 17
5407 14
5408 13
5409 19
5410 21
5411 17
5412 26
5413 21
5414 21
5415 28
5416 20
5417 12
5418 23
5419 20
5420 17
5421 19
5422 24
5423 32
5424 25
5425 24
5426 26
5427 21
5428 21
5429 30
5430 23
5431 27
5432 25
5433 22
5434 20
5435 25
5436 20
5437 28
5438 23
5439 14
5440 21
5441 26
5442 23
5443 16
5444 20
5445 22
5446 28
5447 24
5448 15
5449 14
5450 24
5451 24
5452 14
5453 21
5454 21
5455 28
5456 15
5457 25
5458 22
5459 24
5460 18
5461 19
5462 24
5463 23
5464 16
5465 29
5466 16
5467 17
5468 13
5469 22
5470 15
5471 29
5472 19
5473 25
5474 15
5475 28
5476 19
5477 21
5478 16
5479 18
5480 20
5481 32
5482 23
5483 18
5484 12
5485 29
5486 28
5487 24
5488 21
5489 21
5490 33
5491 15
5492 23
5493 18
5494 20
5495 12
5496 19
5497 33
5498 20
5499 29
5500 20
5501 24
5502 21
5503 20
5504 21
5505 20
5506 21
5507 25
5508 16
5509 16
5510 21
5511 17
5512 19
5513 21
5514 26
5515 18
5516 23
5517 23
5518 19
5519 21
5520 16
5521 20
5522 25
5523 22
5524 28
5525 32
5526 19
5527 11
5528 23
5529 24
5530 15
5531 18
5532 14
5533 20
5534 24
5535 21
5536 18
5537 11
5538 18
5539 25
5540 25
5541 25
5542 31
5543 17
5544 15
5545 20
5546 24
5547 23
5548 20
5549 18
5550 26
5551 30
5552 24
5553 23
5554 24
5555 18
5556 22
5557 27
5558 12
5559 18
5560 27
5561 20
5562 26
5563 26
5564 9
5565 21
5566 15
5567 29
5568 13
5569 22
5570 31
5571 20
5572 14
5573 20
5574 23
5575 24
5576 22
5577 24
5578 24
5579 25
5580 20
5581 32
5582 13
5583 24
5584 25
5585 13
5586 25
5587 21
5588 20
5589 21
5590 29
5591 19
5592 20
5593 24
5594 22
5595 26
5596 19
5597 24
5598 23
5599 19
5600 24
5601 18
5602 15
5603 24
5604 21
5605 24
5606 27
5607 16
5608 19
5609 27
5610 17
5611 22
5612 23
5613 27
5614 28
5615 22
5616 24
5617 20
5618 19
5619 24
5620 14
5621 29
5622 16
5623 30
5624 14
5625 18
5626 16
5627 22
5628 23
5629 26
5630 26
5631 19
5632 23
5633 25
5634 27
5635 20
5636 31
5637 20
5638 24
5639 28
5640 23
5641 20
5642 10
5643 34
5644 24
5645 23
5646 26
5647 25
5648 20
5649 29
5650 21
5651 25
5652 30
5653 19
5654 21
5655 26
5656 19
5657 35
5658 25
5659 27
5660 22
5661 15
5662 16
5663 23
5664 17
5665 19
5666 19
5667 38
5668 29
5669 16
5670 24
5671 26
5672 24
5673 27
5674 24
5675 28
5676 19
5677 30
5678 25
5679 22
5680 10
5681 23
5682 22
5683 12
5684 15
5685 24
5686 28
5687 37
5688 30
5689 22
5690 20
5691 33
5692 19
5693 32
5694 22
5695 28
5696 18
5697 24
5698 28
5699 22
5700 16
5701 14
5702 21
5703 17
5704 30
5705 26
5706 23
5707 33
5708 27
5709 22
5710 19
5711 33
5712 24
5713 19
5714 16
5715 17
5716 30
5717 24
5718 15
5719 21
5720 16
5721 25
5722 23
5723 17
5724 30
5725 16
5726 29
5727 26
5728 19
5729 27
5730 16
5731 26
5732 25
5733 21
5734 29
5735 20
5736 27
5737 16
5738 29
5739 18
5740 26
5741 20
5742 30
5743 20
5744 27
5745 22
5746 26
5747 34
5748 24
5749 31
5750 18
5751 23
5752 27
5753 19
5754 23
5755 26
5756 27
5757 28
5758 21
5759 22
5760 19
5761 18
5762 29
5763 31
5764 26
5765 28
5766 27
5767 32
5768 28
5769 26
5770 27
5771 36
5772 22
5773 21
5774 20
5775 13
5776 19
5777 14
5778 17
5779 20
5780 19
5781 19
5782 22
5783 22
5784 20
5785 22
5786 19
5787 21
5788 29
5789 17
5790 22
5791 20
5792 36
5793 21
5794 22
5795 27
5796 27
5797 33
5798 22
5799 26
5800 26
5801 24
5802 26
5803 22
5804 20
5805 16
5806 27
5807 23
5808 23
5809 22
5810 29
5811 23
5812 20
5813 20
5814 29
5815 22
5816 29
5817 23
5818 19
5819 20
5820 21
5821 32
5822 14
5823 22
5824 29
5825 19
5826 22
5827 18
5828 21
5829 19
5830 23
5831 22
5832 22
5833 27
5834 26
5835 26
5836 25
5837 25
5838 19
5839 21
5840 27
5841 27
5842 29
5843 19
5844 22
5845 27
5846 24
5847 19
5848 18
5849 21
5850 20
5851 24
5852 22
5853 26
5854 19
5855 34
5856 22
5857 18
5858 23
5859 21
5860 20
5861 28
5862 11
5863 36
5864 28
5865 24
5866 30
5867 18
5868 18
5869 23
5870 31
5871 26
5872 32
5873 20
5874 21
5875 20
5876 32
5877 20
5878 24
5879 29
5880 23
5881 24
5882 23
5883 20
5884 24
5885 25
5886 25
5887 21
5888 22
5889 20
5890 25
5891 23
5892 25
5893 15
5894 25
5895 22
5896 18
5897 19
5898 26
5899 17
5900 24
5901 21
5902 18
5903 19
5904 23
5905 19
5906 24
5907 24
5908 20
5909 20
5910 26
5911 22
5912 20
5913 25
5914 27
5915 26
5916 12
5917 24
5918 22
5919 20
5920 18
5921 22
5922 27
5923 23
5924 24
5925 20
5926 27
5927 23
5928 25
5929 27
5930 28
5931 17
5932 27
5933 21
5934 19
5935 14
5936 18
5937 16
5938 20
5939 20
5940 24
5941 19
5942 19
5943 25
5944 24
5945 22
5946 19
5947 22
5948 26
5949 22
5950 21
5951 24
5952 22
5953 29
5954 33
5955 29
5956 27
5957 20
5958 20
5959 18
5960 27
5961 19
5962 22
5963 20
5964 22
5965 24
5966 29
5967 19
5968 23
5969 23
5970 28
5971 15
5972 20
5973 24
5974 25
5975 22
5976 17
5977 22
5978 14
5979 14
5980 17
5981 17
5982 22
5983 22
5984 19
5985 24
5986 22
5987 22
5988 15
5989 20
5990 27
5991 22
5992 32
5993 22
5994 22
5995 29
5996 24
5997 22
5998 22
5999 32
6000 23
6001 23
6002 22
6003 33
6004 11
6005 11
6006 33
6007 17
6008 23
6009 31
6010 19
6011 32
6012 24
6013 36
6014 26
6015 14
6016 26
6017 36
6018 22
6019 18
6020 31
6021 31
6022 24
6023 21
6024 25
6025 25
6026 23
6027 22
6028 26
6029 28
6030 19
6031 25
6032 27
6033 18
6034 30
6035 19
6036 21
6037 19
6038 24
6039 17
6040 27
6041 21
6042 18
6043 20
6044 19
6045 20
6046 29
6047 19
6048 25
6049 28
6050 19
6051 30
6052 22
6053 17
6054 23
6055 21
6056 18
6057 17
6058 21
6059 21
6060 24
6061 19
6062 20
6063 23
6064 27
6065 19
6066 23
6067 34
6068 27
6069 27
6070 24
6071 30
6072 19
6073 32
6074 17
6075 17
6076 23
6077 23
6078 20
6079 15
6080 26
6081 27
6082 17
6083 24
6084 29
6085 18
6086 23
6087 25
6088 22
6089 29
6090 27
6091 36
6092 25
6093 18
6094 22
6095 19
6096 15
6097 22
6098 20
6099 15
6100 23
6101 23
6102 22
6103 22
6104 23
6105 32
6106 26
6107 16
6108 23
6109 17
6110 27
6111 17
6112 20
6113 22
6114 20
6115 23
6116 24
6117 21
6118 24
6119 25
6120 21
6121 19
6122 24
6123 19
6124 16
6125 25
6126 19
6127 25
6128 20
6129 20
6130 19
6131 19
6132 16
6133 22
6134 32
6135 26
6136 30
6137 24
6138 29
6139 35
6140 16
6141 25
6142 21
6143 27
6144 19
6145 34
6146 23
6147 20
6148 25
6149 23
6150 28
6151 33
6152 26
6153 24
6154 17
6155 28
6156 31
6157 11
6158 22
6159 22
6160 18
6161 24
6162 24
6163 13
6164 25
6165 25
6166 24
6167 32
6168 17
6169 19
6170 25
6171 22
6172 29
6173 26
6174 28
6175 24
6176 27
6177 26
6178 30
6179 21
6180 34
6181 20
6182 25
6183 29
6184 39
6185 23
6186 10
6187 22
6188 17
6189 21
6190 22
6191 19
6192 32
6193 18
6194 22
6195 22
6196 25
6197 25
6198 25
6199 29
6200 21
6201 20
6202 33
6203 31
6204 32
6205 27
6206 35
6207 39
6208 33
6209 21
6210 31
6211 34
6212 22
6213 23
6214 19
6215 24
6216 21
6217 26
6218 20
6219 29
6220 20
6221 25
6222 25
6223 22
6224 27
6225 15
6226 32
6227 21
6228 25
6229 27
6230 33
6231 18
6232 27
6233 25
6234 30
6235 34
6236 29
6237 40
6238 36
6239 23
6240 26
6241 26
6242 21
6243 21
6244 37
6245 18
6246 31
6247 27
6248 21
6249 19
6250 31
6251 28
6252 29
6253 34
6254 23
6255 23
6256 16
6257 34
6258 12
6259 26
6260 32
6261 23
6262 27
6263 28
6264 25
6265 19
6266 20
6267 21
6268 37
6269 26
6270 22
6271 27
6272 20
6273 34
6274 20
6275 31
6276 29
6277 31
6278 33
6279 41
6280 26
6281 37
6282 26
6283 18
6284 32
6285 28
6286 24
6287 26
6288 26
6289 34
6290 26
6291 34
6292 29
6293 33
6294 23
6295 29
6296 18
6297 29
6298 20
6299 35
6300 36
6301 26
6302 35
6303 21
6304 25
6305 34
6306 34
6307 37
6308 33
6309 31
6310 27
6311 26
6312 20
6313 27
6314 45
6315 22
6316 32
6317 24
6318 39
6319 19
6320 27
6321 35
6322 34
6323 35
6324 34
6325 45
6326 28
6327 30
6328 30
6329 28
6330 31
6331 32
6332 30
6333 32
6334 29
6335 31
6336 39
6337 30
6338 27
6339 43
6340 27
6341 37
6342 24
6343 44
6344 23
6345 40
6346 35
6347 34
6348 27
6349 28
6350 26
6351 29
6352 31
6353 32
6354 30
6355 21
6356 40
6357 36
6358 32
6359 42
6360 35
6361 23
6362 24
6363 29
6364 35
6365 30
6366 25
6367 34
6368 29
6369 32
6370 34
6371 30
6372 43
6373 28
6374 36
6375 34
6376 33
6377 38
6378 47
6379 38
6380 42
6381 35
6382 40
6383 35
6384 33
6385 38
6386 33
6387 38
6388 32
6389 29
6390 35
6391 43
6392 32
6393 33
6394 31
6395 34
6396 45
6397 35
6398 31
6399 31
6400 21
6401 47
6402 26
6403 28
6404 41
6405 32
6406 40
6407 39
6408 34
6409 42
6410 36
6411 37
6412 39
6413 32
6414 27
6415 29
6416 34
6417 41
6418 32
6419 36
6420 36
6421 38
6422 33
6423 32
6424 31
6425 36
6426 34
6427 37
6428 35
6429 35
6430 40
6431 38
6432 36
6433 29
6434 35
6435 34
6436 35
6437 40
6438 33
6439 21
6440 36
6441 34
6442 39
6443 38
6444 36
6445 45
6446 35
6447 35
6448 37
6449 41
6450 51
6451 49
6452 37
6453 49
6454 32
6455 29
6456 44
6457 39
6458 36
6459 33
6460 45
6461 37
6462 38
6463 35
6464 50
6465 43
6466 47
6467 31
6468 38
6469 27
6470 28
6471 32
6472 37
6473 36
6474 39
6475 33
6476 47
6477 38
6478 38
6479 41
6480 47
6481 34
6482 49
6483 23
6484 29
6485 32
6486 50
6487 42
6488 38
6489 44
6490 45
6491 46
6492 38
6493 51
6494 37
6495 37
6496 37
6497 41
6498 22
6499 45
6500 43
6501 40
6502 33
6503 35
6504 53
6505 43
6506 41
6507 41
6508 44
6509 35
6510 28
6511 34
6512 36
6513 51
6514 33
6515 41
6516 48
6517 44
6518 29
6519 44
6520 34
6521 33
6522 33
6523 32
6524 32
6525 37
6526 44
6527 43
6528 42
6529 47
6530 43
6531 50
6532 39
6533 40
6534 37
6535 36
6536 42
6537 35
6538 49
6539 23
6540 47
6541 44
6542 43
6543 54
6544 39
6545 32
6546 41
6547 43
6548 45
6549 32
6550 32
6551 39
6552 54
6553 47
6554 33
6555 43
6556 49
6557 34
6558 46
6559 36
6560 38
6561 38
6562 52
6563 46
6564 34
6565 38
6566 44
6567 51
6568 47
6569 45
6570 43
6571 43
6572 41
6573 43
6574 47
6575 40
6576 42
6577 34
6578 36
6579 40
6580 39
6581 50
6582 37
6583 31
6584 32
6585 44
6586 43
6587 29
6588 38
6589 47
6590 38
6591 58
6592 44
6593 56
6594 41
6595 28
6596 46
6597 38
6598 50
6599 42
6600 35
6601 36
6602 40
6603 36
6604 42
6605 44
6606 47
6607 45
6608 39
6609 29
6610 37
6611 31
6612 38
6613 37
6614 56
6615 44
6616 50
6617 42
6618 44
6619 33
6620 39
6621 30
6622 46
6623 45
6624 41
6625 34
6626 38
6627 43
6628 50
6629 38
6630 33
6631 37
6632 39
6633 41
6634 37
6635 38
6636 34
6637 37
6638 47
6639 54
6640 31
6641 33
6642 42
6643 37
6644 32
6645 31
6646 46
6647 50
6648 37
6649 29
6650 51
6651 56
6652 32
6653 45
6654 34
6655 40
6656 49
6657 37
6658 34
6659 54
6660 37
6661 30
6662 45
6663 36
6664 43
6665 44
6666 37
6667 35
6668 40
6669 41
6670 49
6671 37
6672 43
6673 40
6674 39
6675 34
6676 44
6677 47
6678 34
6679 39
6680 39
6681 30
6682 50
6683 38
6684 32
6685 28
6686 36
6687 44
6688 21
6689 42
6690 34
6691 32
6692 47
6693 36
6694 53
6695 44
6696 33
6697 36
6698 45
6699 37
6700 34
6701 40
6702 37
6703 32
6704 38
6705 33
6706 31
6707 28
6708 43
6709 33
6710 30
6711 45
6712 40
6713 35
6714 40
6715 40
6716 51
6717 37
6718 44
6719 38
6720 39
6721 38
6722 33
6723 38
6724 32
6725 37
6726 33
6727 46
6728 31
6729 31
6730 40
6731 27
6732 37
6733 44
6734 38
6735 42
6736 42
6737 30
6738 42
6739 46
6740 37
6741 31
6742 42
6743 33
6744 39
6745 25
6746 39
6747 44
6748 37
6749 32
6750 39
6751 36
6752 42
6753 41
6754 31
6755 40
6756 29
6757 33
6758 40
6759 33
6760 42
6761 41
6762 33
6763 40
6764 36
6765 39
6766 31
6767 29
6768 35
6769 33
6770 38
6771 26
6772 33
6773 30
6774 45
6775 33
6776 34
6777 27
6778 36
6779 37
6780 36
6781 36
6782 31
6783 32
6784 27
6785 32
6786 38
6787 34
6788 36
6789 36
6790 27
6791 25
6792 26
6793 33
6794 33
6795 28
6796 39
6797 32
6798 34
6799 26
6800 38
6801 27
6802 32
6803 41
6804 29
6805 25
6806 32
6807 31
6808 26
6809 30
6810 38
6811 40
6812 35
6813 33
6814 31
6815 33
6816 36
6817 27
6818 30
6819 25
6820 22
6821 23
6822 31
6823 30
6824 37
6825 28
6826 36
6827 26
6828 31
6829 25
6830 24
6831 28
6832 26
6833 32
6834 30
6835 29
6836 24
6837 28
6838 35
6839 35
6840 27
6841 32
6842 25
6843 34
6844 16
6845 34
6846 28
6847 31
6848 19
6849 27
6850 27
6851 32
6852 33
6853 27
6854 21
6855 30
6856 29
6857 36
6858 24
6859 33
6860 29
6861 31
6862 29
6863 21
6864 25
6865 29
6866 33
6867 24
6868 24
6869 37
6870 28
6871 38
6872 33
6873 28
6874 28
6875 13
6876 23
6877 22
6878 30
6879 27
6880 19
6881 28
6882 20
6883 30
6884 23
6885 26
6886 22
6887 26
6888 22
6889 23
6890 22
6891 35
6892 24
6893 21
6894 23
6895 27
6896 33
6897 24
6898 30
6899 27
6900 23
6901 23
6902 30
6903 25
6904 24
6905 26
6906 31
6907 20
6908 24
6909 23
6910 28
6911 27
6912 18
6913 23
6914 34
6915 30
6916 17
6917 11
6918 31
6919 17
6920 35
6921 29
6922 25
6923 22
6924 27
6925 26
6926 20
6927 22
6928 23
6929 26
6930 25
6931 20
6932 30
6933 23
6934 34
6935 19
6936 17
6937 25
6938 25
6939 18
6940 25
6941 22
6942 23
6943 23
6944 24
6945 18
6946 23
6947 27
6948 27
6949 19
6950 27
6951 22
6952 29
6953 21
6954 21
6955 19
6956 17
6957 16
6958 20
6959 13
6960 25
6961 19
6962 23
6963 28
6964 25
6965 23
6966 21
6967 18
6968 28
6969 29
6970 26
6971 23
6972 21
6973 21
6974 22
6975 27
6976 26
6977 22
6978 28
6979 20
6980 23
6981 23
6982 16
6983 20
6984 18
6985 26
6986 20
6987 20
6988 21
6989 12
6990 19
6991 15
6992 22
6993 14
6994 23
6995 24
6996 15
6997 23
6998 21
6999 14
7000 25
7001 18
7002 26
7003 19
7004 26
7005 22
7006 22
7007 22
7008 16
7009 19
7010 26
7011 30
7012 22
7013 25
7014 21
7015 21
7016 18
7017 23
7018 14
7019 25
7020 22
7021 20
7022 22
7023 30
7024 18
7025 26
7026 23
7027 14
7028 28
7029 17
7030 18
7031 31
7032 17
7033 18
7034 18
7035 10
7036 22
7037 16
7038 17
7039 12
7040 20
7041 24
7042 26
7043 23
7044 27
7045 17
7046 19
7047 26
7048 24
7049 14
7050 14
7051 19
7052 22
7053 27
7054 21
7055 16
7056 26
7057 22
7058 27
7059 25
7060 14
7061 22
7062 22
7063 16
7064 16
7065 31
7066 30
7067 15
7068 14
7069 23
7070 28
7071 14
7072 23
7073 23
7074 29
7075 29
7076 20
7077 20
7078 22
7079 24
7080 21
7081 23
7082 25
7083 22
7084 20
7085 20
7086 16
7087 20
7088 20
7089 22
7090 14
7091 20
7092 18
7093 20
7094 15
7095 16
7096 25
7097 14
7098 16
7099 22
7100 20
7101 12
7102 23
7103 17
7104 17
7105 16
7106 19
7107 15
7108 16
7109 21
7110 26
7111 16
7112 17
7113 13
7114 24
7115 23
7116 20
7117 24
7118 26
7119 24
7120 17
7121 18
7122 22
7123 17
7124 18
7125 22
7126 23
7127 13
7128 22
7129 20
7130 25
7131 17
7132 18
7133 23
7134 21
7135 14
7136 12
7137 19
7138 19
7139 17
7140 28
7141 35
7142 13
7143 18
7144 15
7145 17
7146 21
7147 24
7148 25
7149 19
7150 21
7151 16
7152 21
7153 10
7154 20
7155 16
7156 24
7157 13
7158 15
7159 29
7160 22
7161 24
7162 18
7163 14
7164 23
7165 17
7166 29
7167 16
7168 22
7169 20
7170 27
7171 20
7172 22
7173 24
7174 17
7175 15
7176 22
7177 15
7178 12
7179 26
7180 16
7181 23
7182 21
7183 19
7184 17
7185 23
7186 29
7187 29
7188 15
7189 22
7190 21
7191 18
7192 24
7193 19
7194 18
7195 23
7196 14
7197 17
7198 20
7199 24
7200 22
7201 22
7202 19
7203 24
7204 22
7205 28
7206 28
7207 14
7208 19
7209 15
7210 22
7211 18
7212 23
7213 26
7214 15
7215 27
7216 17
7217 30
7218 17
7219 24
7220 16
7221 20
7222 22
7223 23
7224 18
7225 17
7226 19
7227 24
7228 28
7229 24
7230 21
7231 23
7232 24
7233 19
7234 26
7235 17
7236 22
7237 22
7238 19
7239 24
7240 25
7241 22
7242 21
7243 22
7244 25
7245 18
7246 13
7247 19
7248 22
7249 21
7250 14
7251 17
7252 16
7253 28
7254 15
7255 16
7256 22
7257 19
7258 20
7259 18
7260 18
7261 20
7262 16
7263 19
7264 12
7265 18
7266 17
7267 22
7268 13
7269 22
7270 19
7271 17
7272 13
7273 17
7274 14
7275 13
7276 19
7277 19
7278 20
7279 22
7280 18
7281 23
7282 10
7283 18
7284 24
7285 23
7286 22
7287 27
7288 21
7289 17
7290 19
7291 22
7292 17
7293 18
7294 18
7295 24
7296 19
7297 17
7298 18
7299 11
7300 17
7301 19
7302 23
7303 14
7304 23
7305 18
7306 17
7307 21
7308 25
7309 19
7310 26
7311 19
7312 8
7313 23
7314 20
7315 13
7316 24
7317 23
7318 23
7319 15
7320 25
7321 18
7322 27
7323 25
7324 23
7325 21
7326 23
7327 24
7328 22
7329 16
7330 23
7331 24
7332 19
7333 16
7334 25
7335 16
7336 21
7337 19
7338 23
7339 18
7340 17
7341 18
7342 23
7343 12
7344 17
7345 10
7346 24
7347 12
7348 14
7349 20
7350 20
7351 16
7352 23
7353 26
7354 20
7355 27
7356 16
7357 15
7358 19
7359 26
7360 13
7361 19
7362 16
7363 19
7364 20
7365 19
7366 7
7367 18
7368 11
7369 22
7370 18
7371 15
7372 18
7373 27
7374 21
7375 16
7376 10
7377 13
7378 27
7379 16
7380 17
7381 18
7382 18
7383 11
7384 13
7385 18
7386 11
7387 19
7388 26
7389 17
7390 26
7391 24
7392 21
7393 21
7394 22
7395 17
7396 17
7397 18
7398 10
7399 15
7400 15
7401 18
7402 26
7403 22
7404 15
7405 21
7406 18
7407 14
7408 20
7409 12
7410 22
7411 16
7412 17
7413 19
7414 10
7415 20
7416 19
7417 20
7418 24
7419 22
7420 17
7421 23
7422 20
7423 17
7424 21
7425 13
7426 23
7427 21
7428 15
7429 20
7430 18
7431 18
7432 22
7433 13
7434 25
7435 15
7436 20
7437 14
7438 11
7439 17
7440 19
7441 15
7442 14
7443 32
7444 21
7445 15
7446 19
7447 17
7448 15
7449 18
7450 17
7451 17
7452 14
7453 20
7454 20
7455 13
7456 19
7457 15
7458 15
7459 18
7460 23
7461 23
7462 24
7463 20
7464 14
7465 20
7466 14
7467 20
7468 22
7469 12
7470 15
7471 17
7472 20
7473 14
7474 25
7475 15
7476 16
7477 19
7478 9
7479 18
7480 12
7481 17
7482 14
7483 13
7484 15
7485 17
7486 5
7487 15
7488 14
7489 12
7490 23
7491 23
7492 19
7493 14
7494 17
7495 14
7496 18
7497 20
7498 17
7499 16
7500 16
7501 19
7502 13
7503 21
7504 14
7505 13
7506 22
7507 20
7508 13
7509 13
7510 13
7511 18
7512 16
7513 10
7514 18
7515 16
7516 23
7517 21
7518 21
7519 14
7520 17
7521 9
7522 21
7523 13
7524 20
7525 17
7526 21
7527 18
7528 18
7529 15
7530 15
7531 18
7532 14
7533 17
7534 22
7535 12
7536 21
7537 22
7538 15
7539 19
7540 16
7541 20
7542 16
7543 21
7544 16
7545 16
7546 15
7547 20
7548 22
7549 21
7550 20
7551 15
7552 22
7553 16
7554 18
7555 14
7556 11
7557 19
7558 24
7559 16
7560 11
7561 16
7562 15
7563 18
7564 16
7565 17
7566 15
7567 17
7568 21
7569 15
7570 21
7571 23
7572 11
7573 16
7574 12
7575 18
7576 18
7577 15
7578 14
7579 15
7580 15
7581 23
7582 14
7583 17
7584 21
7585 12
7586 12
7587 17
7588 25
7589 16
7590 15
7591 22
7592 16
7593 15
7594 23
7595 15
7596 15
7597 16
7598 15
7599 17
7600 20
7601 12
7602 13
7603 12
7604 20
7605 14
7606 14
7607 18
7608 14
7609 16
7610 17
7611 18
7612 14
7613 18
7614 19
7615 20
7616 18
7617 18
7618 17
7619 20
7620 16
7621 12
7622 19
7623 17
7624 20
7625 11
7626 20
7627 19
7628 16
7629 20
7630 15
7631 16
7632 11
7633 20
7634 20
7635 9
7636 21
7637 12
7638 16
7639 12
7640 14
7641 18
7642 21
7643 26
7644 13
7645 17
7646 17
7647 17
7648 14
7649 18
7650 18
7651 14
7652 19
7653 18
7654 22
7655 23
7656 12
7657 17
7658 18
7659 10
7660 19
7661 22
7662 22
7663 16
7664 18
7665 16
7666 15
7667 16
7668 19
7669 21
7670 24
7671 13
7672 14
7673 14
7674 18
7675 16
7676 17
7677 25
7678 12
7679 20
7680 15
7681 17
7682 13
7683 25
7684 23
7685 13
7686 17
7687 19
7688 9
7689 14
7690 17
7691 18
7692 16
7693 20
7694 23
7695 16
7696 27
7697 18
7698 21
7699 20
7700 25
7701 9
7702 13
7703 18
7704 14
7705 22
7706 20
7707 21
7708 7
7709 24
7710 24
7711 19
7712 17
7713 22
7714 13
7715 24
7716 23
7717 20
7718 13
7719 19
7720 14
7721 20
7722 14
7723 15
7724 24
7725 15
7726 14
7727 20
7728 21
7729 18
7730 16
7731 15
7732 22
7733 17
7734 13
7735 19
7736 25
7737 18
7738 24
7739 20
7740 27
7741 18
7742 18
7743 23
7744 21
7745 13
7746 17
7747 24
7748 21
7749 21
7750 23
7751 19
7752 15
7753 15
7754 18
7755 11
7756 15
7757 12
7758 20
7759 25
7760 15
7761 19
7762 19
7763 18
7764 17
7765 21
7766 19
7767 17
7768 14
7769 15
7770 19
7771 19
7772 11
7773 19
7774 22
7775 23
7776 20
7777 13
7778 19
7779 20
7780 21
7781 17
7782 19
7783 31
7784 15
7785 19
7786 21
7787 15
7788 22
7789 18
7790 15
7791 21
7792 22
7793 18
7794 18
7795 23
7796 22
7797 28
7798 25
7799 19
7800 30
7801 16
7802 15
7803 20
7804 15
7805 25
7806 21
7807 22
7808 22
7809 28
7810 29
7811 17
7812 20
7813 18
7814 37
7815 20
7816 16
7817 18
7818 30
7819 23
7820 18
7821 20
7822 26
7823 27
7824 17
7825 25
7826 20
7827 24
7828 19
7829 23
7830 15
7831 17
7832 20
7833 23
7834 26
7835 22
7836 21
7837 30
7838 22
7839 14
7840 18
7841 19
7842 25
7843 28
7844 23
7845 23
7846 21
7847 23
7848 16
7849 22
7850 23
7851 28
7852 22
7853 24
7854 18
7855 31
7856 27
7857 17
7858 13
7859 23
7860 24
7861 22
7862 28
7863 25
7864 21
7865 22
7866 24
7867 23
7868 35
7869 23
7870 25
7871 23
7872 23
7873 20
7874 27
7875 25
7876 23
7877 24
7878 18
7879 25
7880 39
7881 28
7882 28
7883 29
7884 26
7885 19
7886 20
7887 23
7888 25
7889 21
7890 22
7891 27
7892 23
7893 24
7894 17
7895 21
7896 26
7897 25
7898 22
7899 21
7900 27
7901 24
7902 31
7903 25
7904 19
7905 24
7906 31
7907 16
7908 24
7909 25
7910 25
7911 19
7912 29
7913 23
7914 27
7915 21
7916 22
7917 22
7918 28
7919 37
7920 19
7921 24
7922 30
7923 24
7924 30
7925 23
7926 19
7927 30
7928 31
7929 27
7930 32
7931 30
7932 23
7933 27
7934 22
7935 26
7936 12
7937 23
7938 21
7939 32
7940 30
7941 26
7942 21
7943 30
7944 28
7945 21
7946 32
7947 25
7948 21
7949 20
7950 34
7951 22
7952 26
7953 31
7954 29
7955 27
7956 23
7957 20
7958 37
7959 40
7960 29
7961 25
7962 31
7963 28
7964 22
7965 26
7966 33
7967 32
7968 25
7969 24
7970 29
7971 23
7972 27
7973 21
7974 26
7975 20
7976 27
7977 22
7978 41
7979 26
7980 29
7981 28
7982 25
7983 28
7984 26
7985 37
7986 19
7987 30
7988 28
7989 32
7990 27
7991 30
7992 27
7993 31
7994 22
7995 35
7996 30
7997 37
7998 21
7999 25
8000 35
8001 21
8002 31
8003 28
8004 31
8005 33
8006 20
8007 23
8008 33
8009 22
8010 16
8011 41
8012 23
8013 25
8014 27
8015 32
8016 29
8017 31
8018 29
8019 28
8020 29
8021 28
8022 23
8023 22
8024 30
8025 23
8026 28
8027 29
8028 28
8029 29
8030 31
8031 25
8032 30
8033 25
8034 30
8035 27
8036 21
8037 29
8038 28
8039 27
8040 29
8041 31
8042 27
8043 34
8044 31
8045 26
8046 34
8047 26
8048 27
8049 31
8050 27
8051 36
8052 22
8053 28
8054 28
8055 31
8056 28
8057 37
8058 39
8059 23
8060 28
8061 27
8062 30
8063 26
8064 25
8065 36
8066 25
8067 29
8068 31
8069 34
8070 17
8071 25
8072 23
8073 28
8074 25
8075 22
8076 19
8077 25
8078 28
8079 24
8080 26
8081 28
8082 38
8083 24
8084 17
8085 37
8086 24
8087 30
8088 22
8089 39
8090 28
8091 28
8092 36
8093 22
8094 26
8095 30
8096 30
8097 22
8098 31
8099 24
8100 28
8101 30
8102 23
8103 22
8104 23
8105 28
8106 24
8107 24
8108 34
8109 19
8110 26
8111 25
8112 26
8113 27
8114 23
8115 23
8116 33
8117 33
8118 23
8119 32
8120 24
8121 24
8122 28
8123 30
8124 27
8125 19
8126 26
8127 28
8128 32
8129 35
8130 24
8131 32
8132 24
8133 19
8134 29
8135 29
8136 23
8137 24
8138 28
8139 24
8140 24
8141 27
8142 22
8143 27
8144 22
8145 33
8146 25
8147 33
8148 21
8149 26
8150 29
8151 16
8152 26
8153 30
8154 36
8155 30
8156 34
8157 43
8158 28
8159 28
8160 24
8161 33
8162 27
8163 25
8164 26
8165 26
8166 29
8167 21
8168 31
8169 29
8170 27
8171 30
8172 24
8173 30
8174 22
8175 20
8176 24
8177 25
8178 22
8179 26
8180 26
8181 29
8182 23
8183 31
8184 20
8185 35
8186 23
8187 23
8188 24
8189 25
8190 15
8191 27
8192 36
8193 26
8194 24
8195 29
8196 27
8197 19
8198 20
8199 30
8200 18
8201 24
8202 28
8203 25
8204 21
8205 20
8206 23
8207 35
8208 28
8209 21
8210 18
8211 20
8212 21
8213 27
8214 23
8215 26
8216 23
8217 37
8218 26
8219 17
8220 34
8221 38
8222 15
8223 16
8224 21
8225 31
8226 20
8227 28
8228 26
8229 22
8230 28
8231 31
8232 23
8233 21
8234 21
8235 31
8236 24
8237 18
8238 24
8239 20
8240 22
8241 19
8242 21
8243 26
8244 36
8245 29
8246 32
8247 23
8248 15
8249 29
8250 16
8251 22
8252 31
8253 29
8254 23
8255 22
8256 29
8257 19
8258 19
8259 20
8260 20
8261 16
8262 31
8263 15
8264 23
8265 23
8266 21
8267 19
8268 26
8269 19
8270 28
8271 20
8272 28
8273 13
8274 15
8275 25
8276 19
8277 24
8278 25
8279 19
8280 23
8281 27
8282 26
8283 21
8284 25
8285 22
8286 15
8287 23
8288 17
8289 7
8290 24
8291 21
8292 22
8293 24
8294 23
8295 21
8296 35
8297 19
8298 22
8299 13
8300 15
8301 22
8302 24
8303 32
8304 18
8305 24
8306 22
8307 12
8308 10
8309 25
8310 16
8311 20
8312 17
8313 24
8314 16
8315 27
8316 27
8317 16
8318 27
8319 22
8320 19
8321 25
8322 22
8323 17
8324 24
8325 16
8326 11
8327 17
8328 15
8329 30
8330 17
8331 24
8332 26
8333 25
8334 20
8335 19
8336 19
8337 23
8338 20
8339 20
8340 20
8341 18
8342 27
8343 22
8344 19
8345 22
8346 17
8347 18
8348 21
8349 15
8350 13
8351 20
8352 20
8353 20
8354 13
8355 24
8356 17
8357 27
8358 11
8359 17
8360 16
8361 18
8362 19
8363 21
8364 19
8365 19
8366 23
8367 16
8368 17
8369 19
8370 17
8371 26
8372 16
8373 17
8374 17
8375 19
8376 19
8377 26
8378 22
8379 12
8380 14
8381 20
8382 19
8383 18
8384 22
8385 13
8386 17
8387 14
8388 11
8389 15
8390 10
8391 18
8392 20
8393 18
8394 17
8395 16
8396 14
8397 12
8398 22
8399 16
8400 12
8401 9
8402 8
8403 16
8404 14
8405 14
8406 16
8407 21
8408 14
8409 14
8410 17
8411 14
8412 17
8413 20
8414 20
8415 19
8416 17
8417 8
8418 20
8419 18
8420 12
8421 10
8422 10
8423 19
8424 16
8425 7
8426 7
8427 12
8428 14
8429 16
8430 11
8431 19
8432 12
8433 18
8434 20
8435 20
8436 17
8437 12
8438 14
8439 17
8440 11
8441 11
8442 17
8443 13
8444 21
8445 15
8446 20
8447 12
8448 12
8449 19
8450 19
8451 19
8452 15
8453 11
8454 11
8455 11
8456 15
8457 21
8458 18
8459 12
8460 12
8461 15
8462 12
8463 22
8464 16
8465 9
8466 11
8467 9
8468 13
8469 14
8470 12
8471 10
8472 19
8473 13
8474 11
8475 18
8476 17
8477 17
8478 15
8479 17
8480 24
8481 17
8482 12
8483 16
8484 18
8485 14
8486 12
8487 23
8488 14
8489 14
8490 13
8491 15
8492 18
8493 14
8494 15
8495 8
8496 17
8497 12
8498 14
8499 8
8500 15
8501 18
8502 19
8503 10
8504 17
8505 17
8506 9
8507 11
8508 9
8509 11
8510 15
8511 14
8512 10
8513 7
8514 15
8515 11
8516 9
8517 20
8518 17
8519 17
8520 10
8521 12
8522 12
8523 13
8524 11
8525 9
8526 9
8527 14
8528 9
8529 12
8530 16
8531 15
8532 5
8533 18
8534 13
8535 13
8536 18
8537 14
8538 9
8539 12
8540 14
8541 11
8542 10
8543 10
8544 14
8545 13
8546 17
8547 12
8548 19
8549 14
8550 13
8551 17
8552 9
8553 18
8554 8
8555 13
8556 12
8557 10
8558 9
8559 16
8560 15
8561 16
8562 14
8563 10
8564 18
8565 10
8566 13
8567 17
8568 7
8569 11
8570 11
8571 14
8572 18
8573 12
8574 17
8575 14
8576 12
8577 8
8578 15
8579 16
8580 10
8581 16
8582 15
8583 13
8584 12
8585 13
8586 6
8587 8
8588 13
8589 18
8590 11
8591 13
8592 25
8593 7
8594 22
8595 18
8596 9
8597 18
8598 10
8599 10
8600 20
8601 16
8602 7
8603 13
8604 10
8605 11
8606 14
8607 13
8608 15
8609 6
8610 13
8611 15
8612 17
8613 9
8614 15
8615 12
8616 15
8617 15
8618 15
8619 11
8620 15
8621 16
8622 13
8623 14
8624 6
8625 21
8626 12
8627 17
8628 11
8629 13
8630 18
8631 12
8632 15
8633 9
8634 11
8635 14
8636 12
8637 12
8638 12
8639 16
8640 13
8641 16
8642 13
8643 15
8644 8
8645 11
8646 15
8647 11
8648 14
8649 16
8650 14
8651 18
8652 12
8653 12
8654 12
8655 21
8656 16
8657 15
8658 15
8659 21
8660 12
8661 17
8662 11
8663 16
8664 18
8665 17
8666 15
8667 18
8668 19
8669 18
8670 13
8671 21
8672 15
8673 8
8674 20
8675 13
8676 19
8677 12
8678 22
8679 16
8680 19
8681 11
8682 13
8683 14
8684 12
8685 14
8686 19
8687 19
8688 11
8689 20
8690 14
8691 19
8692 13
8693 14
8694 17
8695 15
8696 16
8697 19
8698 15
8699 17
8700 16
8701 15
8702 11
8703 20
8704 15
8705 14
8706 14
8707 15
8708 19
8709 12
8710 17
8711 25
8712 9
8713 10
8714 15
8715 11
8716 17
8717 26
8718 10
8719 14
8720 20
8721 13
8722 19
8723 19
8724 18
8725 9
8726 15
8727 16
8728 12
8729 19
8730 19
8731 18
8732 14
8733 14
8734 15
8735 22
8736 14
8737 18
8738 22
8739 16
8740 16
8741 20
8742 16
8743 20
8744 13
8745 18
8746 19
8747 19
8748 11
8749 24
8750 17
8751 24
8752 21
8753 19
8754 15
8755 22
8756 14
8757 12
8758 23
8759 19
8760 19
8761 15
8762 13
8763 15
8764 12
8765 11
8766 22
8767 13
8768 21
8769 15
8770 21
8771 13
8772 18
8773 21
8774 26
8775 21
8776 14
8777 18
8778 18
8779 12
8780 16
8781 15
8782 23
8783 18
8784 18
8785 25
8786 23
8787 28
8788 25
8789 19
8790 22
8791 14
8792 23
8793 16
8794 18
8795 16
8796 13
8797 15
8798 20
8799 20
8800 32
8801 21
8802 22
8803 17
8804 25
8805 18
8806 18
8807 25
8808 21
8809 18
8810 20
8811 20
8812 12
8813 26
8814 12
8815 18
8816 14
8817 20
8818 22
8819 17
8820 22
8821 22
8822 24
8823 18
8824 20
8825 20
8826 18
8827 22
8828 18
8829 18
8830 31
8831 14
8832 20
8833 19
8834 25
8835 25
8836 24
8837 23
8838 17
8839 19
8840 18
8841 24
8842 17
8843 27
8844 24
8845 23
8846 22
8847 25
8848 23
8849 17
8850 20
8851 21
8852 21
8853 23
8854 22
8855 35
8856 16
8857 18
8858 29
8859 14
8860 23
8861 20
8862 16
8863 24
8864 30
8865 22
8866 26
8867 34
8868 19
8869 23
8870 10
8871 19
8872 24
8873 29
8874 26
8875 22
8876 24
8877 17
8878 23
8879 21
8880 21
8881 24
8882 22
8883 25
8884 27
8885 18
8886 18
8887 13
8888 28
8889 24
8890 30
8891 26
8892 26
8893 29
8894 30
8895 23
8896 27
8897 21
8898 18
8899 28
8900 30
8901 25
8902 24
8903 34
8904 30
8905 24
8906 27
8907 22
8908 16
8909 25
8910 16
8911 26
8912 29
8913 25
8914 30
8915 24
8916 32
8917 20
8918 23
8919 33
8920 34
8921 26
8922 23
8923 30
8924 25
8925 23
8926 39
8927 27
8928 23
8929 8
8930 24
8931 28
8932 17
8933 19
8934 21
8935 31
8936 24
8937 22
8938 24
8939 23
8940 27
8941 31
8942 26
8943 26
8944 21
8945 38
8946 35
8947 28
8948 19
8949 29
8950 29
8951 23
8952 32
8953 27
8954 26
8955 22
8956 34
8957 38
8958 34
8959 23
8960 23
8961 29
8962 16
8963 21
8964 21
8965 22
8966 28
8967 36
8968 33
8969 13
8970 27
8971 24
8972 29
8973 29
8974 33
8975 18
8976 35
8977 25
8978 24
8979 36
8980 35
8981 16
8982 20
8983 20
8984 28
8985 31
8986 32
8987 27
8988 28
8989 28
8990 20
8991 26
8992 33
8993 32
8994 37
8995 28
8996 26
8997 34
8998 17
8999 21
9000 24
9001 30
9002 28
9003 31
9004 30
9005 25
9006 28
9007 23
9008 22
9009 39
9010 25
9011 30
9012 28
9013 29
9014 23
9015 29
9016 32
9017 27
9018 25
9019 33
9020 23
9021 35
9022 25
9023 24
9024 28
9025 33
9026 34
9027 19
9028 30
9029 33
9030 32
9031 25
9032 32
9033 28
9034 33
9035 24
9036 37
9037 35
9038 27
9039 42
9040 32
9041 27
9042 24
9043 29
9044 30
9045 30
9046 28
9047 34
9048 37
9049 32
9050 31
9051 29
9052 23
9053 28
9054 32
9055 33
9056 36
9057 31
9058 28
9059 30
9060 29
9061 28
9062 26
9063 30
9064 29
9065 32
9066 25
9067 34
9068 30
9069 29
9070 31
9071 33
9072 24
9073 30
9074 27
9075 39
9076 30
9077 26
9078 29
9079 33
9080 35
9081 27
9082 34
9083 30
9084 41
9085 27
9086 28
9087 35
9088 39
9089 27
9090 35
9091 41
9092 33
9093 32
9094 33
9095 25
9096 28
9097 27
9098 28
9099 39
9100 37
9101 23
9102 35
9103 33
9104 34
9105 34
9106 35
9107 30
9108 24
9109 34
9110 39
9111 34
9112 40
9113 36
9114 23
9115 32
9116 25
9117 42
9118 36
9119 26
9120 33
9121 37
9122 24
9123 29
9124 30
9125 33
9126 39
9127 39
9128 27
9129 36
9130 19
9131 36
9132 24
9133 32
9134 37
9135 32
9136 27
9137 34
9138 23
9139 34
9140 40
9141 28
9142 24
9143 26
9144 29
9145 30
9146 34
9147 32
9148 28
9149 29
9150 29
9151 30
9152 40
9153 27
9154 26
9155 34
9156 34
9157 29
9158 42
9159 30
9160 29
9161 36
9162 32
9163 30
9164 34
9165 25
9166 35
9167 43
9168 37
9169 27
9170 24
9171 26
9172 35
9173 28
9174 33
9175 28
9176 33
9177 36
9178 32
9179 40
9180 24
9181 25
9182 20
9183 34
9184 28
9185 35
9186 38
9187 32
9188 40
9189 32
9190 30
9191 36
9192 28
9193 37
9194 29
9195 33
9196 42
9197 37
9198 31
9199 37
9200 36
9201 21
9202 30
9203 30
9204 36
9205 33
9206 43
9207 26
9208 36
9209 39
9210 35
9211 18
9212 35
9213 27
9214 33
9215 27
9216 28
9217 27
9218 33
9219 28
9220 30
9221 45
9222 30
9223 32
9224 29
9225 29
9226 30
9227 35
9228 25
9229 23
9230 25
9231 28
9232 28
9233 37
9234 32
9235 37
9236 33
9237 20
9238 34
9239 26
9240 33
9241 30
9242 31
9243 34
9244 36
9245 29
9246 32
9247 28
9248 34
9249 25
9250 29
9251 29
9252 32
9253 38
9254 30
9255 23
9256 29
9257 20
9258 31
9259 39
9260 24
9261 33
9262 37
9263 26
9264 29
9265 28
9266 23
9267 37
9268 30
9269 44
9270 30
9271 37
9272 33
9273 22
9274 35
9275 42
9276 36
9277 37
9278 39
9279 27
9280 51
9281 18
9282 32
9283 35
9284 31
9285 33
9286 18
9287 26
9288 25
9289 32
9290 35
9291 30
9292 27
9293 36
9294 37
9295 24
9296 28
9297 32
9298 31
9299 28
9300 29
9301 29
9302 29
9303 22
9304 31
9305 29
9306 20
9307 11
9308 26
9309 30
9310 28
9311 24
9312 21
9313 26
9314 35
9315 34
9316 18
9317 31
9318 27
9319 33
9320 36
9321 24
9322 30
9323 33
9324 29
9325 25
9326 36
9327 34
9328 31
9329 33
9330 40
9331 32
9332 18
9333 27
9334 22
9335 27
9336 29
9337 28
9338 37
9339 20
9340 29
9341 34
9342 27
9343 19
9344 21
9345 15
9346 19
9347 30
9348 31
9349 41
9350 23
9351 30
9352 27
9353 19
9354 23
9355 24
9356 25
9357 23
9358 27
9359 24
9360 23
9361 30
9362 21
9363 20
9364 24
9365 30
9366 27
9367 25
9368 29
9369 22
9370 35
9371 30
9372 26
9373 26
9374 20
9375 29
9376 20
9377 24
9378 23
9379 27
9380 29
9381 21
9382 26
9383 25
9384 28
9385 26
9386 24
9387 21
9388 30
9389 34
9390 26
9391 30
9392 21
9393 23
9394 21
9395 22
9396 27
9397 29
9398 27
9399 24
9400 15
9401 23
9402 27
9403 25
9404 32
9405 24
9406 22
9407 26
9408 21
9409 24
9410 27
9411 30
9412 22
9413 21
9414 23
9415 27
9416 25
9417 23
9418 26
9419 29
9420 22
9421 26
9422 26
9423 20
9424 23
9425 17
9426 27
9427 26
9428 25
9429 23
9430 20
9431 30
9432 23
9433 24
9434 28
9435 23
9436 19
9437 15
9438 19
9439 24
9440 26
9441 21
9442 13
9443 30
9444 17
9445 30
9446 31
9447 27
9448 23
9449 18
9450 20
9451 20
9452 18
9453 26
9454 15
9455 23
9456 27
9457 28
9458 17
9459 16
9460 17
9461 17
9462 21
9463 9
9464 17
9465 24
9466 27
9467 21
9468 23
9469 14
9470 9
9471 19
9472 17
9473 19
9474 23
9475 20
9476 19
9477 19
9478 27
9479 21
9480 23
9481 17
9482 23
9483 13
9484 21
9485 16
9486 26
9487 21
9488 22
9489 18
9490 18
9491 21
9492 13
9493 18
9494 21
9495 26
9496 27
9497 21
9498 18
9499 13
9500 10
9501 17
9502 19
9503 16
9504 14
9505 13
9506 13
9507 19
9508 18
9509 14
9510 19
9511 18
9512 20
9513 20
9514 19
9515 22
9516 16
9517 17
9518 29
9519 15
9520 23
9521 18
9522 17
9523 19
9524 14
9525 16
9526 7
9527 20
9528 14
9529 16
9530 16
9531 9
9532 16
9533 18
9534 18
9535 11
9536 11
9537 14
9538 17
9539 16
9540 10
9541 28
9542 15
9543 10
9544 14
9545 12
9546 22
9547 21
9548 17
9549 14
9550 16
9551 18
9552 14
9553 20
9554 10
9555 18
9556 19
9557 17
9558 16
9559 11
9560 17
9561 21
9562 17
9563 9
9564 20
9565 10
9566 16
9567 14
9568 18
9569 14
9570 11
9571 9
9572 14
9573 21
9574 17
9575 15
9576 13
9577 18
9578 13
9579 14
9580 17
9581 13
9582 13
9583 12
9584 15
9585 14
9586 13
9587 9
9588 13
9589 11
9590 15
9591 18
9592 9
9593 16
9594 13
9595 11
9596 13
9597 8
9598 11
9599 10
9600 14
9601 14
9602 10
9603 11
9604 15
9605 18
9606 16
9607 19
9608 13
9609 16
9610 11
9611 12
9612 11
9613 19
9614 14
9615 13
9616 16
9617 12
9618 9
9619 12
9620 18
9621 10
9622 12
9623 11
9624 10
9625 11
9626 10
9627 11
9628 5
9629 14
9630 19
9631 8
9632 8
9633 11
9634 14
9635 12
9636 8
9637 9
9638 11
9639 15
9640 8
9641 14
9642 20
9643 8
9644 12
9645 11
9646 13
9647 10
9648 11
9649 9
9650 13
9651 8
9652 5
9653 14
9654 11
9655 12
9656 9
9657 6
9658 19
9659 13
9660 10
9661 15
9662 12
9663 15
9664 11
9665 14
9666 9
9667 10
9668 14
9669 10
9670 7
9671 13
9672 13
9673 9
9674 7
9675 8
9676 10
9677 10
9678 8
9679 9
9680 12
9681 16
9682 9
9683 3
9684 8
9685 13
9686 8
9687 10
9688 13
9689 15
9690 7
9691 11
9692 10
9693 7
9694 9
9695 10
9696 11
9697 7
9698 9
9699 10
9700 12
9701 4
9702 5
9703 7
9704 17
9705 8
9706 10
9707 6
9708 14
9709 2
9710 8
9711 14
9712 8
9713 12
9714 9
9715 8
9716 14
9717 10
9718 9
9719 9
9720 11
9721 6
9722 7
9723 11
9724 7
9725 4
9726 10
9727 9
9728 11
9729 14
9730 6
9731 10
9732 11
9733 6
9734 7
9735 8
9736 8
9737 13
9738 9
9739 9
9740 7
9741 8
9742 1
9743 8
9744 10
9745 8
9746 8
9747 15
9748 7
9749 11
9750 5
9751 11
9752 6
9753 4
9754 12
9755 13
9756 10
9757 7
9758 6
9759 11
9760 9
9761 9
9762 7
9763 8
9764 6
9765 9
9766 8
9767 9
9768 9
9769 8
9770 3
9771 5
9772 8
9773 6
9774 9
9775 8
9776 10
9777 9
9778 5
9779 10
9780 6
9781 7
9782 8
9783 5
9784 8
9785 9
9786 5
9787 10
9788 5
9789 3
9790 6
9791 6
9792 7
9793 6
9794 8
9795 5
9796 4
9797 9
9798 5
9799 11
9800 7
9801 9
9802 6
9803 11
9804 5
9805 4
9806 3
9807 8
9808 7
9809 8
9810 3
9811 5
9812 8
9813 6
9814 9
9815 7
9816 4
9817 5
9818 3
9819 7
9820 5
9821 9
9822 6
9823 9
9824 7
9825 9
9826 7
9827 5
9828 6
9829 10
9830 9
9831 5
9832 5
9833 6
9834 8
9835 10
9836 8
9837 4
9838 6
9839 9
9840 4
9841 9
9842 5
9843 9
9844 5
9845 8
9846 3
9847 5
9848 4
9849 3
9850 6
9851 4
9852 7
9853 9
9854 4
9855 5
9856 9
9857 7
9858 8
9859 5
9860 6
9861 10
9862 9
9863 6
9864 2
9865 5
9866 4
9867 7
9868 3
9869 7
9870 4
9871 8
9872 8
9873 6
9874 4
9875 8
9876 4
9877 5
9878 6
9879 8
9880 4
9881 4
9882 4
9883 3
9884 5
9885 4
9886 6
9887 7
9888 5
9889 6
9890 4
9891 2
9892 4
9893 5
9894 8
9895 6
9896 6
9897 3
9898 13
9899 5
9900 12
9901 6
9902 5
9903 5
9904 6
9905 3
9906 5
9907 6
9908 6
9909 6
9910 1
9911 6
9912 4
9913 10
9914 8
9915 1
9916 5
9917 4
9918 5
9919 5
9920 5
9921 7
9922 3
9923 7
9924 3
9925 4
9926 5
9927 4
9928 6
9929 8
9930 4
9931 4
9932 7
9933 2
9934 7
9935 4
9936 6
9937 8
9938 5
9939 4
9940 3
9941 5
9942 4
9943 7
9944 2
9945 3
9946 8
9947 6
9948 6
9949 2
9950 5
9951 5
9952 8
9953 4
9954 5
9955 3
9956 6
9957 5
9958 4
9959 4
9960 6
9961 5
9962 5
9963 3
9964 6
9965 4
9966 8
9967 5
9968 2
9969 5
9970 2
9971 1
9972 6
9973 4
9974 6
9975 3
9976 6
9977 2
9978 4
9979 4
9980 4
9981 3
9982 5
9983 4
9984 5
9985 8
9986 3
9987 4
9988 8
9989 6
9990 4
9991 6
9992 7
9993 2
9994 5
9995 8
9996 0
9997 5
9998 3
9999 5
10000 5
10001 3
10002 2
10003 0
10004 4
10005 4
10006 6
10007 6
10008 3
10009 5
10010 5
10011 8
10012 3
10013 3
10014 4
10015 4
10016 2
10017 5
10018 5
10019 3
10020 8
10021 4
10022 5
10023 1
10024 4
10025 6
10026 5
10027 7
10028 2
10029 1
10030 1
10031 1
10032 3
10033 1
10034 3
10035 5
10036 2
10037 3
10038 2
10039 5
10040 5
10041 9
10042 6
10043 3
10044 1
10045 4
10046 5
10047 5
10048 13
10049 5
10050 6
10051 7
10052 3
10053 4
10054 10
10055 3
10056 4
10057 3
10058 4
10059 3
10060 3
10061 3
10062 1
10063 4
10064 2
10065 0
10066 7
10067 2
10068 3
10069 6
10070 3
10071 5
10072 3
10073 3
10074 7
10075 5
10076 2
10077 2
10078 6
10079 5
10080 3
10081 4
10082 3
10083 7
10084 2
10085 5
10086 0
10087 3
10088 3
10089 6
10090 4
10091 8
10092 6
10093 4
10094 3
10095 3
10096 2
10097 7
10098 7
10099 6
10100 6
10101 5
10102 4
10103 4
10104 3
10105 6
10106 2
10107 8
10108 6
10109 8
10110 5
10111 4
10112 3
10113 7
10114 3
10115 3
10116 7
10117 1
10118 4
10119 6
10120 4
10121 3
10122 4
10123 3
10124 8
10125 3
10126 7
10127 2
10128 4
10129 3
10130 1
10131 6
10132 5
10133 7
10134 2
10135 2
10136 5
10137 4
10138 5
10139 5
10140 1
10141 11
10142 2
10143 5
10144 6
10145 5
10146 2
10147 4
10148 3
10149 3
10150 4
10151 4
10152 3
10153 2
10154 3
10155 4
10156 4
10157 4
10158 6
10159 4
10160 4
10161 2
10162 1
10163 5
10164 3
10165 5
10166 2
10167 5
10168 1
10169 4
10170 3
10171 2
10172 1
10173 5
10174 4
10175 2
10176 5
10177 2
10178 4
10179 5
10180 5
10181 1
10182 7
10183 3
10184 6
10185 5
10186 3
10187 5
10188 1
10189 3
10190 4
10191 6
10192 3
10193 1
10194 6
10195 2
10196 6
10197 2
10198 1
10199 5
10200 4
10201 5
10202 4
10203 3
10204 1
10205 3
10206 4
10207 5
10208 2
10209 4
10210 1
10211 2
10212 5
10213 2
10214 5
10215 4
10216 9
10217 2
10218 3
10219 3
10220 3
10221 1
10222 1
10223 1
10224 1
10225 2
10226 3
10227 5
10228 1
10229 3
10230 0
10231 6
10232 3
10233 4
10234 5
10235 3
10236 6
10237 2
10238 3
10239 6
10240 4
10241 3
10242 4
10243 4
10244 1
10245 5
10246 5
10247 0
10248 6
10249 4
10250 2
10251 3
10252 8
10253 5
10254 1
10255 5
10256 1
10257 4
10258 7
10259 3
10260 4
10261 5
10262 4
10263 5
10264 7
10265 2
10266 5
10267 4
10268 3
10269 7
10270 5
10271 2
10272 5
10273 4
10274 5
10275 1
10276 0
10277 6
10278 5
10279 3
10280 9
10281 5
10282 3
10283 8
10284 4
10285 4
10286 6
10287 4
10288 1
10289 7
10290 2
10291 2
10292 5
10293 2
10294 2
10295 3
10296 4
10297 3
10298 5
10299 4
10300 2
10301 8
10302 1
10303 5
10304 2
10305 6
10306 4
10307 4
10308 4
10309 3
10310 2
10311 5
10312 4
10313 0
10314 3
10315 6
10316 0
10317 3
10318 4
10319 2
10320 4
10321 7
10322 2
10323 2
10324 3
10325 3
10326 3
10327 5
10328 2
10329 5
10330 3
10331 3
10332 3
10333 3
10334 3
10335 4
10336 1
10337 4
10338 6
10339 4
10340 5
10341 1
10342 6
10343 3
10344 4
10345 0
10346 5
10347 5
10348 1
10349 4
10350 6
10351 4
10352 8
10353 1
10354 1
10355 4
10356 6
10357 2
10358 3
10359 3
10360 5
10361 4
10362 3
10363 1
10364 2
10365 1
10366 3
10367 5
10368 3
10369 4
10370 4
10371 3
10372 4
10373 2
10374 4
10375 2
10376 1
10377 2
10378 1
10379 5
10380 4
10381 2
10382 0
10383 4
10384 3
10385 2
10386 2
10387 1
10388 4
10389 2
10390 5
10391 3
10392 2
10393 4
10394 8
10395 1
10396 0
10397 2
10398 3
10399 3
10400 1
10401 1
10402 5
10403 2
10404 1
10405 0
10406 2
10407 6
10408 2
10409 3
10410 2
10411 2
10412 2
10413 1
10414 4
10415 6
10416 6
10417 3
10418 1
10419 4
10420 2
10421 0
10422 2
10423 5
10424 1
10425 3
10426 2
10427 2
10428 1
10429 4
10430 5
10431 1
10432 3
10433 3
10434 1
10435 5
10436 4
10437 3
10438 1
10439 5
10440 2
10441 3
10442 2
10443 3
10444 5
10445 4
10446 4
10447 1
10448 5
10449 3
10450 6
10451 2
10452 1
10453 3
10454 2
10455 3
10456 4
10457 4
10458 3
10459 1
10460 3
10461 3
10462 2
10463 1
10464 1
10465 1
10466 1
10467 1
10468 2
10469 3
10470 0
10471 3
10472 1
10473 1
10474 1
10475 4
10476 2
10477 2
10478 4
10479 4
10480 4
10481 4
10482 2
10483 2
10484 3
10485 2
10486 2
10487 4
10488 2
10489 6
10490 2
10491 3
10492 4
10493 3
10494 5
10495 5
10496 3
10497 3
10498 1
10499 2
10500 2
10501 5
10502 4
10503 6
10504 0
10505 3
10506 2
10507 3
10508 1
10509 4
10510 3
10511 5
10512 3
10513 4
10514 6
10515 4
10516 8
10517 6
10518 2
10519 4
10520 3
10521 4
10522 3
10523 4
10524 0
10525 3
10526 6
10527 4
10528 1
10529 2
10530 1
10531 5
10532 2
10533 2
10534 3
10535 1
10536 3
10537 1
10538 2
10539 7
10540 3
10541 2
10542 3
10543 4
10544 5
10545 4
10546 3
10547 4
10548 1
10549 2
10550 2
10551 2
10552 2
10553 1
10554 1
10555 4
10556 3
10557 5
10558 2
10559 3
10560 4
10561 4
10562 5
10563 1
10564 6
10565 0
10566 1
10567 0
10568 0
10569 2
10570 2
10571 2
10572 2
10573 1
10574 3
10575 2
10576 4
10577 3
10578 3
10579 3
10580 4
10581 2
10582 1
10583 2
10584 1
10585 4
10586 0
10587 0
10588 3
10589 3
10590 2
10591 2
10592 2
10593 1
10594 1
10595 2
10596 3
10597 3
10598 3
10599 5
10600 4
10601 2
10602 3
10603 1
10604 1
10605 4
10606 4
10607 3
10608 6
10609 3
10610 2
10611 4
10612 5
10613 3
10614 5
10615 1
10616 0
10617 2
10618 2
10619 2
10620 2
10621 1
10622 2
10623 3
10624 11
10625 3
10626 4
10627 5
10628 5
10629 0
10630 1
10631 3
10632 5
10633 4
10634 3
10635 4
10636 0
10637 3
10638 5
10639 7
10640 3
10641 3
10642 2
10643 2
10644 5
10645 3
10646 4
10647 2
10648 3
10649 3
10650 3
10651 1
10652 2
10653 2
10654 2
10655 3
10656 3
10657 2
10658 2
10659 5
10660 3
10661 2
10662 3
10663 8
10664 3
10665 4
10666 0
10667 3
10668 2
10669 5
10670 1
10671 5
10672 2
10673 1
10674 5
10675 0
10676 3
10677 5
10678 3
10679 2
10680 4
10681 1
10682 2
10683 3
10684 1
10685 2
10686 2
10687 3
10688 2
10689 0
10690 3
10691 0
10692 1
10693 1
10694 4
10695 2
10696 3
10697 4
10698 5
10699 3
10700 1
10701 3
10702 1
10703 6
10704 3
10705 3
10706 2
10707 2
10708 3
10709 1
10710 1
10711 3
10712 3
10713 2
10714 2
10715 3
10716 3
10717 4
10718 3
10719 3
10720 5
10721 4
10722 4
10723 1
10724 3
10725 2
10726 0
10727 3
10728 4
10729 3
10730 1
10731 7
10732 4
10733 4
10734 1
10735 3
10736 1
10737 3
10738 1
10739 3
10740 3
10741 4
10742 3
10743 4
10744 5
10745 4
10746 4
10747 5
10748 2
10749 4
10750 4
10751 1
10752 0
10753 5
10754 4
10755 3
10756 2
10757 2
10758 2
10759 6
10760 5
10761 3
10762 3
10763 6
10764 2
10765 1
10766 0
10767 5
10768 1
10769 3
10770 6
10771 4
10772 4
10773 3
10774 2
10775 2
10776 3
10777 2
10778 1
10779 4
10780 3
10781 4
10782 6
10783 1
10784 1
10785 4
10786 2
10787 2
10788 1
10789 2
10790 1
10791 3
10792 2
10793 1
10794 7
10795 6
10796 1
10797 4
10798 3
10799 2
10800 4
10801 5
10802 3
10803 6
10804 4
10805 4
10806 4
10807 2
10808 1
10809 4
10810 3
10811 2
10812 4
10813 2
10814 5
10815 3
10816 6
10817 2
10818 4
10819 0
10820 4
10821 4
10822 4
10823 3
10824 2
10825 1
10826 2
10827 3
10828 2
10829 8
10830 2
10831 4
10832 2
10833 1
10834 4
10835 3
10836 2
10837 6
10838 4
10839 6
10840 2
10841 2
10842 2
10843 2
10844 2
10845 3
10846 0
10847 5
10848 5
10849 3
10850 3
10851 3
10852 2
10853 4
10854 2
10855 5
10856 3
10857 3
10858 2
10859 4
10860 2
10861 3
10862 3
10863 3
10864 10
10865 3
10866 2
10867 1
10868 4
10869 5
10870 4
10871 5
10872 3
10873 6
10874 1
10875 2
10876 4
10877 4
10878 4
10879 5
10880 2
10881 1
10882 5
10883 2
10884 3
10885 1
10886 2
10887 4
10888 4
10889 2
10890 4
10891 1
10892 0
10893 2
10894 3
10895 1
10896 2
10897 3
10898 2
10899 2
10900 4
10901 5
10902 3
10903 2
10904 4
10905 3
10906 2
10907 4
10908 4
10909 2
10910 5
10911 2
10912 1
10913 1
10914 4
10915 4
10916 3
10917 5
10918 5
10919 1
10920 4
10921 2
10922 8
10923 5
10924 7
10925 3
10926 2
10927 3
10928 3
10929 3
10930 2
10931 4
10932 6
10933 2
10934 2
10935 6
10936 6
10937 6
10938 4
10939 1
10940 5
10941 6
10942 5
10943 4
10944 4
10945 7
10946 4
10947 1
10948 1
10949 6
10950 2
10951 4
10952 4
10953 5
10954 3
10955 3
10956 6
10957 4
10958 3
10959 4
10960 2
10961 10
10962 4
10963 11
10964 2
10965 3
10966 5
10967 2
10968 2
10969 3
10970 5
10971 5
10972 3
10973 7
10974 5
10975 5
10976 3
10977 3
10978 3
10979 3
10980 2
10981 5
10982 1
10983 1
10984 1
10985 5
10986 5
10987 4
10988 3
10989 6
10990 6
10991 4
10992 5
10993 6
10994 4
10995 3
10996 6
10997 4
10998 4
10999 6
11000 4
11001 4
11002 2
11003 3
11004 3
11005 5
11006 2
11007 3
11008 2
11009 5
11010 2
11011 6
11012 7
11013 9
11014 4
11015 7
11016 4
11017 1
11018 6
11019 4
11020 7
11021 3
11022 2
11023 5
11024 6
11025 4
11026 3
11027 1
11028 3
11029 4
11030 8
11031 3
11032 2
11033 3
11034 8
11035 2
11036 5
11037 5
11038 4
11039 3
11040 5
11041 7
11042 6
11043 5
11044 6
11045 7
11046 3
11047 5
11048 6
11049 7
11050 6
11051 4
11052 6
11053 5
11054 3
11055 3
11056 6
11057 4
11058 4
11059 4
11060 6
11061 5
11062 2
11063 5
11064 7
11065 8
11066 7
11067 3
11068 8
11069 9
11070 4
11071 8
11072 7
11073 5
11074 7
11075 11
11076 5
11077 3
11078 5
11079 8
11080 3
11081 5
11082 10
11083 9
11084 4
11085 2
11086 2
11087 4
11088 9
11089 11
11090 6
11091 5
11092 7
11093 3
11094 2
11095 6
11096 5
11097 10
11098 9
11099 2
11100 8
11101 10
11102 4
11103 7
11104 7
11105 4
11106 5
11107 6
11108 5
11109 9
11110 4
11111 8
11112 7
11113 8
11114 10
11115 10
11116 5
11117 2
11118 12
11119 6
11120 5
11121 8
11122 11
11123 5
11124 7
11125 3
11126 10
11127 6
11128 4
11129 3
11130 3
11131 11
11132 6
11133 8
11134 5
11135 13
11136 10
11137 11
11138 6
11139 10
11140 8
11141 9
11142 9
11143 7
11144 2
11145 5
11146 13
11147 8
11148 10
11149 10
11150 4
11151 8
11152 5
11153 7
11154 9
11155 5
11156 9
11157 8
11158 5
11159 11
11160 7
11161 12
11162 3
11163 8
11164 5
11165 6
11166 4
11167 4
11168 3
11169 5
11170 5
11171 5
11172 9
11173 3
11174 5
11175 9
11176 8
11177 9
11178 3
11179 5
11180 7
11181 12
11182 8
11183 11
11184 15
11185 10
11186 5
11187 8
11188 3
11189 7
11190 12
11191 5
11192 7
11193 8
11194 6
11195 7
11196 13
11197 5
11198 9
11199 10
11200 8
11201 6
11202 4
11203 6
11204 7
11205 11
11206 12
11207 7
11208 3
11209 8
11210 7
11211 10
11212 11
11213 7
11214 8
11215 7
11216 7
11217 8
11218 14
11219 5
11220 11
11221 13
11222 5
11223 6
11224 7
11225 10
11226 9
11227 13
11228 8
11229 8
11230 7
11231 11
11232 9
11233 6
11234 12
11235 5
11236 10
11237 10
11238 4
11239 7
11240 8
11241 12
11242 10
11243 8
11244 5
11245 7
11246 10
11247 11
11248 15
11249 9
11250 13
11251 13
11252 10
11253 4
11254 6
11255 6
11256 9
11257 9
11258 8
11259 6
11260 11
11261 7
11262 9
11263 8
11264 9
11265 14
11266 6
11267 5
11268 12
11269 8
11270 17
11271 11
11272 11
11273 16
11274 10
11275 17
11276 9
11277 8
11278 6
11279 5
11280 9
11281 16
11282 9
11283 11
11284 10
11285 5
11286 3
11287 13
11288 13
11289 12
11290 4
11291 12
11292 5
11293 5
11294 13
11295 13
11296 11
11297 8
11298 12
11299 16
11300 10
11301 10
11302 12
11303 13
11304 6
11305 11
11306 6
11307 8
11308 9
11309 12
11310 9
11311 8
11312 6
11313 13
11314 12
11315 9
11316 8
11317 14
11318 4
11319 11
11320 12
11321 15
11322 6
11323 8
11324 9
11325 5
11326 8
11327 11
11328 9
11329 16
11330 14
11331 16
11332 10
11333 13
11334 5
11335 11
11336 9
11337 15
11338 8
11339 9
11340 11
11341 15
11342 9
11343 18
11344 14
11345 11
11346 13
11347 6
11348 18
11349 12
11350 14
11351 13
11352 8
11353 8
11354 12
11355 4
11356 10
11357 11
11358 7
11359 9
11360 8
11361 14
11362 19
11363 9
11364 7
11365 12
11366 12
11367 12
11368 18
11369 14
11370 13
11371 6
11372 7
11373 10
11374 10
11375 19
11376 16
11377 12
11378 7
11379 14
11380 14
11381 11
11382 19
11383 13
11384 16
11385 13
11386 12
11387 19
11388 12
11389 15
11390 12
11391 11
11392 11
11393 16
11394 9
11395 10
11396 14
11397 15
11398 8
11399 17
11400 15
11401 9
11402 14
11403 12
11404 16
11405 13
11406 10
11407 18
11408 14
11409 6
11410 11
11411 15
11412 14
11413 11
11414 10
11415 14
11416 14
11417 15
11418 8
11419 7
11420 15
11421 11
11422 13
11423 17
11424 10
11425 14
11426 8
11427 17
11428 14
11429 10
11430 18
11431 18
11432 9
11433 6
11434 11
11435 17
11436 11
11437 15
11438 13
11439 15
11440 11
11441 11
11442 8
11443 11
11444 11
11445 22
11446 17
11447 12
11448 14
11449 17
11450 17
11451 13
11452 10
11453 14
11454 10
11455 14
11456 14
11457 15
11458 9
11459 10
11460 15
11461 19
11462 10
11463 9
11464 14
11465 13
11466 8
11467 14
11468 14
11469 15
11470 10
11471 10
11472 12
11473 13
11474 12
11475 15
11476 17
11477 14
11478 11
11479 18
11480 20
11481 13
11482 13
11483 20
11484 16
11485 10
11486 17
11487 12
11488 12
11489 15
11490 8
11491 20
11492 14
11493 13
11494 18
11495 14
11496 10
11497 13
11498 15
11499 18
11500 10
11501 24
11502 14
11503 13
11504 13
11505 13
11506 7
11507 9
11508 18
11509 8
11510 18
11511 18
11512 13
11513 14
11514 12
11515 20
11516 11
11517 8
11518 8
11519 11
11520 9
11521 10
11522 14
11523 24
11524 11
11525 11
11526 18
11527 21
11528 16
11529 22
11530 12
11531 11
11532 12
11533 18
11534 12
11535 18
11536 9
11537 12
11538 13
11539 15
11540 11
11541 15
11542 16
11543 7
11544 16
11545 20
11546 16
11547 12
11548 16
11549 25
11550 17
11551 12
11552 9
11553 9
11554 8
11555 9
11556 4
11557 22
11558 16
11559 16
11560 13
11561 8
11562 18
11563 15
11564 19
11565 14
11566 14
11567 15
11568 20
11569 13
11570 18
11571 18
11572 14
11573 19
11574 23
11575 16
11576 13
11577 18
11578 16
11579 14
11580 18
11581 17
11582 11
11583 19
11584 13
11585 11
11586 8
11587 21
11588 14
11589 14
11590 16
11591 7
11592 10
11593 9
11594 16
11595 19
11596 19
11597 12
11598 19
11599 15
11600 11
11601 19
11602 11
11603 9
11604 8
11605 20
11606 12
11607 14
11608 17
11609 22
11610 12
11611 15
11612 18
11613 13
11614 20
11615 18
11616 19
11617 10
11618 15
11619 21
11620 12
11621 8
11622 10
11623 22
11624 15
11625 12
11626 15
11627 14
11628 11
11629 15
11630 13
11631 21
11632 20
11633 15
11634 8
11635 14
11636 17
11637 16
11638 17
11639 16
11640 12
11641 15
11642 18
11643 14
11644 16
11645 16
11646 19
11647 20
11648 16
11649 11
11650 28
11651 16
11652 20
11653 17
11654 21
11655 15
11656 18
11657 13
11658 21
11659 24
11660 13
11661 22
11662 18
11663 12
11664 11
11665 26
11666 17
11667 21
11668 11
11669 15
11670 17
11671 13
11672 17
11673 16
11674 19
11675 14
11676 17
11677 16
11678 17
11679 17
11680 19
11681 13
11682 12
11683 19
11684 15
11685 14
11686 12
11687 16
11688 11
11689 12
11690 19
11691 11
11692 11
11693 16
11694 11
11695 16
11696 19
11697 13
11698 14
11699 18
11700 7
11701 17
11702 18
11703 12
11704 15
11705 9
11706 14
11707 10
11708 21
11709 17
11710 12
11711 18
11712 3
11713 13
11714 10
11715 17
11716 15
11717 18
11718 12
11719 15
11720 14
11721 15
11722 12
11723 18
11724 9
11725 24
11726 13
11727 11
11728 14
11729 14
11730 10
11731 16
11732 20
11733 11
11734 16
11735 12
11736 9
11737 11
11738 11
11739 12
11740 7
11741 18
11742 17
11743 13
11744 16
11745 10
11746 15
11747 19
11748 7
11749 9
11750 10
11751 12
11752 20
11753 21
11754 8
11755 11
11756 17
11757 17
11758 16
11759 12
11760 12
11761 13
11762 14
11763 18
11764 17
11765 10
11766 10
11767 12
11768 8
11769 16
11770 20
11771 12
11772 18
11773 11
11774 14
11775 18
11776 21
11777 17
11778 20
11779 15
11780 17
11781 15
11782 12
11783 19
11784 13
11785 11
11786 17
11787 12
11788 17
11789 14
11790 6
11791 13
11792 14
11793 18
11794 10
11795 13
11796 17
11797 6
11798 21
11799 17
11800 13
11801 18
11802 17
11803 12
11804 8
11805 11
11806 17
11807 14
11808 11
11809 12
11810 13
11811 10
11812 17
11813 21
11814 9
11815 16
11816 10
11817 15
11818 9
11819 8
11820 12
11821 17
11822 12
11823 19
11824 14
11825 8
11826 9
11827 12
11828 10
11829 13
11830 17
11831 12
11832 19
11833 11
11834 14
11835 13
11836 11
11837 16
11838 5
11839 23
11840 15
11841 9
11842 13
11843 17
11844 13
11845 18
11846 14
11847 12
11848 15
11849 11
11850 10
11851 8
11852 11
11853 5
11854 14
11855 17
11856 14
11857 14
11858 17
11859 15
11860 8
11861 14
11862 14
11863 18
11864 9
11865 18
11866 8
11867 10
11868 15
11869 13
11870 13
11871 19
11872 17
11873 9
11874 11
11875 18
11876 14
11877 9
11878 7
11879 16
11880 14
11881 13
11882 8
11883 11
11884 8
11885 12
11886 14
11887 8
11888 12
11889 13
11890 17
11891 9
11892 8
11893 16
11894 8
11895 10
11896 8
11897 7
11898 15
11899 11
11900 7
11901 11
11902 12
11903 11
11904 10
11905 6
11906 9
11907 10
11908 6
11909 7
11910 11
11911 11
11912 18
11913 15
11914 11
11915 9
11916 14
11917 7
11918 12
11919 16
11920 9
11921 15
11922 15
11923 11
11924 7
11925 12
11926 7
11927 13
11928 10
11929 9
11930 13
11931 9
11932 5
11933 13
11934 13
11935 11
11936 8
11937 11
11938 15
11939 11
11940 13
11941 10
11942 14
11943 16
11944 11
11945 9
11946 12
11947 10
11948 9
11949 12
11950 9
11951 13
11952 12
11953 6
11954 11
11955 11
11956 7
11957 11
11958 12
11959 5
11960 12
11961 9
11962 8
11963 8
11964 9
11965 11
11966 12
11967 11
11968 12
11969 4
11970 17
11971 5
11972 7
11973 19
11974 9
11975 13
11976 8
11977 6
11978 15
11979 7
11980 10
11981 7
11982 3
11983 10
11984 8
11985 11
11986 3
11987 12
11988 13
11989 9
11990 10
11991 11
11992 10
11993 10
11994 13
11995 4
11996 9
11997 12
11998 6
11999 6
12000 10
12001 10
12002 11
12003 9
12004 7
12005 15
12006 8
12007 9
12008 8
12009 19
12010 12
12011 4
12012 7
12013 9
12014 9
12015 12
12016 8
12017 9
12018 9
12019 15
12020 6
12021 8
12022 16
12023 3
12024 9
12025 6
12026 7
12027 11
12028 10
12029 6
12030 4
12031 8
12032 12
12033 9
12034 3
12035 6
12036 10
12037 11
12038 15
12039 7
12040 4
12041 13
12042 5
12043 7
12044 6
12045 5
12046 5
12047 9
12048 8
12049 5
12050 8
12051 7
12052 9
12053 4
12054 5
12055 8
12056 2
12057 7
12058 4
12059 11
12060 5
12061 6
12062 9
12063 9
12064 10
12065 8
12066 4
12067 8
12068 11
12069 8
12070 10
12071 6
12072 11
12073 9
12074 10
12075 8
12076 6
12077 9
12078 4
12079 4
12080 3
12081 6
12082 6
12083 8
12084 4
12085 9
12086 7
12087 3
12088 14
12089 3
12090 3
12091 11
12092 4
12093 3
12094 5
12095 6
12096 4
12097 6
12098 2
12099 8
12100 5
12101 5
12102 7
12103 5
12104 7
12105 4
12106 4
12107 7
12108 10
12109 5
12110 10
12111 8
12112 7
12113 7
12114 6
12115 3
12116 5
12117 10
12118 5
12119 4
12120 5
12121 8
12122 3
12123 6
12124 5
12125 3
12126 8
12127 3
12128 7
12129 10
12130 8
12131 7
12132 8
12133 4
12134 4
12135 8
12136 3
12137 3
12138 6
12139 4
12140 1
12141 2
12142 8
12143 6
12144 4
12145 3
12146 7
12147 4
12148 3
12149 3
12150 4
12151 0
12152 6
12153 5
12154 4
12155 1
12156 5
12157 5
12158 5
12159 1
12160 6
12161 4
12162 4
12163 9
12164 4
12165 4
12166 7
12167 4
12168 6
12169 2
12170 1
12171 5
12172 3
12173 3
12174 1
12175 5
12176 6
12177 6
12178 7
12179 5
12180 3
12181 5
12182 5
12183 8
12184 2
12185 2
12186 4
12187 4
12188 7
12189 3
12190 8
12191 9
12192 3
12193 3
12194 4
12195 6
12196 3
12197 7
12198 3
12199 6
12200 9
12201 6
12202 4
12203 6
12204 5
12205 5
12206 5
12207 2
12208 2
12209 3
12210 10
12211 1
12212 3
12213 2
12214 5
12215 4
12216 3
12217 1
12218 8
12219 2
12220 2
12221 1
12222 6
12223 5
12224 8
12225 4
12226 2
12227 3
12228 3
12229 2
12230 1
12231 9
12232 8
12233 2
12234 2
12235 4
12236 0
12237 2
12238 2
12239 2
12240 4
12241 6
12242 2
12243 3
12244 8
12245 2
12246 3
12247 3
12248 6
12249 3
12250 3
12251 1
12252 2
12253 3
12254 5
12255 1
12256 0
12257 4
12258 3
12259 2
12260 4
12261 4
12262 2
12263 1
12264 4
12265 0
12266 4
12267 3
12268 0
12269 1
12270 4
12271 5
12272 1
12273 1
12274 4
12275 4
12276 2
12277 7
12278 3
12279 1
12280 5
12281 5
12282 3
12283 4
12284 4
12285 1
12286 6
12287 2
12288 4
12289 1
12290 1
12291 2
12292 0
12293 2
12294 1
12295 1
12296 3
12297 2
12298 2
12299 1
12300 6
12301 0
12302 2
12303 4
12304 3
12305 3
12306 1
12307 3
12308 4
12309 2
12310 3
12311 2
12312 1
12313 4
12314 2
12315 3
12316 1
12317 1
12318 1
12319 4
12320 1
12321 5
12322 0
12323 2
12324 1
12325 0
12326 4
12327 2
12328 1
12329 2
12330 2
12331 5
12332 4
12333 0
12334 4
12335 3
12336 4
12337 3
12338 0
12339 4
12340 0
12341 1
12342 3
12343 3
12344 2
12345 1
12346 3
12347 4
12348 2
12349 2
12350 1
12351 1
12352 1
12353 1
12354 0
12355 2
12356 1
12357 1
12358 2
12359 1
12360 3
12361 2
12362 1
12363 2
12364 0
12365 1
12366 2
12367 5
12368 0
12369 2
12370 1
12371 2
12372 4
12373 2
12374 3
12375 2
12376 3
12377 0
12378 5
12379 3
12380 0
12381 0
12382 0
12383 2
12384 1
12385 1
12386 0
12387 1
12388 3
12389 0
12390 1
12391 0
12392 0
12393 2
12394 2
12395 1
12396 1
12397 3
12398 2
12399 1
12400 0
12401 3
12402 2
12403 0
12404 1
12405 2
12406 3
12407 1
12408 1
12409 3
12410 2
12411 0
12412 0
12413 0
12414 0
12415 1
12416 1
12417 0
12418 1
12419 1
12420 1
12421 4
12422 2
12423 1
12424 3
12425 1
12426 2
12427 1
12428 1
12429 1
12430 1
12431 0
12432 1
12433 2
12434 0
12435 2
12436 0
12437 0
12438 1
12439 2
12440 2
12441 1
12442 1
12443 0
12444 0
12445 1
12446 0
12447 0
12448 0
12449 1
12450 3
12451 2
12452 2
12453 0
12454 1
12455 2
12456 0
12457 0
12458 2
12459 0
12460 5
12461 1
12462 2
12463 0
12464 1
12465 1
12466 1
12467 1
12468 0
12469 3
12470 1
12471 0
12472 1
12473 1
12474 0
12475 0
12476 0
12477 0
12478 0
12479 2
12480 0
12481 1
12482 1
12483 0
12484 0
12485 0
12486 1
12487 1
12488 0
12489 0
12490 1
12491 1
12492 0
12493 1
12494 0
12495 0
12496 0
12497 0
12498 0
12499 1
12500 1
12501 1
12502 1
12503 0
12504 0
12505 2
12506 0
12507 3
12508 1
12509 0
12510 2
12511 0
12512 1
12513 1
12514 0
12515 1
12516 1
12517 1
12518 2
12519 1
12520 0
12521 1
12522 1
12523 1
12524 0
12525 1
12526 1
12527 0
12528 0
12529 0
12530 0
12531 0
12532 1
12533 1
12534 0
12535 0
12536 0
12537 1
12538 1
12539 1
12540 1
12541 2
12542 1
12543 1
12544 1
12545 1
12546 1
12547 1
12548 1
12549 1
12550 2
12551 1
12552 0
12553 0
12554 1
12555 2
12556 1
12557 0
12558 1
12559 0
12560 2
12561 0
12562 1
12563 0
12564 1
12565 1
12566 1
12567 2
12568 0
12569 0
12570 1
12571 2
12572 1
12573 2
12574 0
12575 2
12576 1
12577 0
12578 0
12579 1
12580 0
12581 2
12582 0
12583 1
12584 0
12585 0
12586 0
12587 1
12588 0
12589 2
12590 1
12591 0
12592 0
12593 0
12594 0
12595 0
12596 1
12597 1
12598 0
12599 0
12600 0
12601 1
12602 2
12603 3
12604 1
12605 0
12606 0
12607 0
12608 0
12609 1
12610 3
12611 2
12612 0
12613 0
12614 0
12615 0
12616 1
12617 1
12618 2
12619 1
12620 0
12621 1
12622 0
12623 1
12624 2
12625 0
12626 1
12627 0
12628 2
12629 1
12630 0
12631 1
12632 0
12633 0
12634 0
12635 0
12636 2
12637 1
12638 0
12639 3
12640 0
12641 0
12642 3
12643 0
12644 0
12645 0
12646 0
12647 0
12648 0
12649 0
12650 0
12651 0
12652 1
12653 0
12654 1
12655 0
12656 0
12657 0
12658 1
12659 1
12660 0
12661 0
12662 1
12663 0
12664 0
12665 0
12666 0
12667 0
12668 1
12669 0
12670 0
12671 0
12672 2
12673 0
12674 1
12675 1
12676 0
12677 0
12678 1
12679 1
12680 0
12681 1
12682 0
12683 1
12684 2
12685 1
12686 2
12687 0
12688 0
12689 0
12690 0
12691 2
12692 1
12693 1
12694 2
12695 0
12696 1
12697 0
12698 0
12699 0
12700 0
12701 1
12702 0
12703 0
12704 0
12705 1
12706 0
12707 0
12708 0
12709 1
12710 1
12711 0
12712 1
12713 0
12714 0
12715 0
12716 2
12717 0
12718 1
12719 0
12720 0
12721 1
12722 0
12723 0
12724 1
12725 0
12726 1
12727 0
12728 0
12729 0
12730 0
12731 2
12732 0
12733 0
12734 0
12735 0
12736 0
12737 3
12738 1
12739 0
12740 0
12741 1
12742 0
12743 0
12744 0
12745 1
12746 0
12747 0
12748 0
12749 1
12750 2
12751 0
12752 0
12753 0
12754 1
12755 0
12756 0
12757 2
12758 2
12759 0
12760 0
12761 0
12762 0
12763 0
12764 0
12765 1
12766 0
12767 1
12768 0
12769 1
12770 2
12771 1
12772 0
12773 0
12774 0
12775 0
12776 1
12777 1
12778 0
12779 0
12780 1
12781 3
12782 0
12783 0
12784 0
12785 0
12786 1
12787 0
12788 0
12789 1
12790 1
12791 0
12792 0
12793 0
12794 0
12795 1
12796 0
12797 0
12798 0
12799 0
12800 0
12801 0
12802 0
12803 0
12804 0
12805 2
12806 0
12807 1
12808 0
12809 0
12810 1
12811 0
12812 0
12813 0
12814 0
12815 0
12816 0
12817 0
12818 2
12819 1
12820 1
12821 0
12822 0
12823 0
12824 0
12825 2
12826 0
12827 0
12828 1
12829 0
12830 0
12831 0
12832 1
12833 0
12834 0
12835 0
12836 0
12837 0
12838 0
12839 0
12840 0
12841 0
12842 0
12843 0
12844 0
12845 0
12846 1
12847 0
12848 0
12849 0
12850 0
12851 0
12852 1
12853 1
12854 0
12855 0
12856 0
12857 0
12858 1
12859 1
12860 0
12861 1
12862 1
12863 0
12864 0
12865 0
12866 0
12867 0
12868 0
12869 0
12870 0
12871 0
12872 1
12873 0
12874 0
12875 1
12876 0
12877 0
12878 0
12879 1
12880 1
12881 0
12882 0
12883 0
12884 0
12885 1
12886 1
12887 0
12888 0
12889 0
12890 0
12891 1
12892 0
12893 1
12894 0
12895 0
12896 0
12897 0
12898 0
12899 1
12900 1
12901 2
12902 0
12903 1
12904 0
12905 0
12906 0
12907 0
12908 1
12909 0
12910 0
12911 0
12912 0
12913 0
12914 0
12915 2
12916 1
12917 0
12918 0
12919 0
12920 0
12921 1
12922 3
12923 1
12924 0
12925 0
12926 0
12927 1
12928 0
12929 0
12930 0
12931 0
12932 1
12933 2
12934 0
12935 0
12936 0
12937 1
12938 0
12939 1
12940 1
12941 0
12942 0
12943 0
12944 0
12945 0
12946 0
12947 0
12948 0
12949 0
12950 0
12951 0
12952 1
12953 1
12954 1
12955 0
12956 1
12957 0
12958 0
12959 0
12960 0
12961 1
12962 0
12963 0
12964 1
12965 0
12966 0
12967 0
12968 0
12969 0
12970 0
12971 1
12972 0
12973 1
12974 0
12975 0
12976 0
12977 0
12978 0
12979 0
12980 1
12981 0
12982 0
12983 0
12984 0
12985 0
12986 0
12987 0
12988 0
12989 0
12990 0
12991 0
12992 0
12993 0
12994 1
12995 0
12996 0
12997 0
12998 0
12999 0
13000 0
13001 0
13002 0
13003 1
13004 1
13005 1
13006 0
13007 0
13008 0
13009 0
13010 0
13011 0
13012 0
13013 0
13014 0
13015 0
13016 0
13017 0
13018 0
13019 0
13020 0
13021 0
13022 1
13023 0
13024 0
13025 0
13026 0
13027 0
13028 0
13029 0
13030 0
13031 1
13032 0
13033 0
13034 0
13035 0
13036 0
13037 0
13038 0
13039 1
13040 0
13041 0
13042 0
13043 0
13044 1
13045 0
13046 1
13047 2
13048 0
13049 0
13050 1
13051 0
13052 0
13053 1
13054 1
13055 0
13056 0
13057 1
13058 2
13059 0
13060 0
13061 0
13062 0
13063 0
13064 0
13065 1
13066 0
13067 1
13068 0
13069 1
13070 0
13071 0
13072 0
13073 0
13074 0
13075 0
13076 2
13077 1
13078 1
13079 0
13080 1
13081 0
13082 0
13083 1
13084 1
13085 0
13086 0
13087 0
13088 0
13089 1
13090 0
13091 0
13092 0
13093 0
13094 0
13095 0
13096 0
13097 1
13098 1
13099 0
13100 2
13101 2
13102 0
13103 0
13104 0
13105 0
13106 1
13107 1
13108 1
13109 0
13110 1
13111 0
13112 0
13113 1
13114 0
13115 0
13116 1
13117 0
13118 0
13119 1
13120 1
13121 0
13122 0
13123 0
13124 1
13125 0
13126 0
13127 0
13128 0
13129 0
13130 0
13131 0
13132 0
13133 0
13134 1
13135 0
13136 1
13137 1
13138 0
13139 1
13140 0
13141 0
13142 0
13143 0
13144 0
13145 1
13146 0
13147 0
13148 0
13149 0
13150 0
13151 0
13152 0
13153 0
13154 0
13155 1
13156 1
13157 0
13158 0
13159 1
13160 0
13161 0
13162 0
13163 0
13164 0
13165 1
13166 2
13167 0
13168 0
13169 0
13170 1
13171 0
13172 0
13173 0
13174 0
13175 0
13176 1
13177 1
13178 0
13179 0
13180 0
13181 1
13182 0
13183 0
13184 1
13185 0
13186 1
13187 0
13188 0
13189 0
13190 0
13191 1
13192 0
13193 0
13194 0
13195 0
13196 0
13197 0
13198 0
13199 1
13200 0
13201 0
13202 1
13203 0
13204 0
13205 0
13206 0
13207 1
13208 0
13209 0
13210 1
13211 0
13212 1
13213 0
13214 0
13215 0
13216 0
13217 0
13218 0
13219 0
13220 0
13221 0
13222 1
13223 0
13224 0
13225 0
13226 0
13227 0
13228 0
13229 0
13230 0
13231 1
13232 0
13233 0
13234 0
13235 0
13236 0
13237 1
13238 0
13239 0
13240 0
13241 0
13242 1
13243 0
13244 0
13245 0
13246 0
13247 0
13248 0
13249 0
13250 0
13251 0
13252 1
13253 0
13254 0
13255 0
13256 2
13257 0
13258 1
13259 0
13260 0
13261 0
13262 0
13263 0
13264 0
13265 1
13266 0
13267 0
13268 0
13269 0
13270 0
13271 0
13272 1
13273 1
13274 0
13275 0
13276 0
13277 0
13278 0
13279 0
13280 0
13281 0
13282 0
13283 1
13284 0
13285 1
13286 1
13287 1
13288 0
13289 0
13290 0
13291 0
13292 1
13293 1
13294 0
13295 0
13296 0
13297 0
13298 0
13299 0
13300 0
13301 0
13302 0
13303 0
13304 0
13305 0
13306 0
13307 0
13308 0
13309 0
13310 0
13311 0
13312 0
13313 0
13314 0
13315 0
13316 1
13317 0
13318 0
13319 0
13320 1
13321 0
13322 0
13323 1
13324 0
13325 0
13326 0
13327 0
13328 0
13329 0
13330 0
13331 0
13332 0
13333 0
13334 0
13335 0
13336 0
13337 0
13338 0
13339 0
13340 0
13341 0
13342 0
13343 0
13344 0
13345 0
13346 0
13347 0
13348 0
13349 0
13350 0
13351 1
13352 0
13353 0
13354 1
13355 0
13356 1
13357 1
13358 0
13359 0
13360 0
13361 0
13362 0
13363 0
13364 0
13365 0
13366 0
13367 0
13368 0
13369 0
13370 0
13371 0
13372 0
13373 0
13374 0
13375 0
13376 0
13377 0
13378 0
13379 0
13380 0
13381 0
13382 1
13383 0
13384 0
13385 0
13386 2
13387 0
13388 0
13389 0
13390 0
13391 0
13392 0
13393 0
13394 0
13395 0
13396 1
13397 0
13398 0
13399 0
13400 0
13401 0
13402 0
13403 1
13404 0
13405 0
13406 0
13407 0
13408 1
13409 0
13410 0
13411 0
13412 0
13413 0
13414 0
13415 0
13416 0
13417 0
13418 2
13419 0
13420 0
13421 1
13422 0
13423 0
13424 0
13425 0
13426 0
13427 0
13428 0
13429 0
13430 1
13431 0
13432 0
13433 0
13434 0
13435 0
13436 0
13437 0
13438 1
13439 0
13440 0
13441 0
13442 0
13443 0
13444 0
13445 0
13446 0
13447 0
13448 0
13449 0
13450 1
13451 0
13452 0
13453 0
13454 0
13455 1
13456 1
13457 0
13458 0
13459 0
13460 0
13461 0
13462 0
13463 0
13464 0
13465 0
13466 0
13467 0
13468 0
13469 0
13470 0
13471 0
13472 0
13473 0
13474 0
13475 0
13476 0
13477 0
13478 0
13479 0
13480 1
13481 0
13482 0
13483 0
13484 0
13485 0
13486 0
13487 0
13488 0
13489 0
13490 0
13491 0
13492 2
13493 0
13494 0
13495 0
13496 0
13497 0
13498 1
13499 0
13500 0
13501 0
13502 0
13503 0
13504 0
13505 0
13506 1
13507 0
13508 0
13509 0
13510 0
13511 0
13512 1
13513 0
13514 0
13515 1
13516 0
13517 0
13518 0
13519 0
13520 0
13521 0
13522 0
13523 0
13524 0
13525 0
13526 0
13527 1
13528 0
13529 0
13530 0
13531 1
13532 0
13533 0
13534 1
13535 0
13536 1
13537 0
13538 0
13539 0
13540 0
13541 0
13542 0
13543 0
13544 0
13545 0
13546 0
13547 1
13548 0
13549 0
13550 0
13551 0
13552 0
13553 0
13554 0
13555 0
13556 0
13557 0
13558 0
13559 1
13560 0
13561 1
13562 0
13563 0
13564 0
13565 0
13566 0
13567 0
13568 0
13569 0
13570 0
13571 0
13572 0
13573 0
13574 0
13575 0
13576 0
13577 0
13578 0
13579 0
13580 0
13581 0
13582 0
13583 0
13584 0
13585 0
13586 0
13587 0
13588 1
13589 0
13590 0
13591 0
13592 0
13593 0
13594 0
13595 0
13596 0
13597 1
13598 0
13599 0
13600 0
13601 0
13602 0
13603 1
13604 0
13605 0
13606 0
13607 0
13608 0
13609 0
13610 0
13611 0
13612 0
13613 1
13614 0
13615 0
13616 0
13617 0
13618 0
13619 0
13620 0
13621 0
13622 1
13623 2
13624 0
13625 0
13626 1
13627 0
13628 1
13629 0
13630 0
13631 0
13632 0
13633 0
13634 0
13635 1
13636 0
13637 0
13638 0
13639 1
13640 0
13641 0
13642 1
13643 0
13644 0
13645 1
13646 1
13647 0
13648 0
13649 1
13650 0
13651 0
13652 1
13653 0
13654 0
13655 0
13656 0
13657 1
13658 0
13659 0
13660 0
13661 0
13662 1
13663 0
13664 0
13665 0
13666 0
13667 0
13668 0
13669 0
13670 0
13671 0
13672 0
13673 0
13674 0
13675 0
13676 0
13677 0
13678 0
13679 0
13680 1
13681 1
13682 0
13683 1
13684 0
13685 0
13686 0
13687 0
13688 0
13689 0
13690 0
13691 0
13692 0
13693 0
13694 0
13695 0
13696 0
13697 0
13698 0
13699 0
13700 0
13701 0
13702 0
13703 0
13704 0
13705 0
13706 0
13707 0
13708 0
13709 0
13710 1
13711 0
13712 0
13713 0
13714 0
13715 1
13716 1
13717 0
13718 0
13719 0
13720 0
13721 0
13722 0
13723 0
13724 1
13725 0
13726 0
13727 0
13728 0
13729 1
13730 0
13731 0
13732 0
13733 0
13734 1
13735 0
13736 0
13737 0
13738 0
13739 0
13740 1
13741 0
13742 0
13743 0
13744 0
13745 0
13746 0
13747 0
13748 1
13749 0
13750 1
13751 0
13752 0
13753 0
13754 1
13755 0
13756 0
13757 1
13758 0
13759 0
13760 0
13761 0
13762 0
13763 0
13764 0
13765 0
13766 0
13767 0
13768 1
13769 0
13770 0
13771 1
13772 0
13773 0
13774 0
13775 0
13776 0
13777 0
13778 0
13779 0
13780 0
13781 0
13782 1
13783 0
13784 0
13785 1
13786 1
13787 0
13788 0
13789 0
13790 0
13791 0
13792 0
13793 0
13794 1
13795 0
13796 1
13797 1
13798 0
13799 0
13800 0
13801 0
13802 0
13803 0
13804 0
13805 0
13806 0
13807 0
13808 0
13809 1
13810 0
13811 0
13812 0
13813 0
13814 1
13815 0
13816 0
13817 0
13818 0
13819 0
13820 0
13821 0
13822 1
13823 0
13824 0
13825 0
13826 0
13827 0
13828 0
13829 0
13830 0
13831 0
13832 0
13833 0
13834 0
13835 0
13836 0
13837 0
13838 0
13839 0
13840 0
13841 0
13842 0
13843 0
13844 0
13845 0
13846 0
13847 1
13848 0
13849 0
13850 0
13851 0
13852 0
13853 0
13854 0
13855 0
13856 0
13857 0
13858 0
13859 0
13860 1
13861 0
13862 0
13863 0
13864 0
13865 0
13866 0
13867 0
13868 0
13869 0
13870 0
13871 0
13872 1
13873 0
13874 0
13875 1
13876 0
13877 0
13878 0
13879 0
13880 1
13881 0
13882 0
13883 0
13884 0
13885 0
13886 0
13887 0
13888 0
13889 0
13890 0
13891 0
13892 0
13893 0
13894 0
13895 0
13896 0
13897 0
13898 0
13899 0
13900 0
13901 0
13902 0
13903 0
13904 0
13905 0
13906 1
13907 0
13908 1
13909 0
13910 0
13911 0
13912 0
13913 0
13914 0
13915 0
13916 0
13917 0
13918 0
13919 0
13920 0
13921 0
13922 0
13923 1
13924 0
13925 0
13926 0
13927 0
13928 0
13929 0
13930 0
13931 0
13932 0
13933 0
13934 1
13935 0
13936 0
13937 0
13938 0
13939 0
13940 0
13941 0
13942 0
13943 0
13944 2
13945 0
13946 1
13947 0
13948 1
13949 0
13950 0
13951 0
13952 0
13953 0
13954 0
13955 0
13956 1
13957 0
13958 0
13959 0
13960 0
13961 0
13962 0
13963 0
13964 0
13965 0
13966 0
13967 0
13968 1
13969 0
13970 0
13971 0
13972 0
13973 0
13974 0
13975 1
13976 0
13977 0
13978 0
13979 0
13980 0
13981 0
13982 0
13983 0
13984 0
13985 1
13986 0
13987 0
13988 0
13989 0
13990 0
13991 1
13992 0
13993 0
13994 0
13995 0
13996 0
13997 0
13998 1
13999 0
14000 0
14001 0
14002 0
14003 0
14004 0
14005 0
14006 1
14007 0
14008 0
14009 1
14010 0
14011 0
14012 0
14013 0
14014 0
14015 0
14016 0
14017 0
14018 0
14019 0
14020 0
14021 0
14022 1
14023 0
14024 0
14025 1
14026 0
14027 0
14028 0
14029 0
14030 0
14031 1
14032 0
14033 1
14034 1
14035 0
14036 0
14037 1
14038 0
14039 1
14040 1
14041 0
14042 0
14043 0
14044 0
14045 1
14046 0
14047 0
14048 0
14049 0
14050 0
14051 0
14052 0
14053 0
14054 0
14055 0
14056 0
14057 1
14058 0
14059 0
14060 0
14061 0
14062 0
14063 0
14064 1
14065 0
14066 2
14067 0
14068 0
14069 0
14070 0
14071 0
14072 0
14073 0
14074 0
14075 0
14076 0
14077 0
14078 0
14079 0
14080 0
14081 0
14082 0
14083 0
14084 0
14085 0
14086 0
14087 0
14088 0
14089 0
14090 0
14091 0
14092 0
14093 0
14094 1
14095 1
14096 0
14097 0
14098 0
14099 0
14100 0
14101 0
14102 0
14103 0
14104 0
14105 0
14106 1
14107 0
14108 0
14109 0
14110 0
14111 0
14112 0
14113 0
14114 0
14115 0
14116 0
14117 0
14118 0
14119 1
14120 0
14121 0
14122 0
14123 0
14124 0
14125 0
14126 0
14127 0
14128 0
14129 0
14130 0
14131 0
14132 0
14133 2
14134 0
14135 1
14136 0
14137 0
14138 1
14139 0
14140 0
14141 0
14142 0
14143 0
14144 1
14145 0
14146 0
14147 0
14148 0
14149 0
14150 0
14151 0
14152 0
14153 1
14154 1
14155 0
14156 0
14157 0
14158 0
14159 0
14160 0
14161 0
14162 0
14163 0
14164 0
14165 1
14166 0
14167 0
14168 0
14169 0
14170 0
14171 0
14172 0
14173 0
14174 0
14175 0
14176 0
14177 0
14178 0
14179 0
14180 0
14181 1
14182 1
14183 0
14184 0
14185 0
14186 0
14187 0
14188 0
14189 1
14190 1
14191 0
14192 0
14193 0
14194 0
14195 0
14196 0
14197 0
14198 0
14199 1
14200 0
14201 0
14202 1
14203 1
14204 0
14205 0
14206 0
14207 0
14208 0
14209 0
14210 0
14211 0
14212 0
14213 1
14214 0
14215 0
14216 0
14217 0
14218 0
14219 0
14220 0
14221 2
14222 0
14223 0
14224 1
14225 0
14226 0
14227 1
14228 0
14229 0
14230 0
14231 1
14232 0
14233 0
14234 0
14235 0
14236 0
14237 1
14238 0
14239 0
14240 0
14241 0
14242 0
14243 0
14244 0
14245 1
14246 0
14247 0
14248 0
14249 1
14250 0
14251 0
14252 0
14253 0
14254 0
14255 0
14256 0
14257 0
14258 0
14259 0
14260 0
14261 1
14262 0
14263 0
14264 1
14265 0
14266 0
14267 0
14268 0
14269 0
14270 0
14271 0
14272 1
14273 0
14274 1
14275 0
14276 0
14277 0
14278 0
14279 0
14280 0
14281 0
14282 0
14283 0
14284 0
14285 0
14286 0
14287 1
14288 0
14289 0
14290 0
14291 0
14292 0
14293 0
14294 0
14295 0
14296 0
14297 0
14298 0
14299 0
14300 0
14301 0
14302 0
14303 0
14304 0
14305 0
14306 1
14307 1
14308 0
14309 0
14310 0
14311 0
14312 0
14313 0
14314 0
14315 0
14316 0
14317 0
14318 0
14319 0
14320 0
14321 0
14322 0
14323 0
14324 0
14325 0
14326 0
14327 1
14328 0
14329 1
14330 0
14331 1
14332 0
14333 0
14334 0
14335 0
14336 0
14337 2
14338 0
14339 0
14340 0
14341 0
14342 0
14343 0
14344 1
14345 0
14346 0
14347 0
14348 0
14349 0
14350 0
14351 0
14352 0
14353 0
14354 1
14355 0
14356 0
14357 0
14358 0
14359 0
14360 0
14361 0
14362 0
14363 1
14364 0
14365 0
14366 0
14367 0
14368 0
14369 0
14370 1
14371 0
14372 0
14373 0
14374 0
14375 0
14376 0
14377 0
14378 0
14379 0
14380 1
14381 0
14382 0
14383 0
14384 0
14385 1
14386 0
14387 0
14388 1
14389 0
14390 0
14391 0
14392 0
14393 0
14394 0
14395 0
14396 1
14397 0
14398 0
14399 0
14400 0
14401 0
14402 0
14403 0
14404 0
14405 0
14406 0
14407 1
14408 0
14409 0
14410 0
14411 0
14412 0
14413 0
14414 0
14415 0
14416 0
14417 0
14418 0
14419 0
14420 0
14421 0
14422 0
14423 0
14424 2
14425 0
14426 1
14427 0
14428 0
14429 0
14430 0
14431 0
14432 1
14433 0
14434 0
14435 0
14436 0
14437 0
14438 0
14439 0
14440 0
14441 0
14442 0
14443 0
14444 0
14445 1
14446 0
14447 0
14448 2
14449 0
14450 0
14451 0
14452 1
14453 0
14454 0
14455 0
14456 0
14457 0
14458 0
14459 1
14460 0
14461 0
14462 0
14463 0
14464 1
14465 0
14466 1
14467 0
14468 0
14469 0
14470 0
14471 0
14472 0
14473 0
14474 0
14475 0
14476 0
14477 0
14478 0
14479 0
14480 0
14481 0
14482 0
14483 0
14484 0
14485 0
14486 0
14487 0
14488 0
14489 0
14490 0
14491 0
14492 0
14493 0
14494 1
14495 0
14496 0
14497 0
14498 0
14499 0
14500 0
14501 0
14502 0
14503 0
14504 0
14505 0
14506 0
14507 2
14508 0
14509 0
14510 0
14511 1
14512 0
14513 0
14514 0
14515 1
14516 0
14517 1
14518 0
14519 0
14520 0
14521 0
14522 0
14523 0
14524 0
14525 0
14526 0
14527 0
14528 1
14529 0
14530 0
14531 0
14532 1
14533 0
14534 0
14535 0
14536 0
14537 0
14538 0
14539 0
14540 0
14541 1
14542 0
14543 0
14544 0
14545 0
14546 0
14547 1
14548 0
14549 0
14550 0
14551 0
14552 0
14553 0
14554 1
14555 1
14556 0
14557 1
14558 1
14559 0
14560 1
14561 0
14562 0
14563 0
14564 0
14565 0
14566 0
14567 0
14568 0
14569 0
14570 0
14571 0
14572 0
14573 0
14574 0
14575 0
14576 0
14577 0
14578 0
14579 0
14580 0
14581 0
14582 0
14583 0
14584 0
14585 0
14586 0
14587 0
14588 0
14589 0
14590 0
14591 0
14592 0
14593 1
14594 0
14595 0
14596 0
14597 1
14598 0
14599 0
14600 1
14601 0
14602 1
14603 0
14604 0
14605 1
14606 0
14607 1
14608 0
14609 0
14610 0
14611 0
14612 0
14613 0
14614 1
14615 0
14616 0
14617 1
14618 0
14619 0
14620 0
14621 0
14622 0
14623 0
14624 0
14625 0
14626 0
14627 0
14628 0
14629 1
14630 0
14631 0
14632 0
14633 1
14634 0
14635 0
14636 0
14637 0
14638 0
14639 0
14640 0
14641 0
14642 0
14643 0
14644 0
14645 0
14646 0
14647 1
14648 0
14649 0
14650 0
14651 0
14652 0
14653 0
14654 0
14655 0
14656 1
14657 0
14658 0
14659 0
14660 1
14661 0
14662 0
14663 0
14664 0
14665 1
14666 1
14667 0
14668 0
14669 0
14670 0
14671 0
14672 0
14673 0
14674 0
14675 0
14676 0
14677 0
14678 0
14679 0
14680 0
14681 0
14682 0
14683 0
14684 0
14685 0
14686 0
14687 0
14688 0
14689 1
14690 0
14691 0
14692 0
14693 0
14694 0
14695 0
14696 0
14697 0
14698 0
14699 0
14700 0
14701 0
14702 0
14703 0
14704 0
14705 0
14706 1
14707 0
14708 0
14709 0
14710 0
14711 0
14712 0
14713 0
14714 0
14715 0
14716 0
14717 0
14718 0
14719 0
14720 0
14721 0
14722 0
14723 0
14724 0
14725 1
14726 0
14727 0
14728 0
14729 1
14730 0
14731 1
14732 0
14733 0
14734 0
14735 0
14736 0
14737 0
14738 0
14739 0
14740 0
14741 0
14742 1
14743 0
14744 1
14745 0
14746 0
14747 0
14748 0
14749 0
14750 0
14751 1
14752 0
14753 0
14754 0
14755 0
14756 0
14757 0
14758 0
14759 0
14760 0
14761 0
14762 0
14763 0
14764 0
14765 0
14766 0
14767 0
14768 0
14769 0
14770 0
14771 0
14772 0
14773 2
14774 0
14775 0
14776 0
14777 0
14778 0
14779 0
14780 0
14781 0
14782 0
14783 0
14784 0
14785 0
14786 0
14787 0
14788 0
14789 0
14790 0
14791 1
14792 0
14793 1
14794 0
14795 0
14796 1
14797 0
14798 0
14799 0
14800 0
14801 0
14802 0
14803 1
14804 0
14805 0
14806 0
14807 0
14808 0
14809 0
14810 0
14811 0
14812 0
14813 0
14814 0
14815 0
14816 0
14817 0
14818 1
14819 0
14820 0
14821 0
14822 0
14823 0
14824 0
14825 0
14826 1
14827 1
14828 0
14829 0
14830 0
14831 0
14832 0
14833 0
14834 0
14835 0
14836 0
14837 0
14838 0
14839 0
14840 0
14841 0
14842 0
14843 0
14844 0
14845 0
14846 0
14847 0
14848 0
14849 0
14850 0
14851 0
14852 0
14853 0
14854 0
14855 0
14856 0
14857 0
14858 0
14859 0
14860 0
14861 0
14862 1
14863 0
14864 0
14865 0
14866 0
14867 1
14868 0
14869 0
14870 0
14871 1
14872 0
14873 0
14874 0
14875 0
14876 0
14877 0
14878 0
14879 0
14880 0
14881 0
14882 0
14883 0
14884 0
14885 0
14886 0
14887 0
14888 0
14889 0
14890 0
14891 0
14892 0
14893 0
14894 0
14895 0
14896 0
14897 0
14898 0
14899 0
14900 1
14901 0
14902 0
14903 0
14904 0
14905 1
14906 0
14907 0
14908 0
14909 0
14910 0
14911 0
14912 0
14913 0
14914 0
14915 0
14916 0
14917 0
14918 0
14919 0
14920 0
14921 0
14922 0
14923 0
14924 1
14925 0
14926 0
14927 1
14928 0
14929 1
14930 0
14931 1
14932 0
14933 0
14934 0
14935 0
14936 0
14937 0
14938 0
14939 0
14940 0
14941 0
14942 0
14943 0
14944 1
14945 0
14946 0
14947 1
14948 0
14949 0
14950 0
14951 0
14952 0
14953 0
14954 0
14955 0
14956 0
14957 0
14958 0
14959 0
14960 1
14961 0
14962 0
14963 0
14964 0
14965 0
14966 0
14967 0
14968 0
14969 0
14970 1
14971 0
14972 0
14973 0
14974 0
14975 0
14976 0
14977 0
14978 1
14979 0
14980 1
14981 0
14982 0
14983 0
14984 0
14985 0
14986 0
14987 0
14988 0
14989 0
14990 1
14991 0
14992 0
14993 0
14994 0
14995 0
14996 0
14997 0
14998 0
14999 0
15000 0
15001 0
15002 0
15003 0
15004 0
15005 0
15006 2
15007 0
15008 0
15009 0
15010 0
15011 0
15012 0
15013 0
15014 0
15015 0
15016 1
15017 0
15018 1
15019 0
15020 1
15021 0
15022 0
15023 0
15024 0
15025 0
15026 0
15027 0
15028 0
15029 0
15030 0
15031 0
15032 0
15033 0
15034 0
15035 0
15036 0
15037 0
15038 0
15039 0
15040 0
15041 0
15042 0
15043 1
15044 0
15045 0
15046 0
15047 0
15048 0
15049 0
15050 0
15051 0
15052 0
15053 0
15054 0
15055 0
15056 0
15057 0
15058 0
15059 0
15060 0
15061 0
15062 0
15063 0
15064 0
15065 0
15066 0
15067 0
15068 0
15069 0
15070 0
15071 0
15072 0
15073 0
15074 0
15075 0
15076 0
15077 0
15078 1
15079 0
15080 0
15081 0
15082 0
15083 0
15084 0
15085 0
15086 0
15087 0
15088 0
15089 0
15090 0
15091 0
15092 0
15093 0
15094 0
15095 0
15096 0
15097 0
15098 0
15099 0
15100 0
15101 0
15102 0
15103 0
15104 0
15105 0
15106 0
15107 0
15108 0
15109 0
15110 0
15111 0
15112 0
15113 0
15114 0
15115 0
15116 1
15117 0
15118 0
15119 1
15120 0
15121 0
15122 0
15123 0
15124 0
15125 0
15126 0
15127 1
15128 0
15129 0
15130 0
15131 0
15132 0
15133 0
15134 0
15135 0
15136 0
15137 0
15138 0
15139 0
15140 0
15141 0
15142 0
15143 0
15144 0
15145 0
15146 0
15147 0
15148 0
15149 0
15150 0
15151 0
15152 0
15153 0
15154 0
15155 0
15156 0
15157 0
15158 0
15159 0
15160 2
15161 0
15162 0
15163 0
15164 0
15165 0
15166 0
15167 0
15168 0
15169 0
15170 0
15171 0
15172 0
15173 0
15174 0
15175 0
15176 0
15177 0
15178 0
15179 0
15180 0
15181 0
15182 0
15183 0
15184 0
15185 1
15186 0
15187 0
15188 0
15189 1
15190 0
15191 1
15192 0
15193 1
15194 0
15195 0
15196 0
15197 0
15198 0
15199 0
15200 0
15201 0
15202 0
15203 0
15204 0
15205 0
15206 0
15207 0
15208 0
15209 0
15210 0
15211 1
15212 0
15213 0
15214 0
15215 0
15216 0
15217 0
15218 0
15219 0
15220 0
15221 0
15222 0
15223 0
15224 0
15225 0
15226 0
15227 0
15228 0
15229 1
15230 0
15231 0
15232 0
15233 0
15234 0
15235 0
15236 0
15237 0
15238 0
15239 0
15240 0
15241 0
15242 0
15243 0
15244 0
15245 0
15246 0
15247 0
15248 0
15249 0
15250 0
15251 0
15252 0
15253 0
15254 1
15255 0
15256 0
15257 0
15258 0
15259 0
15260 0
15261 0
15262 0
15263 0
15264 0
15265 0
15266 0
15267 0
15268 0
15269 0
15270 0
15271 0
15272 0
15273 0
15274 0
15275 0
15276 0
15277 0
15278 0
15279 0
15280 0
15281 0
15282 0
15283 0
15284 1
15285 0
15286 1
15287 0
15288 0
15289 1
15290 0
15291 0
15292 0
15293 0
15294 0
15295 1
15296 0
15297 0
15298 0
15299 0
15300 0
15301 0
15302 1
15303 0
15304 1
15305 0
15306 0
15307 0
15308 0
15309 0
15310 0
15311 0
15312 0
15313 0
15314 0
15315 0
15316 0
15317 0
15318 0
15319 0
15320 0
15321 0
15322 0
15323 0
15324 0
15325 0
15326 0
15327 0
15328 0
15329 0
15330 0
15331 0
15332 0
15333 1
15334 0
15335 0
15336 0
15337 1
15338 0
15339 0
15340 0
15341 0
15342 0
15343 0
15344 0
15345 1
15346 0
15347 0
15348 0
15349 0
15350 0
15351 0
15352 0
15353 0
15354 0
15355 0
15356 0
15357 0
15358 0
15359 0
15360 0
15361 0
15362 0
15363 0
15364 1
15365 0
15366 0
15367 0
15368 0
15369 0
15370 1
15371 0
15372 0
15373 0
15374 0
15375 0
15376 0
15377 0
15378 0
15379 1
15380 1
15381 0
15382 0
15383 0
15384 0
15385 0
15386 0
15387 0
15388 0
15389 0
15390 0
15391 0
15392 0
15393 1
15394 0
15395 0
15396 0
15397 0
15398 0
15399 0
15400 0
15401 0
15402 0
15403 1
15404 0
15405 0
15406 0
15407 0
15408 0
15409 0
15410 0
15411 0
15412 0
15413 0
15414 0
15415 0
15416 0
15417 0
15418 0
15419 0
15420 0
15421 0
15422 0
15423 0
15424 0
15425 0
15426 0
15427 0
15428 0
15429 0
15430 0
15431 0
15432 0
15433 0
15434 0
15435 0
15436 0
15437 0
15438 0
15439 0
15440 0
15441 0
15442 0
15443 1
15444 1
15445 0
15446 0
15447 0
15448 0
15449 0
15450 0
15451 0
15452 0
15453 1
15454 0
15455 1
15456 0
15457 0
15458 0
15459 0
15460 0
15461 0
15462 0
15463 0
15464 0
15465 0
15466 0
15467 0
15468 0
15469 0
15470 0
15471 0
15472 0
15473 0
15474 0
15475 0
15476 0
15477 0
15478 0
15479 0
15480 0
15481 0
15482 0
15483 0
15484 0
15485 0
15486 0
15487 0
15488 0
15489 0
15490 0
15491 0
15492 0
15493 0
15494 0
15495 0
15496 0
15497 0
15498 0
15499 0
15500 0
15501 0
15502 1
15503 0
15504 0
15505 0
15506 0
15507 0
15508 0
15509 0
15510 0
15511 0
15512 0
15513 0
15514 0
15515 0
15516 0
15517 0
15518 0
15519 0
15520 0
15521 0
15522 0
15523 0
15524 0
15525 0
15526 0
15527 0
15528 0
15529 0
15530 0
15531 0
15532 1
15533 0
15534 0
15535 0
15536 0
15537 0
15538 0
15539 0
15540 0
15541 0
15542 0
15543 0
15544 0
15545 0
15546 0
15547 0
15548 0
15549 0
15550 1
15551 1
15552 0
15553 0
15554 0
15555 0
15556 0
15557 0
15558 0
15559 0
15560 0
15561 0
15562 0
15563 0
15564 0
15565 0
15566 0
15567 0
15568 0
15569 0
15570 0
15571 0
15572 0
15573 0
15574 0
15575 0
15576 0
15577 0
15578 1
15579 0
15580 0
15581 0
15582 0
15583 0
15584 1
15585 0
15586 0
15587 0
15588 0
15589 1
15590 0
15591 0
15592 0
15593 0
15594 0
15595 0
15596 1
15597 0
15598 0
15599 0
15600 0
15601 0
15602 0
15603 0
15604 0
15605 0
15606 0
15607 0
15608 0
15609 2
15610 0
15611 0
15612 0
15613 0
15614 1
15615 0
15616 0
15617 0
15618 0
15619 1
15620 0
15621 0
15622 0
15623 0
15624 1
15625 0
15626 2
15627 0
15628 0
15629 0
15630 0
15631 0
15632 0
15633 0
15634 0
15635 0
15636 0
15637 0
15638 0
15639 0
15640 0
15641 0
15642 0
15643 0
15644 0
15645 0
15646 0
15647 0
15648 0
15649 0
15650 0
15651 0
15652 0
15653 0
15654 1
15655 0
15656 0
15657 1
15658 0
15659 0
15660 0
15661 0
15662 0
15663 0
15664 0
15665 0
15666 0
15667 0
15668 0
15669 0
15670 0
15671 0
15672 0
15673 0
15674 0
15675 1
15676 0
15677 1
15678 0
15679 0
15680 0
15681 0
15682 0
15683 0
15684 1
15685 0
15686 0
15687 0
15688 0
15689 1
15690 0
15691 0
15692 0
15693 0
15694 0
15695 0
15696 0
15697 0
15698 0
15699 0
15700 0
15701 0
15702 1
15703 0
15704 0
15705 0
15706 0
15707 0
15708 0
15709 0
15710 0
15711 0
15712 0
15713 0
15714 0
15715 0
15716 1
15717 0
15718 0
15719 0
15720 0
15721 0
15722 0
15723 0
15724 0
15725 0
15726 0
15727 0
15728 0
15729 0
15730 0
15731 0
15732 0
15733 0
15734 0
15735 0
15736 0
15737 0
15738 0
15739 0
15740 0
15741 0
15742 0
15743 1
15744 0
15745 0
15746 0
15747 0
15748 1
15749 0
15750 0
15751 0
15752 0
15753 0
15754 0
15755 0
15756 0
15757 0
15758 0
15759 0
15760 0
15761 0
15762 1
15763 0
15764 0
15765 0
15766 0
15767 0
15768 0
15769 1
15770 0
15771 0
15772 1
15773 0
15774 0
15775 0
15776 0
15777 0
15778 0
15779 0
15780 0
15781 0
15782 0
15783 0
15784 0
15785 0
15786 0
15787 0
15788 0
15789 0
15790 0
15791 1
15792 0
15793 0
15794 1
15795 0
15796 1
15797 0
15798 0
15799 1
15800 0
15801 0
15802 0
15803 0
15804 0
15805 0
15806 0
15807 0
15808 0
15809 0
15810 0
15811 0
15812 0
15813 0
15814 2
15815 0
15816 0
15817 0
15818 0
15819 0
15820 0
15821 0
15822 0
15823 0
15824 0
15825 0
15826 0
15827 0
15828 0
15829 0
15830 0
15831 0
15832 0
15833 0
15834 0
15835 0
15836 0
15837 0
15838 0
15839 0
15840 0
15841 0
15842 0
15843 0
15844 0
15845 0
15846 0
15847 2
15848 0
15849 1
15850 0
15851 0
15852 0
15853 0
15854 0
15855 0
15856 0
15857 0
15858 0
15859 0
15860 1
15861 1
15862 0
15863 0
15864 0
15865 0
15866 0
15867 0
15868 0
15869 0
15870 0
15871 0
15872 1
15873 0
15874 0
15875 0
15876 0
15877 0
15878 0
15879 0
15880 0
15881 0
15882 0
15883 0
15884 0
15885 0
15886 0
15887 0
15888 0
15889 0
15890 0
15891 1
15892 0
15893 0
15894 0
15895 0
15896 0
15897 0
15898 0
15899 1
15900 0
15901 0
15902 1
15903 0
15904 1
15905 0
15906 0
15907 0
15908 0
15909 0
15910 0
15911 0
15912 0
15913 0
15914 0
15915 0
15916 0
15917 0
15918 0
15919 0
15920 0
15921 0
15922 0
15923 0
15924 0
15925 0
15926 0
15927 0
15928 0
15929 0
15930 0
15931 0
15932 0
15933 0
15934 0
15935 0
15936 0
15937 0
15938 0
15939 0
15940 0
15941 0
15942 0
15943 0
15944 0
15945 0
15946 0
15947 0
15948 0
15949 0
15950 0
15951 0
15952 0
15953 0
15954 0
15955 1
15956 0
15957 0
15958 0
15959 0
15960 0
15961 2
15962 1
15963 0
15964 0
15965 0
15966 0
15967 0
15968 1
15969 0
15970 0
15971 0
15972 0
15973 0
15974 0
15975 0
15976 1
15977 0
15978 0
15979 0
15980 0
15981 0
15982 0
15983 0
15984 0
15985 0
15986 0
15987 0
15988 0
15989 0
15990 1
15991 0
15992 0
15993 0
15994 0
15995 0
15996 0
15997 0
15998 0
15999 0
16000 0
16001 0
16002 0
16003 0
16004 0
16005 0
16006 0
16007 1
16008 0
16009 0
16010 0
16011 0
16012 1
16013 0
16014 0
16015 0
16016 0
16017 0
16018 0
16019 0
16020 0
16021 0
16022 0
16023 0
16024 0
16025 0
16026 0
16027 0
16028 0
16029 0
16030 0
16031 0
16032 0
16033 0
16034 0
16035 0
16036 0
16037 0
16038 0
16039 0
16040 0
16041 0
16042 0
16043 0
16044 0
16045 0
16046 0
16047 0
16048 0
16049 0
16050 0
16051 0
16052 0
16053 0
16054 0
16055 0
16056 0
16057 0
16058 0
16059 0
16060 1
16061 0
16062 0
16063 0
16064 0
16065 0
16066 0
16067 0
16068 0
16069 0
16070 0
16071 0
16072 0
16073 0
16074 0
16075 0
16076 0
16077 0
16078 0
16079 0
16080 0
16081 0
16082 0
16083 0
16084 0
16085 0
16086 0
16087 0
16088 0
16089 0
16090 0
16091 1
16092 0
16093 0
16094 0
16095 0
16096 0
16097 0
16098 1
16099 1
16100 0
16101 0
16102 0
16103 0
16104 1
16105 0
16106 0
16107 0
16108 0
16109 0
16110 0
16111 0
16112 0
16113 0
16114 0
16115 0
16116 0
16117 0
16118 0
16119 0
16120 0
16121 0
16122 0
16123 0
16124 1
16125 0
16126 0
16127 0
16128 0
16129 1
16130 0
16131 0
16132 0
16133 0
16134 0
16135 0
16136 0
16137 1
16138 0
16139 0
16140 0
16141 0
16142 0
16143 0
16144 0
16145 0
16146 0
16147 0
16148 0
16149 0
16150 0
16151 0
16152 0
16153 0
16154 0
16155 0
16156 1
16157 1
16158 0
16159 0
16160 0
16161 0
16162 0
16163 0
16164 0
16165 0
16166 0
16167 0
16168 0
16169 0
16170 0
16171 0
16172 0
16173 0
16174 0
16175 0
16176 0
16177 1
16178 0
16179 0
16180 0
16181 0
16182 0
16183 0
16184 0
16185 1
16186 0
16187 1
16188 0
16189 0
16190 0
16191 0
16192 0
16193 0
16194 0
16195 0
16196 0
16197 0
16198 0
16199 0
16200 0
16201 0
16202 0
16203 0
16204 0
16205 0
16206 0
16207 0
16208 0
16209 0
16210 0
16211 1
16212 0
16213 0
16214 0
16215 0
16216 0
16217 0
16218 0
16219 0
16220 0
16221 0
16222 0
16223 0
16224 0
16225 0
16226 0
16227 1
16228 0
16229 0
16230 0
16231 0
16232 0
16233 0
16234 0
16235 0
16236 0
16237 0
16238 0
16239 0
16240 0
16241 0
16242 0
16243 0
16244 0
16245 0
16246 0
16247 0
16248 0
16249 0
16250 0
16251 0
16252 0
16253 0
16254 0
16255 0
16256 0
16257 0
16258 0
16259 0
16260 0
16261 0
16262 0
16263 0
16264 0
16265 0
16266 0
16267 0
16268 1
16269 0
16270 0
16271 1
16272 0
16273 0
16274 0
16275 0
16276 0
16277 0
16278 0
16279 0
16280 0
16281 0
16282 0
16283 0
16284 0
16285 0
16286 0
16287 0
16288 0
16289 0
16290 0
16291 0
16292 0
16293 0
16294 0
16295 0
16296 0
16297 0
16298 0
16299 1
16300 0
16301 0
16302 0
16303 0
16304 0
16305 0
16306 0
16307 0
16308 0
16309 0
16310 0
16311 0
16312 0
16313 1
16314 0
16315 0
16316 0
16317 0
16318 0
16319 0
16320 0
16321 0
16322 0
16323 0
16324 0
16325 0
16326 1
16327 0
16328 0
16329 0
16330 0
16331 0
16332 0
16333 0
16334 0
16335 0
16336 0
16337 0
16338 0
16339 0
16340 0
16341 0
16342 0
16343 0
16344 0
16345 0
16346 1
16347 0
16348 0
16349 0
16350 0
16351 0
16352 0
16353 0
16354 0
16355 0
16356 0
16357 0
16358 0
16359 0
16360 0
16361 0
16362 0
16363 0
16364 0
16365 0
16366 0
16367 0
16368 0
16369 0
16370 0
16371 0
16372 0
16373 0
16374 0
16375 0
16376 0
16377 0
16378 0
16379 0
16380 0
16381 0
16382 0
16383 274
