0 0
1 7276
2 6430
3 5801
4 4770
5 3814
6 2836
7 2070
8 1400
9 936
10 612
11 348
12 231
13 134
14 64
15 42
16 26
17 10
18 3
19 2
20 1
21 1
22 2
23 3
24 2
25 0
26 2
27 1
28 0
29 0
30 0
31 0
32 2
33 1
34 1
35 1
36 1
37 2
38 2
39 4
40 3
41 0
42 2
43 2
44 4
45 5
46 5
47 5
48 4
49 10
50 10
51 11
52 9
53 10
54 16
55 15
56 26
57 16
58 15
59 32
60 30
61 32
62 26
63 33
64 36
65 36
66 41
67 48
68 58
69 57
70 67
71 70
72 90
73 67
74 83
75 98
76 92
77 91
78 116
79 124
80 153
81 132
82 150
83 151
84 157
85 166
86 194
87 188
88 195
89 223
90 222
91 241
92 236
93 238
94 247
95 261
96 253
97 283
98 254
99 266
100 299
101 297
102 300
103 325
104 327
105 309
106 309
107 346
108 366
109 299
110 383
111 392
112 367
113 376
114 368
115 388
116 373
117 386
118 391
119 390
120 390
121 394
122 432
123 384
124 415
125 448
126 439
127 431
128 425
129 399
130 359
131 412
132 391
133 404
134 444
135 410
136 409
137 444
138 465
139 469
140 457
141 415
142 435
143 413
144 455
145 457
146 428
147 462
148 484
149 450
150 453
151 455
152 445
153 446
154 468
155 461
156 454
157 484
158 489
159 503
160 511
161 484
162 455
163 433
164 453
165 459
166 456
167 492
168 450
169 478
170 474
171 514
172 479
173 488
174 478
175 483
176 453
177 456
178 472
179 475
180 502
181 489
182 475
183 480
184 498
185 470
186 496
187 473
188 476
189 473
190 493
191 513
192 472
193 494
194 466
195 519
196 496
197 476
198 465
199 474
200 487
201 496
202 519
203 513
204 506
205 514
206 499
207 479
208 493
209 506
210 518
211 524
212 513
213 474
214 510
215 490
216 521
217 481
218 504
219 488
220 521
221 497
222 476
223 499
224 494
225 494
226 495
227 499
228 466
229 503
230 528
231 500
232 478
233 493
234 529
235 526
236 489
237 557
238 535
239 535
240 463
241 501
242 495
243 535
244 524
245 584
246 556
247 530
248 467
249 520
250 547
251 518
252 550
253 539
254 467
255 537
256 519
257 542
258 502
259 492
260 512
261 522
262 513
263 541
264 497
265 518
266 539
267 497
268 514
269 465
270 520
271 525
272 498
273 529
274 515
275 508
276 493
277 531
278 485
279 530
280 527
281 532
282 474
283 548
284 515
285 529
286 471
287 534
288 507
289 539
290 520
291 489
292 479
293 478
294 506
295 491
296 503
297 470
298 533
299 508
300 507
301 458
302 493
303 494
304 509
305 471
306 509
307 521
308 487
309 500
310 504
311 508
312 546
313 505
314 522
315 486
316 482
317 536
318 535
319 515
320 513
321 489
322 503
323 509
324 482
325 510
326 496
327 514
328 538
329 540
330 508
331 518
332 512
333 536
334 497
335 540
336 513
337 533
338 515
339 526
340 515
341 558
342 537
343 476
344 526
345 485
346 534
347 561
348 528
349 513
350 517
351 497
352 496
353 529
354 502
355 482
356 529
357 470
358 507
359 500
360 466
361 470
362 466
363 467
364 474
365 491
366 455
367 527
368 538
369 506
370 495
371 458
372 483
373 492
374 530
375 535
376 534
377 484
378 516
379 511
380 488
381 461
382 468
383 472
384 487
385 484
386 491
387 480
388 471
389 478
390 504
391 498
392 499
393 490
394 521
395 497
396 528
397 490
398 480
399 478
400 461
401 517
402 477
403 506
404 468
405 473
406 435
407 456
408 484
409 513
410 455
411 460
412 515
413 481
414 476
415 487
416 482
417 480
418 489
419 487
420 466
421 499
422 464
423 452
424 438
425 502
426 506
427 468
428 485
429 459
430 445
431 514
432 527
433 488
434 489
435 507
436 510
437 496
438 469
439 478
440 492
441 466
442 478
443 501
444 486
445 500
446 484
447 516
448 460
449 452
450 496
451 470
452 517
453 499
454 480
455 478
456 478
457 484
458 474
459 468
460 495
461 509
462 486
463 475
464 520
465 540
466 484
467 500
468 526
469 494
470 465
471 458
472 526
473 481
474 488
475 480
476 483
477 486
478 491
479 448
480 446
481 477
482 464
483 486
484 450
485 476
486 490
487 507
488 506
489 477
490 528
491 487
492 517
493 505
494 459
495 515
496 489
497 517
498 546
499 496
500 502
501 518
502 475
503 480
504 512
505 479
506 496
507 463
508 489
509 481
510 497
511 490
512 493
513 494
514 460
515 488
516 460
517 527
518 463
519 511
520 458
521 495
522 481
523 520
524 509
525 508
526 511
527 506
528 504
529 475
530 514
531 465
532 490
533 511
534 517
535 514
536 504
537 528
538 524
539 542
540 518
541 532
542 537
543 462
544 509
545 517
546 493
547 500
548 503
549 497
550 538
551 503
552 527
553 539
554 508
555 528
556 496
557 513
558 546
559 480
560 525
561 507
562 523
563 501
564 539
565 503
566 525
567 535
568 519
569 525
570 533
571 540
572 539
573 503
574 559
575 540
576 516
577 548
578 541
579 490
580 556
581 545
582 506
583 596
584 559
585 535
586 553
587 569
588 545
589 530
590 594
591 570
592 590
593 554
594 550
595 554
596 581
597 557
598 580
599 569
600 591
601 623
602 568
603 564
604 569
605 535
606 568
607 588
608 573
609 601
610 565
611 602
612 606
613 605
614 631
615 552
616 636
617 570
618 580
619 602
620 606
621 615
622 615
623 607
624 620
625 639
626 629
627 635
628 630
629 624
630 592
631 667
632 647
633 607
634 633
635 624
636 627
637 610
638 613
639 637
640 680
641 587
642 636
643 625
644 681
645 661
646 702
647 615
648 637
649 674
650 687
651 700
652 657
653 681
654 634
655 664
656 642
657 651
658 672
659 653
660 641
661 662
662 652
663 690
664 676
665 650
666 665
667 642
668 654
669 687
670 681
671 705
672 711
673 670
674 686
675 675
676 662
677 716
678 655
679 696
680 718
681 729
682 728
683 711
684 736
685 739
686 754
687 714
688 706
689 782
690 690
691 730
692 728
693 729
694 757
695 743
696 799
697 719
698 755
699 705
700 740
701 726
702 750
703 710
704 751
705 744
706 768
707 725
708 754
709 716
710 806
711 711
712 733
713 710
714 768
715 723
716 745
717 740
718 730
719 771
720 778
721 750
722 746
723 815
724 780
725 771
726 793
727 752
728 791
729 805
730 797
731 768
732 824
733 761
734 815
735 781
736 831
737 864
738 803
739 871
740 786
741 837
742 755
743 847
744 878
745 878
746 841
747 824
748 831
749 871
750 873
751 792
752 849
753 859
754 869
755 858
756 855
757 850
758 862
759 826
760 844
761 773
762 812
763 906
764 928
765 862
766 886
767 827
768 922
769 860
770 909
771 865
772 942
773 961
774 951
775 1027
776 1026
777 1136
778 1178
779 1319
780 1332
781 1543
782 1564
783 1694
784 1775
785 1718
786 1702
787 1553
788 1580
789 1481
790 1401
791 1263
792 1228
793 1125
794 1067
795 1009
796 1090
797 1083
798 1195
799 1319
800 1423
801 1582
802 1850
803 1938
804 2168
805 2416
806 2431
807 2532
808 2568
809 2557
810 2389
811 2198
812 1971
813 1834
814 1603
815 1410
816 1319
817 1190
818 1076
819 958
820 970
821 975
822 923
823 920
824 992
825 1010
826 1100
827 1016
828 1059
829 1084
830 1198
831 1122
832 1158
833 1064
834 1073
835 1039
836 1025
837 956
838 923
839 872
840 935
841 934
842 960
843 941
844 910
845 847
846 877
847 849
848 930
849 884
850 866
851 843
852 912
853 943
854 877
855 932
856 918
857 959
858 936
859 875
860 921
861 866
862 900
863 911
864 867
865 861
866 872
867 871
868 908
869 890
870 883
871 918
872 897
873 980
874 917
875 914
876 911
877 939
878 841
879 911
880 964
881 934
882 931
883 977
884 906
885 847
886 902
887 858
888 917
889 924
890 937
891 938
892 980
893 949
894 967
895 928
896 903
897 940
898 968
899 959
900 1009
901 959
902 1028
903 1070
904 1086
905 1181
906 1266
907 1312
908 1388
909 1436
910 1518
911 1555
912 1664
913 1652
914 1645
915 1647
916 1633
917 1580
918 1438
919 1427
920 1265
921 1193
922 1131
923 1215
924 1112
925 1049
926 987
927 997
928 1026
929 1006
930 1046
931 1036
932 1040
933 1076
934 1064
935 1129
936 1144
937 1149
938 1228
939 1257
940 1176
941 1314
942 1213
943 1238
944 1298
945 1202
946 1194
947 1146
948 1112
949 1082
950 1037
951 1026
952 1025
953 990
954 947
955 948
956 928
957 974
958 920
959 947
960 968
961 937
962 948
963 992
964 964
965 946
966 1022
967 959
968 1062
969 986
970 983
971 1075
972 1005
973 993
974 962
975 1010
976 975
977 1019
978 966
979 940
980 921
981 968
982 1015
983 991
984 978
985 944
986 960
987 927
988 1003
989 938
990 1032
991 979
992 961
993 1008
994 998
995 1011
996 1016
997 1006
998 1039
999 1046
1000 1049
1001 1038
1002 1081
1003 1069
1004 1107
1005 1040
1006 1003
1007 989
1008 1039
1009 1033
1010 987
1011 1007
1012 966
1013 1019
1014 986
1015 933
1016 1006
1017 974
1018 901
1019 961
1020 873
1021 992
1022 968
1023 977
1024 930
1025 962
1026 963
1027 942
1028 925
1029 944
1030 966
1031 950
1032 940
1033 999
1034 909
1035 980
1036 944
1037 937
1038 930
1039 933
1040 896
1041 978
1042 907
1043 961
1044 978
1045 953
1046 912
1047 942
1048 901
1049 960
1050 948
1051 944
1052 981
1053 943
1054 925
1055 975
1056 943
1057 927
1058 939
1059 994
1060 957
1061 972
1062 980
1063 986
1064 942
1065 978
1066 950
1067 974
1068 966
1069 961
1070 999
1071 1000
1072 983
1073 942
1074 984
1075 959
1076 1042
1077 960
1078 949
1079 926
1080 974
1081 942
1082 990
1083 903
1084 1015
1085 1080
1086 974
1087 1035
1088 939
1089 933
1090 991
1091 922
1092 990
1093 969
1094 929
1095 971
1096 926
1097 975
1098 970
1099 913
1100 1029
1101 945
1102 961
1103 952
1104 968
1105 987
1106 965
1107 956
1108 948
1109 953
1110 993
1111 917
1112 937
1113 958
1114 963
1115 1002
1116 987
1117 969
1118 1011
1119 1006
1120 960
1121 924
1122 939
1123 966
1124 997
1125 991
1126 980
1127 916
1128 941
1129 968
1130 946
1131 993
1132 966
1133 984
1134 986
1135 984
1136 964
1137 945
1138 1015
1139 1013
1140 1061
1141 962
1142 960
1143 968
1144 951
1145 936
1146 988
1147 922
1148 958
1149 944
1150 911
1151 890
1152 897
1153 905
1154 960
1155 978
1156 972
1157 983
1158 960
1159 940
1160 980
1161 923
1162 948
1163 983
1164 968
1165 968
1166 965
1167 944
1168 969
1169 932
1170 1008
1171 952
1172 938
1173 967
1174 951
1175 944
1176 1011
1177 922
1178 962
1179 995
1180 996
1181 963
1182 965
1183 977
1184 984
1185 918
1186 945
1187 952
1188 965
1189 949
1190 985
1191 949
1192 942
1193 930
1194 948
1195 944
1196 946
1197 949
1198 945
1199 938
1200 978
1201 939
1202 947
1203 960
1204 943
1205 1014
1206 901
1207 996
1208 948
1209 965
1210 970
1211 986
1212 969
1213 949
1214 922
1215 889
1216 987
1217 947
1218 935
1219 953
1220 950
1221 1001
1222 968
1223 993
1224 899
1225 979
1226 996
1227 941
1228 944
1229 950
1230 953
1231 957
1232 949
1233 928
1234 992
1235 942
1236 869
1237 911
1238 951
1239 930
1240 913
1241 919
1242 955
1243 982
1244 910
1245 960
1246 963
1247 961
1248 994
1249 929
1250 931
1251 926
1252 971
1253 966
1254 891
1255 963
1256 966
1257 890
1258 936
1259 929
1260 919
1261 921
1262 987
1263 961
1264 920
1265 914
1266 925
1267 902
1268 920
1269 941
1270 940
1271 924
1272 944
1273 961
1274 921
1275 964
1276 923
1277 951
1278 976
1279 897
1280 912
1281 971
1282 956
1283 927
1284 938
1285 923
1286 905
1287 894
1288 926
1289 936
1290 929
1291 858
1292 943
1293 919
1294 954
1295 942
1296 841
1297 900
1298 961
1299 953
1300 916
1301 920
1302 948
1303 909
1304 875
1305 949
1306 922
1307 874
1308 907
1309 921
1310 946
1311 932
1312 929
1313 931
1314 956
1315 922
1316 933
1317 949
1318 898
1319 941
1320 932
1321 956
1322 874
1323 899
1324 928
1325 920
1326 884
1327 933
1328 915
1329 897
1330 906
1331 920
1332 881
1333 877
1334 941
1335 892
1336 874
1337 933
1338 925
1339 921
1340 887
1341 822
1342 900
1343 927
1344 948
1345 882
1346 940
1347 903
1348 904
1349 901
1350 1011
1351 912
1352 923
1353 886
1354 964
1355 934
1356 849
1357 931
1358 897
1359 925
1360 869
1361 920
1362 879
1363 932
1364 942
1365 869
1366 882
1367 867
1368 898
1369 918
1370 880
1371 908
1372 914
1373 935
1374 926
1375 897
1376 866
1377 917
1378 871
1379 890
1380 925
1381 886
1382 881
1383 938
1384 882
1385 902
1386 914
1387 961
1388 887
1389 913
1390 968
1391 930
1392 979
1393 937
1394 905
1395 1015
1396 940
1397 871
1398 889
1399 964
1400 965
1401 893
1402 860
1403 840
1404 850
1405 878
1406 869
1407 881
1408 870
1409 900
1410 895
1411 889
1412 873
1413 880
1414 867
1415 893
1416 857
1417 880
1418 837
1419 869
1420 898
1421 902
1422 868
1423 882
1424 824
1425 911
1426 818
1427 898
1428 857
1429 810
1430 822
1431 830
1432 829
1433 915
1434 843
1435 863
1436 861
1437 819
1438 855
1439 872
1440 862
1441 832
1442 900
1443 906
1444 862
1445 828
1446 842
1447 859
1448 870
1449 854
1450 827
1451 866
1452 855
1453 863
1454 865
1455 842
1456 886
1457 873
1458 898
1459 803
1460 871
1461 850
1462 866
1463 800
1464 841
1465 832
1466 786
1467 809
1468 898
1469 820
1470 868
1471 796
1472 766
1473 864
1474 843
1475 838
1476 760
1477 824
1478 839
1479 812
1480 842
1481 796
1482 827
1483 826
1484 825
1485 794
1486 875
1487 840
1488 818
1489 824
1490 832
1491 771
1492 816
1493 814
1494 853
1495 819
1496 840
1497 821
1498 803
1499 837
1500 812
1501 820
1502 850
1503 820
1504 818
1505 853
1506 805
1507 736
1508 855
1509 833
1510 795
1511 803
1512 761
1513 858
1514 812
1515 812
1516 865
1517 806
1518 796
1519 830
1520 816
1521 816
1522 786
1523 781
1524 812
1525 823
1526 815
1527 851
1528 837
1529 837
1530 851
1531 800
1532 836
1533 823
1534 778
1535 791
1536 846
1537 834
1538 756
1539 786
1540 840
1541 797
1542 797
1543 797
1544 856
1545 829
1546 776
1547 803
1548 771
1549 822
1550 871
1551 841
1552 797
1553 835
1554 812
1555 774
1556 803
1557 841
1558 808
1559 798
1560 765
1561 784
1562 797
1563 824
1564 772
1565 716
1566 805
1567 776
1568 821
1569 754
1570 781
1571 769
1572 778
1573 798
1574 732
1575 795
1576 807
1577 762
1578 791
1579 753
1580 776
1581 789
1582 817
1583 789
1584 760
1585 770
1586 711
1587 756
1588 801
1589 839
1590 797
1591 790
1592 774
1593 815
1594 742
1595 795
1596 775
1597 767
1598 818
1599 763
1600 770
1601 782
1602 789
1603 761
1604 748
1605 733
1606 747
1607 785
1608 693
1609 779
1610 783
1611 825
1612 770
1613 747
1614 730
1615 745
1616 804
1617 811
1618 755
1619 755
1620 772
1621 781
1622 765
1623 742
1624 734
1625 736
1626 768
1627 777
1628 761
1629 736
1630 736
1631 762
1632 822
1633 746
1634 776
1635 738
1636 751
1637 775
1638 738
1639 754
1640 762
1641 772
1642 712
1643 721
1644 724
1645 719
1646 757
1647 782
1648 827
1649 725
1650 802
1651 748
1652 729
1653 747
1654 724
1655 735
1656 737
1657 764
1658 737
1659 749
1660 759
1661 789
1662 755
1663 756
1664 705
1665 713
1666 764
1667 768
1668 701
1669 746
1670 740
1671 732
1672 736
1673 755
1674 744
1675 693
1676 715
1677 704
1678 786
1679 670
1680 737
1681 648
1682 728
1683 817
1684 706
1685 716
1686 736
1687 743
1688 755
1689 751
1690 713
1691 718
1692 709
1693 702
1694 745
1695 745
1696 752
1697 663
1698 730
1699 713
1700 708
1701 696
1702 667
1703 771
1704 707
1705 715
1706 636
1707 684
1708 698
1709 744
1710 752
1711 698
1712 715
1713 679
1714 689
1715 709
1716 760
1717 690
1718 681
1719 672
1720 668
1721 721
1722 697
1723 680
1724 694
1725 697
1726 743
1727 705
1728 694
1729 725
1730 635
1731 681
1732 688
1733 680
1734 683
1735 687
1736 715
1737 692
1738 685
1739 667
1740 680
1741 703
1742 620
1743 714
1744 728
1745 709
1746 695
1747 686
1748 712
1749 679
1750 670
1751 730
1752 670
1753 715
1754 690
1755 704
1756 732
1757 700
1758 685
1759 707
1760 701
1761 732
1762 733
1763 665
1764 679
1765 654
1766 692
1767 682
1768 740
1769 665
1770 657
1771 712
1772 660
1773 654
1774 632
1775 648
1776 680
1777 702
1778 677
1779 664
1780 656
1781 643
1782 700
1783 655
1784 644
1785 698
1786 660
1787 674
1788 642
1789 702
1790 629
1791 640
1792 650
1793 628
1794 672
1795 645
1796 658
1797 666
1798 672
1799 695
1800 666
1801 685
1802 646
1803 672
1804 589
1805 619
1806 681
1807 602
1808 619
1809 644
1810 664
1811 684
1812 696
1813 667
1814 631
1815 619
1816 680
1817 644
1818 638
1819 640
1820 620
1821 624
1822 614
1823 590
1824 620
1825 643
1826 623
1827 637
1828 592
1829 632
1830 643
1831 646
1832 665
1833 631
1834 639
1835 644
1836 636
1837 645
1838 608
1839 664
1840 591
1841 629
1842 617
1843 648
1844 597
1845 636
1846 649
1847 628
1848 661
1849 605
1850 624
1851 619
1852 630
1853 623
1854 584
1855 637
1856 642
1857 634
1858 638
1859 616
1860 636
1861 667
1862 599
1863 604
1864 606
1865 616
1866 623
1867 662
1868 603
1869 616
1870 616
1871 629
1872 629
1873 664
1874 629
1875 631
1876 640
1877 619
1878 620
1879 614
1880 627
1881 614
1882 583
1883 641
1884 597
1885 625
1886 587
1887 594
1888 606
1889 610
1890 630
1891 618
1892 603
1893 622
1894 580
1895 579
1896 591
1897 636
1898 619
1899 553
1900 564
1901 613
1902 607
1903 648
1904 662
1905 639
1906 587
1907 611
1908 605
1909 662
1910 577
1911 609
1912 615
1913 587
1914 612
1915 639
1916 576
1917 587
1918 598
1919 602
1920 600
1921 616
1922 631
1923 593
1924 630
1925 585
1926 600
1927 606
1928 588
1929 594
1930 626
1931 598
1932 615
1933 628
1934 585
1935 514
1936 561
1937 566
1938 618
1939 606
1940 638
1941 614
1942 553
1943 607
1944 567
1945 582
1946 606
1947 550
1948 573
1949 608
1950 584
1951 609
1952 599
1953 577
1954 591
1955 615
1956 592
1957 596
1958 587
1959 588
1960 617
1961 607
1962 612
1963 561
1964 587
1965 581
1966 582
1967 607
1968 570
1969 602
1970 555
1971 594
1972 602
1973 593
1974 549
1975 548
1976 629
1977 592
1978 583
1979 543
1980 553
1981 597
1982 584
1983 598
1984 584
1985 584
1986 565
1987 572
1988 576
1989 592
1990 616
1991 547
1992 590
1993 620
1994 614
1995 650
1996 622
1997 608
1998 618
1999 652
2000 687
2001 680
2002 656
2003 682
2004 713
2005 729
2006 717
2007 699
2008 707
2009 719
2010 716
2011 645
2012 653
2013 599
2014 587
2015 600
2016 624
2017 566
2018 608
2019 575
2020 558
2021 516
2022 578
2023 586
2024 566
2025 547
2026 546
2027 545
2028 533
2029 581
2030 534
2031 565
2032 527
2033 519
2034 578
2035 541
2036 540
2037 542
2038 547
2039 588
2040 510
2041 529
2042 554
2043 504
2044 552
2045 535
2046 509
2047 583
2048 556
2049 549
2050 536
2051 553
2052 547
2053 559
2054 575
2055 537
2056 615
2057 540
2058 548
2059 493
2060 557
2061 511
2062 526
2063 558
2064 582
2065 569
2066 556
2067 542
2068 512
2069 534
2070 516
2071 570
2072 535
2073 574
2074 514
2075 554
2076 549
2077 544
2078 534
2079 514
2080 501
2081 444
2082 534
2083 495
2084 528
2085 578
2086 526
2087 544
2088 573
2089 552
2090 482
2091 502
2092 536
2093 526
2094 534
2095 501
2096 496
2097 491
2098 522
2099 527
2100 534
2101 570
2102 536
2103 524
2104 551
2105 594
2106 565
2107 535
2108 516
2109 532
2110 496
2111 523
2112 535
2113 531
2114 509
2115 491
2116 514
2117 505
2118 523
2119 545
2120 530
2121 512
2122 567
2123 498
2124 501
2125 521
2126 496
2127 531
2128 558
2129 461
2130 495
2131 495
2132 502
2133 488
2134 505
2135 473
2136 505
2137 531
2138 503
2139 481
2140 486
2141 519
2142 494
2143 501
2144 518
2145 505
2146 496
2147 492
2148 538
2149 526
2150 483
2151 492
2152 515
2153 526
2154 515
2155 488
2156 511
2157 458
2158 501
2159 506
2160 524
2161 498
2162 496
2163 499
2164 522
2165 530
2166 538
2167 523
2168 464
2169 520
2170 473
2171 541
2172 505
2173 522
2174 461
2175 532
2176 484
2177 475
2178 503
2179 488
2180 496
2181 482
2182 512
2183 496
2184 473
2185 484
2186 515
2187 536
2188 480
2189 496
2190 473
2191 486
2192 493
2193 498
2194 478
2195 489
2196 488
2197 450
2198 488
2199 523
2200 476
2201 520
2202 495
2203 476
2204 459
2205 463
2206 465
2207 489
2208 477
2209 468
2210 499
2211 451
2212 486
2213 469
2214 506
2215 461
2216 523
2217 491
2218 539
2219 493
2220 486
2221 462
2222 495
2223 474
2224 458
2225 508
2226 445
2227 532
2228 506
2229 540
2230 470
2231 497
2232 479
2233 488
2234 483
2235 504
2236 452
2237 498
2238 481
2239 470
2240 456
2241 469
2242 450
2243 454
2244 476
2245 509
2246 470
2247 512
2248 503
2249 490
2250 547
2251 525
2252 528
2253 552
2254 542
2255 590
2256 536
2257 559
2258 551
2259 598
2260 508
2261 516
2262 513
2263 529
2264 508
2265 459
2266 529
2267 508
2268 483
2269 430
2270 462
2271 447
2272 465
2273 448
2274 469
2275 450
2276 438
2277 459
2278 491
2279 493
2280 442
2281 431
2282 439
2283 451
2284 432
2285 476
2286 435
2287 453
2288 498
2289 473
2290 486
2291 481
2292 472
2293 451
2294 461
2295 423
2296 459
2297 438
2298 480
2299 412
2300 461
2301 440
2302 450
2303 478
2304 435
2305 452
2306 452
2307 418
2308 513
2309 434
2310 483
2311 456
2312 471
2313 443
2314 461
2315 392
2316 452
2317 464
2318 398
2319 431
2320 433
2321 439
2322 446
2323 470
2324 422
2325 421
2326 448
2327 490
2328 450
2329 454
2330 478
2331 430
2332 470
2333 481
2334 431
2335 419
2336 465
2337 430
2338 448
2339 441
2340 429
2341 461
2342 442
2343 456
2344 433
2345 412
2346 465
2347 451
2348 451
2349 453
2350 463
2351 439
2352 422
2353 391
2354 472
2355 438
2356 450
2357 429
2358 432
2359 409
2360 442
2361 421
2362 430
2363 464
2364 406
2365 482
2366 480
2367 417
2368 439
2369 442
2370 430
2371 441
2372 411
2373 406
2374 431
2375 458
2376 445
2377 408
2378 412
2379 429
2380 447
2381 400
2382 392
2383 453
2384 406
2385 396
2386 434
2387 381
2388 451
2389 445
2390 419
2391 435
2392 401
2393 444
2394 438
2395 465
2396 455
2397 449
2398 411
2399 409
2400 447
2401 391
2402 442
2403 399
2404 454
2405 447
2406 420
2407 455
2408 437
2409 414
2410 427
2411 400
2412 436
2413 440
2414 444
2415 429
2416 462
2417 431
2418 440
2419 418
2420 449
2421 391
2422 431
2423 415
2424 412
2425 428
2426 444
2427 422
2428 450
2429 433
2430 419
2431 421
2432 405
2433 427
2434 444
2435 484
2436 460
2437 428
2438 422
2439 439
2440 424
2441 411
2442 417
2443 417
2444 401
2445 409
2446 445
2447 417
2448 411
2449 402
2450 379
2451 429
2452 423
2453 404
2454 383
2455 397
2456 408
2457 421
2458 425
2459 415
2460 457
2461 436
2462 381
2463 406
2464 385
2465 389
2466 398
2467 423
2468 424
2469 415
2470 440
2471 409
2472 402
2473 446
2474 390
2475 424
2476 386
2477 417
2478 364
2479 415
2480 383
2481 425
2482 445
2483 375
2484 384
2485 416
2486 431
2487 413
2488 382
2489 372
2490 405
2491 400
2492 419
2493 385
2494 398
2495 373
2496 361
2497 429
2498 421
2499 363
2500 397
2501 387
2502 404
2503 398
2504 403
2505 397
2506 398
2507 383
2508 413
2509 409
2510 409
2511 389
2512 385
2513 393
2514 407
2515 358
2516 408
2517 383
2518 382
2519 404
2520 406
2521 422
2522 384
2523 385
2524 409
2525 409
2526 397
2527 382
2528 389
2529 380
2530 387
2531 368
2532 420
2533 414
2534 396
2535 380
2536 366
2537 406
2538 411
2539 412
2540 368
2541 357
2542 395
2543 393
2544 442
2545 421
2546 417
2547 403
2548 411
2549 425
2550 360
2551 415
2552 378
2553 414
2554 366
2555 382
2556 381
2557 367
2558 383
2559 437
2560 416
2561 474
2562 482
2563 541
2564 551
2565 619
2566 768
2567 917
2568 1019
2569 1162
2570 1196
2571 1324
2572 1411
2573 1508
2574 1431
2575 1459
2576 1366
2577 1198
2578 1181
2579 1041
2580 951
2581 769
2582 674
2583 619
2584 558
2585 447
2586 448
2587 427
2588 414
2589 370
2590 387
2591 396
2592 428
2593 441
2594 396
2595 447
2596 457
2597 438
2598 448
2599 498
2600 494
2601 504
2602 475
2603 483
2604 479
2605 499
2606 500
2607 524
2608 542
2609 532
2610 514
2611 501
2612 499
2613 487
2614 432
2615 390
2616 474
2617 425
2618 411
2619 386
2620 374
2621 367
2622 370
2623 385
2624 359
2625 322
2626 358
2627 338
2628 361
2629 314
2630 351
2631 352
2632 328
2633 344
2634 328
2635 359
2636 357
2637 346
2638 325
2639 350
2640 346
2641 331
2642 319
2643 342
2644 314
2645 379
2646 316
2647 337
2648 306
2649 331
2650 372
2651 326
2652 339
2653 349
2654 306
2655 327
2656 350
2657 330
2658 305
2659 315
2660 357
2661 328
2662 297
2663 331
2664 343
2665 348
2666 333
2667 324
2668 333
2669 321
2670 311
2671 320
2672 317
2673 321
2674 327
2675 313
2676 332
2677 324
2678 320
2679 338
2680 365
2681 343
2682 334
2683 312
2684 325
2685 318
2686 336
2687 293
2688 318
2689 311
2690 334
2691 353
2692 345
2693 320
2694 307
2695 325
2696 324
2697 345
2698 346
2699 308
2700 315
2701 360
2702 304
2703 299
2704 334
2705 328
2706 317
2707 312
2708 346
2709 307
2710 329
2711 320
2712 324
2713 316
2714 303
2715 338
2716 342
2717 351
2718 298
2719 339
2720 365
2721 362
2722 311
2723 355
2724 360
2725 295
2726 296
2727 350
2728 319
2729 305
2730 312
2731 324
2732 313
2733 350
2734 282
2735 308
2736 291
2737 322
2738 292
2739 294
2740 295
2741 337
2742 330
2743 318
2744 300
2745 305
2746 338
2747 330
2748 297
2749 319
2750 282
2751 332
2752 319
2753 318
2754 297
2755 307
2756 307
2757 336
2758 300
2759 318
2760 300
2761 333
2762 311
2763 304
2764 299
2765 348
2766 306
2767 322
2768 294
2769 329
2770 315
2771 307
2772 331
2773 299
2774 315
2775 260
2776 288
2777 314
2778 315
2779 352
2780 303
2781 315
2782 294
2783 293
2784 294
2785 341
2786 312
2787 320
2788 308
2789 305
2790 327
2791 318
2792 308
2793 321
2794 310
2795 315
2796 266
2797 310
2798 300
2799 308
2800 309
2801 307
2802 304
2803 265
2804 288
2805 285
2806 298
2807 307
2808 289
2809 300
2810 313
2811 295
2812 288
2813 327
2814 314
2815 290
2816 310
2817 290
2818 280
2819 304
2820 322
2821 318
2822 284
2823 317
2824 323
2825 290
2826 309
2827 270
2828 293
2829 299
2830 337
2831 295
2832 270
2833 317
2834 285
2835 286
2836 268
2837 280
2838 309
2839 281
2840 289
2841 296
2842 282
2843 284
2844 269
2845 294
2846 304
2847 282
2848 271
2849 303
2850 285
2851 295
2852 279
2853 268
2854 298
2855 316
2856 273
2857 281
2858 262
2859 289
2860 318
2861 272
2862 289
2863 310
2864 271
2865 312
2866 284
2867 256
2868 307
2869 270
2870 298
2871 308
2872 304
2873 283
2874 309
2875 277
2876 262
2877 286
2878 308
2879 271
2880 260
2881 312
2882 290
2883 290
2884 252
2885 306
2886 293
2887 304
2888 273
2889 279
2890 289
2891 292
2892 267
2893 292
2894 272
2895 286
2896 291
2897 300
2898 272
2899 277
2900 265
2901 287
2902 288
2903 298
2904 290
2905 297
2906 286
2907 333
2908 322
2909 284
2910 339
2911 357
2912 378
2913 364
2914 367
2915 374
2916 362
2917 372
2918 352
2919 332
2920 342
2921 325
2922 314
2923 294
2924 347
2925 301
2926 298
2927 308
2928 330
2929 275
2930 286
2931 268
2932 301
2933 268
2934 303
2935 293
2936 272
2937 258
2938 272
2939 288
2940 268
2941 295
2942 299
2943 262
2944 290
2945 273
2946 307
2947 270
2948 294
2949 295
2950 269
2951 292
2952 280
2953 302
2954 271
2955 269
2956 259
2957 297
2958 245
2959 303
2960 265
2961 247
2962 263
2963 290
2964 282
2965 279
2966 279
2967 233
2968 240
2969 273
2970 265
2971 259
2972 274
2973 259
2974 301
2975 269
2976 273
2977 258
2978 257
2979 264
2980 287
2981 296
2982 266
2983 268
2984 296
2985 282
2986 312
2987 299
2988 337
2989 310
2990 312
2991 319
2992 309
2993 298
2994 281
2995 326
2996 326
2997 299
2998 276
2999 285
3000 264
3001 266
3002 286
3003 264
3004 245
3005 266
3006 276
3007 228
3008 265
3009 286
3010 269
3011 250
3012 275
3013 269
3014 247
3015 262
3016 243
3017 265
3018 255
3019 250
3020 277
3021 233
3022 261
3023 255
3024 262
3025 240
3026 253
3027 266
3028 282
3029 268
3030 259
3031 292
3032 268
3033 244
3034 268
3035 274
3036 281
3037 278
3038 259
3039 242
3040 243
3041 259
3042 268
3043 247
3044 268
3045 279
3046 280
3047 225
3048 268
3049 267
3050 251
3051 265
3052 272
3053 256
3054 253
3055 277
3056 270
3057 249
3058 256
3059 250
3060 261
3061 237
3062 260
3063 262
3064 233
3065 258
3066 263
3067 268
3068 299
3069 259
3070 228
3071 226
3072 240
3073 260
3074 244
3075 241
3076 276
3077 255
3078 231
3079 252
3080 248
3081 273
3082 279
3083 240
3084 269
3085 250
3086 221
3087 241
3088 243
3089 261
3090 266
3091 250
3092 262
3093 246
3094 245
3095 258
3096 232
3097 250
3098 263
3099 229
3100 239
3101 273
3102 255
3103 260
3104 262
3105 266
3106 257
3107 265
3108 250
3109 240
3110 228
3111 257
3112 278
3113 245
3114 250
3115 285
3116 254
3117 236
3118 252
3119 226
3120 246
3121 250
3122 222
3123 248
3124 270
3125 227
3126 256
3127 275
3128 242
3129 216
3130 246
3131 269
3132 270
3133 223
3134 242
3135 241
3136 240
3137 244
3138 244
3139 267
3140 246
3141 258
3142 242
3143 227
3144 226
3145 261
3146 247
3147 262
3148 247
3149 254
3150 242
3151 226
3152 254
3153 264
3154 227
3155 267
3156 256
3157 259
3158 232
3159 269
3160 226
3161 238
3162 252
3163 245
3164 231
3165 283
3166 242
3167 237
3168 245
3169 251
3170 271
3171 270
3172 263
3173 277
3174 317
3175 296
3176 345
3177 417
3178 401
3179 423
3180 487
3181 488
3182 512
3183 546
3184 533
3185 525
3186 514
3187 535
3188 553
3189 473
3190 420
3191 398
3192 392
3193 345
3194 308
3195 252
3196 245
3197 255
3198 232
3199 239
3200 232
3201 211
3202 240
3203 223
3204 240
3205 226
3206 232
3207 232
3208 219
3209 250
3210 246
3211 226
3212 243
3213 227
3214 232
3215 229
3216 224
3217 211
3218 223
3219 238
3220 207
3221 242
3222 216
3223 218
3224 235
3225 224
3226 264
3227 222
3228 268
3229 261
3230 254
3231 267
3232 281
3233 256
3234 291
3235 283
3236 323
3237 305
3238 272
3239 327
3240 321
3241 275
3242 258
3243 258
3244 234
3245 259
3246 254
3247 272
3248 246
3249 224
3250 236
3251 228
3252 214
3253 237
3254 227
3255 227
3256 221
3257 202
3258 215
3259 235
3260 246
3261 239
3262 217
3263 197
3264 228
3265 203
3266 207
3267 206
3268 240
3269 242
3270 234
3271 229
3272 231
3273 214
3274 235
3275 229
3276 221
3277 204
3278 224
3279 232
3280 226
3281 218
3282 209
3283 211
3284 245
3285 249
3286 230
3287 193
3288 210
3289 222
3290 216
3291 246
3292 233
3293 218
3294 224
3295 221
3296 231
3297 214
3298 242
3299 213
3300 209
3301 226
3302 228
3303 215
3304 226
3305 213
3306 239
3307 209
3308 226
3309 250
3310 197
3311 238
3312 221
3313 228
3314 245
3315 204
3316 212
3317 181
3318 199
3319 205
3320 230
3321 202
3322 231
3323 218
3324 210
3325 170
3326 199
3327 231
3328 202
3329 224
3330 200
3331 249
3332 213
3333 213
3334 197
3335 223
3336 209
3337 206
3338 210
3339 227
3340 209
3341 217
3342 219
3343 221
3344 209
3345 183
3346 234
3347 232
3348 224
3349 221
3350 211
3351 205
3352 204
3353 234
3354 200
3355 210
3356 233
3357 215
3358 198
3359 192
3360 205
3361 231
3362 186
3363 223
3364 204
3365 200
3366 216
3367 211
3368 203
3369 189
3370 213
3371 219
3372 212
3373 212
3374 189
3375 204
3376 198
3377 239
3378 210
3379 209
3380 206
3381 225
3382 218
3383 195
3384 213
3385 213
3386 210
3387 215
3388 200
3389 223
3390 210
3391 246
3392 207
3393 210
3394 212
3395 202
3396 218
3397 236
3398 198
3399 216
3400 217
3401 214
3402 193
3403 219
3404 200
3405 214
3406 192
3407 206
3408 205
3409 213
3410 214
3411 212
3412 202
3413 208
3414 230
3415 201
3416 196
3417 200
3418 158
3419 213
3420 230
3421 206
3422 209
3423 224
3424 257
3425 196
3426 214
3427 208
3428 212
3429 210
3430 203
3431 205
3432 185
3433 197
3434 234
3435 184
3436 207
3437 207
3438 207
3439 192
3440 175
3441 218
3442 219
3443 177
3444 189
3445 203
3446 216
3447 191
3448 201
3449 214
3450 203
3451 216
3452 210
3453 202
3454 190
3455 205
3456 204
3457 209
3458 205
3459 200
3460 205
3461 227
3462 212
3463 198
3464 198
3465 229
3466 214
3467 202
3468 203
3469 198
3470 207
3471 194
3472 198
3473 194
3474 229
3475 190
3476 186
3477 208
3478 208
3479 230
3480 205
3481 179
3482 213
3483 217
3484 201
3485 210
3486 179
3487 207
3488 215
3489 209
3490 166
3491 210
3492 202
3493 198
3494 180
3495 179
3496 210
3497 195
3498 215
3499 204
3500 219
3501 202
3502 190
3503 250
3504 186
3505 168
3506 207
3507 206
3508 186
3509 210
3510 224
3511 193
3512 184
3513 180
3514 239
3515 195
3516 213
3517 180
3518 190
3519 193
3520 211
3521 208
3522 189
3523 218
3524 186
3525 208
3526 212
3527 208
3528 201
3529 193
3530 210
3531 232
3532 190
3533 249
3534 229
3535 241
3536 277
3537 255
3538 249
3539 237
3540 270
3541 243
3542 246
3543 249
3544 233
3545 217
3546 207
3547 201
3548 188
3549 202
3550 182
3551 190
3552 210
3553 202
3554 230
3555 201
3556 228
3557 220
3558 176
3559 195
3560 216
3561 185
3562 192
3563 192
3564 190
3565 182
3566 201
3567 207
3568 195
3569 208
3570 192
3571 190
3572 186
3573 197
3574 187
3575 185
3576 194
3577 191
3578 229
3579 181
3580 181
3581 176
3582 216
3583 179
3584 172
3585 207
3586 213
3587 181
3588 194
3589 187
3590 194
3591 226
3592 199
3593 223
3594 187
3595 176
3596 179
3597 205
3598 159
3599 202
3600 211
3601 207
3602 194
3603 176
3604 183
3605 199
3606 188
3607 184
3608 179
3609 183
3610 198
3611 180
3612 194
3613 182
3614 193
3615 198
3616 192
3617 187
3618 181
3619 187
3620 171
3621 217
3622 194
3623 213
3624 183
3625 189
3626 188
3627 172
3628 184
3629 190
3630 203
3631 187
3632 192
3633 171
3634 177
3635 203
3636 219
3637 211
3638 225
3639 214
3640 246
3641 295
3642 287
3643 304
3644 358
3645 376
3646 362
3647 384
3648 383
3649 430
3650 431
3651 393
3652 376
3653 357
3654 343
3655 319
3656 299
3657 243
3658 264
3659 261
3660 214
3661 221
3662 208
3663 207
3664 200
3665 208
3666 193
3667 165
3668 177
3669 185
3670 217
3671 200
3672 179
3673 168
3674 171
3675 165
3676 193
3677 179
3678 174
3679 177
3680 203
3681 190
3682 167
3683 196
3684 181
3685 203
3686 211
3687 161
3688 197
3689 197
3690 183
3691 164
3692 181
3693 174
3694 190
3695 171
3696 180
3697 173
3698 174
3699 160
3700 171
3701 179
3702 183
3703 160
3704 163
3705 189
3706 196
3707 199
3708 171
3709 159
3710 150
3711 164
3712 166
3713 191
3714 201
3715 198
3716 169
3717 157
3718 168
3719 154
3720 162
3721 178
3722 172
3723 183
3724 179
3725 195
3726 178
3727 160
3728 168
3729 183
3730 177
3731 181
3732 195
3733 167
3734 191
3735 146
3736 179
3737 183
3738 143
3739 158
3740 171
3741 195
3742 164
3743 181
3744 194
3745 194
3746 167
3747 204
3748 160
3749 185
3750 172
3751 184
3752 159
3753 150
3754 179
3755 171
3756 158
3757 179
3758 157
3759 162
3760 169
3761 170
3762 165
3763 155
3764 172
3765 173
3766 173
3767 179
3768 185
3769 156
3770 152
3771 179
3772 179
3773 187
3774 173
3775 181
3776 160
3777 198
3778 198
3779 194
3780 196
3781 184
3782 192
3783 221
3784 229
3785 281
3786 333
3787 322
3788 386
3789 439
3790 461
3791 537
3792 645
3793 694
3794 677
3795 766
3796 734
3797 763
3798 653
3799 664
3800 608
3801 562
3802 518
3803 461
3804 383
3805 357
3806 280
3807 246
3808 222
3809 196
3810 186
3811 191
3812 186
3813 184
3814 182
3815 155
3816 152
3817 173
3818 154
3819 172
3820 141
3821 176
3822 148
3823 173
3824 169
3825 147
3826 169
3827 152
3828 177
3829 155
3830 144
3831 159
3832 156
3833 159
3834 131
3835 165
3836 168
3837 171
3838 154
3839 169
3840 148
3841 144
3842 164
3843 136
3844 157
3845 118
3846 158
3847 153
3848 159
3849 159
3850 164
3851 161
3852 181
3853 124
3854 149
3855 173
3856 162
3857 160
3858 151
3859 176
3860 162
3861 172
3862 176
3863 169
3864 147
3865 158
3866 163
3867 164
3868 151
3869 203
3870 154
3871 171
3872 142
3873 157
3874 156
3875 163
3876 136
3877 174
3878 158
3879 154
3880 158
3881 167
3882 156
3883 186
3884 146
3885 153
3886 133
3887 165
3888 148
3889 139
3890 147
3891 168
3892 170
3893 154
3894 147
3895 160
3896 152
3897 166
3898 133
3899 150
3900 147
3901 171
3902 165
3903 168
3904 157
3905 155
3906 158
3907 156
3908 157
3909 164
3910 160
3911 170
3912 150
3913 151
3914 162
3915 150
3916 135
3917 169
3918 175
3919 137
3920 140
3921 173
3922 159
3923 139
3924 143
3925 151
3926 153
3927 160
3928 140
3929 162
3930 160
3931 162
3932 146
3933 165
3934 169
3935 154
3936 139
3937 150
3938 155
3939 167
3940 140
3941 135
3942 133
3943 153
3944 138
3945 171
3946 162
3947 147
3948 157
3949 137
3950 143
3951 147
3952 138
3953 144
3954 150
3955 160
3956 148
3957 160
3958 172
3959 181
3960 152
3961 146
3962 162
3963 155
3964 131
3965 165
3966 143
3967 154
3968 169
3969 161
3970 151
3971 141
3972 153
3973 159
3974 149
3975 168
3976 155
3977 149
3978 172
3979 152
3980 150
3981 152
3982 150
3983 149
3984 152
3985 125
3986 141
3987 159
3988 146
3989 172
3990 155
3991 138
3992 140
3993 185
3994 129
3995 163
3996 145
3997 166
3998 147
3999 148
4000 136
4001 137
4002 142
4003 134
4004 158
4005 158
4006 148
4007 141
4008 146
4009 177
4010 162
4011 161
4012 157
4013 136
4014 140
4015 160
4016 165
4017 159
4018 128
4019 144
4020 132
4021 123
4022 127
4023 147
4024 134
4025 131
4026 162
4027 156
4028 152
4029 159
4030 151
4031 152
4032 161
4033 148
4034 150
4035 149
4036 152
4037 159
4038 147
4039 165
4040 144
4041 138
4042 145
4043 153
4044 151
4045 139
4046 163
4047 141
4048 156
4049 143
4050 145
4051 142
4052 141
4053 154
4054 130
4055 155
4056 158
4057 150
4058 142
4059 144
4060 143
4061 127
4062 174
4063 169
4064 153
4065 139
4066 139
4067 149
4068 145
4069 154
4070 146
4071 145
4072 173
4073 140
4074 133
4075 153
4076 149
4077 133
4078 150
4079 153
4080 159
4081 133
4082 149
4083 145
4084 131
4085 126
4086 164
4087 165
4088 138
4089 150
4090 135
4091 140
4092 146
4093 154
4094 146
4095 145
4096 158
4097 138
4098 159
4099 146
4100 135
4101 138
4102 148
4103 167
4104 123
4105 131
4106 146
4107 138
4108 135
4109 169
4110 138
4111 154
4112 169
4113 157
4114 125
4115 138
4116 146
4117 164
4118 151
4119 151
4120 138
4121 164
4122 138
4123 158
4124 142
4125 150
4126 159
4127 155
4128 133
4129 163
4130 129
4131 138
4132 130
4133 163
4134 140
4135 131
4136 136
4137 121
4138 142
4139 132
4140 145
4141 172
4142 131
4143 140
4144 155
4145 130
4146 136
4147 139
4148 140
4149 142
4150 144
4151 133
4152 149
4153 136
4154 133
4155 139
4156 153
4157 133
4158 160
4159 138
4160 156
4161 136
4162 135
4163 139
4164 132
4165 138
4166 152
4167 126
4168 124
4169 167
4170 134
4171 152
4172 149
4173 155
4174 144
4175 157
4176 129
4177 146
4178 134
4179 131
4180 127
4181 146
4182 160
4183 139
4184 143
4185 132
4186 138
4187 158
4188 129
4189 137
4190 146
4191 160
4192 157
4193 139
4194 142
4195 138
4196 143
4197 150
4198 125
4199 147
4200 142
4201 148
4202 161
4203 153
4204 159
4205 131
4206 132
4207 160
4208 137
4209 161
4210 130
4211 138
4212 115
4213 150
4214 132
4215 141
4216 145
4217 109
4218 151
4219 132
4220 155
4221 146
4222 136
4223 132
4224 127
4225 126
4226 162
4227 136
4228 155
4229 149
4230 119
4231 140
4232 145
4233 135
4234 122
4235 136
4236 135
4237 120
4238 164
4239 140
4240 140
4241 153
4242 167
4243 129
4244 146
4245 117
4246 135
4247 127
4248 135
4249 126
4250 142
4251 131
4252 129
4253 137
4254 133
4255 134
4256 163
4257 121
4258 126
4259 152
4260 134
4261 135
4262 139
4263 130
4264 143
4265 129
4266 158
4267 131
4268 148
4269 135
4270 120
4271 156
4272 128
4273 153
4274 132
4275 130
4276 134
4277 132
4278 102
4279 152
4280 127
4281 133
4282 128
4283 138
4284 122
4285 141
4286 129
4287 134
4288 137
4289 138
4290 136
4291 147
4292 136
4293 136
4294 157
4295 116
4296 144
4297 124
4298 133
4299 143
4300 133
4301 147
4302 142
4303 127
4304 110
4305 142
4306 133
4307 121
4308 147
4309 124
4310 130
4311 134
4312 154
4313 140
4314 136
4315 121
4316 126
4317 138
4318 146
4319 151
4320 159
4321 151
4322 150
4323 131
4324 149
4325 131
4326 141
4327 164
4328 163
4329 155
4330 151
4331 132
4332 136
4333 127
4334 124
4335 151
4336 132
4337 146
4338 136
4339 141
4340 133
4341 151
4342 125
4343 129
4344 145
4345 175
4346 143
4347 132
4348 146
4349 129
4350 143
4351 158
4352 141
4353 144
4354 137
4355 117
4356 135
4357 123
4358 136
4359 122
4360 123
4361 128
4362 141
4363 126
4364 110
4365 147
4366 118
4367 121
4368 142
4369 148
4370 136
4371 139
4372 125
4373 137
4374 131
4375 153
4376 137
4377 142
4378 128
4379 132
4380 119
4381 138
4382 135
4383 142
4384 123
4385 123
4386 125
4387 118
4388 136
4389 118
4390 129
4391 123
4392 133
4393 140
4394 136
4395 130
4396 131
4397 155
4398 121
4399 119
4400 126
4401 143
4402 125
4403 139
4404 135
4405 147
4406 130
4407 135
4408 148
4409 131
4410 151
4411 142
4412 149
4413 172
4414 146
4415 162
4416 151
4417 167
4418 135
4419 171
4420 157
4421 157
4422 140
4423 150
4424 132
4425 143
4426 118
4427 122
4428 140
4429 128
4430 121
4431 111
4432 140
4433 136
4434 111
4435 134
4436 145
4437 120
4438 122
4439 125
4440 129
4441 122
4442 127
4443 128
4444 134
4445 142
4446 149
4447 129
4448 119
4449 126
4450 128
4451 126
4452 126
4453 118
4454 122
4455 130
4456 135
4457 161
4458 124
4459 124
4460 126
4461 124
4462 137
4463 130
4464 123
4465 136
4466 135
4467 147
4468 103
4469 110
4470 128
4471 126
4472 122
4473 121
4474 114
4475 109
4476 128
4477 131
4478 142
4479 123
4480 138
4481 113
4482 110
4483 120
4484 117
4485 128
4486 113
4487 119
4488 141
4489 131
4490 128
4491 121
4492 107
4493 111
4494 140
4495 131
4496 125
4497 118
4498 143
4499 115
4500 121
4501 129
4502 124
4503 131
4504 127
4505 144
4506 126
4507 122
4508 122
4509 110
4510 140
4511 114
4512 108
4513 125
4514 113
4515 130
4516 125
4517 135
4518 129
4519 125
4520 122
4521 125
4522 147
4523 109
4524 119
4525 136
4526 129
4527 130
4528 120
4529 119
4530 117
4531 124
4532 132
4533 112
4534 112
4535 132
4536 97
4537 115
4538 128
4539 137
4540 111
4541 124
4542 134
4543 125
4544 139
4545 119
4546 118
4547 109
4548 130
4549 131
4550 111
4551 111
4552 119
4553 124
4554 138
4555 115
4556 126
4557 103
4558 138
4559 135
4560 130
4561 106
4562 132
4563 115
4564 122
4565 113
4566 116
4567 127
4568 121
4569 112
4570 144
4571 131
4572 129
4573 121
4574 116
4575 129
4576 131
4577 131
4578 99
4579 113
4580 124
4581 117
4582 129
4583 129
4584 130
4585 109
4586 114
4587 126
4588 142
4589 122
4590 124
4591 128
4592 132
4593 117
4594 136
4595 118
4596 127
4597 129
4598 119
4599 131
4600 149
4601 99
4602 101
4603 119
4604 127
4605 106
4606 101
4607 121
4608 119
4609 129
4610 123
4611 100
4612 114
4613 126
4614 113
4615 130
4616 125
4617 109
4618 132
4619 119
4620 111
4621 128
4622 126
4623 115
4624 132
4625 117
4626 120
4627 126
4628 108
4629 132
4630 114
4631 110
4632 119
4633 117
4634 112
4635 101
4636 117
4637 119
4638 104
4639 125
4640 118
4641 130
4642 116
4643 128
4644 112
4645 101
4646 104
4647 118
4648 104
4649 103
4650 123
4651 120
4652 119
4653 112
4654 118
4655 110
4656 111
4657 114
4658 138
4659 122
4660 113
4661 120
4662 118
4663 97
4664 111
4665 114
4666 121
4667 105
4668 109
4669 114
4670 113
4671 110
4672 107
4673 130
4674 114
4675 108
4676 114
4677 105
4678 117
4679 104
4680 112
4681 101
4682 114
4683 125
4684 99
4685 123
4686 94
4687 135
4688 120
4689 131
4690 111
4691 120
4692 129
4693 130
4694 101
4695 134
4696 106
4697 116
4698 101
4699 102
4700 111
4701 114
4702 119
4703 110
4704 125
4705 127
4706 113
4707 119
4708 120
4709 139
4710 117
4711 117
4712 132
4713 119
4714 105
4715 131
4716 118
4717 123
4718 126
4719 127
4720 111
4721 119
4722 108
4723 122
4724 122
4725 117
4726 111
4727 105
4728 119
4729 138
4730 112
4731 107
4732 142
4733 138
4734 124
4735 141
4736 142
4737 124
4738 112
4739 137
4740 101
4741 97
4742 139
4743 126
4744 126
4745 104
4746 131
4747 120
4748 100
4749 123
4750 125
4751 104
4752 88
4753 127
4754 111
4755 126
4756 128
4757 126
4758 86
4759 112
4760 117
4761 120
4762 110
4763 131
4764 129
4765 98
4766 106
4767 105
4768 104
4769 109
4770 106
4771 109
4772 113
4773 115
4774 94
4775 101
4776 119
4777 75
4778 92
4779 101
4780 102
4781 123
4782 126
4783 100
4784 106
4785 114
4786 104
4787 108
4788 114
4789 103
4790 111
4791 119
4792 92
4793 130
4794 106
4795 115
4796 111
4797 113
4798 97
4799 107
4800 117
4801 114
4802 101
4803 110
4804 111
4805 119
4806 100
4807 116
4808 100
4809 117
4810 116
4811 105
4812 107
4813 110
4814 102
4815 106
4816 110
4817 104
4818 111
4819 95
4820 95
4821 124
4822 102
4823 91
4824 114
4825 104
4826 125
4827 103
4828 93
4829 106
4830 92
4831 99
4832 133
4833 108
4834 106
4835 131
4836 102
4837 114
4838 104
4839 111
4840 113
4841 127
4842 111
4843 103
4844 121
4845 107
4846 93
4847 97
4848 111
4849 119
4850 106
4851 117
4852 105
4853 92
4854 125
4855 116
4856 127
4857 91
4858 121
4859 95
4860 106
4861 120
4862 96
4863 105
4864 108
4865 100
4866 127
4867 120
4868 113
4869 106
4870 116
4871 107
4872 114
4873 117
4874 107
4875 96
4876 126
4877 107
4878 129
4879 100
4880 122
4881 133
4882 105
4883 124
4884 112
4885 112
4886 117
4887 96
4888 116
4889 112
4890 114
4891 125
4892 106
4893 108
4894 118
4895 114
4896 93
4897 106
4898 116
4899 106
4900 116
4901 114
4902 113
4903 110
4904 111
4905 107
4906 97
4907 101
4908 108
4909 111
4910 105
4911 100
4912 82
4913 112
4914 108
4915 100
4916 102
4917 101
4918 100
4919 104
4920 88
4921 91
4922 102
4923 93
4924 123
4925 103
4926 95
4927 93
4928 118
4929 104
4930 103
4931 96
4932 93
4933 92
4934 89
4935 120
4936 103
4937 108
4938 131
4939 111
4940 125
4941 106
4942 106
4943 111
4944 106
4945 88
4946 87
4947 99
4948 101
4949 98
4950 127
4951 124
4952 98
4953 97
4954 119
4955 107
4956 126
4957 115
4958 103
4959 112
4960 90
4961 130
4962 93
4963 109
4964 95
4965 110
4966 116
4967 104
4968 98
4969 114
4970 99
4971 93
4972 102
4973 114
4974 107
4975 97
4976 111
4977 117
4978 107
4979 115
4980 113
4981 92
4982 124
4983 130
4984 106
4985 145
4986 118
4987 127
4988 157
4989 155
4990 185
4991 150
4992 171
4993 179
4994 160
4995 190
4996 185
4997 178
4998 151
4999 141
5000 139
5001 155
5002 140
5003 141
5004 127
5005 116
5006 107
5007 133
5008 113
5009 119
5010 98
5011 112
5012 111
5013 111
5014 96
5015 94
5016 82
5017 120
5018 120
5019 96
5020 102
5021 91
5022 105
5023 120
5024 111
5025 97
5026 106
5027 108
5028 102
5029 106
5030 97
5031 115
5032 115
5033 78
5034 109
5035 117
5036 84
5037 108
5038 80
5039 107
5040 104
5041 98
5042 98
5043 96
5044 114
5045 121
5046 92
5047 98
5048 123
5049 107
5050 94
5051 105
5052 83
5053 97
5054 95
5055 129
5056 109
5057 91
5058 109
5059 111
5060 112
5061 92
5062 97
5063 99
5064 99
5065 100
5066 99
5067 115
5068 78
5069 95
5070 109
5071 125
5072 90
5073 108
5074 104
5075 101
5076 90
5077 92
5078 89
5079 99
5080 98
5081 106
5082 103
5083 108
5084 114
5085 97
5086 97
5087 105
5088 95
5089 99
5090 90
5091 102
5092 88
5093 90
5094 91
5095 97
5096 102
5097 107
5098 102
5099 102
5100 95
5101 96
5102 101
5103 105
5104 123
5105 95
5106 102
5107 99
5108 79
5109 90
5110 118
5111 112
5112 110
5113 88
5114 114
5115 102
5116 122
5117 104
5118 104
5119 101
5120 82
5121 95
5122 100
5123 102
5124 83
5125 92
5126 89
5127 101
5128 98
5129 104
5130 105
5131 86
5132 102
5133 100
5134 82
5135 91
5136 85
5137 91
5138 95
5139 94
5140 78
5141 95
5142 103
5143 79
5144 94
5145 110
5146 90
5147 88
5148 111
5149 102
5150 97
5151 95
5152 89
5153 109
5154 110
5155 104
5156 96
5157 126
5158 101
5159 109
5160 107
5161 94
5162 101
5163 110
5164 120
5165 77
5166 88
5167 113
5168 93
5169 96
5170 107
5171 102
5172 98
5173 89
5174 86
5175 112
5176 116
5177 106
5178 88
5179 111
5180 114
5181 116
5182 108
5183 114
5184 110
5185 96
5186 94
5187 103
5188 93
5189 95
5190 84
5191 94
5192 99
5193 89
5194 108
5195 106
5196 105
5197 107
5198 103
5199 93
5200 106
5201 88
5202 89
5203 75
5204 87
5205 87
5206 101
5207 101
5208 98
5209 95
5210 91
5211 101
5212 105
5213 88
5214 93
5215 90
5216 101
5217 105
5218 112
5219 88
5220 105
5221 89
5222 81
5223 75
5224 75
5225 85
5226 95
5227 87
5228 98
5229 95
5230 95
5231 92
5232 79
5233 116
5234 114
5235 78
5236 91
5237 108
5238 90
5239 91
5240 93
5241 105
5242 101
5243 101
5244 100
5245 85
5246 95
5247 93
5248 108
5249 97
5250 109
5251 92
5252 84
5253 106
5254 93
5255 99
5256 102
5257 104
5258 120
5259 119
5260 94
5261 110
5262 99
5263 87
5264 117
5265 105
5266 98
5267 70
5268 100
5269 74
5270 98
5271 83
5272 82
5273 95
5274 91
5275 91
5276 103
5277 91
5278 90
5279 93
5280 103
5281 114
5282 106
5283 91
5284 95
5285 108
5286 93
5287 94
5288 89
5289 87
5290 94
5291 75
5292 76
5293 86
5294 91
5295 112
5296 95
5297 116
5298 89
5299 79
5300 91
5301 94
5302 97
5303 96
5304 101
5305 69
5306 97
5307 96
5308 106
5309 95
5310 92
5311 80
5312 91
5313 116
5314 96
5315 99
5316 103
5317 81
5318 105
5319 104
5320 97
5321 85
5322 91
5323 77
5324 75
5325 88
5326 96
5327 83
5328 98
5329 75
5330 92
5331 98
5332 78
5333 101
5334 110
5335 114
5336 85
5337 97
5338 104
5339 96
5340 82
5341 94
5342 87
5343 75
5344 87
5345 93
5346 95
5347 87
5348 110
5349 109
5350 96
5351 112
5352 97
5353 93
5354 84
5355 103
5356 84
5357 88
5358 104
5359 87
5360 98
5361 95
5362 84
5363 94
5364 101
5365 91
5366 86
5367 98
5368 85
5369 80
5370 110
5371 88
5372 86
5373 101
5374 104
5375 108
5376 67
5377 110
5378 85
5379 94
5380 98
5381 79
5382 95
5383 83
5384 84
5385 84
5386 105
5387 89
5388 99
5389 71
5390 69
5391 78
5392 112
5393 91
5394 95
5395 98
5396 96
5397 105
5398 89
5399 86
5400 110
5401 86
5402 79
5403 103
5404 105
5405 101
5406 95
5407 96
5408 103
5409 89
5410 75
5411 100
5412 98
5413 90
5414 95
5415 90
5416 84
5417 85
5418 99
5419 90
5420 96
5421 112
5422 79
5423 90
5424 99
5425 102
5426 93
5427 99
5428 93
5429 99
5430 90
5431 92
5432 97
5433 102
5434 79
5435 94
5436 100
5437 103
5438 91
5439 94
5440 87
5441 96
5442 73
5443 105
5444 94
5445 98
5446 93
5447 84
5448 99
5449 80
5450 91
5451 79
5452 95
5453 76
5454 90
5455 92
5456 95
5457 93
5458 91
5459 88
5460 80
5461 97
5462 113
5463 77
5464 98
5465 86
5466 84
5467 97
5468 97
5469 90
5470 97
5471 87
5472 95
5473 75
5474 94
5475 87
5476 80
5477 97
5478 89
5479 106
5480 92
5481 92
5482 108
5483 108
5484 109
5485 100
5486 116
5487 112
5488 125
5489 112
5490 100
5491 124
5492 121
5493 128
5494 142
5495 152
5496 143
5497 172
5498 193
5499 190
5500 182
5501 219
5502 227
5503 243
5504 252
5505 258
5506 296
5507 336
5508 301
5509 338
5510 352
5511 302
5512 317
5513 290
5514 302
5515 288
5516 257
5517 273
5518 239
5519 280
5520 234
5521 190
5522 194
5523 185
5524 175
5525 183
5526 164
5527 159
5528 133
5529 137
5530 144
5531 134
5532 128
5533 119
5534 131
5535 107
5536 114
5537 109
5538 105
5539 83
5540 124
5541 92
5542 101
5543 101
5544 109
5545 79
5546 88
5547 111
5548 92
5549 91
5550 97
5551 89
5552 86
5553 85
5554 77
5555 79
5556 95
5557 96
5558 91
5559 84
5560 81
5561 79
5562 72
5563 94
5564 76
5565 87
5566 95
5567 77
5568 92
5569 81
5570 91
5571 89
5572 90
5573 89
5574 82
5575 95
5576 76
5577 83
5578 94
5579 87
5580 93
5581 86
5582 92
5583 86
5584 93
5585 77
5586 91
5587 75
5588 86
5589 93
5590 99
5591 111
5592 64
5593 92
5594 102
5595 81
5596 78
5597 74
5598 99
5599 93
5600 76
5601 70
5602 99
5603 90
5604 93
5605 97
5606 78
5607 85
5608 101
5609 81
5610 77
5611 80
5612 88
5613 77
5614 98
5615 105
5616 81
5617 84
5618 81
5619 82
5620 92
5621 96
5622 92
5623 95
5624 71
5625 96
5626 99
5627 84
5628 86
5629 88
5630 77
5631 91
5632 95
5633 92
5634 86
5635 87
5636 86
5637 98
5638 84
5639 83
5640 83
5641 78
5642 78
5643 76
5644 86
5645 77
5646 96
5647 99
5648 91
5649 82
5650 93
5651 89
5652 90
5653 79
5654 88
5655 91
5656 87
5657 81
5658 91
5659 85
5660 85
5661 83
5662 77
5663 86
5664 79
5665 90
5666 71
5667 89
5668 72
5669 90
5670 96
5671 81
5672 104
5673 77
5674 87
5675 70
5676 72
5677 84
5678 76
5679 83
5680 89
5681 83
5682 85
5683 81
5684 107
5685 85
5686 88
5687 81
5688 80
5689 91
5690 84
5691 80
5692 88
5693 90
5694 87
5695 91
5696 86
5697 78
5698 74
5699 92
5700 84
5701 98
5702 89
5703 82
5704 77
5705 84
5706 80
5707 54
5708 99
5709 85
5710 87
5711 90
5712 92
5713 72
5714 85
5715 81
5716 84
5717 69
5718 104
5719 74
5720 96
5721 66
5722 67
5723 80
5724 73
5725 79
5726 85
5727 93
5728 81
5729 52
5730 86
5731 88
5732 96
5733 87
5734 88
5735 70
5736 82
5737 90
5738 70
5739 80
5740 83
5741 70
5742 80
5743 75
5744 74
5745 60
5746 72
5747 67
5748 83
5749 82
5750 88
5751 100
5752 88
5753 86
5754 90
5755 82
5756 110
5757 79
5758 63
5759 67
5760 96
5761 75
5762 71
5763 88
5764 76
5765 88
5766 63
5767 81
5768 100
5769 77
5770 85
5771 90
5772 84
5773 88
5774 75
5775 76
5776 76
5777 72
5778 87
5779 96
5780 98
5781 82
5782 81
5783 87
5784 79
5785 85
5786 91
5787 80
5788 80
5789 91
5790 71
5791 99
5792 76
5793 87
5794 73
5795 76
5796 101
5797 92
5798 76
5799 65
5800 90
5801 95
5802 75
5803 68
5804 85
5805 84
5806 83
5807 73
5808 63
5809 84
5810 82
5811 77
5812 92
5813 77
5814 95
5815 73
5816 75
5817 94
5818 83
5819 72
5820 93
5821 85
5822 82
5823 76
5824 94
5825 86
5826 73
5827 96
5828 78
5829 70
5830 72
5831 72
5832 78
5833 74
5834 84
5835 77
5836 74
5837 78
5838 83
5839 92
5840 76
5841 79
5842 90
5843 93
5844 88
5845 95
5846 78
5847 89
5848 84
5849 85
5850 96
5851 88
5852 71
5853 103
5854 92
5855 83
5856 104
5857 93
5858 73
5859 88
5860 86
5861 81
5862 85
5863 80
5864 72
5865 92
5866 72
5867 71
5868 76
5869 67
5870 75
5871 86
5872 76
5873 85
5874 81
5875 77
5876 86
5877 87
5878 79
5879 81
5880 68
5881 73
5882 66
5883 82
5884 87
5885 77
5886 80
5887 96
5888 80
5889 72
5890 85
5891 81
5892 87
5893 80
5894 77
5895 88
5896 90
5897 72
5898 79
5899 82
5900 80
5901 69
5902 91
5903 87
5904 92
5905 81
5906 89
5907 83
5908 84
5909 77
5910 74
5911 80
5912 90
5913 91
5914 81
5915 85
5916 88
5917 91
5918 84
5919 72
5920 91
5921 86
5922 67
5923 93
5924 68
5925 68
5926 82
5927 86
5928 84
5929 66
5930 69
5931 55
5932 68
5933 92
5934 81
5935 91
5936 72
5937 74
5938 69
5939 74
5940 79
5941 77
5942 89
5943 71
5944 62
5945 85
5946 81
5947 73
5948 85
5949 84
5950 88
5951 76
5952 76
5953 89
5954 89
5955 78
5956 86
5957 72
5958 88
5959 93
5960 72
5961 84
5962 75
5963 60
5964 71
5965 96
5966 91
5967 75
5968 73
5969 72
5970 81
5971 85
5972 78
5973 87
5974 99
5975 74
5976 85
5977 81
5978 60
5979 104
5980 66
5981 79
5982 75
5983 77
5984 84
5985 88
5986 77
5987 67
5988 86
5989 84
5990 67
5991 75
5992 101
5993 87
5994 56
5995 66
5996 73
5997 77
5998 77
5999 81
6000 81
6001 79
6002 79
6003 96
6004 94
6005 86
6006 78
6007 69
6008 80
6009 68
6010 70
6011 82
6012 88
6013 87
6014 96
6015 71
6016 73
6017 76
6018 87
6019 86
6020 73
6021 93
6022 69
6023 73
6024 79
6025 67
6026 95
6027 74
6028 78
6029 75
6030 69
6031 76
6032 88
6033 80
6034 76
6035 86
6036 70
6037 86
6038 59
6039 65
6040 72
6041 71
6042 81
6043 81
6044 83
6045 71
6046 73
6047 77
6048 67
6049 79
6050 80
6051 75
6052 65
6053 74
6054 76
6055 94
6056 82
6057 93
6058 67
6059 70
6060 82
6061 96
6062 86
6063 80
6064 88
6065 72
6066 76
6067 88
6068 92
6069 103
6070 87
6071 100
6072 65
6073 84
6074 99
6075 70
6076 90
6077 89
6078 88
6079 71
6080 81
6081 82
6082 73
6083 79
6084 78
6085 70
6086 79
6087 69
6088 60
6089 59
6090 67
6091 89
6092 75
6093 72
6094 79
6095 86
6096 68
6097 74
6098 75
6099 108
6100 84
6101 69
6102 75
6103 63
6104 65
6105 84
6106 82
6107 80
6108 79
6109 65
6110 76
6111 58
6112 78
6113 80
6114 73
6115 82
6116 76
6117 81
6118 88
6119 67
6120 80
6121 81
6122 65
6123 77
6124 70
6125 65
6126 69
6127 80
6128 76
6129 75
6130 93
6131 85
6132 72
6133 73
6134 88
6135 69
6136 89
6137 63
6138 84
6139 74
6140 71
6141 76
6142 77
6143 97
6144 69
6145 69
6146 90
6147 88
6148 78
6149 86
6150 71
6151 90
6152 87
6153 64
6154 76
6155 79
6156 81
6157 69
6158 82
6159 79
6160 77
6161 68
6162 82
6163 93
6164 56
6165 66
6166 66
6167 76
6168 90
6169 69
6170 63
6171 65
6172 87
6173 71
6174 80
6175 98
6176 100
6177 92
6178 70
6179 69
6180 84
6181 90
6182 99
6183 75
6184 67
6185 74
6186 69
6187 79
6188 87
6189 89
6190 65
6191 72
6192 82
6193 92
6194 65
6195 70
6196 76
6197 57
6198 78
6199 82
6200 76
6201 73
6202 72
6203 71
6204 65
6205 77
6206 70
6207 65
6208 73
6209 88
6210 73
6211 81
6212 77
6213 73
6214 76
6215 83
6216 67
6217 76
6218 69
6219 70
6220 71
6221 91
6222 76
6223 85
6224 66
6225 87
6226 74
6227 77
6228 77
6229 79
6230 87
6231 72
6232 64
6233 79
6234 79
6235 77
6236 73
6237 68
6238 66
6239 69
6240 77
6241 61
6242 87
6243 74
6244 71
6245 78
6246 61
6247 97
6248 85
6249 66
6250 66
6251 71
6252 70
6253 79
6254 65
6255 64
6256 82
6257 75
6258 79
6259 78
6260 67
6261 81
6262 68
6263 71
6264 70
6265 78
6266 81
6267 72
6268 83
6269 77
6270 73
6271 93
6272 89
6273 86
6274 95
6275 93
6276 99
6277 111
6278 136
6279 157
6280 148
6281 194
6282 198
6283 277
6284 292
6285 313
6286 339
6287 368
6288 396
6289 474
6290 458
6291 488
6292 498
6293 479
6294 426
6295 424
6296 381
6297 351
6298 314
6299 326
6300 260
6301 237
6302 184
6303 179
6304 142
6305 127
6306 113
6307 81
6308 106
6309 77
6310 74
6311 89
6312 104
6313 79
6314 56
6315 69
6316 87
6317 69
6318 71
6319 75
6320 85
6321 70
6322 59
6323 69
6324 66
6325 73
6326 77
6327 79
6328 68
6329 82
6330 64
6331 68
6332 69
6333 64
6334 66
6335 89
6336 72
6337 50
6338 70
6339 63
6340 78
6341 61
6342 67
6343 72
6344 69
6345 64
6346 68
6347 80
6348 69
6349 61
6350 88
6351 79
6352 74
6353 79
6354 71
6355 72
6356 71
6357 67
6358 61
6359 85
6360 57
6361 68
6362 62
6363 64
6364 76
6365 62
6366 67
6367 83
6368 78
6369 76
6370 53
6371 75
6372 73
6373 72
6374 79
6375 88
6376 74
6377 60
6378 69
6379 61
6380 57
6381 67
6382 71
6383 67
6384 55
6385 61
6386 74
6387 71
6388 62
6389 72
6390 74
6391 66
6392 70
6393 61
6394 65
6395 62
6396 58
6397 74
6398 66
6399 60
6400 69
6401 58
6402 72
6403 78
6404 63
6405 66
6406 69
6407 61
6408 79
6409 68
6410 73
6411 71
6412 78
6413 80
6414 63
6415 66
6416 69
6417 73
6418 59
6419 74
6420 60
6421 63
6422 72
6423 70
6424 65
6425 51
6426 66
6427 70
6428 77
6429 60
6430 59
6431 57
6432 76
6433 65
6434 77
6435 71
6436 64
6437 67
6438 80
6439 74
6440 72
6441 58
6442 72
6443 61
6444 83
6445 62
6446 87
6447 70
6448 87
6449 68
6450 68
6451 60
6452 78
6453 72
6454 80
6455 61
6456 78
6457 68
6458 83
6459 69
6460 71
6461 69
6462 81
6463 82
6464 77
6465 76
6466 79
6467 58
6468 62
6469 70
6470 86
6471 60
6472 67
6473 69
6474 61
6475 61
6476 86
6477 84
6478 61
6479 68
6480 71
6481 71
6482 71
6483 67
6484 72
6485 69
6486 71
6487 65
6488 72
6489 73
6490 77
6491 53
6492 69
6493 82
6494 61
6495 70
6496 65
6497 55
6498 63
6499 62
6500 52
6501 56
6502 57
6503 66
6504 73
6505 74
6506 64
6507 76
6508 69
6509 74
6510 63
6511 69
6512 70
6513 71
6514 77
6515 76
6516 67
6517 68
6518 54
6519 66
6520 66
6521 66
6522 68
6523 91
6524 70
6525 71
6526 71
6527 71
6528 74
6529 50
6530 75
6531 67
6532 68
6533 64
6534 80
6535 69
6536 67
6537 77
6538 64
6539 66
6540 59
6541 87
6542 76
6543 62
6544 63
6545 79
6546 75
6547 63
6548 74
6549 79
6550 80
6551 77
6552 63
6553 79
6554 68
6555 104
6556 90
6557 76
6558 109
6559 112
6560 132
6561 151
6562 189
6563 199
6564 217
6565 269
6566 304
6567 371
6568 392
6569 384
6570 438
6571 498
6572 504
6573 546
6574 510
6575 512
6576 498
6577 493
6578 448
6579 433
6580 401
6581 319
6582 247
6583 260
6584 214
6585 184
6586 158
6587 135
6588 110
6589 97
6590 78
6591 84
6592 83
6593 78
6594 66
6595 60
6596 62
6597 68
6598 64
6599 60
6600 64
6601 59
6602 63
6603 52
6604 60
6605 54
6606 66
6607 59
6608 65
6609 63
6610 65
6611 58
6612 60
6613 52
6614 64
6615 67
6616 66
6617 71
6618 58
6619 66
6620 57
6621 65
6622 73
6623 63
6624 65
6625 60
6626 72
6627 68
6628 74
6629 75
6630 60
6631 76
6632 57
6633 72
6634 55
6635 76
6636 67
6637 67
6638 68
6639 68
6640 51
6641 58
6642 72
6643 76
6644 60
6645 70
6646 68
6647 69
6648 72
6649 54
6650 73
6651 61
6652 65
6653 61
6654 57
6655 80
6656 60
6657 58
6658 71
6659 81
6660 56
6661 66
6662 72
6663 59
6664 61
6665 67
6666 50
6667 68
6668 81
6669 59
6670 65
6671 62
6672 71
6673 61
6674 83
6675 61
6676 59
6677 47
6678 75
6679 47
6680 56
6681 73
6682 64
6683 77
6684 65
6685 62
6686 61
6687 54
6688 69
6689 62
6690 62
6691 60
6692 56
6693 71
6694 69
6695 85
6696 54
6697 76
6698 54
6699 61
6700 88
6701 54
6702 83
6703 56
6704 84
6705 52
6706 55
6707 95
6708 55
6709 64
6710 62
6711 63
6712 68
6713 54
6714 65
6715 71
6716 64
6717 61
6718 63
6719 48
6720 49
6721 73
6722 76
6723 58
6724 57
6725 60
6726 61
6727 57
6728 57
6729 58
6730 56
6731 73
6732 74
6733 51
6734 61
6735 69
6736 65
6737 58
6738 54
6739 69
6740 57
6741 46
6742 66
6743 60
6744 60
6745 63
6746 61
6747 54
6748 59
6749 66
6750 73
6751 66
6752 66
6753 70
6754 82
6755 51
6756 72
6757 69
6758 61
6759 60
6760 56
6761 76
6762 67
6763 65
6764 64
6765 61
6766 60
6767 60
6768 60
6769 68
6770 64
6771 54
6772 61
6773 63
6774 47
6775 69
6776 69
6777 55
6778 66
6779 54
6780 69
6781 69
6782 63
6783 55
6784 55
6785 81
6786 57
6787 61
6788 61
6789 68
6790 80
6791 65
6792 68
6793 61
6794 67
6795 65
6796 77
6797 51
6798 77
6799 60
6800 64
6801 88
6802 58
6803 64
6804 71
6805 59
6806 52
6807 52
6808 57
6809 67
6810 61
6811 62
6812 74
6813 58
6814 61
6815 73
6816 57
6817 64
6818 59
6819 63
6820 59
6821 68
6822 57
6823 60
6824 69
6825 73
6826 65
6827 66
6828 58
6829 75
6830 70
6831 67
6832 57
6833 81
6834 59
6835 61
6836 65
6837 39
6838 51
6839 57
6840 62
6841 64
6842 70
6843 74
6844 56
6845 63
6846 63
6847 64
6848 73
6849 80
6850 71
6851 66
6852 60
6853 51
6854 56
6855 77
6856 65
6857 58
6858 50
6859 64
6860 65
6861 58
6862 70
6863 71
6864 67
6865 62
6866 75
6867 58
6868 44
6869 58
6870 70
6871 59
6872 68
6873 44
6874 56
6875 63
6876 65
6877 68
6878 58
6879 55
6880 67
6881 65
6882 71
6883 66
6884 53
6885 68
6886 66
6887 61
6888 56
6889 71
6890 57
6891 69
6892 61
6893 66
6894 54
6895 64
6896 59
6897 55
6898 63
6899 60
6900 53
6901 62
6902 60
6903 60
6904 61
6905 67
6906 72
6907 83
6908 73
6909 67
6910 59
6911 72
6912 60
6913 66
6914 59
6915 56
6916 61
6917 65
6918 52
6919 60
6920 54
6921 63
6922 55
6923 55
6924 65
6925 54
6926 71
6927 60
6928 63
6929 64
6930 69
6931 70
6932 62
6933 53
6934 53
6935 62
6936 65
6937 60
6938 69
6939 56
6940 66
6941 72
6942 57
6943 68
6944 61
6945 55
6946 71
6947 71
6948 55
6949 62
6950 67
6951 61
6952 57
6953 74
6954 66
6955 67
6956 70
6957 54
6958 69
6959 62
6960 76
6961 49
6962 69
6963 52
6964 66
6965 49
6966 60
6967 69
6968 66
6969 45
6970 52
6971 73
6972 63
6973 63
6974 58
6975 78
6976 69
6977 49
6978 54
6979 63
6980 60
6981 59
6982 63
6983 59
6984 70
6985 52
6986 74
6987 62
6988 60
6989 51
6990 56
6991 77
6992 58
6993 66
6994 60
6995 64
6996 63
6997 60
6998 65
6999 64
7000 70
7001 62
7002 57
7003 66
7004 61
7005 57
7006 58
7007 59
7008 54
7009 45
7010 73
7011 54
7012 55
7013 65
7014 78
7015 70
7016 55
7017 55
7018 65
7019 65
7020 60
7021 71
7022 64
7023 58
7024 64
7025 60
7026 66
7027 65
7028 67
7029 54
7030 67
7031 69
7032 57
7033 53
7034 73
7035 58
7036 60
7037 68
7038 63
7039 69
7040 71
7041 59
7042 58
7043 52
7044 61
7045 61
7046 67
7047 57
7048 72
7049 66
7050 44
7051 55
7052 73
7053 53
7054 72
7055 66
7056 68
7057 63
7058 61
7059 60
7060 58
7061 66
7062 49
7063 53
7064 57
7065 59
7066 61
7067 69
7068 64
7069 57
7070 57
7071 49
7072 59
7073 67
7074 69
7075 64
7076 68
7077 64
7078 81
7079 58
7080 53
7081 52
7082 67
7083 57
7084 75
7085 58
7086 60
7087 57
7088 75
7089 56
7090 58
7091 64
7092 47
7093 74
7094 61
7095 79
7096 66
7097 80
7098 64
7099 55
7100 75
7101 67
7102 58
7103 55
7104 58
7105 48
7106 64
7107 55
7108 66
7109 67
7110 77
7111 53
7112 69
7113 66
7114 52
7115 64
7116 50
7117 54
7118 55
7119 45
7120 51
7121 51
7122 54
7123 61
7124 67
7125 59
7126 68
7127 51
7128 77
7129 62
7130 68
7131 63
7132 56
7133 59
7134 63
7135 73
7136 69
7137 68
7138 65
7139 65
7140 74
7141 56
7142 61
7143 78
7144 65
7145 68
7146 63
7147 61
7148 57
7149 69
7150 61
7151 49
7152 63
7153 58
7154 63
7155 67
7156 55
7157 66
7158 60
7159 63
7160 66
7161 69
7162 68
7163 56
7164 61
7165 53
7166 56
7167 61
7168 66
7169 68
7170 61
7171 74
7172 63
7173 58
7174 58
7175 78
7176 74
7177 74
7178 77
7179 78
7180 94
7181 82
7182 86
7183 64
7184 76
7185 78
7186 68
7187 69
7188 59
7189 79
7190 58
7191 64
7192 52
7193 57
7194 48
7195 75
7196 52
7197 55
7198 75
7199 49
7200 60
7201 66
7202 49
7203 65
7204 47
7205 59
7206 57
7207 55
7208 61
7209 51
7210 57
7211 48
7212 54
7213 58
7214 69
7215 50
7216 53
7217 59
7218 69
7219 57
7220 65
7221 69
7222 67
7223 56
7224 61
7225 66
7226 53
7227 60
7228 77
7229 65
7230 61
7231 53
7232 47
7233 67
7234 49
7235 65
7236 61
7237 56
7238 62
7239 64
7240 64
7241 61
7242 64
7243 66
7244 67
7245 64
7246 58
7247 71
7248 64
7249 49
7250 73
7251 66
7252 50
7253 68
7254 49
7255 53
7256 67
7257 62
7258 64
7259 66
7260 54
7261 57
7262 55
7263 60
7264 54
7265 59
7266 53
7267 65
7268 55
7269 61
7270 47
7271 60
7272 67
7273 56
7274 69
7275 62
7276 69
7277 66
7278 47
7279 57
7280 64
7281 55
7282 72
7283 51
7284 63
7285 52
7286 68
7287 66
7288 50
7289 59
7290 56
7291 56
7292 60
7293 58
7294 53
7295 59
7296 70
7297 51
7298 65
7299 61
7300 54
7301 69
7302 56
7303 55
7304 61
7305 47
7306 59
7307 58
7308 57
7309 68
7310 51
7311 55
7312 60
7313 72
7314 49
7315 51
7316 64
7317 60
7318 59
7319 61
7320 60
7321 62
7322 52
7323 61
7324 62
7325 65
7326 67
7327 60
7328 76
7329 50
7330 48
7331 62
7332 52
7333 56
7334 48
7335 60
7336 58
7337 51
7338 61
7339 61
7340 63
7341 52
7342 58
7343 61
7344 50
7345 51
7346 55
7347 51
7348 53
7349 56
7350 57
7351 59
7352 50
7353 56
7354 61
7355 49
7356 49
7357 56
7358 62
7359 55
7360 66
7361 65
7362 60
7363 52
7364 51
7365 71
7366 58
7367 67
7368 53
7369 57
7370 45
7371 52
7372 69
7373 59
7374 68
7375 47
7376 51
7377 52
7378 53
7379 68
7380 49
7381 58
7382 52
7383 49
7384 37
7385 53
7386 66
7387 63
7388 65
7389 58
7390 61
7391 74
7392 48
7393 42
7394 54
7395 62
7396 67
7397 66
7398 51
7399 48
7400 50
7401 57
7402 49
7403 54
7404 43
7405 44
7406 49
7407 56
7408 55
7409 63
7410 63
7411 47
7412 54
7413 63
7414 65
7415 52
7416 56
7417 52
7418 63
7419 64
7420 50
7421 65
7422 57
7423 61
7424 65
7425 47
7426 64
7427 51
7428 56
7429 60
7430 56
7431 55
7432 76
7433 55
7434 48
7435 64
7436 47
7437 55
7438 60
7439 51
7440 61
7441 59
7442 64
7443 59
7444 57
7445 54
7446 54
7447 63
7448 47
7449 60
7450 50
7451 61
7452 65
7453 59
7454 48
7455 57
7456 46
7457 44
7458 68
7459 53
7460 56
7461 64
7462 58
7463 60
7464 66
7465 53
7466 57
7467 46
7468 55
7469 61
7470 69
7471 61
7472 47
7473 62
7474 53
7475 57
7476 58
7477 67
7478 52
7479 57
7480 59
7481 52
7482 62
7483 70
7484 59
7485 61
7486 41
7487 43
7488 55
7489 66
7490 53
7491 49
7492 66
7493 70
7494 61
7495 64
7496 53
7497 55
7498 58
7499 59
7500 52
7501 64
7502 61
7503 58
7504 45
7505 59
7506 57
7507 67
7508 55
7509 59
7510 50
7511 48
7512 57
7513 60
7514 77
7515 56
7516 53
7517 63
7518 59
7519 59
7520 52
7521 53
7522 71
7523 57
7524 63
7525 50
7526 59
7527 57
7528 54
7529 57
7530 56
7531 70
7532 43
7533 52
7534 56
7535 66
7536 48
7537 51
7538 52
7539 48
7540 61
7541 53
7542 53
7543 50
7544 46
7545 61
7546 55
7547 63
7548 43
7549 58
7550 62
7551 58
7552 73
7553 52
7554 46
7555 58
7556 63
7557 46
7558 62
7559 61
7560 41
7561 52
7562 74
7563 58
7564 59
7565 65
7566 58
7567 60
7568 46
7569 84
7570 69
7571 62
7572 52
7573 87
7574 54
7575 53
7576 69
7577 59
7578 68
7579 76
7580 68
7581 64
7582 75
7583 57
7584 52
7585 62
7586 71
7587 63
7588 68
7589 54
7590 48
7591 52
7592 60
7593 58
7594 53
7595 51
7596 69
7597 56
7598 41
7599 69
7600 61
7601 54
7602 58
7603 54
7604 61
7605 63
7606 62
7607 47
7608 56
7609 51
7610 62
7611 76
7612 52
7613 56
7614 45
7615 42
7616 67
7617 54
7618 59
7619 54
7620 50
7621 46
7622 70
7623 47
7624 59
7625 58
7626 76
7627 45
7628 63
7629 52
7630 63
7631 73
7632 64
7633 59
7634 52
7635 63
7636 58
7637 59
7638 63
7639 42
7640 60
7641 62
7642 40
7643 64
7644 62
7645 53
7646 62
7647 66
7648 64
7649 49
7650 61
7651 55
7652 61
7653 52
7654 61
7655 67
7656 60
7657 65
7658 60
7659 56
7660 39
7661 59
7662 60
7663 50
7664 55
7665 47
7666 56
7667 60
7668 53
7669 58
7670 56
7671 59
7672 64
7673 69
7674 50
7675 40
7676 62
7677 51
7678 53
7679 64
7680 51
7681 55
7682 50
7683 53
7684 65
7685 53
7686 55
7687 63
7688 37
7689 59
7690 69
7691 58
7692 45
7693 53
7694 57
7695 59
7696 55
7697 56
7698 65
7699 46
7700 65
7701 39
7702 67
7703 65
7704 49
7705 60
7706 66
7707 54
7708 62
7709 48
7710 47
7711 54
7712 47
7713 51
7714 61
7715 49
7716 58
7717 51
7718 56
7719 69
7720 48
7721 47
7722 43
7723 52
7724 48
7725 53
7726 57
7727 69
7728 49
7729 45
7730 57
7731 58
7732 53
7733 49
7734 59
7735 61
7736 48
7737 45
7738 52
7739 66
7740 60
7741 47
7742 58
7743 52
7744 65
7745 66
7746 59
7747 68
7748 53
7749 44
7750 47
7751 46
7752 65
7753 61
7754 46
7755 73
7756 60
7757 61
7758 61
7759 54
7760 58
7761 37
7762 67
7763 54
7764 55
7765 49
7766 45
7767 61
7768 65
7769 67
7770 54
7771 59
7772 43
7773 44
7774 61
7775 62
7776 71
7777 60
7778 49
7779 58
7780 59
7781 63
7782 69
7783 39
7784 44
7785 58
7786 62
7787 60
7788 60
7789 60
7790 58
7791 47
7792 50
7793 44
7794 55
7795 61
7796 59
7797 53
7798 52
7799 42
7800 61
7801 44
7802 58
7803 60
7804 48
7805 47
7806 57
7807 49
7808 65
7809 57
7810 51
7811 62
7812 49
7813 57
7814 44
7815 67
7816 48
7817 60
7818 44
7819 47
7820 53
7821 43
7822 53
7823 53
7824 55
7825 51
7826 45
7827 48
7828 50
7829 67
7830 56
7831 54
7832 59
7833 52
7834 64
7835 88
7836 82
7837 79
7838 86
7839 96
7840 94
7841 114
7842 105
7843 125
7844 146
7845 138
7846 131
7847 158
7848 139
7849 143
7850 138
7851 111
7852 101
7853 112
7854 96
7855 93
7856 82
7857 68
7858 65
7859 67
7860 55
7861 67
7862 67
7863 58
7864 53
7865 52
7866 38
7867 64
7868 60
7869 45
7870 48
7871 41
7872 55
7873 63
7874 51
7875 51
7876 52
7877 41
7878 54
7879 46
7880 52
7881 57
7882 47
7883 48
7884 47
7885 47
7886 51
7887 50
7888 43
7889 61
7890 54
7891 51
7892 55
7893 56
7894 57
7895 43
7896 42
7897 48
7898 54
7899 40
7900 47
7901 57
7902 57
7903 62
7904 51
7905 49
7906 58
7907 58
7908 45
7909 60
7910 55
7911 64
7912 43
7913 42
7914 53
7915 47
7916 53
7917 46
7918 57
7919 44
7920 45
7921 44
7922 54
7923 46
7924 60
7925 58
7926 44
7927 49
7928 66
7929 54
7930 48
7931 52
7932 44
7933 48
7934 55
7935 54
7936 49
7937 46
7938 54
7939 63
7940 43
7941 60
7942 65
7943 43
7944 58
7945 54
7946 60
7947 69
7948 52
7949 43
7950 52
7951 54
7952 53
7953 61
7954 47
7955 51
7956 54
7957 64
7958 52
7959 62
7960 41
7961 46
7962 57
7963 50
7964 58
7965 40
7966 40
7967 51
7968 52
7969 55
7970 49
7971 53
7972 51
7973 55
7974 45
7975 53
7976 57
7977 47
7978 61
7979 49
7980 59
7981 49
7982 55
7983 54
7984 48
7985 53
7986 38
7987 54
7988 51
7989 57
7990 55
7991 50
7992 51
7993 50
7994 47
7995 62
7996 47
7997 49
7998 50
7999 54
8000 59
8001 55
8002 57
8003 54
8004 43
8005 48
8006 31
8007 51
8008 48
8009 64
8010 59
8011 51
8012 53
8013 54
8014 47
8015 46
8016 50
8017 54
8018 59
8019 53
8020 59
8021 62
8022 59
8023 44
8024 55
8025 33
8026 48
8027 57
8028 48
8029 54
8030 54
8031 36
8032 63
8033 49
8034 46
8035 46
8036 58
8037 45
8038 55
8039 38
8040 45
8041 50
8042 53
8043 41
8044 51
8045 50
8046 59
8047 57
8048 52
8049 49
8050 63
8051 49
8052 53
8053 47
8054 59
8055 51
8056 45
8057 58
8058 52
8059 45
8060 47
8061 48
8062 47
8063 66
8064 56
8065 49
8066 55
8067 52
8068 48
8069 45
8070 56
8071 53
8072 49
8073 44
8074 56
8075 49
8076 53
8077 50
8078 56
8079 59
8080 41
8081 57
8082 47
8083 54
8084 56
8085 56
8086 58
8087 46
8088 48
8089 52
8090 41
8091 55
8092 46
8093 39
8094 53
8095 47
8096 47
8097 57
8098 54
8099 68
8100 52
8101 43
8102 43
8103 54
8104 49
8105 43
8106 62
8107 57
8108 51
8109 46
8110 63
8111 44
8112 67
8113 53
8114 57
8115 62
8116 52
8117 45
8118 58
8119 54
8120 59
8121 46
8122 48
8123 46
8124 55
8125 54
8126 53
8127 52
8128 62
8129 70
8130 56
8131 57
8132 54
8133 43
8134 52
8135 58
8136 57
8137 49
8138 46
8139 39
8140 49
8141 60
8142 54
8143 50
8144 67
8145 62
8146 65
8147 52
8148 63
8149 57
8150 66
8151 64
8152 59
8153 61
8154 59
8155 52
8156 61
8157 49
8158 48
8159 60
8160 50
8161 54
8162 64
8163 51
8164 59
8165 59
8166 59
8167 58
8168 51
8169 77
8170 43
8171 49
8172 48
8173 49
8174 50
8175 49
8176 42
8177 47
8178 53
8179 43
8180 50
8181 54
8182 63
8183 54
8184 51
8185 48
8186 49
8187 62
8188 53
8189 69
8190 53
8191 49
8192 45
8193 40
8194 46
8195 36
8196 49
8197 51
8198 47
8199 57
8200 59
8201 45
8202 50
8203 59
8204 56
8205 54
8206 53
8207 61
8208 48
8209 50
8210 48
8211 56
8212 46
8213 61
8214 59
8215 52
8216 47
8217 49
8218 54
8219 40
8220 43
8221 50
8222 64
8223 39
8224 60
8225 55
8226 54
8227 51
8228 46
8229 50
8230 49
8231 53
8232 58
8233 72
8234 66
8235 63
8236 65
8237 52
8238 52
8239 52
8240 61
8241 65
8242 67
8243 62
8244 47
8245 55
8246 38
8247 55
8248 62
8249 48
8250 46
8251 52
8252 48
8253 38
8254 51
8255 47
8256 46
8257 42
8258 64
8259 47
8260 52
8261 54
8262 55
8263 54
8264 49
8265 46
8266 49
8267 58
8268 56
8269 55
8270 51
8271 51
8272 58
8273 51
8274 60
8275 66
8276 50
8277 47
8278 58
8279 48
8280 81
8281 76
8282 62
8283 66
8284 70
8285 62
8286 75
8287 87
8288 89
8289 100
8290 110
8291 96
8292 86
8293 80
8294 86
8295 85
8296 80
8297 79
8298 69
8299 74
8300 73
8301 60
8302 64
8303 60
8304 58
8305 49
8306 55
8307 57
8308 47
8309 50
8310 53
8311 46
8312 48
8313 62
8314 42
8315 48
8316 58
8317 37
8318 40
8319 48
8320 52
8321 55
8322 61
8323 67
8324 70
8325 64
8326 71
8327 57
8328 53
8329 64
8330 73
8331 71
8332 54
8333 60
8334 47
8335 65
8336 53
8337 67
8338 69
8339 55
8340 62
8341 60
8342 52
8343 54
8344 40
8345 56
8346 44
8347 54
8348 60
8349 43
8350 57
8351 45
8352 44
8353 54
8354 57
8355 45
8356 55
8357 53
8358 41
8359 36
8360 59
8361 37
8362 53
8363 48
8364 54
8365 50
8366 55
8367 47
8368 59
8369 58
8370 36
8371 50
8372 59
8373 55
8374 47
8375 53
8376 49
8377 56
8378 43
8379 46
8380 39
8381 59
8382 40
8383 58
8384 36
8385 59
8386 48
8387 49
8388 33
8389 46
8390 37
8391 46
8392 54
8393 36
8394 48
8395 51
8396 50
8397 41
8398 40
8399 44
8400 54
8401 49
8402 56
8403 37
8404 38
8405 43
8406 53
8407 57
8408 38
8409 38
8410 42
8411 39
8412 52
8413 58
8414 37
8415 37
8416 35
8417 57
8418 40
8419 47
8420 55
8421 54
8422 47
8423 46
8424 49
8425 43
8426 60
8427 41
8428 47
8429 56
8430 35
8431 53
8432 53
8433 48
8434 65
8435 59
8436 50
8437 48
8438 45
8439 66
8440 50
8441 60
8442 52
8443 48
8444 59
8445 29
8446 52
8447 59
8448 41
8449 40
8450 54
8451 40
8452 51
8453 48
8454 48
8455 40
8456 49
8457 45
8458 48
8459 55
8460 43
8461 50
8462 56
8463 48
8464 56
8465 45
8466 53
8467 54
8468 66
8469 59
8470 58
8471 62
8472 45
8473 67
8474 50
8475 59
8476 61
8477 65
8478 78
8479 62
8480 68
8481 55
8482 63
8483 53
8484 65
8485 51
8486 57
8487 52
8488 64
8489 56
8490 57
8491 50
8492 51
8493 47
8494 43
8495 36
8496 53
8497 51
8498 36
8499 50
8500 38
8501 43
8502 46
8503 45
8504 54
8505 58
8506 54
8507 44
8508 48
8509 52
8510 47
8511 51
8512 44
8513 48
8514 56
8515 52
8516 41
8517 44
8518 54
8519 61
8520 41
8521 44
8522 50
8523 47
8524 37
8525 42
8526 50
8527 57
8528 48
8529 43
8530 39
8531 42
8532 48
8533 45
8534 44
8535 52
8536 44
8537 52
8538 60
8539 37
8540 49
8541 41
8542 42
8543 56
8544 46
8545 43
8546 36
8547 50
8548 46
8549 30
8550 41
8551 49
8552 52
8553 65
8554 48
8555 49
8556 44
8557 46
8558 51
8559 48
8560 44
8561 52
8562 45
8563 58
8564 57
8565 57
8566 64
8567 69
8568 63
8569 77
8570 87
8571 82
8572 83
8573 72
8574 89
8575 94
8576 103
8577 107
8578 83
8579 77
8580 109
8581 95
8582 85
8583 87
8584 87
8585 75
8586 58
8587 59
8588 62
8589 62
8590 46
8591 59
8592 35
8593 48
8594 45
8595 45
8596 52
8597 52
8598 36
8599 54
8600 45
8601 50
8602 57
8603 38
8604 43
8605 51
8606 41
8607 46
8608 46
8609 36
8610 52
8611 40
8612 36
8613 44
8614 35
8615 48
8616 44
8617 49
8618 51
8619 42
8620 55
8621 46
8622 50
8623 46
8624 38
8625 39
8626 43
8627 42
8628 44
8629 49
8630 52
8631 32
8632 39
8633 52
8634 54
8635 46
8636 40
8637 45
8638 36
8639 37
8640 47
8641 47
8642 66
8643 46
8644 48
8645 54
8646 39
8647 43
8648 33
8649 35
8650 39
8651 48
8652 41
8653 46
8654 43
8655 47
8656 53
8657 47
8658 44
8659 40
8660 52
8661 41
8662 47
8663 49
8664 41
8665 45
8666 56
8667 42
8668 43
8669 43
8670 51
8671 50
8672 45
8673 34
8674 47
8675 35
8676 29
8677 43
8678 40
8679 42
8680 44
8681 36
8682 40
8683 50
8684 39
8685 44
8686 53
8687 46
8688 43
8689 62
8690 51
8691 60
8692 43
8693 55
8694 61
8695 52
8696 50
8697 53
8698 59
8699 49
8700 54
8701 49
8702 56
8703 61
8704 58
8705 53
8706 45
8707 40
8708 29
8709 51
8710 35
8711 52
8712 52
8713 40
8714 37
8715 57
8716 44
8717 36
8718 55
8719 51
8720 44
8721 33
8722 44
8723 44
8724 40
8725 47
8726 30
8727 52
8728 36
8729 33
8730 38
8731 53
8732 49
8733 45
8734 40
8735 53
8736 45
8737 38
8738 51
8739 47
8740 39
8741 33
8742 27
8743 31
8744 45
8745 48
8746 41
8747 37
8748 42
8749 44
8750 42
8751 34
8752 43
8753 40
8754 36
8755 42
8756 33
8757 47
8758 49
8759 50
8760 42
8761 40
8762 47
8763 47
8764 40
8765 50
8766 44
8767 46
8768 40
8769 47
8770 40
8771 41
8772 57
8773 49
8774 34
8775 38
8776 42
8777 44
8778 49
8779 56
8780 43
8781 41
8782 48
8783 44
8784 48
8785 44
8786 45
8787 44
8788 37
8789 45
8790 53
8791 54
8792 51
8793 38
8794 42
8795 52
8796 52
8797 39
8798 46
8799 50
8800 31
8801 45
8802 33
8803 48
8804 46
8805 46
8806 47
8807 46
8808 41
8809 44
8810 39
8811 43
8812 43
8813 36
8814 48
8815 40
8816 34
8817 37
8818 44
8819 53
8820 33
8821 41
8822 32
8823 34
8824 38
8825 36
8826 36
8827 42
8828 38
8829 40
8830 49
8831 38
8832 39
8833 40
8834 36
8835 49
8836 44
8837 21
8838 40
8839 40
8840 40
8841 48
8842 41
8843 36
8844 50
8845 48
8846 43
8847 48
8848 42
8849 41
8850 47
8851 42
8852 46
8853 50
8854 30
8855 46
8856 49
8857 47
8858 49
8859 44
8860 49
8861 43
8862 50
8863 58
8864 49
8865 42
8866 59
8867 29
8868 45
8869 45
8870 54
8871 44
8872 49
8873 45
8874 39
8875 44
8876 51
8877 45
8878 42
8879 46
8880 35
8881 42
8882 54
8883 42
8884 45
8885 54
8886 30
8887 46
8888 44
8889 45
8890 40
8891 54
8892 41
8893 38
8894 38
8895 49
8896 40
8897 31
8898 40
8899 50
8900 42
8901 49
8902 33
8903 42
8904 48
8905 44
8906 62
8907 28
8908 31
8909 52
8910 46
8911 53
8912 47
8913 33
8914 41
8915 44
8916 53
8917 44
8918 40
8919 44
8920 46
8921 45
8922 37
8923 47
8924 49
8925 34
8926 58
8927 35
8928 37
8929 47
8930 42
8931 46
8932 44
8933 38
8934 46
8935 52
8936 57
8937 36
8938 36
8939 56
8940 33
8941 45
8942 45
8943 49
8944 40
8945 46
8946 42
8947 35
8948 42
8949 46
8950 59
8951 26
8952 47
8953 47
8954 46
8955 40
8956 57
8957 51
8958 46
8959 42
8960 43
8961 56
8962 53
8963 46
8964 43
8965 58
8966 47
8967 41
8968 49
8969 42
8970 49
8971 40
8972 45
8973 43
8974 39
8975 47
8976 46
8977 51
8978 51
8979 36
8980 53
8981 38
8982 35
8983 42
8984 37
8985 33
8986 45
8987 36
8988 44
8989 44
8990 45
8991 47
8992 40
8993 52
8994 45
8995 34
8996 43
8997 50
8998 45
8999 44
9000 41
9001 43
9002 43
9003 50
9004 52
9005 52
9006 58
9007 51
9008 49
9009 47
9010 46
9011 54
9012 57
9013 60
9014 56
9015 54
9016 51
9017 67
9018 58
9019 58
9020 52
9021 47
9022 48
9023 58
9024 54
9025 59
9026 53
9027 38
9028 59
9029 51
9030 54
9031 46
9032 35
9033 42
9034 49
9035 53
9036 47
9037 40
9038 41
9039 44
9040 41
9041 38
9042 40
9043 51
9044 54
9045 39
9046 46
9047 50
9048 46
9049 52
9050 49
9051 49
9052 54
9053 60
9054 39
9055 45
9056 46
9057 51
9058 48
9059 51
9060 53
9061 48
9062 41
9063 57
9064 71
9065 48
9066 56
9067 45
9068 49
9069 52
9070 66
9071 35
9072 47
9073 55
9074 43
9075 41
9076 66
9077 45
9078 48
9079 47
9080 51
9081 42
9082 30
9083 57
9084 44
9085 43
9086 36
9087 39
9088 30
9089 41
9090 38
9091 29
9092 38
9093 43
9094 48
9095 39
9096 37
9097 65
9098 44
9099 51
9100 39
9101 46
9102 43
9103 51
9104 39
9105 43
9106 51
9107 40
9108 42
9109 38
9110 33
9111 44
9112 48
9113 38
9114 43
9115 40
9116 45
9117 34
9118 44
9119 54
9120 37
9121 42
9122 44
9123 28
9124 44
9125 39
9126 42
9127 36
9128 39
9129 45
9130 36
9131 43
9132 49
9133 47
9134 54
9135 46
9136 45
9137 44
9138 48
9139 47
9140 41
9141 39
9142 43
9143 51
9144 34
9145 44
9146 37
9147 51
9148 34
9149 45
9150 37
9151 44
9152 51
9153 40
9154 54
9155 40
9156 32
9157 38
9158 36
9159 38
9160 35
9161 34
9162 42
9163 38
9164 36
9165 45
9166 32
9167 34
9168 35
9169 43
9170 47
9171 42
9172 43
9173 41
9174 44
9175 35
9176 41
9177 44
9178 40
9179 35
9180 48
9181 35
9182 50
9183 42
9184 44
9185 43
9186 41
9187 32
9188 37
9189 41
9190 37
9191 54
9192 46
9193 37
9194 45
9195 55
9196 45
9197 33
9198 36
9199 42
9200 49
9201 43
9202 35
9203 45
9204 39
9205 41
9206 39
9207 43
9208 35
9209 37
9210 47
9211 43
9212 38
9213 43
9214 37
9215 45
9216 44
9217 50
9218 28
9219 47
9220 46
9221 41
9222 49
9223 40
9224 42
9225 38
9226 34
9227 23
9228 38
9229 36
9230 38
9231 49
9232 39
9233 32
9234 43
9235 44
9236 42
9237 49
9238 36
9239 37
9240 56
9241 40
9242 34
9243 46
9244 41
9245 47
9246 44
9247 40
9248 49
9249 42
9250 39
9251 38
9252 36
9253 39
9254 50
9255 51
9256 40
9257 38
9258 40
9259 39
9260 52
9261 47
9262 41
9263 34
9264 37
9265 35
9266 44
9267 47
9268 34
9269 47
9270 33
9271 58
9272 45
9273 62
9274 59
9275 43
9276 65
9277 62
9278 67
9279 78
9280 77
9281 81
9282 79
9283 100
9284 85
9285 77
9286 73
9287 84
9288 90
9289 86
9290 79
9291 88
9292 69
9293 81
9294 71
9295 64
9296 67
9297 47
9298 63
9299 63
9300 43
9301 36
9302 29
9303 50
9304 43
9305 35
9306 47
9307 45
9308 33
9309 43
9310 39
9311 45
9312 28
9313 47
9314 46
9315 44
9316 42
9317 32
9318 34
9319 39
9320 56
9321 40
9322 46
9323 41
9324 40
9325 46
9326 34
9327 51
9328 40
9329 44
9330 57
9331 37
9332 45
9333 31
9334 38
9335 46
9336 47
9337 45
9338 34
9339 45
9340 37
9341 44
9342 50
9343 40
9344 38
9345 44
9346 44
9347 41
9348 44
9349 46
9350 31
9351 50
9352 54
9353 47
9354 35
9355 31
9356 43
9357 42
9358 38
9359 45
9360 37
9361 37
9362 43
9363 39
9364 44
9365 40
9366 49
9367 34
9368 39
9369 52
9370 37
9371 42
9372 30
9373 35
9374 55
9375 50
9376 33
9377 50
9378 41
9379 37
9380 50
9381 41
9382 47
9383 27
9384 33
9385 44
9386 32
9387 37
9388 50
9389 42
9390 46
9391 28
9392 39
9393 39
9394 34
9395 33
9396 34
9397 42
9398 40
9399 44
9400 39
9401 42
9402 44
9403 33
9404 45
9405 57
9406 42
9407 41
9408 33
9409 30
9410 33
9411 36
9412 44
9413 36
9414 57
9415 36
9416 37
9417 45
9418 51
9419 36
9420 43
9421 41
9422 40
9423 49
9424 40
9425 38
9426 41
9427 51
9428 48
9429 53
9430 34
9431 37
9432 33
9433 39
9434 38
9435 33
9436 55
9437 41
9438 33
9439 41
9440 33
9441 43
9442 27
9443 35
9444 43
9445 57
9446 42
9447 46
9448 35
9449 34
9450 42
9451 33
9452 48
9453 50
9454 43
9455 42
9456 51
9457 32
9458 30
9459 33
9460 37
9461 36
9462 40
9463 38
9464 44
9465 58
9466 45
9467 47
9468 39
9469 43
9470 44
9471 44
9472 39
9473 39
9474 53
9475 40
9476 40
9477 43
9478 43
9479 37
9480 46
9481 39
9482 38
9483 52
9484 28
9485 36
9486 47
9487 32
9488 37
9489 40
9490 41
9491 40
9492 43
9493 35
9494 25
9495 47
9496 45
9497 28
9498 45
9499 37
9500 33
9501 52
9502 36
9503 34
9504 41
9505 42
9506 36
9507 48
9508 35
9509 40
9510 40
9511 41
9512 41
9513 49
9514 33
9515 37
9516 41
9517 52
9518 44
9519 45
9520 32
9521 30
9522 41
9523 45
9524 39
9525 49
9526 40
9527 54
9528 58
9529 35
9530 38
9531 40
9532 44
9533 42
9534 38
9535 43
9536 34
9537 40
9538 40
9539 26
9540 43
9541 46
9542 52
9543 41
9544 55
9545 50
9546 42
9547 29
9548 40
9549 40
9550 30
9551 40
9552 43
9553 36
9554 52
9555 40
9556 38
9557 36
9558 36
9559 42
9560 46
9561 34
9562 45
9563 38
9564 35
9565 40
9566 31
9567 39
9568 43
9569 48
9570 36
9571 38
9572 39
9573 44
9574 38
9575 46
9576 44
9577 26
9578 39
9579 45
9580 28
9581 38
9582 38
9583 42
9584 34
9585 56
9586 49
9587 36
9588 48
9589 36
9590 32
9591 40
9592 32
9593 50
9594 42
9595 44
9596 42
9597 36
9598 54
9599 33
9600 48
9601 35
9602 48
9603 37
9604 54
9605 57
9606 32
9607 39
9608 41
9609 36
9610 43
9611 42
9612 34
9613 33
9614 29
9615 46
9616 47
9617 37
9618 34
9619 33
9620 38
9621 42
9622 31
9623 36
9624 51
9625 36
9626 43
9627 28
9628 47
9629 43
9630 42
9631 40
9632 34
9633 51
9634 42
9635 45
9636 40
9637 50
9638 41
9639 36
9640 44
9641 55
9642 35
9643 39
9644 45
9645 42
9646 51
9647 51
9648 46
9649 47
9650 42
9651 34
9652 47
9653 34
9654 47
9655 51
9656 35
9657 57
9658 41
9659 37
9660 44
9661 31
9662 40
9663 45
9664 36
9665 33
9666 44
9667 33
9668 44
9669 45
9670 38
9671 43
9672 48
9673 33
9674 41
9675 35
9676 35
9677 46
9678 37
9679 35
9680 40
9681 48
9682 39
9683 39
9684 43
9685 49
9686 43
9687 42
9688 44
9689 41
9690 46
9691 35
9692 33
9693 41
9694 38
9695 29
9696 44
9697 41
9698 38
9699 42
9700 40
9701 40
9702 41
9703 37
9704 39
9705 40
9706 36
9707 46
9708 35
9709 39
9710 45
9711 35
9712 37
9713 39
9714 46
9715 51
9716 42
9717 47
9718 50
9719 46
9720 29
9721 33
9722 35
9723 32
9724 41
9725 34
9726 40
9727 45
9728 36
9729 44
9730 50
9731 46
9732 45
9733 37
9734 35
9735 45
9736 46
9737 43
9738 35
9739 46
9740 47
9741 31
9742 32
9743 50
9744 46
9745 45
9746 34
9747 40
9748 39
9749 45
9750 36
9751 51
9752 37
9753 44
9754 50
9755 48
9756 51
9757 41
9758 37
9759 43
9760 60
9761 42
9762 33
9763 50
9764 38
9765 49
9766 44
9767 51
9768 36
9769 43
9770 49
9771 40
9772 38
9773 39
9774 39
9775 48
9776 27
9777 39
9778 43
9779 38
9780 53
9781 23
9782 41
9783 37
9784 30
9785 36
9786 37
9787 25
9788 52
9789 37
9790 31
9791 29
9792 33
9793 37
9794 50
9795 39
9796 36
9797 42
9798 36
9799 35
9800 34
9801 43
9802 41
9803 46
9804 53
9805 39
9806 51
9807 45
9808 43
9809 46
9810 57
9811 48
9812 60
9813 58
9814 53
9815 73
9816 91
9817 98
9818 97
9819 121
9820 127
9821 151
9822 166
9823 180
9824 206
9825 235
9826 235
9827 229
9828 266
9829 251
9830 266
9831 277
9832 298
9833 298
9834 285
9835 258
9836 268
9837 268
9838 227
9839 182
9840 170
9841 157
9842 128
9843 129
9844 101
9845 97
9846 91
9847 70
9848 70
9849 46
9850 51
9851 42
9852 28
9853 40
9854 37
9855 38
9856 42
9857 38
9858 37
9859 43
9860 33
9861 42
9862 36
9863 32
9864 35
9865 26
9866 26
9867 33
9868 42
9869 40
9870 31
9871 35
9872 26
9873 43
9874 52
9875 50
9876 36
9877 37
9878 43
9879 36
9880 37
9881 27
9882 47
9883 46
9884 31
9885 40
9886 35
9887 24
9888 43
9889 51
9890 42
9891 33
9892 37
9893 39
9894 27
9895 41
9896 46
9897 35
9898 36
9899 37
9900 38
9901 36
9902 46
9903 34
9904 53
9905 43
9906 37
9907 39
9908 35
9909 36
9910 46
9911 36
9912 38
9913 26
9914 31
9915 44
9916 35
9917 34
9918 46
9919 49
9920 40
9921 46
9922 40
9923 39
9924 39
9925 42
9926 45
9927 35
9928 51
9929 32
9930 40
9931 40
9932 42
9933 28
9934 39
9935 34
9936 36
9937 38
9938 28
9939 26
9940 34
9941 49
9942 42
9943 37
9944 38
9945 38
9946 37
9947 35
9948 37
9949 50
9950 40
9951 43
9952 35
9953 40
9954 35
9955 45
9956 38
9957 32
9958 37
9959 42
9960 35
9961 42
9962 26
9963 38
9964 37
9965 32
9966 29
9967 42
9968 32
9969 41
9970 43
9971 42
9972 29
9973 46
9974 42
9975 27
9976 51
9977 32
9978 33
9979 34
9980 44
9981 46
9982 36
9983 36
9984 41
9985 34
9986 40
9987 35
9988 35
9989 37
9990 25
9991 31
9992 34
9993 37
9994 36
9995 47
9996 45
9997 50
9998 35
9999 25
10000 41
10001 32
10002 37
10003 44
10004 49
10005 30
10006 29
10007 31
10008 49
10009 38
10010 39
10011 45
10012 39
10013 34
10014 41
10015 27
10016 33
10017 28
10018 38
10019 37
10020 30
10021 42
10022 31
10023 34
10024 31
10025 33
10026 34
10027 33
10028 35
10029 29
10030 38
10031 38
10032 41
10033 34
10034 43
10035 33
10036 41
10037 27
10038 35
10039 38
10040 29
10041 30
10042 30
10043 39
10044 38
10045 37
10046 38
10047 37
10048 40
10049 31
10050 36
10051 36
10052 39
10053 46
10054 35
10055 42
10056 35
10057 31
10058 24
10059 37
10060 43
10061 39
10062 51
10063 40
10064 50
10065 42
10066 57
10067 55
10068 51
10069 34
10070 64
10071 55
10072 49
10073 52
10074 64
10075 59
10076 59
10077 63
10078 54
10079 70
10080 65
10081 66
10082 59
10083 59
10084 48
10085 47
10086 45
10087 40
10088 54
10089 40
10090 39
10091 43
10092 32
10093 46
10094 42
10095 25
10096 42
10097 52
10098 44
10099 37
10100 37
10101 37
10102 27
10103 36
10104 38
10105 37
10106 28
10107 32
10108 34
10109 38
10110 37
10111 38
10112 33
10113 33
10114 38
10115 39
10116 46
10117 27
10118 37
10119 42
10120 29
10121 38
10122 38
10123 41
10124 35
10125 39
10126 32
10127 33
10128 34
10129 36
10130 32
10131 33
10132 27
10133 41
10134 33
10135 36
10136 29
10137 38
10138 32
10139 33
10140 40
10141 31
10142 39
10143 38
10144 36
10145 49
10146 44
10147 38
10148 39
10149 38
10150 30
10151 34
10152 37
10153 31
10154 34
10155 30
10156 30
10157 35
10158 43
10159 35
10160 36
10161 34
10162 30
10163 28
10164 32
10165 43
10166 29
10167 39
10168 30
10169 38
10170 46
10171 36
10172 44
10173 28
10174 27
10175 41
10176 39
10177 41
10178 26
10179 41
10180 32
10181 29
10182 31
10183 32
10184 34
10185 31
10186 48
10187 47
10188 40
10189 25
10190 34
10191 30
10192 54
10193 33
10194 37
10195 40
10196 40
10197 39
10198 38
10199 25
10200 38
10201 39
10202 31
10203 44
10204 38
10205 45
10206 41
10207 41
10208 29
10209 32
10210 42
10211 45
10212 38
10213 31
10214 29
10215 34
10216 38
10217 34
10218 42
10219 41
10220 45
10221 40
10222 43
10223 46
10224 43
10225 41
10226 43
10227 38
10228 31
10229 55
10230 36
10231 48
10232 28
10233 51
10234 49
10235 33
10236 45
10237 38
10238 34
10239 53
10240 39
10241 45
10242 51
10243 37
10244 52
10245 37
10246 49
10247 42
10248 51
10249 49
10250 50
10251 41
10252 60
10253 47
10254 45
10255 38
10256 32
10257 31
10258 37
10259 49
10260 45
10261 45
10262 40
10263 42
10264 45
10265 31
10266 48
10267 41
10268 39
10269 38
10270 32
10271 31
10272 35
10273 45
10274 45
10275 29
10276 34
10277 32
10278 39
10279 41
10280 40
10281 35
10282 30
10283 35
10284 36
10285 31
10286 32
10287 46
10288 35
10289 37
10290 33
10291 41
10292 46
10293 34
10294 37
10295 31
10296 37
10297 41
10298 37
10299 38
10300 42
10301 36
10302 35
10303 30
10304 43
10305 44
10306 45
10307 25
10308 37
10309 37
10310 34
10311 38
10312 45
10313 43
10314 33
10315 38
10316 29
10317 32
10318 27
10319 34
10320 45
10321 38
10322 32
10323 42
10324 35
10325 26
10326 36
10327 47
10328 30
10329 40
10330 30
10331 30
10332 30
10333 26
10334 41
10335 31
10336 36
10337 46
10338 37
10339 43
10340 33
10341 37
10342 51
10343 27
10344 37
10345 27
10346 40
10347 27
10348 29
10349 42
10350 39
10351 48
10352 39
10353 26
10354 33
10355 39
10356 49
10357 31
10358 38
10359 22
10360 37
10361 44
10362 54
10363 32
10364 33
10365 45
10366 43
10367 37
10368 42
10369 26
10370 29
10371 29
10372 36
10373 46
10374 36
10375 32
10376 40
10377 32
10378 29
10379 35
10380 44
10381 32
10382 31
10383 39
10384 35
10385 36
10386 28
10387 33
10388 41
10389 41
10390 46
10391 41
10392 41
10393 48
10394 53
10395 48
10396 50
10397 46
10398 50
10399 65
10400 64
10401 53
10402 70
10403 71
10404 65
10405 84
10406 77
10407 89
10408 75
10409 79
10410 77
10411 94
10412 89
10413 86
10414 82
10415 82
10416 87
10417 77
10418 77
10419 68
10420 64
10421 49
10422 56
10423 46
10424 45
10425 36
10426 40
10427 38
10428 40
10429 31
10430 36
10431 31
10432 42
10433 43
10434 36
10435 44
10436 47
10437 60
10438 52
10439 77
10440 62
10441 70
10442 71
10443 84
10444 88
10445 96
10446 112
10447 135
10448 130
10449 149
10450 164
10451 154
10452 165
10453 165
10454 170
10455 175
10456 155
10457 175
10458 184
10459 188
10460 144
10461 133
10462 159
10463 126
10464 109
10465 97
10466 106
10467 94
10468 68
10469 52
10470 62
10471 60
10472 58
10473 53
10474 45
10475 50
10476 41
10477 42
10478 38
10479 34
10480 41
10481 40
10482 35
10483 34
10484 38
10485 43
10486 37
10487 42
10488 34
10489 37
10490 37
10491 25
10492 39
10493 32
10494 28
10495 48
10496 39
10497 37
10498 30
10499 35
10500 24
10501 21
10502 32
10503 24
10504 34
10505 25
10506 34
10507 35
10508 35
10509 31
10510 39
10511 28
10512 40
10513 46
10514 29
10515 26
10516 28
10517 25
10518 35
10519 31
10520 32
10521 35
10522 30
10523 38
10524 38
10525 36
10526 39
10527 37
10528 35
10529 32
10530 28
10531 44
10532 47
10533 42
10534 37
10535 42
10536 33
10537 32
10538 37
10539 28
10540 41
10541 38
10542 39
10543 43
10544 42
10545 28
10546 37
10547 28
10548 35
10549 37
10550 24
10551 25
10552 34
10553 30
10554 45
10555 36
10556 43
10557 31
10558 37
10559 37
10560 39
10561 44
10562 34
10563 30
10564 43
10565 33
10566 26
10567 32
10568 36
10569 33
10570 32
10571 36
10572 29
10573 37
10574 37
10575 38
10576 29
10577 24
10578 31
10579 36
10580 34
10581 39
10582 38
10583 30
10584 33
10585 31
10586 32
10587 32
10588 39
10589 30
10590 45
10591 36
10592 35
10593 33
10594 30
10595 26
10596 33
10597 28
10598 33
10599 34
10600 45
10601 33
10602 24
10603 32
10604 34
10605 33
10606 37
10607 31
10608 35
10609 31
10610 38
10611 30
10612 37
10613 41
10614 32
10615 35
10616 32
10617 34
10618 36
10619 31
10620 40
10621 35
10622 39
10623 44
10624 21
10625 48
10626 43
10627 32
10628 39
10629 30
10630 41
10631 35
10632 38
10633 38
10634 42
10635 38
10636 42
10637 27
10638 24
10639 34
10640 26
10641 42
10642 27
10643 33
10644 39
10645 42
10646 38
10647 23
10648 32
10649 43
10650 35
10651 30
10652 44
10653 42
10654 44
10655 29
10656 41
10657 33
10658 31
10659 33
10660 17
10661 32
10662 50
10663 37
10664 51
10665 23
10666 30
10667 27
10668 35
10669 40
10670 39
10671 44
10672 33
10673 30
10674 37
10675 34
10676 35
10677 37
10678 37
10679 50
10680 39
10681 42
10682 35
10683 35
10684 36
10685 34
10686 41
10687 37
10688 36
10689 38
10690 40
10691 42
10692 38
10693 39
10694 40
10695 40
10696 43
10697 24
10698 38
10699 29
10700 45
10701 27
10702 31
10703 29
10704 35
10705 34
10706 35
10707 30
10708 38
10709 42
10710 39
10711 41
10712 32
10713 44
10714 42
10715 35
10716 33
10717 29
10718 39
10719 35
10720 37
10721 42
10722 36
10723 36
10724 41
10725 41
10726 34
10727 37
10728 41
10729 41
10730 24
10731 38
10732 30
10733 26
10734 27
10735 31
10736 32
10737 36
10738 36
10739 46
10740 46
10741 36
10742 28
10743 44
10744 41
10745 33
10746 42
10747 27
10748 39
10749 37
10750 40
10751 27
10752 31
10753 33
10754 37
10755 35
10756 36
10757 39
10758 28
10759 42
10760 25
10761 35
10762 38
10763 32
10764 47
10765 29
10766 35
10767 26
10768 30
10769 37
10770 41
10771 34
10772 39
10773 27
10774 30
10775 40
10776 29
10777 25
10778 31
10779 43
10780 34
10781 31
10782 49
10783 34
10784 34
10785 30
10786 35
10787 25
10788 32
10789 33
10790 23
10791 37
10792 28
10793 35
10794 40
10795 51
10796 36
10797 45
10798 44
10799 39
10800 35
10801 38
10802 37
10803 37
10804 50
10805 43
10806 47
10807 38
10808 46
10809 44
10810 46
10811 40
10812 37
10813 39
10814 39
10815 45
10816 37
10817 37
10818 42
10819 38
10820 38
10821 27
10822 24
10823 32
10824 37
10825 45
10826 45
10827 12
10828 36
10829 40
10830 29
10831 30
10832 39
10833 45
10834 33
10835 27
10836 36
10837 39
10838 37
10839 46
10840 41
10841 36
10842 37
10843 37
10844 34
10845 35
10846 39
10847 34
10848 31
10849 31
10850 39
10851 25
10852 23
10853 29
10854 37
10855 38
10856 28
10857 38
10858 30
10859 33
10860 41
10861 37
10862 29
10863 30
10864 38
10865 41
10866 38
10867 34
10868 58
10869 33
10870 27
10871 37
10872 31
10873 41
10874 30
10875 32
10876 34
10877 32
10878 38
10879 39
10880 37
10881 28
10882 36
10883 42
10884 23
10885 32
10886 40
10887 38
10888 17
10889 49
10890 33
10891 50
10892 37
10893 37
10894 33
10895 27
10896 32
10897 40
10898 36
10899 26
10900 28
10901 44
10902 31
10903 32
10904 34
10905 36
10906 43
10907 27
10908 38
10909 50
10910 33
10911 41
10912 27
10913 40
10914 31
10915 42
10916 31
10917 35
10918 33
10919 37
10920 30
10921 24
10922 24
10923 40
10924 32
10925 31
10926 36
10927 38
10928 31
10929 37
10930 35
10931 41
10932 40
10933 42
10934 46
10935 40
10936 40
10937 29
10938 33
10939 35
10940 30
10941 48
10942 34
10943 34
10944 40
10945 49
10946 35
10947 45
10948 27
10949 29
10950 37
10951 34
10952 29
10953 32
10954 48
10955 38
10956 30
10957 38
10958 39
10959 43
10960 28
10961 26
10962 37
10963 25
10964 36
10965 45
10966 31
10967 33
10968 31
10969 41
10970 39
10971 29
10972 30
10973 31
10974 32
10975 36
10976 35
10977 32
10978 42
10979 33
10980 37
10981 34
10982 24
10983 36
10984 33
10985 36
10986 35
10987 36
10988 42
10989 36
10990 41
10991 32
10992 38
10993 39
10994 29
10995 47
10996 39
10997 31
10998 38
10999 30
11000 28
11001 40
11002 33
11003 42
11004 31
11005 47
11006 38
11007 33
11008 35
11009 32
11010 34
11011 32
11012 38
11013 26
11014 41
11015 34
11016 39
11017 39
11018 31
11019 44
11020 39
11021 41
11022 31
11023 32
11024 33
11025 34
11026 24
11027 32
11028 35
11029 37
11030 31
11031 30
11032 31
11033 41
11034 27
11035 30
11036 37
11037 36
11038 30
11039 39
11040 27
11041 30
11042 29
11043 46
11044 37
11045 38
11046 32
11047 33
11048 21
11049 30
11050 28
11051 36
11052 41
11053 46
11054 41
11055 31
11056 32
11057 26
11058 34
11059 30
11060 27
11061 34
11062 32
11063 28
11064 33
11065 32
11066 35
11067 35
11068 27
11069 34
11070 31
11071 31
11072 41
11073 33
11074 31
11075 26
11076 45
11077 38
11078 27
11079 36
11080 41
11081 26
11082 38
11083 34
11084 36
11085 33
11086 35
11087 47
11088 39
11089 44
11090 32
11091 30
11092 42
11093 34
11094 35
11095 34
11096 39
11097 34
11098 35
11099 42
11100 32
11101 34
11102 33
11103 38
11104 37
11105 46
11106 35
11107 41
11108 37
11109 50
11110 33
11111 32
11112 41
11113 38
11114 26
11115 42
11116 30
11117 28
11118 27
11119 28
11120 44
11121 30
11122 37
11123 28
11124 30
11125 41
11126 32
11127 39
11128 31
11129 32
11130 35
11131 28
11132 41
11133 39
11134 25
11135 24
11136 38
11137 42
11138 28
11139 28
11140 33
11141 40
11142 35
11143 38
11144 33
11145 41
11146 35
11147 30
11148 23
11149 47
11150 42
11151 36
11152 34
11153 27
11154 39
11155 40
11156 30
11157 41
11158 42
11159 42
11160 30
11161 37
11162 39
11163 31
11164 37
11165 39
11166 38
11167 35
11168 31
11169 33
11170 36
11171 35
11172 41
11173 40
11174 39
11175 34
11176 28
11177 30
11178 42
11179 45
11180 33
11181 31
11182 33
11183 35
11184 37
11185 29
11186 36
11187 32
11188 39
11189 34
11190 36
11191 32
11192 46
11193 34
11194 32
11195 38
11196 25
11197 37
11198 33
11199 33
11200 40
11201 33
11202 24
11203 37
11204 41
11205 46
11206 37
11207 40
11208 35
11209 32
11210 38
11211 36
11212 33
11213 27
11214 25
11215 30
11216 35
11217 23
11218 30
11219 41
11220 25
11221 26
11222 36
11223 25
11224 20
11225 38
11226 29
11227 36
11228 31
11229 35
11230 32
11231 41
11232 26
11233 41
11234 40
11235 37
11236 40
11237 30
11238 42
11239 35
11240 36
11241 49
11242 36
11243 29
11244 30
11245 38
11246 21
11247 35
11248 35
11249 36
11250 28
11251 37
11252 36
11253 25
11254 29
11255 35
11256 33
11257 31
11258 29
11259 40
11260 28
11261 42
11262 30
11263 41
11264 37
11265 35
11266 28
11267 34
11268 40
11269 27
11270 38
11271 41
11272 33
11273 53
11274 41
11275 33
11276 26
11277 27
11278 34
11279 25
11280 32
11281 39
11282 42
11283 31
11284 38
11285 37
11286 34
11287 38
11288 47
11289 36
11290 37
11291 46
11292 36
11293 35
11294 40
11295 33
11296 34
11297 50
11298 38
11299 32
11300 33
11301 38
11302 43
11303 39
11304 36
11305 32
11306 32
11307 32
11308 29
11309 35
11310 40
11311 46
11312 38
11313 24
11314 39
11315 31
11316 49
11317 31
11318 28
11319 32
11320 41
11321 30
11322 37
11323 37
11324 21
11325 37
11326 31
11327 31
11328 34
11329 37
11330 30
11331 24
11332 50
11333 32
11334 40
11335 43
11336 34
11337 31
11338 33
11339 34
11340 29
11341 41
11342 23
11343 36
11344 40
11345 42
11346 34
11347 27
11348 39
11349 23
11350 29
11351 34
11352 29
11353 33
11354 32
11355 33
11356 37
11357 37
11358 31
11359 34
11360 38
11361 37
11362 46
11363 43
11364 28
11365 33
11366 32
11367 32
11368 43
11369 43
11370 41
11371 43
11372 34
11373 38
11374 42
11375 39
11376 28
11377 39
11378 30
11379 25
11380 29
11381 35
11382 47
11383 24
11384 34
11385 40
11386 32
11387 31
11388 38
11389 34
11390 40
11391 33
11392 37
11393 31
11394 31
11395 30
11396 34
11397 33
11398 40
11399 36
11400 30
11401 42
11402 41
11403 33
11404 35
11405 36
11406 28
11407 35
11408 26
11409 43
11410 45
11411 37
11412 30
11413 42
11414 38
11415 22
11416 33
11417 27
11418 25
11419 34
11420 40
11421 43
11422 27
11423 43
11424 38
11425 31
11426 29
11427 36
11428 27
11429 33
11430 40
11431 25
11432 41
11433 27
11434 37
11435 42
11436 45
11437 31
11438 41
11439 29
11440 39
11441 33
11442 33
11443 33
11444 29
11445 25
11446 44
11447 26
11448 38
11449 37
11450 36
11451 37
11452 33
11453 37
11454 34
11455 34
11456 41
11457 32
11458 32
11459 26
11460 30
11461 28
11462 31
11463 32
11464 30
11465 47
11466 40
11467 35
11468 45
11469 47
11470 38
11471 37
11472 31
11473 39
11474 30
11475 32
11476 48
11477 30
11478 29
11479 43
11480 33
11481 30
11482 25
11483 32
11484 35
11485 30
11486 43
11487 37
11488 29
11489 36
11490 47
11491 41
11492 34
11493 40
11494 38
11495 32
11496 30
11497 43
11498 30
11499 45
11500 30
11501 34
11502 37
11503 36
11504 31
11505 30
11506 41
11507 36
11508 31
11509 39
11510 37
11511 25
11512 30
11513 23
11514 30
11515 37
11516 34
11517 34
11518 36
11519 31
11520 33
11521 30
11522 33
11523 24
11524 35
11525 30
11526 36
11527 28
11528 38
11529 33
11530 37
11531 34
11532 48
11533 42
11534 38
11535 37
11536 37
11537 47
11538 32
11539 39
11540 31
11541 32
11542 52
11543 34
11544 42
11545 29
11546 42
11547 28
11548 31
11549 30
11550 45
11551 44
11552 36
11553 32
11554 29
11555 30
11556 36
11557 24
11558 32
11559 31
11560 28
11561 36
11562 31
11563 44
11564 32
11565 42
11566 34
11567 37
11568 36
11569 36
11570 35
11571 37
11572 37
11573 36
11574 32
11575 32
11576 32
11577 28
11578 42
11579 49
11580 24
11581 36
11582 34
11583 36
11584 42
11585 43
11586 23
11587 36
11588 26
11589 35
11590 26
11591 34
11592 31
11593 32
11594 34
11595 28
11596 40
11597 40
11598 38
11599 35
11600 32
11601 33
11602 33
11603 28
11604 26
11605 26
11606 30
11607 31
11608 33
11609 38
11610 42
11611 25
11612 36
11613 34
11614 37
11615 39
11616 38
11617 41
11618 32
11619 36
11620 34
11621 27
11622 37
11623 40
11624 39
11625 37
11626 49
11627 35
11628 28
11629 52
11630 41
11631 38
11632 38
11633 50
11634 35
11635 42
11636 35
11637 40
11638 26
11639 37
11640 36
11641 43
11642 43
11643 32
11644 25
11645 35
11646 43
11647 46
11648 37
11649 34
11650 36
11651 32
11652 31
11653 38
11654 45
11655 34
11656 37
11657 33
11658 27
11659 39
11660 35
11661 32
11662 32
11663 36
11664 35
11665 38
11666 32
11667 25
11668 34
11669 26
11670 31
11671 33
11672 51
11673 27
11674 41
11675 33
11676 35
11677 33
11678 34
11679 29
11680 42
11681 35
11682 21
11683 42
11684 34
11685 29
11686 27
11687 34
11688 43
11689 35
11690 29
11691 35
11692 28
11693 28
11694 46
11695 27
11696 32
11697 32
11698 31
11699 27
11700 35
11701 36
11702 31
11703 30
11704 50
11705 42
11706 39
11707 35
11708 42
11709 29
11710 37
11711 31
11712 34
11713 42
11714 46
11715 39
11716 40
11717 34
11718 41
11719 21
11720 34
11721 33
11722 32
11723 44
11724 30
11725 35
11726 35
11727 45
11728 37
11729 27
11730 44
11731 33
11732 41
11733 39
11734 39
11735 34
11736 43
11737 32
11738 42
11739 26
11740 36
11741 32
11742 34
11743 36
11744 34
11745 36
11746 36
11747 42
11748 41
11749 30
11750 29
11751 36
11752 42
11753 23
11754 39
11755 39
11756 27
11757 37
11758 42
11759 24
11760 27
11761 34
11762 34
11763 35
11764 44
11765 36
11766 23
11767 40
11768 32
11769 24
11770 29
11771 34
11772 36
11773 30
11774 28
11775 40
11776 35
11777 29
11778 46
11779 38
11780 26
11781 38
11782 30
11783 41
11784 31
11785 32
11786 31
11787 42
11788 36
11789 31
11790 40
11791 35
11792 44
11793 30
11794 21
11795 31
11796 35
11797 36
11798 30
11799 36
11800 42
11801 41
11802 44
11803 38
11804 35
11805 36
11806 37
11807 34
11808 42
11809 35
11810 30
11811 37
11812 38
11813 43
11814 50
11815 51
11816 44
11817 35
11818 43
11819 28
11820 30
11821 38
11822 39
11823 38
11824 43
11825 24
11826 44
11827 42
11828 32
11829 30
11830 44
11831 38
11832 37
11833 35
11834 35
11835 43
11836 32
11837 40
11838 36
11839 43
11840 35
11841 42
11842 36
11843 43
11844 37
11845 25
11846 41
11847 37
11848 27
11849 36
11850 33
11851 37
11852 39
11853 40
11854 30
11855 37
11856 35
11857 35
11858 33
11859 21
11860 43
11861 31
11862 36
11863 41
11864 30
11865 42
11866 42
11867 45
11868 34
11869 43
11870 41
11871 42
11872 33
11873 29
11874 32
11875 30
11876 37
11877 36
11878 27
11879 39
11880 28
11881 36
11882 45
11883 45
11884 33
11885 37
11886 42
11887 39
11888 42
11889 34
11890 39
11891 30
11892 48
11893 26
11894 38
11895 40
11896 35
11897 34
11898 37
11899 40
11900 29
11901 35
11902 32
11903 38
11904 33
11905 26
11906 46
11907 28
11908 40
11909 37
11910 40
11911 41
11912 35
11913 42
11914 30
11915 37
11916 33
11917 25
11918 36
11919 34
11920 36
11921 29
11922 33
11923 42
11924 36
11925 23
11926 34
11927 37
11928 33
11929 31
11930 36
11931 30
11932 27
11933 38
11934 39
11935 33
11936 38
11937 32
11938 30
11939 35
11940 31
11941 25
11942 40
11943 31
11944 45
11945 26
11946 23
11947 28
11948 37
11949 35
11950 31
11951 35
11952 33
11953 36
11954 30
11955 34
11956 40
11957 42
11958 34
11959 44
11960 34
11961 39
11962 41
11963 29
11964 39
11965 35
11966 30
11967 38
11968 24
11969 40
11970 27
11971 38
11972 34
11973 33
11974 46
11975 41
11976 40
11977 29
11978 34
11979 33
11980 44
11981 34
11982 34
11983 39
11984 44
11985 39
11986 35
11987 41
11988 48
11989 32
11990 36
11991 35
11992 32
11993 31
11994 37
11995 30
11996 33
11997 37
11998 26
11999 37
12000 37
12001 33
12002 41
12003 52
12004 30
12005 38
12006 37
12007 43
12008 35
12009 33
12010 30
12011 29
12012 35
12013 36
12014 27
12015 28
12016 52
12017 36
12018 45
12019 40
12020 29
12021 43
12022 39
12023 40
12024 37
12025 48
12026 36
12027 41
12028 37
12029 36
12030 39
12031 35
12032 34
12033 29
12034 42
12035 32
12036 32
12037 41
12038 43
12039 38
12040 37
12041 36
12042 35
12043 23
12044 37
12045 35
12046 31
12047 42
12048 39
12049 37
12050 34
12051 32
12052 35
12053 42
12054 41
12055 41
12056 39
12057 36
12058 36
12059 27
12060 52
12061 42
12062 27
12063 42
12064 50
12065 55
12066 54
12067 48
12068 48
12069 48
12070 46
12071 48
12072 45
12073 63
12074 76
12075 59
12076 76
12077 83
12078 88
12079 92
12080 97
12081 115
12082 96
12083 113
12084 145
12085 137
12086 133
12087 127
12088 146
12089 142
12090 130
12091 125
12092 114
12093 134
12094 122
12095 98
12096 100
12097 94
12098 92
12099 83
12100 79
12101 82
12102 60
12103 60
12104 47
12105 58
12106 39
12107 36
12108 47
12109 36
12110 33
12111 49
12112 33
12113 43
12114 42
12115 42
12116 35
12117 35
12118 32
12119 39
12120 35
12121 34
12122 37
12123 29
12124 50
12125 26
12126 43
12127 31
12128 18
12129 44
12130 37
12131 33
12132 33
12133 45
12134 42
12135 24
12136 30
12137 34
12138 34
12139 35
12140 43
12141 42
12142 41
12143 28
12144 32
12145 35
12146 38
12147 28
12148 33
12149 39
12150 39
12151 45
12152 32
12153 37
12154 35
12155 30
12156 33
12157 21
12158 44
12159 39
12160 31
12161 25
12162 24
12163 35
12164 24
12165 30
12166 42
12167 39
12168 29
12169 25
12170 29
12171 42
12172 30
12173 40
12174 30
12175 30
12176 39
12177 31
12178 36
12179 36
12180 30
12181 32
12182 36
12183 31
12184 36
12185 33
12186 35
12187 30
12188 36
12189 38
12190 32
12191 34
12192 45
12193 45
12194 42
12195 38
12196 50
12197 33
12198 33
12199 27
12200 29
12201 31
12202 40
12203 33
12204 34
12205 38
12206 29
12207 27
12208 42
12209 48
12210 42
12211 36
12212 34
12213 29
12214 47
12215 35
12216 32
12217 30
12218 36
12219 50
12220 28
12221 36
12222 34
12223 32
12224 55
12225 38
12226 29
12227 38
12228 37
12229 42
12230 37
12231 47
12232 38
12233 36
12234 35
12235 37
12236 38
12237 55
12238 39
12239 43
12240 29
12241 42
12242 32
12243 49
12244 32
12245 31
12246 50
12247 32
12248 34
12249 35
12250 51
12251 29
12252 34
12253 28
12254 41
12255 26
12256 38
12257 30
12258 31
12259 37
12260 35
12261 45
12262 36
12263 28
12264 38
12265 37
12266 36
12267 36
12268 42
12269 47
12270 41
12271 32
12272 32
12273 46
12274 40
12275 38
12276 35
12277 41
12278 22
12279 32
12280 38
12281 39
12282 28
12283 36
12284 45
12285 34
12286 24
12287 37
12288 45
12289 42
12290 37
12291 41
12292 30
12293 27
12294 35
12295 40
12296 29
12297 30
12298 48
12299 30
12300 37
12301 36
12302 35
12303 38
12304 49
12305 43
12306 41
12307 26
12308 37
12309 37
12310 47
12311 41
12312 28
12313 37
12314 37
12315 41
12316 31
12317 40
12318 37
12319 35
12320 28
12321 40
12322 39
12323 42
12324 43
12325 31
12326 34
12327 42
12328 28
12329 36
12330 36
12331 39
12332 35
12333 32
12334 38
12335 47
12336 34
12337 32
12338 35
12339 41
12340 35
12341 43
12342 31
12343 49
12344 28
12345 30
12346 40
12347 31
12348 33
12349 42
12350 25
12351 36
12352 37
12353 48
12354 34
12355 35
12356 48
12357 26
12358 34
12359 34
12360 37
12361 33
12362 34
12363 40
12364 47
12365 38
12366 47
12367 43
12368 29
12369 42
12370 41
12371 33
12372 26
12373 47
12374 28
12375 39
12376 37
12377 37
12378 29
12379 34
12380 38
12381 31
12382 38
12383 38
12384 29
12385 41
12386 37
12387 29
12388 30
12389 47
12390 40
12391 34
12392 47
12393 37
12394 35
12395 47
12396 41
12397 43
12398 31
12399 48
12400 42
12401 41
12402 30
12403 43
12404 34
12405 33
12406 33
12407 39
12408 42
12409 34
12410 25
12411 25
12412 34
12413 42
12414 37
12415 42
12416 19
12417 28
12418 44
12419 49
12420 43
12421 40
12422 39
12423 36
12424 43
12425 40
12426 42
12427 37
12428 49
12429 35
12430 17
12431 45
12432 30
12433 27
12434 34
12435 44
12436 50
12437 52
12438 48
12439 42
12440 23
12441 47
12442 36
12443 29
12444 29
12445 30
12446 48
12447 43
12448 50
12449 36
12450 29
12451 46
12452 42
12453 45
12454 32
12455 42
12456 42
12457 50
12458 34
12459 43
12460 45
12461 53
12462 39
12463 55
12464 42
12465 46
12466 53
12467 41
12468 65
12469 48
12470 58
12471 58
12472 37
12473 41
12474 40
12475 39
12476 39
12477 40
12478 50
12479 39
12480 28
12481 35
12482 41
12483 44
12484 48
12485 39
12486 37
12487 29
12488 32
12489 55
12490 48
12491 47
12492 41
12493 36
12494 41
12495 38
12496 33
12497 37
12498 19
12499 36
12500 41
12501 31
12502 37
12503 32
12504 46
12505 34
12506 33
12507 42
12508 29
12509 37
12510 37
12511 32
12512 41
12513 47
12514 42
12515 35
12516 48
12517 40
12518 31
12519 37
12520 44
12521 35
12522 35
12523 40
12524 39
12525 46
12526 46
12527 32
12528 24
12529 39
12530 36
12531 31
12532 30
12533 40
12534 46
12535 40
12536 37
12537 42
12538 38
12539 44
12540 34
12541 32
12542 38
12543 36
12544 36
12545 37
12546 40
12547 34
12548 35
12549 38
12550 36
12551 45
12552 49
12553 39
12554 41
12555 35
12556 37
12557 40
12558 35
12559 35
12560 32
12561 43
12562 36
12563 37
12564 31
12565 41
12566 33
12567 53
12568 40
12569 33
12570 49
12571 37
12572 29
12573 43
12574 36
12575 34
12576 33
12577 33
12578 48
12579 41
12580 31
12581 38
12582 32
12583 37
12584 34
12585 34
12586 42
12587 33
12588 43
12589 41
12590 48
12591 47
12592 41
12593 41
12594 46
12595 36
12596 36
12597 34
12598 40
12599 39
12600 41
12601 49
12602 35
12603 35
12604 30
12605 38
12606 46
12607 42
12608 40
12609 34
12610 33
12611 42
12612 33
12613 39
12614 30
12615 43
12616 32
12617 41
12618 41
12619 29
12620 37
12621 29
12622 36
12623 29
12624 41
12625 29
12626 41
12627 31
12628 36
12629 33
12630 42
12631 47
12632 23
12633 38
12634 40
12635 35
12636 32
12637 44
12638 34
12639 42
12640 44
12641 33
12642 51
12643 30
12644 41
12645 35
12646 35
12647 32
12648 32
12649 28
12650 39
12651 52
12652 37
12653 37
12654 43
12655 36
12656 36
12657 38
12658 40
12659 34
12660 42
12661 29
12662 26
12663 39
12664 33
12665 33
12666 34
12667 34
12668 44
12669 41
12670 45
12671 45
12672 48
12673 39
12674 47
12675 43
12676 37
12677 43
12678 42
12679 38
12680 32
12681 52
12682 36
12683 37
12684 39
12685 28
12686 44
12687 30
12688 40
12689 42
12690 44
12691 32
12692 31
12693 37
12694 39
12695 39
12696 39
12697 54
12698 38
12699 37
12700 42
12701 39
12702 39
12703 31
12704 32
12705 36
12706 29
12707 35
12708 39
12709 34
12710 30
12711 42
12712 33
12713 25
12714 36
12715 22
12716 38
12717 44
12718 40
12719 41
12720 29
12721 37
12722 45
12723 38
12724 37
12725 34
12726 35
12727 45
12728 37
12729 36
12730 45
12731 42
12732 27
12733 31
12734 37
12735 38
12736 36
12737 38
12738 39
12739 40
12740 41
12741 32
12742 51
12743 41
12744 41
12745 32
12746 43
12747 32
12748 35
12749 38
12750 43
12751 31
12752 39
12753 35
12754 40
12755 45
12756 40
12757 37
12758 49
12759 41
12760 35
12761 40
12762 42
12763 34
12764 47
12765 40
12766 32
12767 35
12768 36
12769 42
12770 39
12771 37
12772 46
12773 37
12774 29
12775 36
12776 44
12777 41
12778 27
12779 38
12780 32
12781 29
12782 41
12783 49
12784 35
12785 41
12786 38
12787 43
12788 44
12789 42
12790 40
12791 45
12792 32
12793 32
12794 34
12795 25
12796 27
12797 40
12798 33
12799 45
12800 33
12801 41
12802 45
12803 36
12804 33
12805 45
12806 40
12807 38
12808 37
12809 22
12810 34
12811 35
12812 39
12813 48
12814 33
12815 43
12816 53
12817 30
12818 37
12819 47
12820 30
12821 44
12822 32
12823 42
12824 35
12825 34
12826 34
12827 35
12828 38
12829 42
12830 39
12831 44
12832 45
12833 41
12834 46
12835 41
12836 36
12837 41
12838 50
12839 38
12840 38
12841 34
12842 40
12843 42
12844 51
12845 32
12846 43
12847 29
12848 53
12849 47
12850 36
12851 30
12852 31
12853 43
12854 37
12855 47
12856 46
12857 37
12858 40
12859 42
12860 35
12861 46
12862 41
12863 45
12864 37
12865 42
12866 39
12867 38
12868 48
12869 45
12870 39
12871 41
12872 43
12873 35
12874 46
12875 43
12876 27
12877 36
12878 23
12879 30
12880 35
12881 39
12882 39
12883 35
12884 45
12885 40
12886 32
12887 32
12888 34
12889 43
12890 50
12891 31
12892 39
12893 41
12894 36
12895 36
12896 24
12897 36
12898 36
12899 30
12900 48
12901 27
12902 27
12903 33
12904 32
12905 41
12906 52
12907 45
12908 30
12909 40
12910 51
12911 33
12912 27
12913 41
12914 50
12915 37
12916 51
12917 32
12918 38
12919 31
12920 45
12921 37
12922 44
12923 33
12924 48
12925 39
12926 36
12927 32
12928 38
12929 55
12930 34
12931 48
12932 33
12933 28
12934 35
12935 40
12936 54
12937 30
12938 30
12939 35
12940 43
12941 31
12942 34
12943 35
12944 38
12945 43
12946 40
12947 50
12948 30
12949 53
12950 49
12951 42
12952 29
12953 35
12954 28
12955 37
12956 44
12957 33
12958 38
12959 40
12960 37
12961 42
12962 28
12963 33
12964 49
12965 26
12966 32
12967 44
12968 47
12969 38
12970 39
12971 35
12972 34
12973 44
12974 42
12975 33
12976 24
12977 29
12978 42
12979 44
12980 42
12981 40
12982 40
12983 37
12984 37
12985 40
12986 40
12987 38
12988 51
12989 33
12990 49
12991 35
12992 35
12993 48
12994 30
12995 32
12996 44
12997 33
12998 46
12999 48
13000 35
13001 30
13002 45
13003 39
13004 43
13005 43
13006 42
13007 45
13008 36
13009 37
13010 39
13011 41
13012 41
13013 34
13014 37
13015 50
13016 33
13017 38
13018 39
13019 38
13020 39
13021 49
13022 35
13023 47
13024 51
13025 38
13026 39
13027 47
13028 42
13029 44
13030 44
13031 43
13032 42
13033 49
13034 46
13035 34
13036 48
13037 53
13038 43
13039 39
13040 51
13041 34
13042 36
13043 52
13044 51
13045 43
13046 42
13047 38
13048 41
13049 44
13050 39
13051 44
13052 40
13053 37
13054 43
13055 43
13056 38
13057 37
13058 48
13059 38
13060 45
13061 29
13062 29
13063 48
13064 42
13065 41
13066 31
13067 38
13068 38
13069 38
13070 44
13071 32
13072 49
13073 46
13074 40
13075 37
13076 42
13077 38
13078 35
13079 47
13080 34
13081 36
13082 35
13083 37
13084 44
13085 43
13086 42
13087 38
13088 35
13089 44
13090 44
13091 52
13092 27
13093 35
13094 43
13095 39
13096 36
13097 47
13098 32
13099 43
13100 48
13101 39
13102 37
13103 39
13104 32
13105 38
13106 33
13107 44
13108 35
13109 35
13110 41
13111 38
13112 34
13113 57
13114 36
13115 35
13116 35
13117 32
13118 41
13119 30
13120 53
13121 31
13122 44
13123 52
13124 29
13125 52
13126 38
13127 31
13128 45
13129 38
13130 44
13131 33
13132 48
13133 38
13134 39
13135 45
13136 42
13137 57
13138 46
13139 45
13140 31
13141 39
13142 33
13143 47
13144 47
13145 36
13146 44
13147 45
13148 33
13149 35
13150 37
13151 41
13152 31
13153 40
13154 44
13155 42
13156 31
13157 33
13158 51
13159 37
13160 32
13161 40
13162 40
13163 40
13164 43
13165 41
13166 35
13167 38
13168 40
13169 44
13170 45
13171 38
13172 38
13173 39
13174 38
13175 34
13176 46
13177 50
13178 43
13179 43
13180 54
13181 34
13182 47
13183 33
13184 41
13185 45
13186 43
13187 44
13188 48
13189 47
13190 47
13191 39
13192 47
13193 53
13194 50
13195 42
13196 42
13197 39
13198 47
13199 44
13200 44
13201 34
13202 34
13203 39
13204 42
13205 31
13206 41
13207 52
13208 47
13209 37
13210 47
13211 45
13212 46
13213 41
13214 52
13215 40
13216 43
13217 42
13218 46
13219 42
13220 42
13221 39
13222 37
13223 39
13224 44
13225 53
13226 51
13227 37
13228 36
13229 36
13230 33
13231 41
13232 38
13233 46
13234 42
13235 51
13236 47
13237 29
13238 42
13239 47
13240 36
13241 45
13242 37
13243 33
13244 43
13245 44
13246 37
13247 50
13248 44
13249 47
13250 37
13251 32
13252 37
13253 45
13254 43
13255 35
13256 42
13257 40
13258 46
13259 44
13260 37
13261 36
13262 51
13263 37
13264 37
13265 46
13266 35
13267 49
13268 51
13269 36
13270 35
13271 48
13272 40
13273 34
13274 48
13275 40
13276 35
13277 46
13278 41
13279 44
13280 41
13281 37
13282 43
13283 36
13284 44
13285 36
13286 36
13287 30
13288 32
13289 32
13290 31
13291 31
13292 35
13293 39
13294 51
13295 41
13296 48
13297 39
13298 36
13299 42
13300 39
13301 39
13302 41
13303 41
13304 49
13305 33
13306 43
13307 41
13308 50
13309 44
13310 40
13311 39
13312 43
13313 35
13314 39
13315 40
13316 43
13317 42
13318 39
13319 36
13320 35
13321 41
13322 45
13323 50
13324 44
13325 41
13326 41
13327 37
13328 32
13329 34
13330 39
13331 36
13332 47
13333 51
13334 45
13335 42
13336 40
13337 50
13338 31
13339 37
13340 45
13341 43
13342 42
13343 46
13344 47
13345 54
13346 63
13347 58
13348 54
13349 61
13350 60
13351 67
13352 62
13353 78
13354 71
13355 80
13356 71
13357 74
13358 84
13359 62
13360 77
13361 70
13362 77
13363 77
13364 73
13365 61
13366 57
13367 75
13368 65
13369 68
13370 62
13371 54
13372 54
13373 53
13374 37
13375 41
13376 51
13377 41
13378 49
13379 42
13380 35
13381 31
13382 40
13383 46
13384 46
13385 34
13386 37
13387 47
13388 34
13389 38
13390 30
13391 33
13392 28
13393 42
13394 33
13395 35
13396 38
13397 37
13398 39
13399 34
13400 26
13401 27
13402 27
13403 51
13404 34
13405 34
13406 36
13407 33
13408 44
13409 27
13410 40
13411 32
13412 39
13413 41
13414 36
13415 36
13416 38
13417 31
13418 31
13419 40
13420 39
13421 40
13422 31
13423 46
13424 35
13425 43
13426 35
13427 35
13428 32
13429 41
13430 32
13431 37
13432 36
13433 30
13434 44
13435 37
13436 36
13437 29
13438 34
13439 29
13440 29
13441 36
13442 37
13443 32
13444 34
13445 37
13446 45
13447 31
13448 31
13449 37
13450 36
13451 39
13452 28
13453 29
13454 40
13455 43
13456 37
13457 31
13458 27
13459 32
13460 34
13461 37
13462 26
13463 39
13464 30
13465 26
13466 24
13467 33
13468 35
13469 38
13470 32
13471 31
13472 35
13473 37
13474 26
13475 29
13476 21
13477 26
13478 32
13479 36
13480 27
13481 27
13482 24
13483 30
13484 24
13485 35
13486 37
13487 28
13488 24
13489 25
13490 23
13491 33
13492 19
13493 37
13494 40
13495 28
13496 22
13497 38
13498 30
13499 27
13500 26
13501 32
13502 23
13503 30
13504 35
13505 33
13506 25
13507 32
13508 30
13509 23
13510 26
13511 38
13512 26
13513 30
13514 30
13515 33
13516 39
13517 31
13518 32
13519 34
13520 30
13521 27
13522 35
13523 28
13524 34
13525 29
13526 33
13527 31
13528 29
13529 40
13530 26
13531 31
13532 35
13533 32
13534 31
13535 30
13536 22
13537 38
13538 36
13539 28
13540 28
13541 29
13542 34
13543 29
13544 32
13545 29
13546 32
13547 24
13548 23
13549 23
13550 29
13551 33
13552 23
13553 26
13554 27
13555 36
13556 26
13557 29
13558 22
13559 22
13560 30
13561 25
13562 25
13563 24
13564 29
13565 40
13566 27
13567 43
13568 26
13569 26
13570 28
13571 29
13572 30
13573 28
13574 21
13575 26
13576 26
13577 24
13578 22
13579 28
13580 28
13581 29
13582 26
13583 30
13584 24
13585 35
13586 37
13587 23
13588 24
13589 20
13590 23
13591 33
13592 25
13593 23
13594 36
13595 31
13596 21
13597 33
13598 22
13599 33
13600 33
13601 30
13602 31
13603 17
13604 33
13605 32
13606 32
13607 22
13608 22
13609 33
13610 19
13611 40
13612 20
13613 23
13614 29
13615 30
13616 28
13617 23
13618 21
13619 29
13620 37
13621 23
13622 26
13623 34
13624 30
13625 26
13626 33
13627 19
13628 38
13629 22
13630 23
13631 30
13632 27
13633 30
13634 23
13635 33
13636 31
13637 27
13638 27
13639 25
13640 30
13641 26
13642 26
13643 26
13644 26
13645 31
13646 31
13647 31
13648 23
13649 23
13650 26
13651 25
13652 38
13653 37
13654 20
13655 25
13656 20
13657 24
13658 26
13659 25
13660 18
13661 25
13662 22
13663 25
13664 27
13665 33
13666 21
13667 25
13668 37
13669 27
13670 24
13671 28
13672 34
13673 27
13674 20
13675 29
13676 26
13677 28
13678 34
13679 30
13680 19
13681 21
13682 26
13683 28
13684 22
13685 26
13686 31
13687 24
13688 26
13689 27
13690 28
13691 38
13692 19
13693 28
13694 24
13695 24
13696 34
13697 29
13698 30
13699 20
13700 20
13701 22
13702 19
13703 31
13704 27
13705 25
13706 21
13707 35
13708 24
13709 25
13710 15
13711 22
13712 23
13713 25
13714 17
13715 29
13716 26
13717 23
13718 31
13719 28
13720 24
13721 30
13722 22
13723 18
13724 26
13725 21
13726 29
13727 23
13728 29
13729 35
13730 26
13731 26
13732 26
13733 16
13734 28
13735 30
13736 27
13737 26
13738 26
13739 28
13740 26
13741 18
13742 29
13743 17
13744 23
13745 24
13746 28
13747 23
13748 23
13749 22
13750 20
13751 31
13752 24
13753 27
13754 36
13755 31
13756 24
13757 28
13758 30
13759 25
13760 23
13761 21
13762 24
13763 22
13764 21
13765 37
13766 38
13767 30
13768 21
13769 26
13770 29
13771 37
13772 20
13773 28
13774 26
13775 25
13776 27
13777 19
13778 44
13779 27
13780 22
13781 29
13782 22
13783 26
13784 16
13785 27
13786 18
13787 26
13788 30
13789 33
13790 25
13791 36
13792 16
13793 32
13794 33
13795 28
13796 22
13797 18
13798 14
13799 18
13800 18
13801 21
13802 33
13803 41
13804 35
13805 21
13806 24
13807 26
13808 31
13809 33
13810 30
13811 23
13812 31
13813 26
13814 29
13815 35
13816 24
13817 31
13818 26
13819 38
13820 38
13821 48
13822 39
13823 40
13824 43
13825 28
13826 33
13827 24
13828 23
13829 38
13830 32
13831 34
13832 28
13833 25
13834 26
13835 33
13836 24
13837 31
13838 39
13839 31
13840 19
13841 29
13842 26
13843 25
13844 19
13845 24
13846 24
13847 25
13848 27
13849 31
13850 28
13851 24
13852 22
13853 35
13854 20
13855 31
13856 19
13857 13
13858 24
13859 21
13860 18
13861 21
13862 24
13863 25
13864 24
13865 19
13866 19
13867 27
13868 29
13869 19
13870 23
13871 28
13872 23
13873 19
13874 23
13875 18
13876 27
13877 21
13878 18
13879 22
13880 17
13881 23
13882 40
13883 21
13884 21
13885 16
13886 21
13887 22
13888 23
13889 17
13890 20
13891 27
13892 18
13893 26
13894 23
13895 18
13896 21
13897 25
13898 18
13899 26
13900 27
13901 17
13902 28
13903 22
13904 32
13905 21
13906 19
13907 25
13908 18
13909 24
13910 17
13911 35
13912 21
13913 22
13914 18
13915 25
13916 22
13917 18
13918 22
13919 28
13920 28
13921 20
13922 19
13923 32
13924 18
13925 32
13926 22
13927 28
13928 23
13929 30
13930 28
13931 25
13932 28
13933 22
13934 21
13935 23
13936 28
13937 31
13938 20
13939 30
13940 24
13941 29
13942 28
13943 21
13944 32
13945 29
13946 23
13947 17
13948 25
13949 25
13950 27
13951 21
13952 31
13953 14
13954 21
13955 24
13956 18
13957 22
13958 18
13959 17
13960 20
13961 30
13962 15
13963 18
13964 25
13965 22
13966 23
13967 19
13968 19
13969 16
13970 21
13971 15
13972 19
13973 28
13974 19
13975 21
13976 27
13977 18
13978 19
13979 18
13980 29
13981 19
13982 21
13983 25
13984 16
13985 20
13986 26
13987 16
13988 21
13989 30
13990 18
13991 26
13992 29
13993 23
13994 16
13995 24
13996 22
13997 28
13998 23
13999 23
14000 21
14001 14
14002 18
14003 23
14004 25
14005 15
14006 20
14007 13
14008 26
14009 31
14010 23
14011 24
14012 24
14013 27
14014 20
14015 25
14016 22
14017 19
14018 20
14019 15
14020 23
14021 27
14022 25
14023 13
14024 27
14025 37
14026 27
14027 25
14028 24
14029 17
14030 22
14031 14
14032 22
14033 23
14034 27
14035 26
14036 29
14037 16
14038 33
14039 29
14040 18
14041 25
14042 22
14043 22
14044 16
14045 23
14046 32
14047 22
14048 24
14049 32
14050 18
14051 25
14052 16
14053 19
14054 22
14055 15
14056 21
14057 18
14058 20
14059 13
14060 11
14061 19
14062 19
14063 13
14064 23
14065 23
14066 19
14067 17
14068 18
14069 17
14070 18
14071 26
14072 20
14073 17
14074 20
14075 26
14076 19
14077 15
14078 18
14079 18
14080 26
14081 17
14082 22
14083 21
14084 18
14085 24
14086 15
14087 22
14088 21
14089 28
14090 26
14091 24
14092 31
14093 28
14094 24
14095 24
14096 24
14097 30
14098 21
14099 20
14100 16
14101 27
14102 17
14103 14
14104 15
14105 20
14106 22
14107 24
14108 23
14109 22
14110 23
14111 22
14112 19
14113 20
14114 14
14115 13
14116 21
14117 21
14118 20
14119 27
14120 19
14121 18
14122 20
14123 17
14124 23
14125 16
14126 30
14127 12
14128 22
14129 19
14130 22
14131 17
14132 17
14133 19
14134 20
14135 18
14136 14
14137 22
14138 23
14139 19
14140 15
14141 29
14142 23
14143 16
14144 19
14145 19
14146 20
14147 24
14148 16
14149 23
14150 18
14151 21
14152 17
14153 16
14154 20
14155 18
14156 19
14157 21
14158 19
14159 21
14160 20
14161 13
14162 23
14163 23
14164 23
14165 22
14166 30
14167 21
14168 21
14169 10
14170 24
14171 21
14172 17
14173 18
14174 19
14175 26
14176 12
14177 25
14178 23
14179 22
14180 19
14181 16
14182 23
14183 22
14184 19
14185 25
14186 16
14187 16
14188 21
14189 18
14190 21
14191 14
14192 24
14193 17
14194 20
14195 11
14196 20
14197 20
14198 26
14199 17
14200 17
14201 20
14202 20
14203 20
14204 24
14205 19
14206 19
14207 32
14208 25
14209 16
14210 24
14211 21
14212 27
14213 18
14214 19
14215 15
14216 26
14217 26
14218 23
14219 14
14220 29
14221 20
14222 19
14223 18
14224 17
14225 19
14226 14
14227 24
14228 20
14229 20
14230 20
14231 21
14232 18
14233 18
14234 25
14235 18
14236 19
14237 20
14238 17
14239 17
14240 20
14241 16
14242 20
14243 12
14244 16
14245 22
14246 29
14247 18
14248 18
14249 26
14250 21
14251 16
14252 20
14253 19
14254 27
14255 34
14256 13
14257 24
14258 20
14259 19
14260 21
14261 19
14262 16
14263 13
14264 23
14265 14
14266 28
14267 20
14268 20
14269 23
14270 23
14271 22
14272 26
14273 25
14274 16
14275 22
14276 21
14277 17
14278 21
14279 19
14280 15
14281 16
14282 21
14283 25
14284 30
14285 19
14286 13
14287 13
14288 21
14289 13
14290 18
14291 17
14292 25
14293 13
14294 12
14295 18
14296 19
14297 23
14298 26
14299 23
14300 18
14301 13
14302 25
14303 22
14304 25
14305 18
14306 25
14307 16
14308 16
14309 12
14310 21
14311 15
14312 15
14313 25
14314 21
14315 26
14316 20
14317 17
14318 20
14319 21
14320 22
14321 15
14322 21
14323 23
14324 18
14325 18
14326 29
14327 17
14328 24
14329 20
14330 22
14331 9
14332 19
14333 18
14334 22
14335 24
14336 14
14337 15
14338 20
14339 16
14340 23
14341 21
14342 13
14343 16
14344 19
14345 15
14346 24
14347 13
14348 16
14349 19
14350 17
14351 12
14352 15
14353 18
14354 16
14355 12
14356 16
14357 10
14358 18
14359 13
14360 13
14361 16
14362 12
14363 17
14364 12
14365 13
14366 19
14367 27
14368 20
14369 20
14370 15
14371 14
14372 17
14373 18
14374 18
14375 20
14376 20
14377 20
14378 19
14379 16
14380 23
14381 14
14382 25
14383 14
14384 15
14385 22
14386 20
14387 24
14388 23
14389 17
14390 11
14391 13
14392 22
14393 19
14394 18
14395 13
14396 11
14397 20
14398 17
14399 19
14400 19
14401 18
14402 12
14403 22
14404 19
14405 14
14406 20
14407 17
14408 25
14409 14
14410 17
14411 21
14412 22
14413 22
14414 19
14415 14
14416 21
14417 17
14418 20
14419 13
14420 13
14421 20
14422 20
14423 15
14424 21
14425 18
14426 17
14427 16
14428 14
14429 22
14430 14
14431 14
14432 12
14433 10
14434 14
14435 16
14436 20
14437 20
14438 13
14439 13
14440 12
14441 20
14442 19
14443 27
14444 23
14445 19
14446 21
14447 16
14448 12
14449 19
14450 15
14451 19
14452 18
14453 24
14454 13
14455 17
14456 16
14457 19
14458 18
14459 17
14460 16
14461 13
14462 21
14463 14
14464 17
14465 17
14466 18
14467 15
14468 14
14469 16
14470 18
14471 25
14472 15
14473 19
14474 17
14475 15
14476 16
14477 17
14478 21
14479 12
14480 24
14481 10
14482 23
14483 14
14484 17
14485 12
14486 18
14487 13
14488 16
14489 15
14490 16
14491 16
14492 22
14493 22
14494 11
14495 18
14496 21
14497 15
14498 12
14499 14
14500 15
14501 16
14502 22
14503 16
14504 17
14505 15
14506 11
14507 14
14508 15
14509 9
14510 23
14511 9
14512 15
14513 8
14514 10
14515 20
14516 15
14517 11
14518 9
14519 16
14520 11
14521 11
14522 8
14523 18
14524 14
14525 13
14526 15
14527 9
14528 21
14529 11
14530 19
14531 10
14532 15
14533 11
14534 19
14535 9
14536 10
14537 14
14538 18
14539 16
14540 17
14541 17
14542 15
14543 14
14544 16
14545 13
14546 14
14547 14
14548 19
14549 21
14550 8
14551 18
14552 15
14553 16
14554 12
14555 21
14556 12
14557 19
14558 19
14559 19
14560 16
14561 22
14562 9
14563 14
14564 17
14565 9
14566 14
14567 10
14568 20
14569 12
14570 21
14571 13
14572 11
14573 13
14574 19
14575 15
14576 18
14577 15
14578 16
14579 22
14580 14
14581 11
14582 12
14583 18
14584 18
14585 14
14586 17
14587 20
14588 15
14589 19
14590 9
14591 16
14592 13
14593 12
14594 10
14595 15
14596 17
14597 14
14598 13
14599 19
14600 25
14601 19
14602 10
14603 10
14604 12
14605 8
14606 16
14607 11
14608 19
14609 11
14610 11
14611 20
14612 17
14613 5
14614 12
14615 14
14616 14
14617 12
14618 6
14619 12
14620 16
14621 10
14622 14
14623 9
14624 10
14625 13
14626 16
14627 10
14628 15
14629 13
14630 10
14631 10
14632 16
14633 11
14634 14
14635 6
14636 17
14637 17
14638 10
14639 8
14640 14
14641 23
14642 20
14643 13
14644 19
14645 11
14646 14
14647 16
14648 9
14649 12
14650 10
14651 14
14652 15
14653 21
14654 15
14655 19
14656 14
14657 13
14658 14
14659 9
14660 14
14661 9
14662 14
14663 13
14664 11
14665 15
14666 13
14667 7
14668 16
14669 10
14670 16
14671 11
14672 20
14673 13
14674 13
14675 10
14676 12
14677 13
14678 14
14679 8
14680 16
14681 7
14682 12
14683 9
14684 14
14685 15
14686 8
14687 12
14688 15
14689 15
14690 18
14691 13
14692 7
14693 10
14694 12
14695 15
14696 12
14697 15
14698 15
14699 14
14700 18
14701 19
14702 15
14703 13
14704 14
14705 16
14706 19
14707 17
14708 15
14709 10
14710 17
14711 15
14712 7
14713 16
14714 8
14715 17
14716 16
14717 15
14718 14
14719 14
14720 15
14721 11
14722 17
14723 10
14724 19
14725 16
14726 17
14727 14
14728 15
14729 18
14730 13
14731 11
14732 21
14733 18
14734 18
14735 17
14736 17
14737 17
14738 19
14739 16
14740 12
14741 15
14742 21
14743 18
14744 12
14745 11
14746 8
14747 15
14748 13
14749 9
14750 13
14751 19
14752 11
14753 10
14754 19
14755 16
14756 15
14757 12
14758 12
14759 6
14760 14
14761 8
14762 11
14763 18
14764 20
14765 9
14766 7
14767 14
14768 14
14769 6
14770 8
14771 12
14772 15
14773 6
14774 8
14775 13
14776 8
14777 16
14778 8
14779 13
14780 16
14781 8
14782 13
14783 14
14784 20
14785 15
14786 11
14787 13
14788 11
14789 10
14790 15
14791 14
14792 13
14793 9
14794 13
14795 14
14796 15
14797 15
14798 6
14799 12
14800 16
14801 15
14802 8
14803 15
14804 13
14805 16
14806 7
14807 17
14808 13
14809 6
14810 18
14811 11
14812 12
14813 13
14814 12
14815 17
14816 8
14817 15
14818 9
14819 22
14820 9
14821 11
14822 22
14823 13
14824 8
14825 15
14826 14
14827 12
14828 13
14829 19
14830 17
14831 15
14832 16
14833 10
14834 19
14835 14
14836 17
14837 9
14838 16
14839 18
14840 17
14841 12
14842 18
14843 16
14844 19
14845 15
14846 23
14847 21
14848 19
14849 16
14850 15
14851 20
14852 20
14853 25
14854 19
14855 33
14856 24
14857 23
14858 29
14859 31
14860 32
14861 26
14862 34
14863 27
14864 37
14865 41
14866 34
14867 35
14868 41
14869 33
14870 25
14871 28
14872 39
14873 30
14874 38
14875 27
14876 23
14877 26
14878 23
14879 18
14880 26
14881 18
14882 14
14883 13
14884 15
14885 19
14886 12
14887 14
14888 14
14889 10
14890 18
14891 17
14892 10
14893 9
14894 12
14895 12
14896 10
14897 12
14898 20
14899 11
14900 6
14901 14
14902 11
14903 19
14904 20
14905 13
14906 13
14907 10
14908 9
14909 19
14910 11
14911 14
14912 6
14913 8
14914 5
14915 5
14916 7
14917 11
14918 12
14919 8
14920 14
14921 12
14922 15
14923 11
14924 12
14925 15
14926 12
14927 17
14928 9
14929 9
14930 10
14931 21
14932 12
14933 15
14934 6
14935 14
14936 20
14937 15
14938 23
14939 18
14940 11
14941 17
14942 16
14943 12
14944 8
14945 11
14946 15
14947 17
14948 16
14949 19
14950 22
14951 15
14952 15
14953 22
14954 22
14955 14
14956 13
14957 13
14958 15
14959 13
14960 11
14961 14
14962 12
14963 12
14964 14
14965 6
14966 21
14967 10
14968 13
14969 13
14970 11
14971 13
14972 13
14973 13
14974 8
14975 9
14976 9
14977 9
14978 8
14979 12
14980 15
14981 9
14982 11
14983 12
14984 14
14985 7
14986 14
14987 10
14988 12
14989 13
14990 17
14991 10
14992 15
14993 8
14994 14
14995 12
14996 17
14997 14
14998 16
14999 13
15000 16
15001 12
15002 7
15003 11
15004 14
15005 14
15006 12
15007 15
15008 10
15009 13
15010 12
15011 14
15012 11
15013 14
15014 15
15015 18
15016 10
15017 13
15018 7
15019 11
15020 11
15021 13
15022 12
15023 17
15024 14
15025 19
15026 14
15027 9
15028 16
15029 15
15030 15
15031 14
15032 15
15033 8
15034 12
15035 10
15036 10
15037 9
15038 13
15039 7
15040 12
15041 10
15042 8
15043 6
15044 10
15045 13
15046 13
15047 15
15048 12
15049 16
15050 16
15051 7
15052 10
15053 13
15054 9
15055 14
15056 12
15057 13
15058 13
15059 9
15060 11
15061 13
15062 19
15063 12
15064 15
15065 10
15066 13
15067 15
15068 8
15069 7
15070 9
15071 14
15072 15
15073 13
15074 9
15075 12
15076 11
15077 13
15078 10
15079 11
15080 15
15081 12
15082 18
15083 10
15084 13
15085 10
15086 15
15087 10
15088 12
15089 12
15090 9
15091 11
15092 8
15093 11
15094 13
15095 10
15096 12
15097 12
15098 12
15099 15
15100 9
15101 18
15102 9
15103 7
15104 15
15105 16
15106 11
15107 16
15108 8
15109 16
15110 16
15111 17
15112 11
15113 21
15114 12
15115 22
15116 15
15117 10
15118 18
15119 23
15120 18
15121 15
15122 20
15123 20
15124 14
15125 22
15126 9
15127 13
15128 15
15129 17
15130 15
15131 22
15132 14
15133 14
15134 20
15135 16
15136 10
15137 15
15138 9
15139 12
15140 10
15141 9
15142 10
15143 15
15144 10
15145 14
15146 16
15147 7
15148 10
15149 8
15150 11
15151 7
15152 11
15153 15
15154 6
15155 13
15156 9
15157 12
15158 7
15159 15
15160 9
15161 11
15162 10
15163 15
15164 20
15165 17
15166 9
15167 8
15168 14
15169 14
15170 10
15171 15
15172 14
15173 12
15174 12
15175 17
15176 10
15177 17
15178 11
15179 17
15180 16
15181 20
15182 14
15183 15
15184 27
15185 28
15186 22
15187 28
15188 28
15189 15
15190 18
15191 24
15192 27
15193 31
15194 22
15195 34
15196 33
15197 16
15198 23
15199 29
15200 22
15201 21
15202 18
15203 23
15204 16
15205 18
15206 15
15207 18
15208 14
15209 13
15210 13
15211 12
15212 18
15213 19
15214 11
15215 8
15216 12
15217 11
15218 14
15219 10
15220 11
15221 16
15222 12
15223 5
15224 8
15225 14
15226 8
15227 15
15228 11
15229 7
15230 10
15231 7
15232 9
15233 8
15234 9
15235 9
15236 8
15237 13
15238 12
15239 13
15240 7
15241 13
15242 8
15243 14
15244 11
15245 12
15246 7
15247 17
15248 11
15249 12
15250 15
15251 10
15252 9
15253 14
15254 13
15255 12
15256 16
15257 17
15258 13
15259 8
15260 10
15261 14
15262 7
15263 15
15264 10
15265 12
15266 20
15267 12
15268 14
15269 12
15270 10
15271 13
15272 9
15273 12
15274 9
15275 19
15276 11
15277 12
15278 11
15279 12
15280 6
15281 20
15282 5
15283 9
15284 15
15285 12
15286 17
15287 8
15288 14
15289 13
15290 11
15291 8
15292 13
15293 12
15294 13
15295 11
15296 10
15297 10
15298 9
15299 8
15300 9
15301 10
15302 8
15303 10
15304 12
15305 12
15306 10
15307 17
15308 13
15309 10
15310 11
15311 12
15312 13
15313 6
15314 9
15315 11
15316 15
15317 12
15318 8
15319 13
15320 6
15321 11
15322 14
15323 12
15324 10
15325 12
15326 6
15327 14
15328 9
15329 7
15330 13
15331 9
15332 7
15333 7
15334 7
15335 10
15336 10
15337 11
15338 9
15339 7
15340 14
15341 10
15342 9
15343 10
15344 9
15345 11
15346 10
15347 14
15348 13
15349 9
15350 18
15351 13
15352 18
15353 11
15354 14
15355 20
15356 6
15357 14
15358 13
15359 10
15360 15
15361 15
15362 7
15363 9
15364 12
15365 16
15366 7
15367 12
15368 5
15369 9
15370 13
15371 10
15372 9
15373 7
15374 18
15375 16
15376 10
15377 7
15378 13
15379 10
15380 14
15381 13
15382 11
15383 21
15384 8
15385 11
15386 18
15387 12
15388 13
15389 11
15390 9
15391 13
15392 13
15393 11
15394 5
15395 12
15396 10
15397 6
15398 10
15399 16
15400 9
15401 5
15402 4
15403 11
15404 11
15405 11
15406 9
15407 10
15408 17
15409 16
15410 8
15411 17
15412 6
15413 8
15414 10
15415 10
15416 13
15417 19
15418 12
15419 14
15420 12
15421 16
15422 20
15423 9
15424 10
15425 8
15426 8
15427 9
15428 6
15429 14
15430 19
15431 10
15432 8
15433 12
15434 8
15435 11
15436 15
15437 14
15438 13
15439 11
15440 11
15441 6
15442 10
15443 8
15444 6
15445 9
15446 12
15447 8
15448 7
15449 10
15450 11
15451 11
15452 9
15453 10
15454 12
15455 11
15456 11
15457 11
15458 14
15459 7
15460 12
15461 10
15462 9
15463 5
15464 9
15465 13
15466 8
15467 21
15468 15
15469 10
15470 9
15471 11
15472 11
15473 19
15474 15
15475 10
15476 16
15477 9
15478 17
15479 12
15480 8
15481 9
15482 14
15483 12
15484 16
15485 12
15486 10
15487 12
15488 11
15489 8
15490 7
15491 10
15492 15
15493 8
15494 10
15495 8
15496 11
15497 15
15498 13
15499 10
15500 11
15501 9
15502 13
15503 8
15504 8
15505 4
15506 9
15507 15
15508 8
15509 13
15510 15
15511 13
15512 12
15513 12
15514 13
15515 14
15516 16
15517 12
15518 14
15519 9
15520 13
15521 8
15522 7
15523 10
15524 12
15525 13
15526 11
15527 12
15528 13
15529 18
15530 13
15531 16
15532 6
15533 13
15534 9
15535 12
15536 17
15537 17
15538 12
15539 11
15540 16
15541 13
15542 10
15543 8
15544 15
15545 12
15546 14
15547 10
15548 14
15549 4
15550 9
15551 11
15552 18
15553 12
15554 8
15555 10
15556 17
15557 11
15558 16
15559 11
15560 12
15561 10
15562 14
15563 16
15564 18
15565 14
15566 9
15567 16
15568 10
15569 16
15570 8
15571 16
15572 14
15573 14
15574 8
15575 12
15576 6
15577 19
15578 13
15579 11
15580 9
15581 11
15582 11
15583 10
15584 14
15585 8
15586 10
15587 9
15588 13
15589 7
15590 14
15591 16
15592 14
15593 10
15594 14
15595 10
15596 13
15597 10
15598 11
15599 10
15600 10
15601 19
15602 12
15603 17
15604 11
15605 13
15606 11
15607 14
15608 9
15609 13
15610 7
15611 9
15612 10
15613 11
15614 18
15615 16
15616 9
15617 11
15618 6
15619 12
15620 15
15621 10
15622 9
15623 9
15624 10
15625 15
15626 10
15627 11
15628 11
15629 12
15630 12
15631 11
15632 17
15633 18
15634 10
15635 13
15636 12
15637 17
15638 16
15639 14
15640 13
15641 13
15642 4
15643 16
15644 9
15645 7
15646 11
15647 11
15648 16
15649 7
15650 16
15651 11
15652 12
15653 15
15654 10
15655 15
15656 10
15657 12
15658 11
15659 20
15660 13
15661 14
15662 14
15663 15
15664 12
15665 14
15666 14
15667 8
15668 10
15669 10
15670 17
15671 13
15672 18
15673 17
15674 9
15675 13
15676 15
15677 16
15678 9
15679 15
15680 9
15681 11
15682 16
15683 12
15684 17
15685 17
15686 11
15687 11
15688 9
15689 15
15690 11
15691 20
15692 18
15693 15
15694 15
15695 12
15696 4
15697 15
15698 9
15699 20
15700 10
15701 13
15702 12
15703 18
15704 14
15705 20
15706 15
15707 16
15708 19
15709 15
15710 15
15711 17
15712 16
15713 14
15714 12
15715 30
15716 23
15717 16
15718 18
15719 21
15720 24
15721 26
15722 22
15723 20
15724 20
15725 28
15726 26
15727 31
15728 33
15729 50
15730 45
15731 38
15732 56
15733 62
15734 86
15735 98
15736 104
15737 96
15738 140
15739 147
15740 194
15741 184
15742 206
15743 275
15744 298
15745 329
15746 400
15747 451
15748 521
15749 607
15750 615
15751 700
15752 750
15753 848
15754 935
15755 1033
15756 1083
15757 1179
15758 1243
15759 1230
15760 1290
15761 1331
15762 1325
15763 1313
15764 1330
15765 1325
15766 1194
15767 1203
15768 1173
15769 1098
15770 1010
15771 931
15772 802
15773 699
15774 578
15775 561
15776 503
15777 391
15778 332
15779 283
15780 237
15781 162
15782 136
15783 123
15784 80
15785 67
15786 42
15787 48
15788 20
15789 18
15790 20
15791 19
15792 13
15793 11
15794 7
15795 3
15796 6
15797 5
15798 7
15799 6
15800 6
15801 6
15802 6
15803 12
15804 10
15805 3
15806 8
15807 5
15808 5
15809 7
15810 8
15811 4
15812 7
15813 7
15814 5
15815 6
15816 9
15817 1
15818 5
15819 6
15820 12
15821 6
15822 2
15823 10
15824 7
15825 8
15826 7
15827 6
15828 4
15829 9
15830 5
15831 6
15832 6
15833 7
15834 9
15835 4
15836 6
15837 2
15838 7
15839 5
15840 13
15841 10
15842 4
15843 9
15844 6
15845 11
15846 3
15847 6
15848 7
15849 7
15850 8
15851 4
15852 10
15853 7
15854 11
15855 6
15856 5
15857 10
15858 11
15859 9
15860 6
15861 8
15862 9
15863 8
15864 13
15865 8
15866 5
15867 9
15868 5
15869 4
15870 6
15871 12
15872 7
15873 6
15874 9
15875 6
15876 5
15877 4
15878 7
15879 7
15880 7
15881 17
15882 3
15883 6
15884 7
15885 4
15886 8
15887 2
15888 6
15889 3
15890 6
15891 4
15892 9
15893 6
15894 5
15895 5
15896 11
15897 8
15898 8
15899 4
15900 6
15901 7
15902 3
15903 11
15904 8
15905 4
15906 9
15907 6
15908 4
15909 8
15910 9
15911 9
15912 3
15913 9
15914 11
15915 6
15916 4
15917 5
15918 7
15919 8
15920 14
15921 7
15922 5
15923 6
15924 4
15925 5
15926 9
15927 8
15928 6
15929 3
15930 12
15931 9
15932 2
15933 5
15934 6
15935 8
15936 12
15937 11
15938 15
15939 6
15940 7
15941 6
15942 7
15943 5
15944 7
15945 7
15946 8
15947 4
15948 13
15949 5
15950 10
15951 10
15952 9
15953 7
15954 11
15955 4
15956 10
15957 7
15958 7
15959 7
15960 10
15961 9
15962 5
15963 2
15964 8
15965 5
15966 13
15967 17
15968 10
15969 4
15970 5
15971 6
15972 4
15973 3
15974 8
15975 11
15976 8
15977 4
15978 8
15979 6
15980 6
15981 6
15982 3
15983 7
15984 9
15985 5
15986 5
15987 2
15988 8
15989 8
15990 3
15991 4
15992 6
15993 8
15994 8
15995 5
15996 8
15997 6
15998 9
15999 8
16000 5
16001 11
16002 4
16003 1
16004 6
16005 7
16006 4
16007 1
16008 6
16009 7
16010 3
16011 11
16012 5
16013 11
16014 8
16015 7
16016 8
16017 4
16018 6
16019 10
16020 4
16021 7
16022 4
16023 6
16024 1
16025 3
16026 9
16027 9
16028 5
16029 4
16030 11
16031 10
16032 4
16033 4
16034 6
16035 5
16036 6
16037 5
16038 9
16039 11
16040 7
16041 3
16042 11
16043 6
16044 5
16045 8
16046 6
16047 3
16048 6
16049 9
16050 11
16051 5
16052 7
16053 9
16054 10
16055 9
16056 9
16057 3
16058 9
16059 8
16060 6
16061 5
16062 6
16063 7
16064 7
16065 8
16066 4
16067 5
16068 4
16069 2
16070 9
16071 9
16072 9
16073 7
16074 8
16075 8
16076 7
16077 6
16078 6
16079 5
16080 3
16081 6
16082 5
16083 8
16084 3
16085 7
16086 4
16087 4
16088 6
16089 6
16090 9
16091 9
16092 7
16093 2
16094 13
16095 3
16096 5
16097 2
16098 6
16099 9
16100 5
16101 4
16102 9
16103 5
16104 9
16105 5
16106 3
16107 7
16108 2
16109 2
16110 8
16111 8
16112 12
16113 7
16114 4
16115 6
16116 10
16117 8
16118 4
16119 4
16120 7
16121 6
16122 5
16123 8
16124 9
16125 12
16126 8
16127 9
16128 7
16129 10
16130 11
16131 7
16132 10
16133 11
16134 13
16135 11
16136 19
16137 14
16138 18
16139 14
16140 9
16141 11
16142 9
16143 9
16144 14
16145 15
16146 11
16147 11
16148 14
16149 9
16150 7
16151 9
16152 10
16153 6
16154 9
16155 10
16156 5
16157 3
16158 8
16159 5
16160 10
16161 5
16162 6
16163 8
16164 7
16165 9
16166 4
16167 8
16168 8
16169 13
16170 8
16171 8
16172 8
16173 10
16174 4
16175 6
16176 3
16177 4
16178 6
16179 8
16180 8
16181 7
16182 4
16183 9
16184 11
16185 8
16186 5
16187 9
16188 10
16189 7
16190 15
16191 9
16192 9
16193 10
16194 6
16195 6
16196 10
16197 12
16198 5
16199 7
16200 8
16201 6
16202 6
16203 9
16204 6
16205 13
16206 6
16207 13
16208 10
16209 4
16210 13
16211 13
16212 6
16213 5
16214 5
16215 3
16216 6
16217 12
16218 10
16219 8
16220 6
16221 5
16222 4
16223 9
16224 3
16225 5
16226 9
16227 9
16228 6
16229 9
16230 8
16231 7
16232 8
16233 5
16234 11
16235 11
16236 5
16237 7
16238 11
16239 6
16240 10
16241 9
16242 7
16243 6
16244 9
16245 5
16246 2
16247 3
16248 8
16249 6
16250 8
16251 10
16252 6
16253 6
16254 9
16255 10
16256 10
16257 9
16258 6
16259 10
16260 7
16261 4
16262 6
16263 7
16264 8
16265 12
16266 7
16267 5
16268 13
16269 8
16270 9
16271 11
16272 9
16273 6
16274 11
16275 11
16276 4
16277 12
16278 10
16279 12
16280 22
16281 18
16282 13
16283 20
16284 18
16285 16
16286 20
16287 20
16288 14
16289 15
16290 12
16291 13
16292 16
16293 10
16294 15
16295 7
16296 12
16297 14
16298 12
16299 7
16300 11
16301 4
16302 13
16303 9
16304 11
16305 8
16306 8
16307 9
16308 9
16309 5
16310 8
16311 12
16312 6
16313 14
16314 10
16315 8
16316 8
16317 12
16318 7
16319 8
16320 9
16321 8
16322 9
16323 6
16324 10
16325 10
16326 6
16327 11
16328 9
16329 10
16330 7
16331 13
16332 7
16333 12
16334 8
16335 8
16336 4
16337 8
16338 6
16339 9
16340 11
16341 8
16342 7
16343 7
16344 11
16345 5
16346 4
16347 5
16348 4
16349 6
16350 4
16351 1
16352 7
16353 6
16354 8
16355 4
16356 7
16357 6
16358 6
16359 4
16360 6
16361 7
16362 3
16363 4
16364 5
16365 7
16366 6
16367 8
16368 4
16369 6
16370 7
16371 5
16372 2
16373 10
16374 11
16375 10
16376 8
16377 7
16378 2
16379 5
16380 5
16381 1
16382 9
16383 47876
