0 0
1 7291
2 6716
3 5945
4 5028
5 3854
6 2893
7 2143
8 1472
9 914
10 580
11 419
12 213
13 144
14 64
15 33
16 33
17 11
18 12
19 2
20 3
21 0
22 1
23 2
24 0
25 0
26 1
27 1
28 0
29 0
30 0
31 0
32 0
33 0
34 1
35 0
36 0
37 1
38 0
39 0
40 0
41 1
42 6
43 1
44 3
45 7
46 2
47 3
48 7
49 7
50 8
51 9
52 11
53 7
54 9
55 12
56 15
57 24
58 17
59 31
60 19
61 23
62 30
63 42
64 36
65 33
66 46
67 31
68 57
69 61
70 73
71 58
72 74
73 72
74 88
75 66
76 104
77 82
78 89
79 126
80 110
81 126
82 154
83 155
84 172
85 165
86 173
87 178
88 196
89 189
90 214
91 207
92 237
93 258
94 250
95 257
96 263
97 234
98 252
99 288
100 274
101 276
102 299
103 318
104 286
105 289
106 277
107 295
108 341
109 336
110 350
111 335
112 341
113 344
114 359
115 333
116 382
117 356
118 365
119 381
120 338
121 363
122 410
123 367
124 390
125 397
126 382
127 378
128 389
129 418
130 378
131 409
132 407
133 405
134 390
135 394
136 381
137 445
138 368
139 417
140 432
141 412
142 406
143 404
144 376
145 428
146 437
147 421
148 413
149 410
150 401
151 424
152 415
153 423
154 452
155 456
156 448
157 441
158 405
159 409
160 456
161 416
162 429
163 447
164 420
165 464
166 422
167 424
168 425
169 415
170 411
171 449
172 462
173 451
174 422
175 479
176 422
177 404
178 494
179 432
180 431
181 438
182 429
183 471
184 429
185 502
186 481
187 463
188 461
189 441
190 466
191 439
192 438
193 468
194 462
195 474
196 469
197 419
198 482
199 446
200 419
201 464
202 462
203 478
204 464
205 500
206 435
207 475
208 458
209 446
210 436
211 480
212 459
213 474
214 437
215 443
216 438
217 460
218 480
219 484
220 474
221 477
222 405
223 487
224 487
225 441
226 459
227 474
228 471
229 482
230 436
231 483
232 480
233 442
234 483
235 462
236 469
237 480
238 483
239 486
240 471
241 511
242 480
243 491
244 468
245 464
246 480
247 529
248 499
249 431
250 456
251 486
252 471
253 475
254 480
255 486
256 506
257 471
258 486
259 464
260 493
261 496
262 503
263 470
264 458
265 493
266 495
267 478
268 481
269 430
270 472
271 452
272 472
273 451
274 497
275 486
276 415
277 507
278 474
279 499
280 488
281 499
282 467
283 480
284 472
285 490
286 459
287 471
288 490
289 461
290 470
291 449
292 500
293 494
294 512
295 439
296 464
297 448
298 443
299 489
300 473
301 486
302 477
303 449
304 458
305 465
306 474
307 495
308 464
309 450
310 443
311 469
312 462
313 473
314 472
315 466
316 504
317 465
318 465
319 452
320 470
321 471
322 480
323 478
324 465
325 469
326 458
327 493
328 429
329 498
330 486
331 450
332 477
333 478
334 520
335 484
336 507
337 529
338 435
339 453
340 478
341 445
342 482
343 480
344 434
345 524
346 478
347 482
348 475
349 430
350 484
351 442
352 451
353 448
354 472
355 436
356 460
357 450
358 457
359 462
360 470
361 448
362 465
363 473
364 427
365 446
366 462
367 413
368 477
369 484
370 439
371 446
372 407
373 493
374 441
375 480
376 436
377 443
378 451
379 442
380 443
381 420
382 484
383 423
384 455
385 457
386 472
387 461
388 445
389 445
390 451
391 459
392 449
393 448
394 472
395 426
396 417
397 475
398 469
399 452
400 450
401 452
402 417
403 417
404 415
405 411
406 424
407 443
408 486
409 472
410 421
411 444
412 441
413 423
414 437
415 451
416 426
417 434
418 468
419 441
420 400
421 455
422 421
423 445
424 437
425 406
426 465
427 416
428 441
429 434
430 446
431 451
432 452
433 448
434 460
435 404
436 431
437 492
438 446
439 421
440 461
441 454
442 443
443 436
444 454
445 470
446 472
447 424
448 463
449 450
450 443
451 428
452 434
453 462
454 426
455 414
456 446
457 430
458 436
459 447
460 405
461 438
462 447
463 441
464 470
465 453
466 457
467 441
468 482
469 466
470 447
471 450
472 418
473 431
474 409
475 422
476 409
477 439
478 450
479 414
480 443
481 427
482 422
483 483
484 443
485 455
486 413
487 431
488 425
489 430
490 440
491 459
492 476
493 446
494 465
495 433
496 436
497 438
498 449
499 440
500 456
501 440
502 457
503 504
504 493
505 541
506 462
507 432
508 507
509 458
510 454
511 465
512 441
513 482
514 502
515 501
516 462
517 432
518 450
519 419
520 411
521 447
522 432
523 437
524 430
525 506
526 457
527 451
528 478
529 469
530 478
531 499
532 525
533 452
534 445
535 465
536 431
537 477
538 456
539 470
540 484
541 443
542 451
543 520
544 485
545 456
546 437
547 436
548 481
549 486
550 476
551 491
552 481
553 473
554 474
555 460
556 468
557 483
558 474
559 481
560 518
561 467
562 493
563 446
564 498
565 468
566 514
567 472
568 507
569 514
570 463
571 493
572 503
573 497
574 498
575 474
576 501
577 463
578 510
579 501
580 494
581 519
582 495
583 497
584 546
585 521
586 498
587 482
588 491
589 514
590 489
591 511
592 529
593 531
594 502
595 527
596 512
597 506
598 525
599 543
600 550
601 506
602 524
603 544
604 570
605 536
606 500
607 562
608 537
609 508
610 597
611 521
612 517
613 568
614 557
615 559
616 520
617 548
618 594
619 563
620 590
621 563
622 530
623 573
624 570
625 591
626 533
627 575
628 581
629 555
630 581
631 557
632 620
633 566
634 648
635 609
636 575
637 591
638 546
639 589
640 639
641 604
642 598
643 552
644 632
645 618
646 607
647 549
648 604
649 632
650 628
651 647
652 618
653 625
654 641
655 606
656 599
657 619
658 689
659 641
660 667
661 607
662 603
663 642
664 684
665 642
666 662
667 657
668 589
669 609
670 625
671 644
672 648
673 665
674 676
675 646
676 640
677 652
678 674
679 689
680 671
681 673
682 691
683 674
684 663
685 665
686 680
687 662
688 673
689 683
690 665
691 619
692 643
693 694
694 666
695 660
696 672
697 688
698 691
699 684
700 676
701 711
702 637
703 712
704 703
705 688
706 645
707 675
708 687
709 680
710 732
711 716
712 648
713 746
714 689
715 735
716 705
717 736
718 731
719 708
720 715
721 722
722 727
723 699
724 729
725 757
726 730
727 752
728 743
729 736
730 713
731 753
732 827
733 708
734 723
735 755
736 748
737 758
738 762
739 753
740 772
741 729
742 766
743 774
744 800
745 813
746 803
747 786
748 817
749 784
750 775
751 797
752 770
753 803
754 822
755 778
756 776
757 760
758 800
759 806
760 810
761 829
762 805
763 801
764 789
765 858
766 800
767 835
768 872
769 810
770 879
771 853
772 887
773 871
774 864
775 966
776 991
777 1078
778 1099
779 1257
780 1332
781 1379
782 1482
783 1601
784 1618
785 1617
786 1609
787 1541
788 1448
789 1333
790 1261
791 1205
792 1076
793 972
794 969
795 964
796 1017
797 1064
798 1098
799 1196
800 1232
801 1459
802 1608
803 1716
804 1929
805 2151
806 2314
807 2394
808 2414
809 2325
810 2211
811 2106
812 1888
813 1700
814 1502
815 1434
816 1160
817 1123
818 982
819 912
820 925
821 847
822 919
823 881
824 841
825 933
826 903
827 942
828 961
829 1007
830 1022
831 985
832 967
833 976
834 906
835 945
836 899
837 891
838 884
839 850
840 858
841 823
842 836
843 830
844 785
845 805
846 816
847 823
848 815
849 840
850 830
851 866
852 853
853 846
854 837
855 869
856 846
857 846
858 863
859 843
860 837
861 842
862 832
863 874
864 852
865 854
866 851
867 844
868 847
869 839
870 846
871 861
872 898
873 881
874 870
875 879
876 873
877 875
878 836
879 854
880 874
881 880
882 862
883 904
884 889
885 840
886 859
887 920
888 880
889 862
890 892
891 863
892 892
893 857
894 872
895 898
896 883
897 862
898 914
899 906
900 964
901 885
902 981
903 1047
904 1076
905 1128
906 1153
907 1223
908 1244
909 1251
910 1368
911 1454
912 1491
913 1586
914 1581
915 1529
916 1474
917 1449
918 1483
919 1349
920 1257
921 1259
922 1147
923 1048
924 977
925 970
926 980
927 951
928 939
929 978
930 932
931 998
932 947
933 965
934 1015
935 994
936 1047
937 1110
938 1070
939 1193
940 1132
941 1102
942 1128
943 1181
944 1155
945 1075
946 1087
947 1052
948 1064
949 1006
950 993
951 908
952 970
953 939
954 905
955 905
956 930
957 879
958 887
959 885
960 916
961 905
962 892
963 889
964 889
965 990
966 935
967 973
968 878
969 947
970 958
971 974
972 927
973 908
974 940
975 912
976 928
977 904
978 892
979 906
980 881
981 932
982 855
983 935
984 905
985 936
986 880
987 915
988 925
989 901
990 916
991 903
992 957
993 929
994 976
995 1061
996 1019
997 946
998 958
999 990
1000 984
1001 955
1002 987
1003 933
1004 971
1005 976
1006 1040
1007 984
1008 956
1009 989
1010 914
1011 909
1012 956
1013 954
1014 907
1015 885
1016 921
1017 940
1018 893
1019 925
1020 917
1021 918
1022 877
1023 930
1024 879
1025 879
1026 895
1027 891
1028 874
1029 840
1030 971
1031 926
1032 919
1033 924
1034 946
1035 929
1036 962
1037 901
1038 947
1039 970
1040 884
1041 939
1042 902
1043 918
1044 920
1045 959
1046 893
1047 897
1048 910
1049 895
1050 916
1051 874
1052 915
1053 911
1054 901
1055 864
1056 897
1057 883
1058 938
1059 959
1060 943
1061 935
1062 925
1063 899
1064 967
1065 896
1066 952
1067 919
1068 895
1069 905
1070 975
1071 922
1072 931
1073 922
1074 899
1075 895
1076 918
1077 944
1078 922
1079 947
1080 876
1081 966
1082 928
1083 890
1084 912
1085 913
1086 939
1087 927
1088 932
1089 878
1090 898
1091 894
1092 921
1093 945
1094 900
1095 862
1096 847
1097 934
1098 937
1099 909
1100 932
1101 936
1102 881
1103 875
1104 956
1105 920
1106 974
1107 871
1108 888
1109 903
1110 894
1111 971
1112 914
1113 853
1114 929
1115 896
1116 923
1117 1025
1118 921
1119 900
1120 884
1121 896
1122 908
1123 921
1124 924
1125 881
1126 908
1127 901
1128 930
1129 966
1130 898
1131 914
1132 958
1133 879
1134 905
1135 939
1136 933
1137 925
1138 938
1139 935
1140 947
1141 937
1142 912
1143 935
1144 910
1145 940
1146 920
1147 917
1148 965
1149 950
1150 861
1151 956
1152 922
1153 911
1154 896
1155 903
1156 889
1157 872
1158 916
1159 892
1160 939
1161 901
1162 959
1163 887
1164 858
1165 976
1166 874
1167 891
1168 911
1169 966
1170 909
1171 958
1172 878
1173 882
1174 922
1175 938
1176 888
1177 991
1178 888
1179 905
1180 849
1181 906
1182 884
1183 870
1184 910
1185 923
1186 902
1187 840
1188 920
1189 899
1190 920
1191 864
1192 942
1193 865
1194 842
1195 928
1196 958
1197 903
1198 919
1199 890
1200 886
1201 921
1202 947
1203 933
1204 908
1205 916
1206 928
1207 974
1208 895
1209 895
1210 965
1211 936
1212 941
1213 901
1214 906
1215 940
1216 922
1217 867
1218 922
1219 930
1220 860
1221 902
1222 916
1223 925
1224 897
1225 856
1226 918
1227 895
1228 852
1229 887
1230 901
1231 891
1232 847
1233 900
1234 871
1235 860
1236 862
1237 913
1238 942
1239 888
1240 917
1241 915
1242 924
1243 854
1244 914
1245 909
1246 889
1247 902
1248 915
1249 893
1250 890
1251 904
1252 856
1253 908
1254 872
1255 888
1256 925
1257 865
1258 845
1259 853
1260 847
1261 889
1262 882
1263 915
1264 952
1265 984
1266 843
1267 895
1268 882
1269 919
1270 852
1271 890
1272 870
1273 846
1274 826
1275 856
1276 907
1277 868
1278 889
1279 876
1280 904
1281 910
1282 869
1283 875
1284 867
1285 874
1286 868
1287 839
1288 874
1289 896
1290 911
1291 906
1292 892
1293 849
1294 860
1295 849
1296 880
1297 840
1298 925
1299 863
1300 902
1301 828
1302 820
1303 855
1304 911
1305 875
1306 842
1307 908
1308 905
1309 899
1310 856
1311 821
1312 831
1313 860
1314 847
1315 934
1316 846
1317 923
1318 847
1319 888
1320 843
1321 850
1322 864
1323 802
1324 865
1325 884
1326 898
1327 825
1328 852
1329 888
1330 877
1331 862
1332 856
1333 881
1334 904
1335 809
1336 808
1337 907
1338 907
1339 851
1340 793
1341 864
1342 875
1343 822
1344 875
1345 844
1346 829
1347 854
1348 843
1349 824
1350 873
1351 898
1352 853
1353 834
1354 876
1355 853
1356 819
1357 858
1358 843
1359 893
1360 837
1361 889
1362 866
1363 843
1364 855
1365 891
1366 860
1367 850
1368 929
1369 777
1370 834
1371 841
1372 834
1373 807
1374 785
1375 819
1376 849
1377 890
1378 902
1379 793
1380 818
1381 865
1382 842
1383 875
1384 849
1385 897
1386 870
1387 878
1388 852
1389 818
1390 897
1391 859
1392 858
1393 886
1394 846
1395 869
1396 839
1397 843
1398 847
1399 889
1400 822
1401 807
1402 893
1403 875
1404 839
1405 805
1406 773
1407 775
1408 838
1409 812
1410 798
1411 813
1412 801
1413 779
1414 856
1415 801
1416 790
1417 868
1418 841
1419 876
1420 818
1421 853
1422 838
1423 808
1424 864
1425 858
1426 846
1427 823
1428 797
1429 853
1430 810
1431 801
1432 866
1433 790
1434 829
1435 809
1436 861
1437 778
1438 785
1439 765
1440 767
1441 798
1442 841
1443 846
1444 818
1445 729
1446 801
1447 780
1448 778
1449 825
1450 790
1451 803
1452 798
1453 826
1454 831
1455 840
1456 817
1457 829
1458 789
1459 810
1460 805
1461 794
1462 785
1463 801
1464 800
1465 851
1466 812
1467 782
1468 825
1469 802
1470 780
1471 832
1472 847
1473 798
1474 801
1475 812
1476 748
1477 845
1478 800
1479 801
1480 787
1481 807
1482 756
1483 796
1484 733
1485 743
1486 761
1487 793
1488 768
1489 777
1490 747
1491 743
1492 725
1493 800
1494 756
1495 748
1496 776
1497 777
1498 803
1499 776
1500 743
1501 747
1502 786
1503 727
1504 815
1505 777
1506 751
1507 751
1508 786
1509 783
1510 782
1511 803
1512 747
1513 764
1514 744
1515 741
1516 787
1517 762
1518 795
1519 818
1520 761
1521 804
1522 779
1523 716
1524 794
1525 780
1526 808
1527 764
1528 699
1529 804
1530 785
1531 778
1532 772
1533 758
1534 792
1535 780
1536 737
1537 786
1538 687
1539 751
1540 766
1541 738
1542 751
1543 780
1544 757
1545 780
1546 759
1547 789
1548 769
1549 807
1550 789
1551 734
1552 782
1553 751
1554 805
1555 804
1556 769
1557 726
1558 722
1559 772
1560 731
1561 736
1562 765
1563 758
1564 719
1565 742
1566 717
1567 753
1568 717
1569 700
1570 699
1571 749
1572 714
1573 785
1574 694
1575 727
1576 722
1577 781
1578 695
1579 704
1580 711
1581 744
1582 740
1583 726
1584 739
1585 730
1586 694
1587 743
1588 719
1589 743
1590 712
1591 731
1592 732
1593 729
1594 729
1595 691
1596 727
1597 699
1598 655
1599 744
1600 750
1601 732
1602 740
1603 722
1604 790
1605 693
1606 693
1607 675
1608 715
1609 718
1610 671
1611 695
1612 743
1613 716
1614 738
1615 725
1616 719
1617 729
1618 692
1619 692
1620 703
1621 701
1622 710
1623 734
1624 687
1625 728
1626 638
1627 698
1628 694
1629 722
1630 736
1631 688
1632 643
1633 710
1634 703
1635 671
1636 708
1637 734
1638 715
1639 688
1640 702
1641 700
1642 718
1643 690
1644 723
1645 658
1646 716
1647 695
1648 694
1649 661
1650 678
1651 694
1652 700
1653 693
1654 708
1655 705
1656 720
1657 682
1658 676
1659 721
1660 686
1661 742
1662 713
1663 742
1664 682
1665 643
1666 701
1667 637
1668 707
1669 695
1670 674
1671 648
1672 659
1673 618
1674 680
1675 721
1676 653
1677 675
1678 636
1679 659
1680 622
1681 739
1682 676
1683 674
1684 626
1685 701
1686 655
1687 698
1688 675
1689 685
1690 688
1691 672
1692 672
1693 657
1694 710
1695 694
1696 719
1697 659
1698 708
1699 672
1700 724
1701 652
1702 648
1703 679
1704 667
1705 670
1706 665
1707 618
1708 637
1709 636
1710 680
1711 708
1712 658
1713 623
1714 664
1715 608
1716 651
1717 671
1718 620
1719 630
1720 658
1721 646
1722 707
1723 645
1724 615
1725 611
1726 631
1727 632
1728 647
1729 646
1730 641
1731 659
1732 593
1733 643
1734 654
1735 631
1736 625
1737 626
1738 628
1739 626
1740 577
1741 636
1742 618
1743 633
1744 626
1745 593
1746 639
1747 630
1748 656
1749 627
1750 625
1751 623
1752 639
1753 637
1754 639
1755 626
1756 657
1757 629
1758 688
1759 631
1760 644
1761 643
1762 604
1763 605
1764 635
1765 639
1766 663
1767 652
1768 589
1769 575
1770 615
1771 629
1772 667
1773 593
1774 614
1775 620
1776 654
1777 592
1778 631
1779 605
1780 622
1781 613
1782 611
1783 615
1784 628
1785 610
1786 634
1787 641
1788 631
1789 611
1790 637
1791 611
1792 653
1793 620
1794 592
1795 594
1796 630
1797 642
1798 635
1799 599
1800 632
1801 626
1802 622
1803 633
1804 619
1805 559
1806 615
1807 583
1808 601
1809 614
1810 602
1811 613
1812 616
1813 585
1814 569
1815 563
1816 598
1817 608
1818 611
1819 592
1820 638
1821 636
1822 591
1823 639
1824 609
1825 605
1826 597
1827 581
1828 582
1829 604
1830 598
1831 617
1832 639
1833 577
1834 616
1835 572
1836 545
1837 628
1838 628
1839 600
1840 556
1841 573
1842 538
1843 594
1844 595
1845 596
1846 583
1847 595
1848 612
1849 585
1850 544
1851 577
1852 560
1853 610
1854 597
1855 593
1856 568
1857 553
1858 560
1859 573
1860 629
1861 599
1862 571
1863 596
1864 580
1865 578
1866 596
1867 573
1868 558
1869 565
1870 551
1871 581
1872 603
1873 560
1874 539
1875 555
1876 573
1877 614
1878 562
1879 572
1880 571
1881 557
1882 581
1883 574
1884 579
1885 533
1886 568
1887 526
1888 560
1889 573
1890 586
1891 627
1892 576
1893 569
1894 561
1895 565
1896 561
1897 551
1898 556
1899 573
1900 555
1901 537
1902 575
1903 585
1904 564
1905 573
1906 546
1907 571
1908 558
1909 553
1910 588
1911 542
1912 526
1913 585
1914 551
1915 567
1916 569
1917 559
1918 579
1919 581
1920 577
1921 526
1922 553
1923 544
1924 563
1925 593
1926 536
1927 555
1928 551
1929 552
1930 562
1931 531
1932 562
1933 564
1934 559
1935 545
1936 538
1937 516
1938 535
1939 523
1940 493
1941 548
1942 532
1943 564
1944 556
1945 570
1946 521
1947 575
1948 526
1949 533
1950 518
1951 532
1952 578
1953 531
1954 563
1955 560
1956 546
1957 569
1958 528
1959 555
1960 531
1961 515
1962 504
1963 508
1964 551
1965 552
1966 543
1967 524
1968 543
1969 532
1970 580
1971 561
1972 541
1973 545
1974 501
1975 500
1976 560
1977 496
1978 577
1979 504
1980 546
1981 517
1982 527
1983 519
1984 505
1985 548
1986 570
1987 540
1988 566
1989 493
1990 546
1991 544
1992 498
1993 583
1994 536
1995 531
1996 563
1997 532
1998 533
1999 557
2000 634
2001 604
2002 608
2003 624
2004 623
2005 651
2006 619
2007 600
2008 629
2009 543
2010 612
2011 623
2012 608
2013 616
2014 606
2015 573
2016 526
2017 543
2018 500
2019 517
2020 508
2021 521
2022 526
2023 537
2024 506
2025 509
2026 529
2027 512
2028 517
2029 512
2030 549
2031 509
2032 467
2033 515
2034 457
2035 505
2036 497
2037 493
2038 476
2039 502
2040 526
2041 509
2042 498
2043 501
2044 485
2045 504
2046 502
2047 548
2048 472
2049 477
2050 497
2051 469
2052 482
2053 475
2054 494
2055 508
2056 442
2057 468
2058 487
2059 506
2060 505
2061 491
2062 455
2063 534
2064 493
2065 473
2066 475
2067 460
2068 528
2069 492
2070 469
2071 463
2072 491
2073 525
2074 479
2075 448
2076 493
2077 504
2078 514
2079 507
2080 515
2081 505
2082 504
2083 510
2084 512
2085 467
2086 442
2087 500
2088 507
2089 484
2090 498
2091 492
2092 519
2093 495
2094 434
2095 475
2096 484
2097 497
2098 472
2099 455
2100 495
2101 502
2102 478
2103 497
2104 506
2105 462
2106 500
2107 505
2108 502
2109 472
2110 457
2111 432
2112 468
2113 425
2114 436
2115 471
2116 479
2117 521
2118 435
2119 462
2120 481
2121 453
2122 444
2123 470
2124 464
2125 455
2126 496
2127 435
2128 497
2129 434
2130 454
2131 464
2132 460
2133 480
2134 478
2135 485
2136 464
2137 458
2138 437
2139 460
2140 466
2141 478
2142 466
2143 479
2144 467
2145 421
2146 447
2147 478
2148 481
2149 473
2150 476
2151 483
2152 524
2153 471
2154 456
2155 456
2156 442
2157 473
2158 469
2159 428
2160 498
2161 463
2162 502
2163 493
2164 419
2165 445
2166 447
2167 452
2168 468
2169 458
2170 435
2171 468
2172 461
2173 463
2174 474
2175 436
2176 447
2177 457
2178 441
2179 446
2180 462
2181 513
2182 479
2183 463
2184 435
2185 457
2186 435
2187 493
2188 449
2189 444
2190 451
2191 446
2192 476
2193 462
2194 458
2195 403
2196 421
2197 449
2198 480
2199 454
2200 460
2201 450
2202 443
2203 442
2204 424
2205 451
2206 413
2207 449
2208 434
2209 447
2210 404
2211 477
2212 445
2213 449
2214 407
2215 468
2216 448
2217 411
2218 460
2219 440
2220 468
2221 442
2222 395
2223 461
2224 434
2225 458
2226 428
2227 452
2228 440
2229 442
2230 436
2231 433
2232 451
2233 472
2234 451
2235 429
2236 450
2237 427
2238 404
2239 380
2240 376
2241 447
2242 440
2243 450
2244 440
2245 447
2246 455
2247 440
2248 440
2249 417
2250 459
2251 426
2252 468
2253 457
2254 489
2255 467
2256 514
2257 507
2258 513
2259 498
2260 500
2261 459
2262 475
2263 466
2264 452
2265 442
2266 425
2267 433
2268 452
2269 412
2270 398
2271 464
2272 447
2273 413
2274 434
2275 417
2276 432
2277 403
2278 413
2279 441
2280 420
2281 461
2282 443
2283 414
2284 429
2285 424
2286 428
2287 441
2288 451
2289 398
2290 387
2291 391
2292 448
2293 439
2294 427
2295 385
2296 390
2297 390
2298 425
2299 419
2300 389
2301 436
2302 423
2303 430
2304 412
2305 440
2306 393
2307 415
2308 429
2309 400
2310 409
2311 413
2312 449
2313 425
2314 414
2315 430
2316 404
2317 401
2318 401
2319 375
2320 403
2321 447
2322 445
2323 412
2324 418
2325 440
2326 445
2327 376
2328 421
2329 407
2330 399
2331 373
2332 396
2333 397
2334 466
2335 382
2336 385
2337 419
2338 401
2339 423
2340 382
2341 409
2342 395
2343 384
2344 406
2345 426
2346 399
2347 393
2348 417
2349 346
2350 399
2351 386
2352 402
2353 363
2354 386
2355 384
2356 416
2357 394
2358 403
2359 376
2360 407
2361 363
2362 388
2363 402
2364 365
2365 400
2366 435
2367 429
2368 389
2369 403
2370 391
2371 375
2372 385
2373 379
2374 396
2375 389
2376 416
2377 384
2378 395
2379 390
2380 360
2381 385
2382 426
2383 373
2384 385
2385 385
2386 380
2387 399
2388 398
2389 385
2390 404
2391 372
2392 373
2393 393
2394 390
2395 395
2396 379
2397 354
2398 369
2399 418
2400 370
2401 370
2402 406
2403 419
2404 386
2405 413
2406 416
2407 363
2408 394
2409 370
2410 382
2411 423
2412 403
2413 420
2414 425
2415 396
2416 353
2417 392
2418 409
2419 406
2420 411
2421 373
2422 386
2423 338
2424 342
2425 388
2426 345
2427 383
2428 373
2429 356
2430 403
2431 395
2432 414
2433 404
2434 360
2435 418
2436 403
2437 360
2438 409
2439 410
2440 335
2441 449
2442 385
2443 376
2444 369
2445 410
2446 354
2447 378
2448 392
2449 342
2450 377
2451 412
2452 370
2453 398
2454 349
2455 353
2456 383
2457 379
2458 397
2459 392
2460 363
2461 388
2462 371
2463 377
2464 346
2465 391
2466 372
2467 379
2468 377
2469 379
2470 382
2471 373
2472 375
2473 410
2474 374
2475 378
2476 371
2477 381
2478 350
2479 374
2480 359
2481 381
2482 364
2483 369
2484 364
2485 379
2486 373
2487 355
2488 357
2489 372
2490 372
2491 383
2492 367
2493 351
2494 398
2495 379
2496 396
2497 361
2498 343
2499 333
2500 345
2501 375
2502 354
2503 347
2504 363
2505 360
2506 387
2507 353
2508 378
2509 344
2510 373
2511 372
2512 389
2513 345
2514 367
2515 373
2516 330
2517 376
2518 370
2519 374
2520 371
2521 384
2522 359
2523 408
2524 376
2525 370
2526 368
2527 370
2528 350
2529 352
2530 381
2531 347
2532 344
2533 364
2534 334
2535 341
2536 381
2537 363
2538 362
2539 387
2540 367
2541 341
2542 338
2543 358
2544 336
2545 406
2546 344
2547 383
2548 351
2549 375
2550 358
2551 380
2552 368
2553 363
2554 323
2555 337
2556 354
2557 342
2558 353
2559 397
2560 379
2561 381
2562 414
2563 459
2564 480
2565 471
2566 653
2567 613
2568 733
2569 803
2570 934
2571 988
2572 986
2573 1044
2574 1037
2575 994
2576 947
2577 891
2578 883
2579 800
2580 716
2581 626
2582 538
2583 475
2584 445
2585 429
2586 391
2587 313
2588 356
2589 380
2590 359
2591 357
2592 341
2593 326
2594 349
2595 357
2596 388
2597 379
2598 363
2599 431
2600 396
2601 389
2602 394
2603 417
2604 400
2605 372
2606 382
2607 396
2608 439
2609 434
2610 434
2611 408
2612 442
2613 410
2614 346
2615 371
2616 359
2617 345
2618 336
2619 349
2620 356
2621 329
2622 332
2623 330
2624 313
2625 343
2626 283
2627 311
2628 290
2629 271
2630 301
2631 323
2632 309
2633 278
2634 302
2635 323
2636 327
2637 309
2638 328
2639 299
2640 287
2641 322
2642 320
2643 301
2644 298
2645 311
2646 339
2647 307
2648 301
2649 292
2650 306
2651 300
2652 289
2653 305
2654 322
2655 297
2656 321
2657 322
2658 321
2659 273
2660 306
2661 303
2662 299
2663 320
2664 290
2665 303
2666 300
2667 300
2668 315
2669 273
2670 343
2671 298
2672 295
2673 302
2674 317
2675 289
2676 314
2677 299
2678 302
2679 287
2680 309
2681 298
2682 282
2683 299
2684 290
2685 293
2686 316
2687 317
2688 297
2689 294
2690 261
2691 325
2692 292
2693 298
2694 290
2695 306
2696 304
2697 319
2698 315
2699 327
2700 270
2701 276
2702 290
2703 311
2704 308
2705 275
2706 310
2707 280
2708 309
2709 284
2710 272
2711 287
2712 296
2713 302
2714 281
2715 286
2716 264
2717 286
2718 316
2719 331
2720 327
2721 283
2722 293
2723 319
2724 295
2725 284
2726 317
2727 302
2728 296
2729 357
2730 308
2731 313
2732 274
2733 324
2734 300
2735 255
2736 269
2737 308
2738 273
2739 278
2740 294
2741 275
2742 287
2743 277
2744 288
2745 269
2746 326
2747 304
2748 291
2749 265
2750 263
2751 258
2752 315
2753 287
2754 268
2755 302
2756 300
2757 316
2758 294
2759 285
2760 266
2761 291
2762 300
2763 294
2764 286
2765 297
2766 277
2767 307
2768 281
2769 306
2770 256
2771 296
2772 299
2773 267
2774 292
2775 277
2776 281
2777 279
2778 252
2779 287
2780 266
2781 261
2782 297
2783 292
2784 279
2785 288
2786 327
2787 277
2788 278
2789 299
2790 288
2791 298
2792 283
2793 278
2794 304
2795 305
2796 329
2797 276
2798 283
2799 299
2800 264
2801 259
2802 266
2803 271
2804 261
2805 278
2806 244
2807 294
2808 304
2809 306
2810 301
2811 263
2812 284
2813 262
2814 243
2815 259
2816 298
2817 251
2818 268
2819 265
2820 268
2821 281
2822 241
2823 247
2824 281
2825 268
2826 267
2827 274
2828 285
2829 286
2830 293
2831 258
2832 293
2833 280
2834 268
2835 276
2836 280
2837 260
2838 273
2839 284
2840 225
2841 258
2842 290
2843 272
2844 280
2845 269
2846 257
2847 277
2848 256
2849 266
2850 304
2851 257
2852 259
2853 257
2854 267
2855 264
2856 273
2857 262
2858 282
2859 263
2860 309
2861 273
2862 269
2863 255
2864 281
2865 250
2866 258
2867 276
2868 271
2869 291
2870 256
2871 251
2872 276
2873 288
2874 259
2875 251
2876 262
2877 276
2878 240
2879 267
2880 281
2881 253
2882 289
2883 263
2884 268
2885 244
2886 250
2887 251
2888 250
2889 249
2890 262
2891 263
2892 242
2893 250
2894 277
2895 284
2896 275
2897 229
2898 251
2899 253
2900 266
2901 282
2902 261
2903 289
2904 278
2905 287
2906 265
2907 279
2908 296
2909 327
2910 271
2911 283
2912 312
2913 265
2914 299
2915 320
2916 337
2917 320
2918 298
2919 316
2920 258
2921 264
2922 259
2923 283
2924 307
2925 277
2926 262
2927 276
2928 242
2929 265
2930 232
2931 262
2932 241
2933 238
2934 273
2935 277
2936 254
2937 279
2938 243
2939 260
2940 271
2941 266
2942 274
2943 264
2944 230
2945 245
2946 261
2947 261
2948 261
2949 249
2950 263
2951 281
2952 280
2953 249
2954 255
2955 262
2956 266
2957 262
2958 241
2959 245
2960 262
2961 232
2962 292
2963 275
2964 222
2965 255
2966 262
2967 260
2968 206
2969 249
2970 252
2971 226
2972 272
2973 256
2974 235
2975 240
2976 268
2977 270
2978 239
2979 220
2980 230
2981 243
2982 265
2983 261
2984 246
2985 243
2986 245
2987 291
2988 292
2989 287
2990 271
2991 276
2992 297
2993 281
2994 281
2995 290
2996 245
2997 241
2998 287
2999 236
3000 249
3001 225
3002 259
3003 253
3004 231
3005 243
3006 235
3007 245
3008 260
3009 239
3010 255
3011 249
3012 237
3013 252
3014 228
3015 241
3016 219
3017 224
3018 260
3019 223
3020 228
3021 244
3022 252
3023 262
3024 236
3025 229
3026 244
3027 267
3028 204
3029 247
3030 228
3031 276
3032 228
3033 244
3034 223
3035 253
3036 221
3037 242
3038 232
3039 233
3040 232
3041 231
3042 208
3043 256
3044 235
3045 226
3046 234
3047 250
3048 257
3049 262
3050 252
3051 229
3052 226
3053 256
3054 249
3055 238
3056 240
3057 241
3058 228
3059 248
3060 223
3061 245
3062 226
3063 269
3064 228
3065 227
3066 229
3067 239
3068 261
3069 245
3070 254
3071 219
3072 202
3073 208
3074 238
3075 212
3076 228
3077 237
3078 226
3079 250
3080 255
3081 215
3082 267
3083 204
3084 233
3085 226
3086 236
3087 239
3088 240
3089 235
3090 210
3091 230
3092 256
3093 215
3094 236
3095 229
3096 239
3097 204
3098 249
3099 205
3100 214
3101 214
3102 240
3103 219
3104 221
3105 247
3106 238
3107 237
3108 231
3109 251
3110 223
3111 247
3112 226
3113 210
3114 205
3115 228
3116 236
3117 250
3118 224
3119 232
3120 219
3121 195
3122 235
3123 218
3124 216
3125 205
3126 251
3127 205
3128 193
3129 225
3130 237
3131 214
3132 259
3133 212
3134 231
3135 216
3136 230
3137 211
3138 228
3139 220
3140 236
3141 225
3142 209
3143 215
3144 213
3145 238
3146 204
3147 229
3148 232
3149 219
3150 246
3151 193
3152 248
3153 202
3154 224
3155 239
3156 214
3157 234
3158 224
3159 193
3160 216
3161 218
3162 231
3163 185
3164 235
3165 231
3166 198
3167 208
3168 209
3169 243
3170 230
3171 233
3172 238
3173 223
3174 240
3175 259
3176 287
3177 318
3178 356
3179 343
3180 403
3181 383
3182 411
3183 390
3184 442
3185 455
3186 413
3187 428
3188 376
3189 408
3190 347
3191 329
3192 302
3193 265
3194 257
3195 218
3196 248
3197 270
3198 233
3199 226
3200 235
3201 188
3202 197
3203 226
3204 216
3205 195
3206 234
3207 211
3208 214
3209 207
3210 213
3211 217
3212 205
3213 240
3214 227
3215 228
3216 216
3217 232
3218 201
3219 189
3220 180
3221 196
3222 222
3223 217
3224 229
3225 215
3226 203
3227 208
3228 219
3229 201
3230 216
3231 256
3232 232
3233 248
3234 255
3235 264
3236 245
3237 270
3238 249
3239 266
3240 246
3241 253
3242 248
3243 236
3244 238
3245 225
3246 202
3247 218
3248 204
3249 208
3250 214
3251 222
3252 201
3253 201
3254 204
3255 195
3256 205
3257 214
3258 225
3259 180
3260 218
3261 201
3262 204
3263 196
3264 192
3265 205
3266 200
3267 232
3268 237
3269 198
3270 205
3271 201
3272 192
3273 211
3274 213
3275 203
3276 199
3277 211
3278 211
3279 197
3280 202
3281 192
3282 175
3283 238
3284 213
3285 207
3286 192
3287 193
3288 195
3289 219
3290 197
3291 197
3292 206
3293 188
3294 177
3295 188
3296 213
3297 221
3298 204
3299 196
3300 190
3301 189
3302 192
3303 201
3304 198
3305 191
3306 206
3307 201
3308 207
3309 202
3310 170
3311 213
3312 206
3313 182
3314 218
3315 189
3316 167
3317 202
3318 212
3319 173
3320 206
3321 211
3322 201
3323 193
3324 204
3325 200
3326 210
3327 177
3328 178
3329 170
3330 188
3331 196
3332 221
3333 182
3334 195
3335 200
3336 205
3337 205
3338 196
3339 195
3340 209
3341 197
3342 195
3343 183
3344 183
3345 227
3346 208
3347 191
3348 177
3349 184
3350 191
3351 194
3352 192
3353 216
3354 194
3355 196
3356 205
3357 204
3358 196
3359 184
3360 190
3361 207
3362 190
3363 190
3364 214
3365 188
3366 170
3367 187
3368 175
3369 208
3370 199
3371 167
3372 198
3373 184
3374 208
3375 208
3376 204
3377 181
3378 186
3379 189
3380 196
3381 183
3382 164
3383 187
3384 190
3385 212
3386 166
3387 167
3388 210
3389 193
3390 210
3391 205
3392 180
3393 182
3394 183
3395 205
3396 208
3397 211
3398 186
3399 193
3400 171
3401 192
3402 170
3403 172
3404 181
3405 196
3406 212
3407 166
3408 203
3409 200
3410 173
3411 184
3412 193
3413 199
3414 181
3415 181
3416 183
3417 189
3418 172
3419 175
3420 172
3421 190
3422 221
3423 179
3424 192
3425 176
3426 178
3427 180
3428 184
3429 200
3430 183
3431 220
3432 183
3433 179
3434 207
3435 182
3436 188
3437 177
3438 192
3439 182
3440 192
3441 192
3442 206
3443 186
3444 175
3445 198
3446 180
3447 190
3448 193
3449 168
3450 188
3451 194
3452 192
3453 177
3454 171
3455 188
3456 170
3457 185
3458 195
3459 185
3460 181
3461 173
3462 186
3463 166
3464 192
3465 190
3466 195
3467 198
3468 192
3469 176
3470 174
3471 181
3472 197
3473 196
3474 188
3475 175
3476 212
3477 187
3478 186
3479 191
3480 174
3481 183
3482 164
3483 170
3484 193
3485 196
3486 155
3487 167
3488 212
3489 182
3490 192
3491 179
3492 203
3493 185
3494 198
3495 169
3496 203
3497 165
3498 176
3499 205
3500 194
3501 147
3502 172
3503 192
3504 199
3505 191
3506 191
3507 192
3508 180
3509 170
3510 213
3511 172
3512 183
3513 197
3514 186
3515 199
3516 185
3517 185
3518 161
3519 179
3520 175
3521 164
3522 157
3523 184
3524 170
3525 184
3526 195
3527 182
3528 207
3529 177
3530 186
3531 210
3532 199
3533 193
3534 202
3535 221
3536 223
3537 225
3538 223
3539 212
3540 216
3541 217
3542 216
3543 191
3544 201
3545 182
3546 205
3547 190
3548 184
3549 182
3550 164
3551 178
3552 177
3553 169
3554 168
3555 170
3556 188
3557 163
3558 171
3559 183
3560 170
3561 188
3562 166
3563 154
3564 166
3565 197
3566 185
3567 187
3568 198
3569 182
3570 172
3571 153
3572 173
3573 181
3574 163
3575 187
3576 196
3577 189
3578 183
3579 155
3580 187
3581 154
3582 183
3583 154
3584 172
3585 173
3586 190
3587 164
3588 160
3589 167
3590 176
3591 172
3592 190
3593 164
3594 190
3595 173
3596 171
3597 179
3598 172
3599 163
3600 170
3601 161
3602 184
3603 184
3604 161
3605 158
3606 177
3607 186
3608 185
3609 176
3610 148
3611 162
3612 165
3613 165
3614 188
3615 180
3616 168
3617 170
3618 152
3619 165
3620 199
3621 162
3622 154
3623 154
3624 154
3625 159
3626 171
3627 148
3628 178
3629 157
3630 189
3631 184
3632 175
3633 161
3634 185
3635 156
3636 185
3637 168
3638 200
3639 202
3640 198
3641 188
3642 216
3643 257
3644 261
3645 252
3646 292
3647 286
3648 305
3649 314
3650 310
3651 312
3652 304
3653 296
3654 281
3655 248
3656 234
3657 214
3658 222
3659 177
3660 191
3661 173
3662 177
3663 184
3664 150
3665 194
3666 174
3667 163
3668 150
3669 138
3670 180
3671 171
3672 165
3673 175
3674 190
3675 157
3676 171
3677 180
3678 159
3679 179
3680 161
3681 156
3682 182
3683 160
3684 181
3685 170
3686 177
3687 186
3688 150
3689 163
3690 187
3691 157
3692 188
3693 175
3694 141
3695 148
3696 151
3697 171
3698 170
3699 149
3700 157
3701 175
3702 138
3703 160
3704 169
3705 158
3706 157
3707 156
3708 158
3709 170
3710 166
3711 170
3712 155
3713 196
3714 168
3715 150
3716 176
3717 168
3718 180
3719 158
3720 153
3721 158
3722 160
3723 123
3724 166
3725 157
3726 156
3727 166
3728 178
3729 159
3730 175
3731 169
3732 169
3733 158
3734 153
3735 154
3736 159
3737 140
3738 162
3739 164
3740 160
3741 172
3742 148
3743 162
3744 150
3745 148
3746 162
3747 128
3748 157
3749 157
3750 159
3751 140
3752 147
3753 146
3754 159
3755 158
3756 144
3757 160
3758 143
3759 185
3760 153
3761 165
3762 132
3763 156
3764 163
3765 177
3766 170
3767 143
3768 175
3769 142
3770 165
3771 139
3772 176
3773 185
3774 164
3775 176
3776 155
3777 166
3778 149
3779 143
3780 146
3781 168
3782 181
3783 173
3784 190
3785 252
3786 236
3787 267
3788 327
3789 341
3790 402
3791 409
3792 467
3793 494
3794 498
3795 541
3796 543
3797 524
3798 587
3799 521
3800 470
3801 456
3802 422
3803 342
3804 310
3805 308
3806 262
3807 227
3808 193
3809 181
3810 197
3811 170
3812 183
3813 149
3814 143
3815 131
3816 144
3817 163
3818 156
3819 162
3820 137
3821 134
3822 144
3823 144
3824 144
3825 134
3826 166
3827 160
3828 150
3829 154
3830 156
3831 161
3832 148
3833 161
3834 133
3835 153
3836 127
3837 141
3838 147
3839 139
3840 164
3841 148
3842 146
3843 140
3844 130
3845 143
3846 135
3847 142
3848 134
3849 145
3850 139
3851 136
3852 145
3853 141
3854 156
3855 136
3856 134
3857 124
3858 162
3859 134
3860 156
3861 145
3862 132
3863 154
3864 149
3865 152
3866 137
3867 144
3868 152
3869 164
3870 130
3871 145
3872 152
3873 141
3874 156
3875 157
3876 156
3877 146
3878 131
3879 135
3880 159
3881 163
3882 136
3883 129
3884 139
3885 132
3886 145
3887 137
3888 125
3889 155
3890 142
3891 127
3892 130
3893 155
3894 158
3895 123
3896 156
3897 143
3898 139
3899 136
3900 133
3901 161
3902 154
3903 143
3904 142
3905 151
3906 150
3907 124
3908 157
3909 142
3910 124
3911 142
3912 161
3913 134
3914 139
3915 138
3916 145
3917 154
3918 129
3919 133
3920 159
3921 136
3922 150
3923 132
3924 161
3925 112
3926 151
3927 143
3928 124
3929 141
3930 138
3931 143
3932 155
3933 123
3934 131
3935 145
3936 118
3937 157
3938 156
3939 152
3940 114
3941 127
3942 123
3943 169
3944 144
3945 146
3946 161
3947 119
3948 155
3949 161
3950 159
3951 138
3952 143
3953 108
3954 141
3955 139
3956 154
3957 144
3958 138
3959 127
3960 115
3961 128
3962 133
3963 155
3964 135
3965 139
3966 143
3967 143
3968 129
3969 132
3970 124
3971 165
3972 143
3973 132
3974 129
3975 157
3976 138
3977 137
3978 129
3979 123
3980 138
3981 127
3982 150
3983 139
3984 119
3985 144
3986 149
3987 115
3988 138
3989 132
3990 139
3991 119
3992 126
3993 134
3994 140
3995 151
3996 151
3997 132
3998 149
3999 146
4000 151
4001 118
4002 133
4003 152
4004 131
4005 135
4006 120
4007 125
4008 155
4009 160
4010 144
4011 155
4012 151
4013 152
4014 149
4015 132
4016 126
4017 141
4018 132
4019 152
4020 139
4021 148
4022 134
4023 137
4024 136
4025 143
4026 142
4027 129
4028 136
4029 143
4030 110
4031 132
4032 136
4033 141
4034 140
4035 133
4036 126
4037 149
4038 125
4039 130
4040 141
4041 123
4042 114
4043 125
4044 147
4045 165
4046 128
4047 142
4048 132
4049 139
4050 131
4051 149
4052 122
4053 132
4054 131
4055 117
4056 134
4057 125
4058 119
4059 114
4060 140
4061 143
4062 115
4063 143
4064 137
4065 138
4066 154
4067 145
4068 132
4069 147
4070 130
4071 143
4072 134
4073 139
4074 125
4075 152
4076 122
4077 134
4078 143
4079 130
4080 136
4081 135
4082 124
4083 124
4084 129
4085 140
4086 122
4087 126
4088 134
4089 100
4090 132
4091 127
4092 131
4093 156
4094 134
4095 126
4096 131
4097 123
4098 110
4099 121
4100 130
4101 104
4102 157
4103 131
4104 133
4105 127
4106 157
4107 134
4108 143
4109 124
4110 127
4111 131
4112 131
4113 111
4114 138
4115 129
4116 125
4117 126
4118 115
4119 129
4120 155
4121 145
4122 119
4123 161
4124 126
4125 109
4126 137
4127 115
4128 134
4129 120
4130 133
4131 114
4132 125
4133 131
4134 125
4135 120
4136 123
4137 118
4138 120
4139 135
4140 126
4141 128
4142 126
4143 134
4144 147
4145 128
4146 135
4147 120
4148 132
4149 108
4150 147
4151 132
4152 138
4153 115
4154 114
4155 118
4156 125
4157 128
4158 137
4159 124
4160 120
4161 151
4162 155
4163 116
4164 129
4165 141
4166 118
4167 146
4168 132
4169 115
4170 122
4171 135
4172 126
4173 130
4174 127
4175 141
4176 116
4177 127
4178 128
4179 126
4180 128
4181 144
4182 109
4183 133
4184 146
4185 119
4186 128
4187 130
4188 136
4189 149
4190 132
4191 130
4192 113
4193 152
4194 124
4195 115
4196 137
4197 116
4198 141
4199 117
4200 127
4201 122
4202 116
4203 143
4204 126
4205 144
4206 139
4207 130
4208 136
4209 115
4210 145
4211 113
4212 140
4213 137
4214 129
4215 122
4216 119
4217 125
4218 120
4219 131
4220 129
4221 122
4222 130
4223 113
4224 136
4225 116
4226 138
4227 135
4228 111
4229 124
4230 125
4231 120
4232 128
4233 115
4234 122
4235 140
4236 124
4237 117
4238 133
4239 132
4240 118
4241 113
4242 135
4243 134
4244 112
4245 123
4246 125
4247 113
4248 133
4249 94
4250 133
4251 126
4252 130
4253 119
4254 129
4255 115
4256 119
4257 107
4258 129
4259 111
4260 125
4261 122
4262 134
4263 140
4264 128
4265 109
4266 129
4267 124
4268 129
4269 113
4270 113
4271 116
4272 122
4273 119
4274 130
4275 119
4276 122
4277 124
4278 138
4279 116
4280 138
4281 137
4282 120
4283 130
4284 120
4285 119
4286 149
4287 122
4288 125
4289 122
4290 106
4291 134
4292 107
4293 122
4294 125
4295 125
4296 124
4297 104
4298 124
4299 134
4300 105
4301 124
4302 134
4303 107
4304 141
4305 131
4306 121
4307 115
4308 150
4309 127
4310 119
4311 117
4312 128
4313 99
4314 124
4315 117
4316 127
4317 131
4318 95
4319 144
4320 120
4321 137
4322 112
4323 133
4324 119
4325 121
4326 123
4327 136
4328 135
4329 114
4330 154
4331 124
4332 124
4333 121
4334 137
4335 118
4336 107
4337 137
4338 116
4339 135
4340 120
4341 124
4342 102
4343 119
4344 126
4345 134
4346 122
4347 136
4348 129
4349 110
4350 139
4351 122
4352 120
4353 123
4354 126
4355 119
4356 147
4357 123
4358 120
4359 118
4360 106
4361 118
4362 100
4363 150
4364 139
4365 113
4366 144
4367 111
4368 117
4369 121
4370 132
4371 129
4372 131
4373 99
4374 117
4375 137
4376 112
4377 114
4378 124
4379 97
4380 115
4381 116
4382 124
4383 113
4384 111
4385 130
4386 120
4387 109
4388 133
4389 140
4390 132
4391 141
4392 129
4393 108
4394 136
4395 131
4396 112
4397 113
4398 99
4399 107
4400 122
4401 112
4402 123
4403 113
4404 114
4405 130
4406 130
4407 117
4408 115
4409 130
4410 126
4411 120
4412 132
4413 135
4414 148
4415 134
4416 149
4417 130
4418 155
4419 131
4420 144
4421 134
4422 130
4423 130
4424 145
4425 111
4426 139
4427 122
4428 109
4429 110
4430 101
4431 102
4432 97
4433 123
4434 119
4435 124
4436 102
4437 108
4438 110
4439 120
4440 117
4441 127
4442 110
4443 92
4444 123
4445 122
4446 108
4447 116
4448 103
4449 121
4450 115
4451 112
4452 122
4453 125
4454 132
4455 112
4456 105
4457 113
4458 103
4459 102
4460 89
4461 124
4462 101
4463 131
4464 115
4465 133
4466 107
4467 111
4468 97
4469 112
4470 121
4471 124
4472 122
4473 115
4474 119
4475 122
4476 118
4477 113
4478 125
4479 121
4480 122
4481 117
4482 126
4483 109
4484 115
4485 114
4486 105
4487 110
4488 101
4489 87
4490 129
4491 106
4492 113
4493 102
4494 104
4495 104
4496 101
4497 125
4498 116
4499 115
4500 121
4501 127
4502 109
4503 123
4504 81
4505 108
4506 100
4507 125
4508 109
4509 107
4510 111
4511 106
4512 93
4513 100
4514 116
4515 115
4516 110
4517 118
4518 115
4519 118
4520 109
4521 105
4522 120
4523 109
4524 122
4525 108
4526 130
4527 99
4528 123
4529 112
4530 117
4531 97
4532 107
4533 120
4534 104
4535 107
4536 123
4537 109
4538 110
4539 112
4540 103
4541 105
4542 101
4543 84
4544 118
4545 105
4546 113
4547 115
4548 122
4549 119
4550 118
4551 103
4552 105
4553 98
4554 99
4555 111
4556 100
4557 103
4558 110
4559 122
4560 103
4561 106
4562 88
4563 125
4564 107
4565 111
4566 105
4567 108
4568 109
4569 112
4570 124
4571 110
4572 113
4573 95
4574 103
4575 117
4576 113
4577 118
4578 119
4579 101
4580 109
4581 119
4582 119
4583 95
4584 91
4585 119
4586 96
4587 111
4588 96
4589 118
4590 105
4591 109
4592 121
4593 105
4594 116
4595 115
4596 87
4597 102
4598 99
4599 104
4600 108
4601 114
4602 95
4603 117
4604 107
4605 92
4606 133
4607 106
4608 95
4609 110
4610 109
4611 109
4612 120
4613 111
4614 112
4615 94
4616 98
4617 104
4618 107
4619 102
4620 98
4621 103
4622 97
4623 93
4624 102
4625 106
4626 110
4627 114
4628 102
4629 109
4630 108
4631 117
4632 104
4633 101
4634 102
4635 82
4636 104
4637 117
4638 101
4639 104
4640 117
4641 107
4642 129
4643 107
4644 108
4645 107
4646 113
4647 124
4648 107
4649 89
4650 119
4651 110
4652 110
4653 124
4654 102
4655 111
4656 106
4657 113
4658 93
4659 86
4660 101
4661 93
4662 101
4663 92
4664 107
4665 90
4666 124
4667 89
4668 114
4669 107
4670 90
4671 112
4672 96
4673 101
4674 85
4675 91
4676 106
4677 96
4678 112
4679 109
4680 85
4681 104
4682 100
4683 94
4684 104
4685 112
4686 108
4687 101
4688 107
4689 99
4690 104
4691 107
4692 130
4693 102
4694 107
4695 89
4696 105
4697 94
4698 92
4699 96
4700 110
4701 95
4702 106
4703 109
4704 84
4705 107
4706 87
4707 101
4708 101
4709 103
4710 116
4711 115
4712 109
4713 116
4714 99
4715 90
4716 86
4717 98
4718 119
4719 102
4720 104
4721 87
4722 102
4723 109
4724 95
4725 105
4726 123
4727 121
4728 118
4729 121
4730 81
4731 142
4732 100
4733 115
4734 126
4735 128
4736 112
4737 93
4738 124
4739 140
4740 114
4741 117
4742 122
4743 127
4744 110
4745 87
4746 105
4747 100
4748 105
4749 110
4750 111
4751 91
4752 91
4753 89
4754 103
4755 105
4756 105
4757 91
4758 92
4759 93
4760 92
4761 102
4762 99
4763 111
4764 97
4765 99
4766 108
4767 97
4768 113
4769 108
4770 117
4771 111
4772 97
4773 103
4774 97
4775 108
4776 91
4777 114
4778 103
4779 106
4780 113
4781 89
4782 101
4783 98
4784 95
4785 102
4786 100
4787 114
4788 91
4789 97
4790 100
4791 107
4792 108
4793 93
4794 102
4795 98
4796 120
4797 88
4798 93
4799 109
4800 119
4801 84
4802 113
4803 102
4804 115
4805 88
4806 112
4807 97
4808 106
4809 109
4810 101
4811 90
4812 86
4813 98
4814 93
4815 96
4816 116
4817 109
4818 94
4819 103
4820 101
4821 79
4822 110
4823 84
4824 85
4825 93
4826 107
4827 99
4828 103
4829 108
4830 91
4831 80
4832 108
4833 113
4834 105
4835 107
4836 107
4837 95
4838 87
4839 101
4840 94
4841 112
4842 89
4843 101
4844 111
4845 100
4846 105
4847 92
4848 103
4849 100
4850 95
4851 99
4852 114
4853 116
4854 90
4855 104
4856 83
4857 96
4858 87
4859 104
4860 97
4861 92
4862 101
4863 109
4864 84
4865 90
4866 93
4867 97
4868 95
4869 93
4870 84
4871 103
4872 94
4873 95
4874 109
4875 93
4876 102
4877 79
4878 97
4879 122
4880 100
4881 112
4882 99
4883 83
4884 95
4885 119
4886 102
4887 92
4888 107
4889 108
4890 107
4891 100
4892 94
4893 98
4894 113
4895 88
4896 106
4897 103
4898 90
4899 97
4900 110
4901 97
4902 91
4903 99
4904 101
4905 94
4906 92
4907 99
4908 110
4909 100
4910 81
4911 99
4912 101
4913 93
4914 91
4915 98
4916 105
4917 88
4918 117
4919 108
4920 101
4921 96
4922 107
4923 88
4924 101
4925 115
4926 94
4927 88
4928 81
4929 94
4930 86
4931 101
4932 110
4933 90
4934 110
4935 85
4936 99
4937 105
4938 103
4939 106
4940 81
4941 102
4942 91
4943 103
4944 104
4945 82
4946 94
4947 99
4948 79
4949 79
4950 93
4951 98
4952 93
4953 113
4954 97
4955 95
4956 107
4957 98
4958 107
4959 88
4960 87
4961 93
4962 103
4963 93
4964 91
4965 78
4966 84
4967 86
4968 104
4969 88
4970 96
4971 107
4972 90
4973 88
4974 93
4975 109
4976 84
4977 86
4978 98
4979 104
4980 98
4981 86
4982 87
4983 108
4984 109
4985 115
4986 107
4987 126
4988 113
4989 110
4990 129
4991 141
4992 141
4993 151
4994 148
4995 128
4996 160
4997 152
4998 133
4999 151
5000 132
5001 131
5002 98
5003 108
5004 99
5005 103
5006 107
5007 99
5008 99
5009 101
5010 93
5011 90
5012 79
5013 92
5014 103
5015 87
5016 79
5017 94
5018 99
5019 92
5020 84
5021 98
5022 88
5023 104
5024 107
5025 82
5026 84
5027 94
5028 99
5029 79
5030 82
5031 99
5032 95
5033 102
5034 102
5035 89
5036 87
5037 82
5038 97
5039 85
5040 85
5041 89
5042 95
5043 95
5044 83
5045 98
5046 76
5047 97
5048 90
5049 79
5050 118
5051 105
5052 96
5053 91
5054 80
5055 83
5056 86
5057 91
5058 81
5059 92
5060 90
5061 94
5062 86
5063 88
5064 78
5065 74
5066 102
5067 110
5068 69
5069 96
5070 80
5071 88
5072 99
5073 104
5074 80
5075 85
5076 90
5077 106
5078 84
5079 81
5080 97
5081 99
5082 91
5083 69
5084 89
5085 86
5086 94
5087 94
5088 88
5089 92
5090 89
5091 78
5092 93
5093 82
5094 104
5095 85
5096 82
5097 80
5098 81
5099 94
5100 88
5101 90
5102 90
5103 81
5104 84
5105 84
5106 90
5107 75
5108 95
5109 75
5110 77
5111 69
5112 108
5113 91
5114 93
5115 115
5116 79
5117 83
5118 100
5119 75
5120 93
5121 95
5122 94
5123 80
5124 84
5125 84
5126 102
5127 82
5128 94
5129 97
5130 100
5131 86
5132 96
5133 76
5134 89
5135 78
5136 71
5137 105
5138 80
5139 101
5140 101
5141 89
5142 91
5143 84
5144 90
5145 96
5146 96
5147 88
5148 98
5149 73
5150 82
5151 98
5152 89
5153 91
5154 86
5155 104
5156 87
5157 73
5158 101
5159 84
5160 89
5161 96
5162 94
5163 104
5164 84
5165 84
5166 96
5167 100
5168 96
5169 102
5170 90
5171 91
5172 79
5173 94
5174 80
5175 90
5176 89
5177 98
5178 87
5179 100
5180 80
5181 84
5182 78
5183 102
5184 101
5185 81
5186 78
5187 83
5188 102
5189 76
5190 93
5191 89
5192 71
5193 80
5194 74
5195 85
5196 84
5197 92
5198 90
5199 86
5200 92
5201 82
5202 108
5203 88
5204 82
5205 89
5206 74
5207 72
5208 81
5209 76
5210 90
5211 78
5212 89
5213 91
5214 89
5215 86
5216 102
5217 79
5218 61
5219 95
5220 95
5221 86
5222 76
5223 79
5224 85
5225 92
5226 91
5227 88
5228 93
5229 76
5230 82
5231 103
5232 83
5233 111
5234 84
5235 101
5236 64
5237 84
5238 89
5239 103
5240 78
5241 69
5242 90
5243 81
5244 77
5245 88
5246 89
5247 92
5248 96
5249 86
5250 86
5251 89
5252 101
5253 99
5254 70
5255 99
5256 95
5257 96
5258 78
5259 97
5260 102
5261 96
5262 76
5263 86
5264 84
5265 83
5266 83
5267 67
5268 82
5269 86
5270 85
5271 91
5272 86
5273 92
5274 84
5275 79
5276 84
5277 79
5278 78
5279 90
5280 85
5281 81
5282 107
5283 89
5284 82
5285 91
5286 83
5287 85
5288 89
5289 81
5290 70
5291 83
5292 83
5293 73
5294 87
5295 100
5296 66
5297 86
5298 95
5299 94
5300 90
5301 89
5302 83
5303 78
5304 84
5305 78
5306 84
5307 94
5308 91
5309 76
5310 75
5311 76
5312 83
5313 70
5314 85
5315 90
5316 86
5317 75
5318 92
5319 86
5320 90
5321 94
5322 77
5323 92
5324 90
5325 97
5326 85
5327 93
5328 82
5329 84
5330 77
5331 72
5332 76
5333 95
5334 88
5335 81
5336 83
5337 82
5338 77
5339 93
5340 75
5341 102
5342 84
5343 76
5344 83
5345 67
5346 83
5347 87
5348 77
5349 101
5350 92
5351 88
5352 80
5353 69
5354 95
5355 83
5356 79
5357 77
5358 83
5359 93
5360 96
5361 97
5362 85
5363 75
5364 69
5365 90
5366 84
5367 85
5368 89
5369 90
5370 87
5371 74
5372 99
5373 89
5374 81
5375 81
5376 75
5377 75
5378 93
5379 85
5380 83
5381 67
5382 79
5383 80
5384 80
5385 84
5386 88
5387 77
5388 98
5389 90
5390 100
5391 91
5392 77
5393 88
5394 89
5395 80
5396 70
5397 74
5398 81
5399 77
5400 99
5401 73
5402 92
5403 83
5404 92
5405 86
5406 70
5407 79
5408 78
5409 82
5410 79
5411 89
5412 71
5413 82
5414 71
5415 70
5416 91
5417 80
5418 68
5419 74
5420 53
5421 82
5422 83
5423 86
5424 73
5425 73
5426 85
5427 93
5428 92
5429 99
5430 82
5431 81
5432 70
5433 95
5434 95
5435 85
5436 85
5437 67
5438 97
5439 79
5440 75
5441 79
5442 77
5443 71
5444 91
5445 87
5446 96
5447 69
5448 94
5449 77
5450 90
5451 59
5452 73
5453 63
5454 83
5455 71
5456 78
5457 76
5458 72
5459 63
5460 91
5461 75
5462 97
5463 92
5464 94
5465 84
5466 85
5467 85
5468 62
5469 81
5470 81
5471 78
5472 87
5473 79
5474 83
5475 83
5476 81
5477 93
5478 105
5479 98
5480 97
5481 96
5482 103
5483 110
5484 82
5485 99
5486 96
5487 106
5488 95
5489 98
5490 114
5491 110
5492 105
5493 105
5494 116
5495 120
5496 144
5497 134
5498 143
5499 174
5500 177
5501 178
5502 185
5503 202
5504 231
5505 218
5506 260
5507 273
5508 287
5509 264
5510 276
5511 271
5512 267
5513 267
5514 275
5515 259
5516 253
5517 227
5518 228
5519 207
5520 174
5521 168
5522 178
5523 175
5524 159
5525 136
5526 141
5527 127
5528 137
5529 115
5530 120
5531 107
5532 113
5533 103
5534 86
5535 100
5536 95
5537 87
5538 102
5539 114
5540 101
5541 84
5542 85
5543 87
5544 85
5545 74
5546 79
5547 79
5548 81
5549 100
5550 95
5551 68
5552 69
5553 91
5554 74
5555 81
5556 83
5557 56
5558 90
5559 64
5560 65
5561 74
5562 73
5563 87
5564 78
5565 72
5566 81
5567 80
5568 82
5569 84
5570 72
5571 96
5572 88
5573 90
5574 80
5575 76
5576 78
5577 92
5578 80
5579 85
5580 76
5581 79
5582 72
5583 96
5584 75
5585 79
5586 66
5587 83
5588 76
5589 73
5590 66
5591 69
5592 78
5593 60
5594 90
5595 78
5596 73
5597 68
5598 63
5599 86
5600 72
5601 70
5602 77
5603 71
5604 64
5605 82
5606 77
5607 65
5608 74
5609 79
5610 86
5611 70
5612 83
5613 86
5614 86
5615 87
5616 79
5617 66
5618 75
5619 81
5620 67
5621 93
5622 75
5623 87
5624 69
5625 75
5626 68
5627 75
5628 88
5629 87
5630 95
5631 67
5632 85
5633 86
5634 71
5635 71
5636 70
5637 65
5638 86
5639 78
5640 72
5641 85
5642 94
5643 85
5644 81
5645 82
5646 80
5647 75
5648 67
5649 79
5650 88
5651 91
5652 80
5653 77
5654 70
5655 80
5656 55
5657 68
5658 66
5659 72
5660 83
5661 87
5662 93
5663 64
5664 74
5665 72
5666 66
5667 71
5668 67
5669 73
5670 80
5671 70
5672 75
5673 69
5674 85
5675 54
5676 76
5677 61
5678 76
5679 73
5680 77
5681 80
5682 85
5683 64
5684 66
5685 86
5686 85
5687 96
5688 92
5689 73
5690 79
5691 75
5692 80
5693 72
5694 78
5695 66
5696 96
5697 74
5698 66
5699 59
5700 71
5701 73
5702 67
5703 69
5704 81
5705 74
5706 92
5707 71
5708 74
5709 66
5710 85
5711 61
5712 76
5713 63
5714 82
5715 61
5716 62
5717 71
5718 69
5719 74
5720 77
5721 85
5722 87
5723 72
5724 83
5725 94
5726 73
5727 73
5728 78
5729 79
5730 77
5731 81
5732 61
5733 73
5734 57
5735 71
5736 65
5737 74
5738 88
5739 71
5740 82
5741 72
5742 77
5743 83
5744 70
5745 65
5746 71
5747 67
5748 85
5749 82
5750 65
5751 69
5752 85
5753 75
5754 72
5755 74
5756 85
5757 79
5758 89
5759 70
5760 75
5761 76
5762 78
5763 76
5764 72
5765 81
5766 75
5767 82
5768 69
5769 60
5770 81
5771 85
5772 67
5773 67
5774 75
5775 64
5776 67
5777 82
5778 83
5779 84
5780 78
5781 78
5782 86
5783 62
5784 73
5785 78
5786 86
5787 78
5788 67
5789 64
5790 74
5791 77
5792 68
5793 82
5794 69
5795 81
5796 67
5797 89
5798 73
5799 74
5800 81
5801 74
5802 68
5803 85
5804 69
5805 68
5806 75
5807 76
5808 72
5809 80
5810 96
5811 70
5812 82
5813 76
5814 89
5815 58
5816 79
5817 83
5818 78
5819 67
5820 67
5821 74
5822 68
5823 92
5824 69
5825 79
5826 73
5827 58
5828 83
5829 82
5830 64
5831 65
5832 82
5833 80
5834 51
5835 75
5836 70
5837 68
5838 81
5839 83
5840 59
5841 62
5842 68
5843 68
5844 83
5845 70
5846 71
5847 74
5848 73
5849 73
5850 81
5851 66
5852 71
5853 75
5854 71
5855 71
5856 74
5857 66
5858 86
5859 68
5860 72
5861 79
5862 53
5863 78
5864 59
5865 76
5866 73
5867 81
5868 84
5869 85
5870 77
5871 55
5872 69
5873 68
5874 69
5875 68
5876 75
5877 64
5878 61
5879 68
5880 72
5881 81
5882 55
5883 73
5884 68
5885 74
5886 92
5887 62
5888 89
5889 65
5890 75
5891 70
5892 77
5893 67
5894 71
5895 68
5896 60
5897 91
5898 59
5899 73
5900 72
5901 80
5902 73
5903 76
5904 67
5905 65
5906 88
5907 68
5908 75
5909 92
5910 62
5911 76
5912 83
5913 71
5914 75
5915 77
5916 63
5917 72
5918 68
5919 71
5920 61
5921 83
5922 60
5923 70
5924 65
5925 70
5926 76
5927 71
5928 72
5929 75
5930 76
5931 61
5932 60
5933 69
5934 78
5935 60
5936 74
5937 75
5938 81
5939 65
5940 75
5941 66
5942 79
5943 70
5944 57
5945 69
5946 75
5947 63
5948 76
5949 57
5950 76
5951 66
5952 77
5953 67
5954 68
5955 74
5956 70
5957 54
5958 68
5959 64
5960 86
5961 56
5962 64
5963 78
5964 72
5965 62
5966 81
5967 61
5968 72
5969 88
5970 71
5971 75
5972 72
5973 81
5974 70
5975 98
5976 52
5977 86
5978 81
5979 69
5980 62
5981 67
5982 62
5983 79
5984 70
5985 79
5986 57
5987 66
5988 54
5989 78
5990 71
5991 87
5992 69
5993 71
5994 75
5995 75
5996 60
5997 67
5998 59
5999 87
6000 57
6001 74
6002 72
6003 68
6004 59
6005 68
6006 70
6007 70
6008 77
6009 63
6010 67
6011 77
6012 61
6013 69
6014 73
6015 67
6016 64
6017 75
6018 68
6019 64
6020 60
6021 74
6022 73
6023 53
6024 58
6025 69
6026 80
6027 72
6028 51
6029 76
6030 70
6031 62
6032 80
6033 58
6034 64
6035 50
6036 67
6037 64
6038 75
6039 71
6040 61
6041 72
6042 63
6043 76
6044 71
6045 59
6046 60
6047 80
6048 68
6049 58
6050 59
6051 80
6052 72
6053 70
6054 66
6055 56
6056 72
6057 73
6058 70
6059 70
6060 80
6061 79
6062 69
6063 75
6064 77
6065 74
6066 71
6067 55
6068 62
6069 80
6070 90
6071 71
6072 77
6073 75
6074 88
6075 86
6076 70
6077 71
6078 83
6079 67
6080 74
6081 76
6082 74
6083 60
6084 84
6085 58
6086 63
6087 64
6088 81
6089 55
6090 67
6091 72
6092 70
6093 59
6094 62
6095 68
6096 84
6097 65
6098 76
6099 64
6100 68
6101 56
6102 67
6103 60
6104 52
6105 76
6106 74
6107 69
6108 75
6109 78
6110 73
6111 92
6112 59
6113 65
6114 82
6115 79
6116 74
6117 65
6118 88
6119 63
6120 71
6121 74
6122 78
6123 66
6124 62
6125 70
6126 69
6127 64
6128 67
6129 62
6130 77
6131 68
6132 73
6133 71
6134 61
6135 73
6136 70
6137 57
6138 79
6139 59
6140 73
6141 57
6142 72
6143 77
6144 73
6145 58
6146 76
6147 67
6148 71
6149 77
6150 54
6151 71
6152 69
6153 80
6154 81
6155 61
6156 64
6157 58
6158 78
6159 73
6160 72
6161 73
6162 71
6163 62
6164 62
6165 66
6166 67
6167 67
6168 69
6169 75
6170 60
6171 66
6172 65
6173 69
6174 67
6175 72
6176 59
6177 73
6178 63
6179 74
6180 79
6181 64
6182 65
6183 82
6184 71
6185 57
6186 80
6187 67
6188 75
6189 58
6190 65
6191 70
6192 72
6193 62
6194 66
6195 84
6196 82
6197 68
6198 53
6199 73
6200 57
6201 58
6202 79
6203 67
6204 74
6205 71
6206 69
6207 74
6208 62
6209 65
6210 71
6211 77
6212 72
6213 69
6214 62
6215 61
6216 59
6217 79
6218 94
6219 78
6220 63
6221 76
6222 66
6223 79
6224 76
6225 75
6226 61
6227 57
6228 61
6229 66
6230 71
6231 52
6232 69
6233 56
6234 100
6235 78
6236 53
6237 71
6238 52
6239 66
6240 61
6241 64
6242 73
6243 65
6244 63
6245 72
6246 56
6247 77
6248 84
6249 50
6250 70
6251 74
6252 80
6253 82
6254 71
6255 68
6256 71
6257 67
6258 70
6259 68
6260 60
6261 78
6262 72
6263 77
6264 68
6265 61
6266 88
6267 67
6268 68
6269 74
6270 55
6271 73
6272 82
6273 84
6274 61
6275 76
6276 92
6277 86
6278 94
6279 127
6280 121
6281 139
6282 160
6283 184
6284 224
6285 229
6286 274
6287 279
6288 296
6289 307
6290 337
6291 313
6292 387
6293 333
6294 345
6295 315
6296 313
6297 278
6298 297
6299 232
6300 197
6301 190
6302 163
6303 153
6304 121
6305 107
6306 84
6307 88
6308 86
6309 78
6310 74
6311 83
6312 66
6313 73
6314 69
6315 76
6316 61
6317 61
6318 74
6319 57
6320 60
6321 78
6322 66
6323 50
6324 60
6325 74
6326 59
6327 67
6328 70
6329 49
6330 49
6331 54
6332 56
6333 69
6334 70
6335 53
6336 57
6337 55
6338 72
6339 54
6340 65
6341 72
6342 68
6343 71
6344 59
6345 73
6346 74
6347 64
6348 68
6349 58
6350 42
6351 72
6352 44
6353 69
6354 50
6355 64
6356 63
6357 46
6358 73
6359 73
6360 52
6361 56
6362 67
6363 64
6364 66
6365 68
6366 58
6367 59
6368 60
6369 56
6370 51
6371 67
6372 49
6373 65
6374 72
6375 60
6376 69
6377 52
6378 57
6379 62
6380 58
6381 55
6382 65
6383 64
6384 73
6385 53
6386 62
6387 59
6388 69
6389 53
6390 58
6391 59
6392 52
6393 67
6394 64
6395 67
6396 68
6397 60
6398 84
6399 61
6400 66
6401 67
6402 74
6403 53
6404 57
6405 68
6406 65
6407 62
6408 53
6409 71
6410 55
6411 65
6412 65
6413 54
6414 44
6415 60
6416 57
6417 58
6418 55
6419 63
6420 67
6421 67
6422 78
6423 65
6424 59
6425 70
6426 53
6427 51
6428 68
6429 63
6430 71
6431 54
6432 52
6433 70
6434 64
6435 57
6436 71
6437 62
6438 75
6439 55
6440 58
6441 62
6442 69
6443 49
6444 47
6445 75
6446 62
6447 93
6448 59
6449 70
6450 55
6451 48
6452 69
6453 54
6454 78
6455 53
6456 73
6457 51
6458 71
6459 51
6460 55
6461 56
6462 65
6463 61
6464 51
6465 61
6466 63
6467 57
6468 59
6469 69
6470 61
6471 72
6472 59
6473 59
6474 69
6475 52
6476 52
6477 55
6478 77
6479 59
6480 55
6481 68
6482 54
6483 63
6484 62
6485 56
6486 55
6487 68
6488 53
6489 71
6490 59
6491 64
6492 52
6493 66
6494 67
6495 67
6496 66
6497 66
6498 57
6499 56
6500 58
6501 75
6502 64
6503 71
6504 55
6505 56
6506 69
6507 57
6508 57
6509 61
6510 67
6511 63
6512 67
6513 64
6514 60
6515 72
6516 64
6517 66
6518 65
6519 68
6520 60
6521 62
6522 65
6523 50
6524 65
6525 73
6526 54
6527 65
6528 62
6529 47
6530 59
6531 59
6532 60
6533 72
6534 45
6535 59
6536 80
6537 58
6538 74
6539 63
6540 62
6541 60
6542 61
6543 73
6544 52
6545 75
6546 70
6547 63
6548 64
6549 52
6550 53
6551 55
6552 62
6553 67
6554 64
6555 76
6556 71
6557 77
6558 86
6559 104
6560 94
6561 96
6562 153
6563 132
6564 164
6565 199
6566 231
6567 300
6568 286
6569 325
6570 369
6571 402
6572 412
6573 388
6574 416
6575 432
6576 422
6577 422
6578 351
6579 342
6580 276
6581 293
6582 211
6583 210
6584 169
6585 144
6586 136
6587 109
6588 113
6589 84
6590 68
6591 63
6592 47
6593 76
6594 77
6595 59
6596 63
6597 55
6598 60
6599 63
6600 48
6601 57
6602 62
6603 69
6604 53
6605 63
6606 51
6607 54
6608 69
6609 50
6610 64
6611 60
6612 64
6613 76
6614 54
6615 61
6616 47
6617 51
6618 70
6619 54
6620 46
6621 55
6622 54
6623 64
6624 46
6625 66
6626 48
6627 61
6628 60
6629 62
6630 58
6631 61
6632 50
6633 60
6634 49
6635 54
6636 52
6637 53
6638 59
6639 51
6640 57
6641 55
6642 53
6643 53
6644 56
6645 52
6646 54
6647 49
6648 64
6649 66
6650 60
6651 68
6652 75
6653 58
6654 69
6655 49
6656 54
6657 58
6658 58
6659 53
6660 49
6661 48
6662 47
6663 49
6664 50
6665 61
6666 52
6667 74
6668 55
6669 52
6670 49
6671 67
6672 58
6673 49
6674 54
6675 64
6676 74
6677 58
6678 55
6679 53
6680 61
6681 47
6682 53
6683 64
6684 50
6685 51
6686 47
6687 63
6688 74
6689 56
6690 56
6691 49
6692 61
6693 48
6694 66
6695 59
6696 71
6697 49
6698 65
6699 56
6700 52
6701 40
6702 59
6703 62
6704 66
6705 43
6706 64
6707 47
6708 73
6709 65
6710 51
6711 45
6712 52
6713 55
6714 55
6715 53
6716 73
6717 49
6718 68
6719 62
6720 62
6721 53
6722 50
6723 60
6724 60
6725 58
6726 51
6727 44
6728 61
6729 49
6730 59
6731 68
6732 54
6733 56
6734 49
6735 57
6736 74
6737 68
6738 54
6739 50
6740 55
6741 51
6742 76
6743 62
6744 46
6745 64
6746 59
6747 66
6748 62
6749 65
6750 48
6751 52
6752 55
6753 53
6754 65
6755 51
6756 58
6757 42
6758 59
6759 52
6760 46
6761 59
6762 60
6763 55
6764 55
6765 64
6766 64
6767 58
6768 61
6769 53
6770 51
6771 39
6772 54
6773 45
6774 62
6775 46
6776 71
6777 63
6778 49
6779 51
6780 50
6781 55
6782 54
6783 67
6784 63
6785 38
6786 74
6787 61
6788 61
6789 56
6790 46
6791 56
6792 59
6793 52
6794 65
6795 63
6796 70
6797 53
6798 54
6799 52
6800 49
6801 46
6802 55
6803 62
6804 54
6805 62
6806 51
6807 49
6808 57
6809 56
6810 55
6811 56
6812 60
6813 66
6814 53
6815 55
6816 51
6817 44
6818 59
6819 59
6820 55
6821 63
6822 62
6823 55
6824 52
6825 55
6826 48
6827 50
6828 52
6829 48
6830 42
6831 59
6832 45
6833 50
6834 51
6835 50
6836 65
6837 51
6838 66
6839 55
6840 49
6841 69
6842 57
6843 66
6844 62
6845 66
6846 54
6847 64
6848 70
6849 59
6850 66
6851 57
6852 73
6853 56
6854 58
6855 54
6856 66
6857 44
6858 55
6859 49
6860 54
6861 69
6862 51
6863 62
6864 60
6865 61
6866 54
6867 50
6868 55
6869 50
6870 52
6871 44
6872 45
6873 73
6874 55
6875 61
6876 59
6877 48
6878 54
6879 58
6880 54
6881 60
6882 57
6883 58
6884 71
6885 62
6886 61
6887 62
6888 63
6889 62
6890 56
6891 48
6892 47
6893 48
6894 54
6895 48
6896 58
6897 56
6898 44
6899 53
6900 54
6901 60
6902 52
6903 53
6904 60
6905 56
6906 70
6907 57
6908 56
6909 53
6910 58
6911 50
6912 61
6913 48
6914 59
6915 47
6916 56
6917 53
6918 60
6919 66
6920 53
6921 61
6922 51
6923 45
6924 52
6925 52
6926 38
6927 57
6928 58
6929 56
6930 52
6931 46
6932 59
6933 55
6934 43
6935 62
6936 58
6937 54
6938 68
6939 42
6940 50
6941 46
6942 56
6943 42
6944 63
6945 47
6946 71
6947 57
6948 44
6949 62
6950 51
6951 48
6952 47
6953 59
6954 51
6955 61
6956 53
6957 46
6958 52
6959 62
6960 53
6961 57
6962 39
6963 47
6964 71
6965 61
6966 59
6967 51
6968 46
6969 50
6970 65
6971 52
6972 67
6973 50
6974 62
6975 46
6976 49
6977 56
6978 52
6979 49
6980 51
6981 59
6982 56
6983 52
6984 69
6985 51
6986 52
6987 64
6988 50
6989 51
6990 49
6991 68
6992 48
6993 51
6994 53
6995 69
6996 43
6997 48
6998 63
6999 56
7000 54
7001 57
7002 62
7003 59
7004 54
7005 55
7006 51
7007 43
7008 71
7009 46
7010 48
7011 56
7012 59
7013 51
7014 53
7015 52
7016 63
7017 52
7018 54
7019 54
7020 64
7021 57
7022 51
7023 54
7024 53
7025 59
7026 40
7027 51
7028 47
7029 57
7030 61
7031 54
7032 49
7033 45
7034 52
7035 72
7036 55
7037 63
7038 51
7039 63
7040 53
7041 64
7042 48
7043 39
7044 39
7045 60
7046 47
7047 50
7048 58
7049 44
7050 54
7051 54
7052 65
7053 59
7054 52
7055 64
7056 63
7057 48
7058 46
7059 43
7060 52
7061 49
7062 52
7063 55
7064 51
7065 52
7066 49
7067 31
7068 63
7069 48
7070 50
7071 65
7072 46
7073 52
7074 45
7075 52
7076 64
7077 43
7078 73
7079 46
7080 70
7081 46
7082 51
7083 53
7084 63
7085 45
7086 49
7087 41
7088 60
7089 52
7090 61
7091 59
7092 60
7093 54
7094 44
7095 47
7096 52
7097 40
7098 50
7099 51
7100 50
7101 58
7102 45
7103 54
7104 47
7105 54
7106 39
7107 50
7108 52
7109 48
7110 50
7111 60
7112 63
7113 54
7114 55
7115 62
7116 46
7117 58
7118 40
7119 55
7120 57
7121 44
7122 48
7123 49
7124 63
7125 45
7126 59
7127 65
7128 59
7129 53
7130 52
7131 54
7132 52
7133 48
7134 57
7135 46
7136 59
7137 48
7138 61
7139 44
7140 59
7141 49
7142 70
7143 50
7144 60
7145 58
7146 56
7147 60
7148 60
7149 53
7150 54
7151 61
7152 46
7153 51
7154 54
7155 60
7156 52
7157 49
7158 48
7159 55
7160 45
7161 59
7162 51
7163 53
7164 64
7165 50
7166 50
7167 60
7168 64
7169 66
7170 59
7171 48
7172 44
7173 65
7174 68
7175 72
7176 69
7177 60
7178 63
7179 56
7180 53
7181 74
7182 69
7183 49
7184 57
7185 51
7186 69
7187 55
7188 72
7189 51
7190 60
7191 49
7192 41
7193 48
7194 62
7195 57
7196 59
7197 59
7198 51
7199 55
7200 52
7201 34
7202 45
7203 50
7204 38
7205 51
7206 63
7207 47
7208 40
7209 57
7210 43
7211 53
7212 48
7213 59
7214 71
7215 50
7216 48
7217 53
7218 58
7219 50
7220 58
7221 47
7222 51
7223 48
7224 61
7225 63
7226 57
7227 54
7228 42
7229 51
7230 59
7231 46
7232 62
7233 63
7234 52
7235 45
7236 51
7237 51
7238 48
7239 80
7240 56
7241 49
7242 48
7243 43
7244 46
7245 59
7246 58
7247 54
7248 48
7249 52
7250 39
7251 40
7252 62
7253 48
7254 54
7255 50
7256 50
7257 60
7258 60
7259 56
7260 53
7261 47
7262 41
7263 46
7264 49
7265 56
7266 55
7267 61
7268 49
7269 44
7270 47
7271 61
7272 49
7273 40
7274 54
7275 55
7276 42
7277 64
7278 45
7279 61
7280 67
7281 69
7282 70
7283 57
7284 52
7285 44
7286 58
7287 56
7288 47
7289 61
7290 34
7291 56
7292 47
7293 45
7294 63
7295 50
7296 46
7297 48
7298 59
7299 43
7300 57
7301 54
7302 58
7303 43
7304 62
7305 35
7306 59
7307 49
7308 59
7309 52
7310 51
7311 64
7312 45
7313 65
7314 39
7315 40
7316 58
7317 48
7318 45
7319 46
7320 46
7321 47
7322 48
7323 53
7324 53
7325 42
7326 60
7327 49
7328 64
7329 57
7330 41
7331 58
7332 56
7333 73
7334 54
7335 57
7336 51
7337 45
7338 46
7339 52
7340 52
7341 44
7342 53
7343 44
7344 53
7345 38
7346 43
7347 50
7348 56
7349 66
7350 56
7351 66
7352 44
7353 51
7354 58
7355 32
7356 51
7357 43
7358 54
7359 61
7360 59
7361 54
7362 45
7363 46
7364 41
7365 55
7366 53
7367 44
7368 51
7369 55
7370 41
7371 39
7372 55
7373 51
7374 57
7375 58
7376 41
7377 59
7378 52
7379 51
7380 60
7381 52
7382 52
7383 50
7384 47
7385 46
7386 47
7387 51
7388 60
7389 51
7390 49
7391 49
7392 56
7393 51
7394 45
7395 64
7396 48
7397 44
7398 54
7399 56
7400 46
7401 61
7402 58
7403 53
7404 41
7405 43
7406 50
7407 53
7408 49
7409 59
7410 44
7411 53
7412 48
7413 70
7414 43
7415 40
7416 46
7417 38
7418 55
7419 46
7420 46
7421 53
7422 64
7423 58
7424 43
7425 47
7426 71
7427 50
7428 43
7429 56
7430 60
7431 54
7432 48
7433 58
7434 60
7435 55
7436 42
7437 55
7438 58
7439 51
7440 48
7441 65
7442 54
7443 57
7444 66
7445 55
7446 40
7447 60
7448 51
7449 41
7450 59
7451 47
7452 51
7453 47
7454 44
7455 55
7456 38
7457 63
7458 52
7459 43
7460 65
7461 51
7462 54
7463 52
7464 52
7465 50
7466 63
7467 47
7468 63
7469 40
7470 60
7471 52
7472 49
7473 48
7474 45
7475 64
7476 48
7477 54
7478 44
7479 61
7480 58
7481 52
7482 57
7483 48
7484 53
7485 55
7486 43
7487 44
7488 46
7489 55
7490 49
7491 50
7492 57
7493 51
7494 45
7495 42
7496 54
7497 61
7498 43
7499 49
7500 45
7501 46
7502 71
7503 48
7504 53
7505 50
7506 51
7507 58
7508 52
7509 45
7510 56
7511 44
7512 50
7513 55
7514 46
7515 48
7516 56
7517 57
7518 49
7519 44
7520 53
7521 49
7522 48
7523 42
7524 58
7525 55
7526 55
7527 58
7528 55
7529 54
7530 56
7531 42
7532 63
7533 47
7534 56
7535 53
7536 55
7537 51
7538 47
7539 64
7540 57
7541 49
7542 54
7543 70
7544 58
7545 52
7546 49
7547 51
7548 57
7549 57
7550 52
7551 52
7552 46
7553 59
7554 48
7555 57
7556 63
7557 45
7558 52
7559 48
7560 52
7561 50
7562 59
7563 54
7564 50
7565 63
7566 52
7567 43
7568 52
7569 55
7570 62
7571 60
7572 55
7573 64
7574 56
7575 44
7576 59
7577 58
7578 58
7579 49
7580 43
7581 52
7582 61
7583 60
7584 60
7585 52
7586 51
7587 57
7588 69
7589 47
7590 48
7591 56
7592 38
7593 45
7594 49
7595 52
7596 44
7597 55
7598 46
7599 52
7600 61
7601 41
7602 43
7603 41
7604 52
7605 51
7606 45
7607 57
7608 63
7609 56
7610 36
7611 50
7612 57
7613 42
7614 50
7615 65
7616 47
7617 58
7618 52
7619 56
7620 48
7621 56
7622 62
7623 51
7624 55
7625 43
7626 61
7627 59
7628 59
7629 53
7630 45
7631 57
7632 44
7633 53
7634 51
7635 44
7636 58
7637 48
7638 41
7639 42
7640 51
7641 60
7642 47
7643 50
7644 49
7645 45
7646 65
7647 42
7648 58
7649 58
7650 45
7651 49
7652 51
7653 53
7654 60
7655 64
7656 48
7657 40
7658 42
7659 52
7660 43
7661 41
7662 41
7663 43
7664 51
7665 50
7666 55
7667 49
7668 43
7669 39
7670 44
7671 62
7672 49
7673 55
7674 61
7675 40
7676 36
7677 54
7678 60
7679 50
7680 57
7681 54
7682 51
7683 47
7684 45
7685 54
7686 39
7687 59
7688 51
7689 42
7690 64
7691 44
7692 42
7693 59
7694 46
7695 43
7696 42
7697 41
7698 40
7699 48
7700 49
7701 39
7702 43
7703 44
7704 51
7705 46
7706 45
7707 58
7708 43
7709 43
7710 47
7711 51
7712 55
7713 55
7714 53
7715 48
7716 46
7717 45
7718 52
7719 39
7720 49
7721 40
7722 51
7723 63
7724 52
7725 50
7726 37
7727 48
7728 42
7729 48
7730 51
7731 52
7732 51
7733 44
7734 55
7735 40
7736 45
7737 50
7738 56
7739 40
7740 54
7741 51
7742 57
7743 53
7744 42
7745 45
7746 47
7747 47
7748 49
7749 48
7750 50
7751 50
7752 39
7753 48
7754 41
7755 53
7756 46
7757 40
7758 47
7759 44
7760 42
7761 56
7762 47
7763 45
7764 58
7765 52
7766 57
7767 55
7768 54
7769 61
7770 45
7771 63
7772 50
7773 37
7774 45
7775 44
7776 45
7777 48
7778 57
7779 55
7780 60
7781 44
7782 50
7783 49
7784 47
7785 60
7786 52
7787 61
7788 53
7789 48
7790 33
7791 40
7792 50
7793 50
7794 56
7795 40
7796 51
7797 52
7798 50
7799 58
7800 47
7801 56
7802 46
7803 58
7804 43
7805 50
7806 52
7807 57
7808 51
7809 62
7810 47
7811 53
7812 58
7813 40
7814 46
7815 39
7816 45
7817 35
7818 48
7819 54
7820 48
7821 61
7822 44
7823 51
7824 51
7825 64
7826 42
7827 49
7828 47
7829 60
7830 58
7831 57
7832 59
7833 57
7834 57
7835 56
7836 72
7837 67
7838 60
7839 76
7840 73
7841 83
7842 96
7843 103
7844 96
7845 109
7846 109
7847 110
7848 108
7849 113
7850 119
7851 102
7852 97
7853 90
7854 98
7855 82
7856 82
7857 73
7858 76
7859 57
7860 63
7861 69
7862 48
7863 42
7864 51
7865 54
7866 46
7867 45
7868 50
7869 53
7870 35
7871 44
7872 44
7873 45
7874 48
7875 46
7876 52
7877 50
7878 47
7879 40
7880 52
7881 50
7882 53
7883 49
7884 45
7885 47
7886 35
7887 36
7888 56
7889 55
7890 44
7891 49
7892 47
7893 32
7894 53
7895 50
7896 53
7897 53
7898 52
7899 38
7900 47
7901 49
7902 59
7903 40
7904 50
7905 47
7906 39
7907 56
7908 51
7909 44
7910 63
7911 53
7912 48
7913 50
7914 50
7915 46
7916 46
7917 43
7918 46
7919 31
7920 45
7921 41
7922 36
7923 53
7924 34
7925 41
7926 47
7927 42
7928 52
7929 38
7930 48
7931 35
7932 44
7933 44
7934 38
7935 65
7936 39
7937 44
7938 39
7939 56
7940 52
7941 47
7942 51
7943 39
7944 38
7945 56
7946 51
7947 53
7948 32
7949 52
7950 61
7951 48
7952 41
7953 45
7954 51
7955 63
7956 55
7957 46
7958 25
7959 50
7960 44
7961 49
7962 47
7963 42
7964 40
7965 46
7966 45
7967 40
7968 51
7969 51
7970 47
7971 55
7972 60
7973 45
7974 36
7975 47
7976 39
7977 44
7978 44
7979 51
7980 44
7981 38
7982 57
7983 50
7984 53
7985 52
7986 39
7987 42
7988 54
7989 50
7990 52
7991 55
7992 48
7993 48
7994 54
7995 50
7996 44
7997 47
7998 50
7999 55
8000 58
8001 53
8002 56
8003 60
8004 57
8005 52
8006 44
8007 55
8008 44
8009 62
8010 55
8011 46
8012 46
8013 63
8014 36
8015 55
8016 44
8017 47
8018 47
8019 50
8020 48
8021 40
8022 47
8023 46
8024 37
8025 48
8026 56
8027 35
8028 57
8029 50
8030 46
8031 45
8032 57
8033 50
8034 55
8035 47
8036 48
8037 44
8038 37
8039 31
8040 46
8041 39
8042 50
8043 43
8044 42
8045 44
8046 53
8047 42
8048 45
8049 45
8050 49
8051 51
8052 54
8053 52
8054 42
8055 49
8056 48
8057 44
8058 41
8059 55
8060 53
8061 43
8062 44
8063 33
8064 50
8065 35
8066 43
8067 43
8068 50
8069 39
8070 56
8071 43
8072 43
8073 35
8074 57
8075 39
8076 41
8077 56
8078 49
8079 44
8080 37
8081 54
8082 50
8083 46
8084 43
8085 49
8086 34
8087 43
8088 63
8089 35
8090 40
8091 49
8092 43
8093 47
8094 43
8095 38
8096 42
8097 41
8098 42
8099 41
8100 45
8101 42
8102 44
8103 42
8104 30
8105 39
8106 54
8107 35
8108 41
8109 52
8110 49
8111 38
8112 37
8113 53
8114 51
8115 51
8116 37
8117 39
8118 52
8119 39
8120 56
8121 55
8122 44
8123 47
8124 37
8125 61
8126 58
8127 50
8128 60
8129 43
8130 57
8131 53
8132 41
8133 38
8134 54
8135 52
8136 46
8137 56
8138 54
8139 44
8140 57
8141 49
8142 49
8143 56
8144 45
8145 62
8146 51
8147 53
8148 54
8149 69
8150 56
8151 57
8152 61
8153 52
8154 48
8155 47
8156 69
8157 46
8158 45
8159 39
8160 48
8161 63
8162 42
8163 58
8164 53
8165 41
8166 47
8167 60
8168 50
8169 34
8170 53
8171 52
8172 36
8173 51
8174 53
8175 41
8176 43
8177 56
8178 51
8179 51
8180 46
8181 40
8182 41
8183 50
8184 36
8185 36
8186 26
8187 33
8188 47
8189 41
8190 40
8191 32
8192 57
8193 39
8194 57
8195 37
8196 44
8197 44
8198 40
8199 37
8200 47
8201 43
8202 51
8203 49
8204 44
8205 42
8206 43
8207 48
8208 46
8209 44
8210 35
8211 42
8212 37
8213 49
8214 37
8215 45
8216 33
8217 53
8218 48
8219 43
8220 43
8221 38
8222 39
8223 39
8224 47
8225 46
8226 53
8227 49
8228 52
8229 41
8230 41
8231 46
8232 56
8233 45
8234 56
8235 48
8236 44
8237 41
8238 42
8239 47
8240 33
8241 49
8242 54
8243 44
8244 40
8245 54
8246 39
8247 33
8248 46
8249 50
8250 32
8251 42
8252 44
8253 51
8254 38
8255 42
8256 42
8257 48
8258 40
8259 35
8260 49
8261 47
8262 48
8263 35
8264 45
8265 44
8266 36
8267 43
8268 46
8269 57
8270 41
8271 40
8272 38
8273 49
8274 55
8275 59
8276 42
8277 55
8278 57
8279 65
8280 69
8281 54
8282 68
8283 53
8284 66
8285 69
8286 63
8287 76
8288 72
8289 75
8290 73
8291 77
8292 65
8293 80
8294 64
8295 65
8296 79
8297 54
8298 62
8299 62
8300 58
8301 51
8302 51
8303 48
8304 59
8305 45
8306 51
8307 39
8308 40
8309 44
8310 44
8311 48
8312 49
8313 46
8314 42
8315 34
8316 34
8317 42
8318 43
8319 33
8320 43
8321 54
8322 53
8323 34
8324 40
8325 48
8326 57
8327 60
8328 46
8329 58
8330 58
8331 59
8332 60
8333 47
8334 36
8335 40
8336 51
8337 58
8338 55
8339 34
8340 37
8341 54
8342 43
8343 50
8344 51
8345 41
8346 41
8347 51
8348 56
8349 41
8350 48
8351 45
8352 43
8353 43
8354 50
8355 47
8356 57
8357 50
8358 31
8359 30
8360 41
8361 38
8362 37
8363 45
8364 42
8365 47
8366 33
8367 32
8368 44
8369 47
8370 39
8371 43
8372 46
8373 41
8374 33
8375 47
8376 47
8377 31
8378 56
8379 50
8380 39
8381 47
8382 32
8383 43
8384 45
8385 42
8386 36
8387 55
8388 29
8389 34
8390 43
8391 45
8392 41
8393 54
8394 63
8395 39
8396 47
8397 37
8398 44
8399 37
8400 52
8401 56
8402 35
8403 39
8404 40
8405 41
8406 45
8407 43
8408 36
8409 37
8410 53
8411 33
8412 35
8413 46
8414 36
8415 38
8416 47
8417 38
8418 34
8419 40
8420 32
8421 41
8422 37
8423 45
8424 41
8425 40
8426 41
8427 39
8428 38
8429 50
8430 34
8431 61
8432 49
8433 45
8434 33
8435 42
8436 51
8437 34
8438 39
8439 52
8440 49
8441 53
8442 43
8443 35
8444 52
8445 43
8446 32
8447 41
8448 43
8449 35
8450 42
8451 28
8452 34
8453 40
8454 41
8455 35
8456 30
8457 38
8458 38
8459 36
8460 30
8461 36
8462 52
8463 39
8464 52
8465 50
8466 42
8467 42
8468 56
8469 50
8470 41
8471 49
8472 60
8473 48
8474 59
8475 65
8476 53
8477 59
8478 60
8479 56
8480 46
8481 50
8482 57
8483 60
8484 46
8485 50
8486 43
8487 41
8488 48
8489 44
8490 47
8491 42
8492 54
8493 46
8494 45
8495 39
8496 36
8497 42
8498 48
8499 39
8500 24
8501 39
8502 30
8503 41
8504 42
8505 57
8506 42
8507 51
8508 32
8509 43
8510 47
8511 36
8512 34
8513 40
8514 39
8515 45
8516 34
8517 38
8518 48
8519 44
8520 44
8521 49
8522 47
8523 46
8524 40
8525 41
8526 32
8527 45
8528 37
8529 35
8530 35
8531 37
8532 42
8533 41
8534 42
8535 43
8536 43
8537 28
8538 39
8539 49
8540 45
8541 53
8542 42
8543 37
8544 50
8545 48
8546 36
8547 41
8548 34
8549 36
8550 42
8551 50
8552 53
8553 42
8554 31
8555 56
8556 43
8557 39
8558 40
8559 46
8560 34
8561 47
8562 51
8563 48
8564 50
8565 54
8566 51
8567 58
8568 58
8569 57
8570 67
8571 62
8572 70
8573 69
8574 63
8575 78
8576 61
8577 75
8578 86
8579 75
8580 71
8581 75
8582 69
8583 75
8584 72
8585 50
8586 55
8587 59
8588 57
8589 40
8590 50
8591 62
8592 37
8593 56
8594 47
8595 43
8596 39
8597 42
8598 41
8599 33
8600 33
8601 35
8602 40
8603 40
8604 37
8605 33
8606 32
8607 29
8608 33
8609 43
8610 34
8611 43
8612 46
8613 34
8614 31
8615 44
8616 38
8617 40
8618 52
8619 36
8620 46
8621 38
8622 32
8623 35
8624 34
8625 32
8626 47
8627 41
8628 39
8629 32
8630 34
8631 32
8632 34
8633 46
8634 55
8635 36
8636 40
8637 50
8638 38
8639 43
8640 47
8641 28
8642 36
8643 35
8644 39
8645 36
8646 53
8647 30
8648 43
8649 41
8650 39
8651 42
8652 40
8653 41
8654 31
8655 36
8656 43
8657 37
8658 37
8659 32
8660 40
8661 46
8662 59
8663 48
8664 42
8665 38
8666 42
8667 51
8668 34
8669 32
8670 35
8671 46
8672 27
8673 42
8674 29
8675 44
8676 40
8677 36
8678 37
8679 44
8680 45
8681 37
8682 40
8683 36
8684 34
8685 31
8686 34
8687 49
8688 36
8689 33
8690 44
8691 43
8692 43
8693 49
8694 55
8695 47
8696 41
8697 37
8698 60
8699 50
8700 50
8701 51
8702 46
8703 46
8704 40
8705 35
8706 44
8707 36
8708 38
8709 44
8710 40
8711 42
8712 40
8713 37
8714 45
8715 47
8716 44
8717 41
8718 44
8719 34
8720 43
8721 53
8722 36
8723 44
8724 38
8725 35
8726 38
8727 38
8728 26
8729 31
8730 30
8731 33
8732 49
8733 45
8734 38
8735 33
8736 39
8737 38
8738 44
8739 34
8740 36
8741 37
8742 31
8743 32
8744 42
8745 50
8746 31
8747 38
8748 44
8749 41
8750 47
8751 42
8752 46
8753 45
8754 36
8755 34
8756 42
8757 31
8758 27
8759 38
8760 32
8761 32
8762 32
8763 39
8764 39
8765 43
8766 34
8767 43
8768 43
8769 40
8770 40
8771 39
8772 48
8773 34
8774 37
8775 49
8776 28
8777 31
8778 44
8779 58
8780 43
8781 31
8782 40
8783 39
8784 33
8785 39
8786 40
8787 41
8788 32
8789 42
8790 39
8791 41
8792 33
8793 46
8794 40
8795 42
8796 39
8797 46
8798 50
8799 47
8800 33
8801 32
8802 39
8803 42
8804 31
8805 38
8806 33
8807 36
8808 48
8809 35
8810 35
8811 40
8812 43
8813 32
8814 34
8815 33
8816 34
8817 30
8818 29
8819 35
8820 44
8821 45
8822 21
8823 33
8824 32
8825 36
8826 40
8827 37
8828 48
8829 42
8830 40
8831 42
8832 36
8833 51
8834 46
8835 24
8836 37
8837 47
8838 42
8839 35
8840 34
8841 47
8842 44
8843 31
8844 34
8845 43
8846 28
8847 29
8848 27
8849 37
8850 30
8851 33
8852 48
8853 49
8854 39
8855 37
8856 38
8857 35
8858 51
8859 35
8860 43
8861 48
8862 38
8863 48
8864 31
8865 36
8866 53
8867 39
8868 38
8869 46
8870 31
8871 39
8872 37
8873 41
8874 34
8875 35
8876 44
8877 40
8878 32
8879 39
8880 45
8881 36
8882 35
8883 50
8884 42
8885 38
8886 49
8887 50
8888 42
8889 50
8890 36
8891 27
8892 42
8893 38
8894 52
8895 35
8896 39
8897 37
8898 43
8899 36
8900 38
8901 39
8902 47
8903 36
8904 38
8905 38
8906 51
8907 43
8908 28
8909 42
8910 45
8911 36
8912 51
8913 46
8914 36
8915 54
8916 39
8917 31
8918 49
8919 31
8920 33
8921 39
8922 37
8923 34
8924 44
8925 44
8926 39
8927 29
8928 40
8929 35
8930 34
8931 36
8932 32
8933 32
8934 48
8935 39
8936 38
8937 53
8938 35
8939 45
8940 35
8941 38
8942 36
8943 41
8944 38
8945 55
8946 44
8947 32
8948 29
8949 33
8950 33
8951 39
8952 47
8953 25
8954 53
8955 42
8956 43
8957 55
8958 45
8959 37
8960 53
8961 45
8962 50
8963 52
8964 35
8965 44
8966 48
8967 40
8968 38
8969 42
8970 47
8971 46
8972 45
8973 25
8974 36
8975 32
8976 35
8977 41
8978 30
8979 33
8980 45
8981 38
8982 34
8983 46
8984 39
8985 47
8986 35
8987 35
8988 39
8989 39
8990 29
8991 45
8992 23
8993 36
8994 43
8995 25
8996 41
8997 36
8998 37
8999 42
9000 53
9001 37
9002 36
9003 35
9004 42
9005 42
9006 40
9007 39
9008 39
9009 49
9010 46
9011 41
9012 45
9013 40
9014 32
9015 59
9016 55
9017 51
9018 52
9019 68
9020 58
9021 44
9022 47
9023 37
9024 45
9025 47
9026 41
9027 40
9028 45
9029 53
9030 47
9031 38
9032 42
9033 31
9034 26
9035 28
9036 49
9037 39
9038 32
9039 35
9040 49
9041 42
9042 34
9043 37
9044 38
9045 35
9046 44
9047 34
9048 34
9049 35
9050 42
9051 53
9052 52
9053 43
9054 49
9055 46
9056 40
9057 40
9058 46
9059 41
9060 33
9061 34
9062 36
9063 40
9064 49
9065 49
9066 47
9067 51
9068 33
9069 52
9070 39
9071 46
9072 40
9073 51
9074 42
9075 41
9076 43
9077 40
9078 37
9079 40
9080 38
9081 31
9082 41
9083 35
9084 36
9085 40
9086 41
9087 38
9088 29
9089 40
9090 42
9091 41
9092 26
9093 34
9094 42
9095 38
9096 38
9097 46
9098 29
9099 36
9100 37
9101 37
9102 51
9103 30
9104 35
9105 41
9106 42
9107 34
9108 39
9109 41
9110 51
9111 25
9112 39
9113 37
9114 35
9115 34
9116 34
9117 45
9118 35
9119 42
9120 42
9121 34
9122 44
9123 38
9124 36
9125 41
9126 34
9127 41
9128 40
9129 38
9130 42
9131 45
9132 35
9133 46
9134 38
9135 34
9136 35
9137 35
9138 36
9139 39
9140 35
9141 49
9142 50
9143 37
9144 30
9145 39
9146 32
9147 33
9148 41
9149 21
9150 29
9151 37
9152 42
9153 27
9154 42
9155 38
9156 51
9157 36
9158 31
9159 36
9160 32
9161 29
9162 38
9163 38
9164 35
9165 42
9166 43
9167 39
9168 33
9169 27
9170 36
9171 35
9172 45
9173 36
9174 32
9175 49
9176 34
9177 56
9178 34
9179 32
9180 44
9181 51
9182 33
9183 40
9184 48
9185 41
9186 37
9187 40
9188 42
9189 29
9190 30
9191 40
9192 32
9193 43
9194 30
9195 38
9196 37
9197 38
9198 34
9199 34
9200 33
9201 37
9202 42
9203 38
9204 41
9205 37
9206 30
9207 45
9208 40
9209 33
9210 31
9211 39
9212 50
9213 31
9214 37
9215 37
9216 38
9217 38
9218 36
9219 35
9220 54
9221 31
9222 47
9223 37
9224 31
9225 33
9226 29
9227 31
9228 37
9229 23
9230 34
9231 34
9232 50
9233 32
9234 30
9235 25
9236 37
9237 32
9238 51
9239 22
9240 29
9241 34
9242 43
9243 28
9244 37
9245 39
9246 36
9247 34
9248 48
9249 31
9250 36
9251 31
9252 33
9253 41
9254 33
9255 41
9256 36
9257 42
9258 33
9259 33
9260 30
9261 28
9262 29
9263 44
9264 27
9265 36
9266 37
9267 31
9268 39
9269 33
9270 45
9271 44
9272 46
9273 45
9274 48
9275 47
9276 58
9277 63
9278 70
9279 52
9280 57
9281 63
9282 85
9283 74
9284 65
9285 75
9286 77
9287 71
9288 76
9289 54
9290 59
9291 62
9292 61
9293 61
9294 54
9295 50
9296 59
9297 46
9298 41
9299 41
9300 41
9301 49
9302 49
9303 38
9304 30
9305 32
9306 49
9307 32
9308 47
9309 33
9310 33
9311 46
9312 42
9313 37
9314 36
9315 34
9316 24
9317 40
9318 41
9319 31
9320 30
9321 33
9322 31
9323 35
9324 36
9325 41
9326 35
9327 26
9328 32
9329 21
9330 37
9331 30
9332 34
9333 32
9334 29
9335 32
9336 29
9337 27
9338 39
9339 39
9340 22
9341 35
9342 41
9343 32
9344 30
9345 40
9346 34
9347 36
9348 37
9349 34
9350 25
9351 35
9352 35
9353 39
9354 32
9355 35
9356 37
9357 44
9358 32
9359 22
9360 35
9361 40
9362 34
9363 38
9364 40
9365 32
9366 44
9367 35
9368 39
9369 35
9370 35
9371 36
9372 31
9373 27
9374 45
9375 35
9376 38
9377 31
9378 35
9379 36
9380 27
9381 39
9382 39
9383 38
9384 27
9385 39
9386 30
9387 40
9388 31
9389 39
9390 26
9391 37
9392 37
9393 41
9394 40
9395 39
9396 33
9397 33
9398 38
9399 26
9400 44
9401 27
9402 33
9403 36
9404 31
9405 35
9406 38
9407 32
9408 31
9409 47
9410 37
9411 38
9412 39
9413 40
9414 26
9415 39
9416 35
9417 40
9418 38
9419 33
9420 25
9421 35
9422 33
9423 45
9424 41
9425 44
9426 38
9427 38
9428 32
9429 32
9430 32
9431 40
9432 36
9433 30
9434 36
9435 43
9436 38
9437 38
9438 36
9439 38
9440 29
9441 34
9442 37
9443 42
9444 43
9445 32
9446 41
9447 26
9448 43
9449 41
9450 45
9451 29
9452 30
9453 38
9454 44
9455 39
9456 32
9457 46
9458 46
9459 42
9460 37
9461 41
9462 27
9463 27
9464 30
9465 21
9466 28
9467 42
9468 40
9469 31
9470 28
9471 31
9472 38
9473 33
9474 37
9475 39
9476 45
9477 39
9478 42
9479 44
9480 34
9481 27
9482 29
9483 28
9484 40
9485 28
9486 38
9487 40
9488 33
9489 26
9490 37
9491 41
9492 35
9493 36
9494 32
9495 34
9496 33
9497 39
9498 41
9499 30
9500 32
9501 32
9502 35
9503 36
9504 35
9505 42
9506 32
9507 38
9508 41
9509 31
9510 32
9511 31
9512 29
9513 37
9514 26
9515 33
9516 38
9517 29
9518 30
9519 37
9520 30
9521 35
9522 24
9523 38
9524 27
9525 35
9526 49
9527 21
9528 37
9529 33
9530 36
9531 37
9532 36
9533 40
9534 34
9535 45
9536 35
9537 34
9538 34
9539 23
9540 39
9541 25
9542 39
9543 37
9544 34
9545 31
9546 29
9547 39
9548 24
9549 37
9550 31
9551 41
9552 38
9553 34
9554 37
9555 30
9556 34
9557 46
9558 31
9559 28
9560 33
9561 28
9562 35
9563 19
9564 25
9565 35
9566 33
9567 24
9568 36
9569 48
9570 32
9571 39
9572 38
9573 36
9574 38
9575 49
9576 34
9577 25
9578 44
9579 35
9580 44
9581 37
9582 39
9583 37
9584 40
9585 35
9586 40
9587 33
9588 31
9589 39
9590 31
9591 44
9592 28
9593 42
9594 26
9595 40
9596 24
9597 45
9598 39
9599 32
9600 31
9601 30
9602 37
9603 34
9604 37
9605 37
9606 38
9607 32
9608 28
9609 45
9610 45
9611 37
9612 35
9613 34
9614 37
9615 35
9616 44
9617 27
9618 26
9619 41
9620 24
9621 25
9622 29
9623 30
9624 35
9625 25
9626 47
9627 42
9628 40
9629 40
9630 31
9631 39
9632 43
9633 34
9634 36
9635 33
9636 37
9637 34
9638 44
9639 38
9640 36
9641 36
9642 42
9643 29
9644 42
9645 28
9646 39
9647 33
9648 35
9649 40
9650 32
9651 31
9652 27
9653 37
9654 36
9655 40
9656 38
9657 28
9658 41
9659 40
9660 37
9661 33
9662 35
9663 29
9664 27
9665 34
9666 39
9667 34
9668 34
9669 39
9670 39
9671 29
9672 35
9673 36
9674 28
9675 32
9676 34
9677 38
9678 36
9679 32
9680 35
9681 37
9682 35
9683 32
9684 34
9685 50
9686 34
9687 33
9688 36
9689 40
9690 37
9691 34
9692 34
9693 38
9694 39
9695 43
9696 21
9697 36
9698 32
9699 45
9700 39
9701 36
9702 34
9703 36
9704 22
9705 36
9706 46
9707 36
9708 33
9709 41
9710 38
9711 35
9712 37
9713 42
9714 30
9715 34
9716 39
9717 33
9718 37
9719 37
9720 29
9721 31
9722 32
9723 38
9724 36
9725 34
9726 30
9727 40
9728 28
9729 24
9730 30
9731 41
9732 30
9733 36
9734 40
9735 37
9736 39
9737 37
9738 36
9739 40
9740 39
9741 38
9742 51
9743 37
9744 33
9745 31
9746 45
9747 32
9748 51
9749 39
9750 43
9751 43
9752 34
9753 32
9754 36
9755 49
9756 31
9757 50
9758 41
9759 41
9760 54
9761 41
9762 43
9763 45
9764 45
9765 34
9766 32
9767 25
9768 44
9769 32
9770 38
9771 37
9772 39
9773 38
9774 42
9775 39
9776 31
9777 32
9778 37
9779 50
9780 27
9781 40
9782 35
9783 27
9784 44
9785 28
9786 33
9787 34
9788 30
9789 27
9790 30
9791 25
9792 42
9793 22
9794 36
9795 38
9796 42
9797 26
9798 29
9799 34
9800 32
9801 35
9802 44
9803 44
9804 41
9805 44
9806 37
9807 39
9808 32
9809 41
9810 33
9811 33
9812 41
9813 49
9814 60
9815 63
9816 50
9817 71
9818 60
9819 73
9820 91
9821 88
9822 111
9823 121
9824 151
9825 147
9826 182
9827 184
9828 179
9829 181
9830 228
9831 226
9832 232
9833 245
9834 224
9835 197
9836 189
9837 204
9838 185
9839 194
9840 139
9841 136
9842 109
9843 97
9844 97
9845 85
9846 61
9847 64
9848 49
9849 51
9850 49
9851 40
9852 34
9853 29
9854 47
9855 29
9856 31
9857 29
9858 32
9859 32
9860 39
9861 34
9862 36
9863 30
9864 31
9865 32
9866 21
9867 27
9868 31
9869 26
9870 22
9871 27
9872 25
9873 36
9874 22
9875 45
9876 38
9877 31
9878 30
9879 28
9880 42
9881 39
9882 31
9883 28
9884 26
9885 26
9886 25
9887 33
9888 38
9889 35
9890 34
9891 40
9892 28
9893 30
9894 31
9895 33
9896 30
9897 22
9898 25
9899 34
9900 22
9901 31
9902 43
9903 25
9904 33
9905 38
9906 38
9907 34
9908 37
9909 26
9910 25
9911 51
9912 28
9913 31
9914 39
9915 37
9916 32
9917 28
9918 36
9919 44
9920 36
9921 33
9922 39
9923 24
9924 27
9925 26
9926 34
9927 34
9928 29
9929 26
9930 39
9931 27
9932 37
9933 22
9934 38
9935 31
9936 25
9937 31
9938 23
9939 42
9940 34
9941 35
9942 20
9943 30
9944 28
9945 33
9946 27
9947 40
9948 35
9949 30
9950 29
9951 30
9952 35
9953 31
9954 25
9955 21
9956 28
9957 26
9958 33
9959 25
9960 29
9961 36
9962 37
9963 40
9964 35
9965 31
9966 28
9967 40
9968 41
9969 29
9970 26
9971 31
9972 39
9973 33
9974 21
9975 24
9976 27
9977 41
9978 31
9979 35
9980 34
9981 48
9982 37
9983 28
9984 41
9985 33
9986 27
9987 31
9988 25
9989 29
9990 33
9991 24
9992 38
9993 35
9994 39
9995 31
9996 37
9997 36
9998 43
9999 31
10000 41
10001 31
10002 24
10003 33
10004 44
10005 33
10006 31
10007 45
10008 39
10009 21
10010 31
10011 28
10012 43
10013 29
10014 24
10015 39
10016 28
10017 30
10018 27
10019 33
10020 40
10021 33
10022 32
10023 23
10024 29
10025 26
10026 28
10027 38
10028 23
10029 28
10030 36
10031 35
10032 41
10033 37
10034 29
10035 38
10036 37
10037 44
10038 33
10039 39
10040 29
10041 39
10042 31
10043 33
10044 39
10045 37
10046 39
10047 23
10048 37
10049 33
10050 35
10051 32
10052 38
10053 29
10054 34
10055 27
10056 27
10057 49
10058 39
10059 31
10060 39
10061 26
10062 29
10063 31
10064 37
10065 36
10066 43
10067 36
10068 38
10069 37
10070 40
10071 48
10072 42
10073 49
10074 49
10075 56
10076 39
10077 46
10078 57
10079 55
10080 52
10081 52
10082 45
10083 47
10084 53
10085 49
10086 45
10087 45
10088 40
10089 33
10090 26
10091 46
10092 36
10093 54
10094 41
10095 28
10096 27
10097 34
10098 24
10099 32
10100 26
10101 34
10102 35
10103 35
10104 37
10105 48
10106 41
10107 31
10108 30
10109 36
10110 30
10111 29
10112 36
10113 32
10114 30
10115 38
10116 33
10117 29
10118 41
10119 37
10120 38
10121 41
10122 39
10123 32
10124 31
10125 43
10126 29
10127 40
10128 22
10129 29
10130 39
10131 33
10132 35
10133 25
10134 31
10135 29
10136 28
10137 29
10138 40
10139 36
10140 26
10141 42
10142 29
10143 34
10144 37
10145 32
10146 30
10147 32
10148 34
10149 33
10150 36
10151 29
10152 36
10153 39
10154 43
10155 32
10156 34
10157 27
10158 33
10159 25
10160 34
10161 35
10162 33
10163 36
10164 26
10165 26
10166 30
10167 23
10168 41
10169 33
10170 38
10171 40
10172 42
10173 41
10174 31
10175 43
10176 25
10177 27
10178 36
10179 31
10180 21
10181 25
10182 27
10183 30
10184 28
10185 33
10186 27
10187 33
10188 34
10189 30
10190 24
10191 28
10192 39
10193 39
10194 30
10195 30
10196 45
10197 20
10198 25
10199 44
10200 28
10201 29
10202 28
10203 36
10204 32
10205 24
10206 28
10207 42
10208 49
10209 34
10210 38
10211 43
10212 26
10213 38
10214 38
10215 37
10216 30
10217 27
10218 33
10219 40
10220 35
10221 26
10222 38
10223 36
10224 38
10225 30
10226 32
10227 32
10228 39
10229 32
10230 30
10231 31
10232 50
10233 32
10234 30
10235 42
10236 44
10237 46
10238 36
10239 42
10240 37
10241 43
10242 49
10243 52
10244 31
10245 53
10246 35
10247 40
10248 49
10249 42
10250 45
10251 40
10252 39
10253 45
10254 45
10255 28
10256 38
10257 42
10258 42
10259 41
10260 41
10261 41
10262 44
10263 32
10264 22
10265 39
10266 37
10267 29
10268 37
10269 31
10270 22
10271 29
10272 33
10273 41
10274 33
10275 32
10276 26
10277 42
10278 35
10279 25
10280 29
10281 30
10282 31
10283 32
10284 46
10285 32
10286 38
10287 29
10288 30
10289 28
10290 36
10291 34
10292 37
10293 29
10294 34
10295 34
10296 42
10297 40
10298 41
10299 27
10300 33
10301 36
10302 28
10303 41
10304 33
10305 33
10306 26
10307 32
10308 44
10309 26
10310 34
10311 27
10312 24
10313 27
10314 30
10315 25
10316 35
10317 29
10318 35
10319 26
10320 35
10321 36
10322 32
10323 32
10324 40
10325 33
10326 23
10327 40
10328 29
10329 22
10330 25
10331 34
10332 33
10333 33
10334 22
10335 25
10336 32
10337 27
10338 32
10339 32
10340 43
10341 27
10342 29
10343 26
10344 36
10345 37
10346 30
10347 36
10348 31
10349 33
10350 48
10351 36
10352 31
10353 32
10354 40
10355 36
10356 35
10357 36
10358 30
10359 34
10360 34
10361 29
10362 25
10363 31
10364 36
10365 33
10366 34
10367 36
10368 26
10369 32
10370 32
10371 40
10372 34
10373 36
10374 33
10375 26
10376 32
10377 35
10378 36
10379 37
10380 40
10381 35
10382 21
10383 42
10384 39
10385 24
10386 34
10387 31
10388 32
10389 31
10390 41
10391 27
10392 38
10393 36
10394 26
10395 38
10396 48
10397 33
10398 44
10399 52
10400 50
10401 54
10402 46
10403 59
10404 49
10405 74
10406 67
10407 56
10408 71
10409 61
10410 78
10411 62
10412 71
10413 70
10414 62
10415 66
10416 52
10417 55
10418 61
10419 42
10420 63
10421 39
10422 43
10423 48
10424 34
10425 38
10426 39
10427 44
10428 34
10429 37
10430 41
10431 23
10432 45
10433 39
10434 25
10435 31
10436 31
10437 45
10438 33
10439 46
10440 64
10441 66
10442 61
10443 61
10444 68
10445 102
10446 81
10447 100
10448 91
10449 129
10450 109
10451 121
10452 132
10453 125
10454 141
10455 155
10456 125
10457 132
10458 126
10459 158
10460 125
10461 126
10462 126
10463 101
10464 96
10465 93
10466 82
10467 66
10468 56
10469 58
10470 57
10471 39
10472 41
10473 42
10474 39
10475 29
10476 32
10477 28
10478 31
10479 38
10480 33
10481 26
10482 28
10483 27
10484 36
10485 36
10486 27
10487 36
10488 29
10489 24
10490 22
10491 26
10492 30
10493 26
10494 34
10495 24
10496 49
10497 32
10498 38
10499 31
10500 36
10501 32
10502 22
10503 26
10504 28
10505 21
10506 24
10507 36
10508 37
10509 27
10510 25
10511 22
10512 21
10513 35
10514 33
10515 29
10516 38
10517 23
10518 25
10519 31
10520 37
10521 36
10522 35
10523 26
10524 37
10525 28
10526 32
10527 32
10528 25
10529 29
10530 35
10531 32
10532 37
10533 29
10534 20
10535 25
10536 31
10537 39
10538 36
10539 42
10540 32
10541 25
10542 28
10543 34
10544 34
10545 37
10546 23
10547 30
10548 46
10549 31
10550 24
10551 34
10552 30
10553 41
10554 27
10555 26
10556 26
10557 33
10558 24
10559 34
10560 32
10561 26
10562 31
10563 31
10564 25
10565 28
10566 32
10567 24
10568 33
10569 31
10570 26
10571 28
10572 31
10573 35
10574 32
10575 30
10576 28
10577 29
10578 26
10579 32
10580 24
10581 33
10582 36
10583 27
10584 36
10585 24
10586 32
10587 32
10588 19
10589 40
10590 25
10591 26
10592 22
10593 25
10594 24
10595 38
10596 21
10597 26
10598 33
10599 37
10600 29
10601 31
10602 32
10603 24
10604 36
10605 31
10606 33
10607 27
10608 32
10609 34
10610 21
10611 34
10612 32
10613 31
10614 32
10615 30
10616 39
10617 31
10618 36
10619 23
10620 32
10621 21
10622 25
10623 48
10624 31
10625 23
10626 31
10627 40
10628 32
10629 45
10630 35
10631 26
10632 25
10633 29
10634 34
10635 34
10636 29
10637 30
10638 44
10639 34
10640 29
10641 28
10642 31
10643 30
10644 23
10645 30
10646 32
10647 27
10648 28
10649 25
10650 39
10651 33
10652 26
10653 17
10654 31
10655 35
10656 42
10657 36
10658 34
10659 29
10660 28
10661 37
10662 29
10663 34
10664 41
10665 36
10666 27
10667 34
10668 33
10669 35
10670 34
10671 41
10672 28
10673 32
10674 35
10675 47
10676 33
10677 27
10678 24
10679 21
10680 35
10681 33
10682 34
10683 28
10684 44
10685 29
10686 24
10687 21
10688 24
10689 35
10690 29
10691 38
10692 29
10693 33
10694 28
10695 22
10696 32
10697 22
10698 35
10699 27
10700 28
10701 23
10702 21
10703 20
10704 27
10705 32
10706 24
10707 30
10708 39
10709 28
10710 41
10711 31
10712 28
10713 23
10714 37
10715 38
10716 31
10717 27
10718 27
10719 28
10720 32
10721 35
10722 34
10723 25
10724 38
10725 26
10726 32
10727 26
10728 22
10729 37
10730 25
10731 46
10732 27
10733 31
10734 31
10735 31
10736 32
10737 34
10738 27
10739 23
10740 32
10741 38
10742 39
10743 26
10744 24
10745 27
10746 31
10747 36
10748 26
10749 24
10750 33
10751 25
10752 30
10753 45
10754 41
10755 29
10756 32
10757 28
10758 38
10759 44
10760 31
10761 30
10762 28
10763 25
10764 28
10765 29
10766 36
10767 25
10768 40
10769 49
10770 38
10771 26
10772 28
10773 24
10774 29
10775 20
10776 26
10777 22
10778 24
10779 28
10780 28
10781 27
10782 38
10783 35
10784 28
10785 17
10786 36
10787 23
10788 27
10789 31
10790 44
10791 38
10792 24
10793 32
10794 30
10795 34
10796 33
10797 28
10798 25
10799 37
10800 28
10801 35
10802 40
10803 30
10804 40
10805 36
10806 40
10807 37
10808 40
10809 28
10810 30
10811 28
10812 41
10813 43
10814 25
10815 31
10816 27
10817 30
10818 24
10819 26
10820 28
10821 31
10822 29
10823 33
10824 27
10825 23
10826 39
10827 33
10828 36
10829 33
10830 23
10831 27
10832 28
10833 24
10834 33
10835 24
10836 38
10837 28
10838 28
10839 36
10840 32
10841 28
10842 32
10843 37
10844 30
10845 28
10846 35
10847 22
10848 26
10849 34
10850 30
10851 30
10852 36
10853 38
10854 30
10855 22
10856 27
10857 32
10858 32
10859 38
10860 29
10861 40
10862 36
10863 35
10864 26
10865 32
10866 26
10867 29
10868 30
10869 35
10870 23
10871 37
10872 30
10873 26
10874 27
10875 29
10876 29
10877 27
10878 29
10879 26
10880 37
10881 34
10882 31
10883 28
10884 27
10885 37
10886 28
10887 28
10888 32
10889 28
10890 23
10891 33
10892 28
10893 28
10894 38
10895 33
10896 34
10897 28
10898 25
10899 23
10900 22
10901 32
10902 29
10903 33
10904 35
10905 27
10906 38
10907 31
10908 34
10909 15
10910 31
10911 29
10912 29
10913 29
10914 29
10915 27
10916 25
10917 35
10918 27
10919 30
10920 11
10921 32
10922 28
10923 25
10924 31
10925 34
10926 20
10927 33
10928 24
10929 29
10930 31
10931 31
10932 29
10933 28
10934 42
10935 31
10936 39
10937 35
10938 24
10939 33
10940 25
10941 22
10942 41
10943 31
10944 32
10945 34
10946 27
10947 27
10948 26
10949 28
10950 30
10951 30
10952 29
10953 39
10954 30
10955 29
10956 31
10957 25
10958 28
10959 33
10960 35
10961 35
10962 30
10963 36
10964 25
10965 33
10966 45
10967 30
10968 34
10969 22
10970 21
10971 26
10972 33
10973 29
10974 26
10975 21
10976 24
10977 37
10978 24
10979 24
10980 34
10981 20
10982 34
10983 32
10984 24
10985 22
10986 30
10987 27
10988 25
10989 28
10990 36
10991 39
10992 35
10993 26
10994 32
10995 46
10996 42
10997 31
10998 35
10999 25
11000 32
11001 24
11002 36
11003 18
11004 38
11005 29
11006 30
11007 26
11008 31
11009 50
11010 26
11011 31
11012 31
11013 22
11014 28
11015 30
11016 33
11017 27
11018 19
11019 23
11020 42
11021 26
11022 23
11023 24
11024 39
11025 31
11026 24
11027 33
11028 32
11029 28
11030 23
11031 29
11032 36
11033 29
11034 34
11035 29
11036 25
11037 21
11038 37
11039 36
11040 28
11041 33
11042 33
11043 24
11044 32
11045 26
11046 28
11047 39
11048 39
11049 29
11050 31
11051 31
11052 19
11053 30
11054 32
11055 24
11056 34
11057 31
11058 29
11059 29
11060 36
11061 27
11062 34
11063 24
11064 28
11065 39
11066 33
11067 36
11068 29
11069 40
11070 32
11071 28
11072 33
11073 22
11074 26
11075 31
11076 26
11077 23
11078 27
11079 23
11080 30
11081 27
11082 25
11083 35
11084 22
11085 38
11086 25
11087 26
11088 40
11089 28
11090 29
11091 36
11092 26
11093 35
11094 19
11095 36
11096 22
11097 26
11098 24
11099 23
11100 36
11101 27
11102 22
11103 39
11104 27
11105 45
11106 19
11107 32
11108 25
11109 35
11110 25
11111 35
11112 32
11113 31
11114 31
11115 29
11116 29
11117 30
11118 26
11119 29
11120 21
11121 33
11122 25
11123 31
11124 30
11125 28
11126 36
11127 26
11128 19
11129 26
11130 34
11131 22
11132 31
11133 34
11134 27
11135 31
11136 28
11137 33
11138 25
11139 31
11140 30
11141 32
11142 38
11143 22
11144 28
11145 24
11146 28
11147 35
11148 35
11149 35
11150 32
11151 39
11152 36
11153 27
11154 29
11155 30
11156 20
11157 29
11158 23
11159 34
11160 34
11161 34
11162 34
11163 31
11164 32
11165 20
11166 32
11167 25
11168 24
11169 34
11170 40
11171 25
11172 21
11173 29
11174 42
11175 32
11176 29
11177 30
11178 29
11179 37
11180 15
11181 30
11182 23
11183 27
11184 25
11185 30
11186 22
11187 35
11188 29
11189 25
11190 29
11191 23
11192 20
11193 27
11194 18
11195 38
11196 37
11197 31
11198 18
11199 31
11200 23
11201 33
11202 28
11203 24
11204 32
11205 31
11206 34
11207 28
11208 25
11209 23
11210 35
11211 38
11212 30
11213 25
11214 24
11215 24
11216 33
11217 30
11218 28
11219 28
11220 18
11221 35
11222 22
11223 32
11224 27
11225 30
11226 26
11227 33
11228 31
11229 28
11230 24
11231 25
11232 37
11233 25
11234 29
11235 28
11236 30
11237 26
11238 26
11239 28
11240 31
11241 25
11242 21
11243 32
11244 29
11245 25
11246 24
11247 29
11248 30
11249 31
11250 31
11251 39
11252 22
11253 28
11254 36
11255 34
11256 36
11257 30
11258 32
11259 38
11260 40
11261 27
11262 29
11263 31
11264 41
11265 29
11266 29
11267 29
11268 31
11269 34
11270 34
11271 30
11272 36
11273 23
11274 27
11275 38
11276 25
11277 29
11278 30
11279 30
11280 30
11281 27
11282 44
11283 24
11284 24
11285 36
11286 36
11287 24
11288 32
11289 28
11290 24
11291 29
11292 30
11293 19
11294 26
11295 32
11296 29
11297 27
11298 30
11299 27
11300 27
11301 27
11302 27
11303 40
11304 30
11305 26
11306 23
11307 40
11308 32
11309 32
11310 29
11311 23
11312 25
11313 27
11314 30
11315 25
11316 39
11317 23
11318 25
11319 26
11320 28
11321 25
11322 26
11323 32
11324 24
11325 30
11326 35
11327 31
11328 23
11329 24
11330 29
11331 36
11332 21
11333 33
11334 27
11335 33
11336 31
11337 30
11338 39
11339 28
11340 35
11341 35
11342 41
11343 33
11344 31
11345 27
11346 32
11347 27
11348 19
11349 30
11350 37
11351 40
11352 30
11353 41
11354 27
11355 28
11356 26
11357 32
11358 31
11359 27
11360 30
11361 32
11362 32
11363 41
11364 45
11365 23
11366 34
11367 31
11368 32
11369 26
11370 21
11371 30
11372 33
11373 33
11374 28
11375 25
11376 29
11377 28
11378 40
11379 29
11380 21
11381 26
11382 19
11383 24
11384 34
11385 29
11386 22
11387 31
11388 37
11389 23
11390 29
11391 26
11392 29
11393 35
11394 25
11395 36
11396 38
11397 35
11398 26
11399 35
11400 25
11401 37
11402 24
11403 37
11404 25
11405 21
11406 34
11407 32
11408 27
11409 28
11410 27
11411 20
11412 31
11413 28
11414 18
11415 24
11416 27
11417 35
11418 30
11419 27
11420 24
11421 26
11422 37
11423 29
11424 23
11425 24
11426 23
11427 22
11428 33
11429 31
11430 32
11431 22
11432 28
11433 29
11434 32
11435 30
11436 27
11437 33
11438 35
11439 25
11440 17
11441 27
11442 32
11443 25
11444 20
11445 26
11446 26
11447 26
11448 28
11449 35
11450 34
11451 32
11452 28
11453 37
11454 31
11455 29
11456 26
11457 36
11458 30
11459 27
11460 18
11461 23
11462 31
11463 32
11464 31
11465 32
11466 34
11467 27
11468 23
11469 26
11470 27
11471 35
11472 35
11473 31
11474 25
11475 21
11476 33
11477 25
11478 30
11479 33
11480 31
11481 26
11482 38
11483 26
11484 23
11485 26
11486 34
11487 48
11488 28
11489 37
11490 38
11491 32
11492 23
11493 31
11494 30
11495 32
11496 24
11497 27
11498 26
11499 30
11500 21
11501 37
11502 29
11503 25
11504 28
11505 35
11506 27
11507 32
11508 24
11509 25
11510 41
11511 36
11512 31
11513 19
11514 31
11515 32
11516 30
11517 33
11518 28
11519 33
11520 26
11521 30
11522 26
11523 29
11524 28
11525 31
11526 40
11527 21
11528 24
11529 37
11530 24
11531 37
11532 31
11533 26
11534 18
11535 27
11536 32
11537 28
11538 35
11539 18
11540 39
11541 26
11542 32
11543 30
11544 21
11545 28
11546 29
11547 32
11548 29
11549 33
11550 29
11551 33
11552 40
11553 21
11554 32
11555 26
11556 33
11557 33
11558 19
11559 23
11560 38
11561 29
11562 22
11563 27
11564 21
11565 29
11566 27
11567 33
11568 30
11569 34
11570 21
11571 37
11572 38
11573 27
11574 21
11575 35
11576 30
11577 30
11578 20
11579 21
11580 20
11581 36
11582 32
11583 26
11584 31
11585 30
11586 33
11587 16
11588 29
11589 36
11590 24
11591 24
11592 19
11593 27
11594 29
11595 28
11596 29
11597 36
11598 29
11599 34
11600 29
11601 30
11602 23
11603 22
11604 16
11605 38
11606 32
11607 33
11608 27
11609 29
11610 30
11611 25
11612 30
11613 37
11614 28
11615 34
11616 29
11617 20
11618 29
11619 29
11620 26
11621 24
11622 20
11623 32
11624 27
11625 31
11626 32
11627 30
11628 25
11629 37
11630 30
11631 28
11632 31
11633 28
11634 38
11635 30
11636 29
11637 35
11638 36
11639 41
11640 32
11641 42
11642 38
11643 31
11644 27
11645 32
11646 36
11647 41
11648 35
11649 21
11650 33
11651 22
11652 35
11653 33
11654 32
11655 29
11656 34
11657 22
11658 29
11659 23
11660 26
11661 27
11662 23
11663 31
11664 37
11665 37
11666 28
11667 28
11668 28
11669 24
11670 27
11671 30
11672 34
11673 26
11674 37
11675 32
11676 27
11677 27
11678 34
11679 37
11680 32
11681 35
11682 31
11683 30
11684 44
11685 26
11686 29
11687 35
11688 29
11689 30
11690 42
11691 28
11692 28
11693 28
11694 30
11695 34
11696 17
11697 24
11698 30
11699 28
11700 35
11701 32
11702 24
11703 33
11704 28
11705 25
11706 25
11707 25
11708 28
11709 25
11710 20
11711 30
11712 37
11713 31
11714 33
11715 18
11716 31
11717 27
11718 31
11719 23
11720 24
11721 27
11722 35
11723 28
11724 41
11725 32
11726 22
11727 27
11728 36
11729 44
11730 28
11731 35
11732 33
11733 39
11734 22
11735 31
11736 26
11737 32
11738 33
11739 34
11740 28
11741 31
11742 15
11743 26
11744 25
11745 29
11746 32
11747 28
11748 35
11749 33
11750 25
11751 35
11752 33
11753 26
11754 28
11755 33
11756 37
11757 29
11758 18
11759 35
11760 21
11761 33
11762 25
11763 37
11764 30
11765 25
11766 28
11767 29
11768 29
11769 29
11770 35
11771 33
11772 26
11773 28
11774 32
11775 33
11776 21
11777 21
11778 23
11779 26
11780 40
11781 28
11782 28
11783 29
11784 23
11785 33
11786 27
11787 35
11788 34
11789 26
11790 20
11791 24
11792 32
11793 39
11794 41
11795 25
11796 29
11797 35
11798 33
11799 35
11800 31
11801 30
11802 24
11803 26
11804 31
11805 35
11806 23
11807 25
11808 26
11809 31
11810 33
11811 37
11812 31
11813 40
11814 31
11815 28
11816 24
11817 25
11818 27
11819 38
11820 22
11821 22
11822 39
11823 30
11824 32
11825 28
11826 33
11827 27
11828 30
11829 35
11830 35
11831 25
11832 34
11833 39
11834 24
11835 20
11836 37
11837 24
11838 33
11839 35
11840 30
11841 29
11842 25
11843 36
11844 35
11845 30
11846 34
11847 23
11848 34
11849 27
11850 33
11851 33
11852 29
11853 33
11854 26
11855 29
11856 36
11857 31
11858 32
11859 32
11860 30
11861 33
11862 37
11863 27
11864 18
11865 33
11866 32
11867 24
11868 32
11869 31
11870 18
11871 25
11872 27
11873 23
11874 31
11875 34
11876 37
11877 34
11878 33
11879 37
11880 39
11881 32
11882 29
11883 15
11884 26
11885 26
11886 18
11887 27
11888 28
11889 20
11890 30
11891 29
11892 28
11893 29
11894 34
11895 26
11896 26
11897 25
11898 27
11899 21
11900 25
11901 25
11902 35
11903 28
11904 23
11905 32
11906 31
11907 34
11908 29
11909 32
11910 32
11911 21
11912 31
11913 34
11914 30
11915 32
11916 24
11917 31
11918 27
11919 37
11920 19
11921 33
11922 32
11923 28
11924 32
11925 31
11926 27
11927 34
11928 27
11929 30
11930 38
11931 26
11932 27
11933 33
11934 31
11935 34
11936 35
11937 19
11938 24
11939 26
11940 34
11941 33
11942 27
11943 45
11944 34
11945 31
11946 26
11947 22
11948 25
11949 31
11950 22
11951 29
11952 31
11953 23
11954 42
11955 36
11956 34
11957 36
11958 31
11959 24
11960 32
11961 43
11962 33
11963 34
11964 27
11965 23
11966 27
11967 28
11968 26
11969 38
11970 30
11971 20
11972 34
11973 30
11974 40
11975 24
11976 31
11977 33
11978 36
11979 33
11980 29
11981 28
11982 33
11983 25
11984 30
11985 35
11986 26
11987 34
11988 46
11989 34
11990 44
11991 26
11992 24
11993 32
11994 30
11995 35
11996 25
11997 31
11998 38
11999 31
12000 24
12001 24
12002 15
12003 27
12004 22
12005 24
12006 44
12007 22
12008 30
12009 27
12010 41
12011 25
12012 21
12013 37
12014 28
12015 30
12016 32
12017 46
12018 35
12019 28
12020 38
12021 30
12022 26
12023 17
12024 27
12025 32
12026 39
12027 26
12028 28
12029 28
12030 25
12031 38
12032 25
12033 29
12034 31
12035 42
12036 22
12037 24
12038 31
12039 35
12040 31
12041 18
12042 29
12043 29
12044 18
12045 35
12046 31
12047 39
12048 32
12049 40
12050 23
12051 30
12052 37
12053 36
12054 21
12055 40
12056 30
12057 21
12058 27
12059 34
12060 36
12061 31
12062 31
12063 37
12064 39
12065 38
12066 33
12067 31
12068 44
12069 32
12070 38
12071 52
12072 52
12073 46
12074 47
12075 61
12076 68
12077 54
12078 61
12079 68
12080 73
12081 86
12082 75
12083 93
12084 99
12085 110
12086 122
12087 119
12088 95
12089 96
12090 110
12091 116
12092 110
12093 110
12094 116
12095 103
12096 70
12097 73
12098 56
12099 66
12100 69
12101 66
12102 56
12103 45
12104 48
12105 44
12106 35
12107 28
12108 38
12109 48
12110 33
12111 32
12112 27
12113 21
12114 42
12115 37
12116 35
12117 34
12118 34
12119 24
12120 32
12121 28
12122 29
12123 32
12124 36
12125 36
12126 34
12127 21
12128 26
12129 31
12130 20
12131 26
12132 31
12133 38
12134 35
12135 39
12136 36
12137 28
12138 32
12139 31
12140 31
12141 21
12142 35
12143 27
12144 38
12145 35
12146 31
12147 25
12148 30
12149 38
12150 32
12151 29
12152 35
12153 32
12154 32
12155 27
12156 25
12157 31
12158 20
12159 36
12160 27
12161 29
12162 26
12163 30
12164 33
12165 30
12166 31
12167 28
12168 30
12169 28
12170 30
12171 34
12172 37
12173 32
12174 33
12175 34
12176 40
12177 27
12178 30
12179 39
12180 35
12181 30
12182 31
12183 33
12184 37
12185 29
12186 32
12187 39
12188 26
12189 40
12190 25
12191 41
12192 33
12193 22
12194 25
12195 33
12196 35
12197 30
12198 30
12199 35
12200 21
12201 24
12202 27
12203 28
12204 41
12205 23
12206 35
12207 29
12208 39
12209 33
12210 32
12211 35
12212 28
12213 30
12214 43
12215 29
12216 27
12217 32
12218 31
12219 24
12220 31
12221 34
12222 27
12223 21
12224 31
12225 34
12226 33
12227 29
12228 31
12229 31
12230 37
12231 32
12232 27
12233 26
12234 31
12235 31
12236 34
12237 22
12238 29
12239 28
12240 36
12241 26
12242 33
12243 35
12244 24
12245 32
12246 33
12247 29
12248 33
12249 35
12250 28
12251 37
12252 31
12253 30
12254 26
12255 33
12256 26
12257 33
12258 32
12259 19
12260 25
12261 25
12262 23
12263 35
12264 41
12265 33
12266 28
12267 30
12268 25
12269 29
12270 32
12271 30
12272 36
12273 29
12274 42
12275 34
12276 27
12277 23
12278 33
12279 39
12280 22
12281 27
12282 31
12283 26
12284 33
12285 26
12286 24
12287 42
12288 26
12289 34
12290 33
12291 34
12292 20
12293 26
12294 28
12295 31
12296 31
12297 31
12298 29
12299 33
12300 28
12301 18
12302 32
12303 26
12304 25
12305 31
12306 28
12307 28
12308 23
12309 33
12310 28
12311 35
12312 18
12313 33
12314 32
12315 23
12316 24
12317 26
12318 29
12319 35
12320 35
12321 32
12322 29
12323 29
12324 29
12325 28
12326 21
12327 25
12328 37
12329 37
12330 23
12331 15
12332 24
12333 28
12334 27
12335 22
12336 28
12337 22
12338 29
12339 29
12340 27
12341 25
12342 32
12343 26
12344 25
12345 30
12346 28
12347 29
12348 25
12349 25
12350 33
12351 31
12352 34
12353 45
12354 34
12355 36
12356 30
12357 21
12358 33
12359 42
12360 28
12361 30
12362 34
12363 25
12364 31
12365 41
12366 32
12367 27
12368 29
12369 31
12370 35
12371 33
12372 30
12373 29
12374 30
12375 32
12376 31
12377 36
12378 33
12379 26
12380 34
12381 23
12382 30
12383 24
12384 33
12385 28
12386 31
12387 33
12388 20
12389 32
12390 33
12391 30
12392 36
12393 30
12394 20
12395 31
12396 28
12397 33
12398 32
12399 32
12400 26
12401 38
12402 30
12403 33
12404 38
12405 31
12406 24
12407 35
12408 21
12409 38
12410 25
12411 26
12412 25
12413 24
12414 34
12415 26
12416 33
12417 29
12418 28
12419 23
12420 21
12421 21
12422 33
12423 24
12424 30
12425 25
12426 29
12427 27
12428 27
12429 30
12430 23
12431 29
12432 24
12433 30
12434 44
12435 32
12436 23
12437 24
12438 20
12439 25
12440 48
12441 29
12442 39
12443 43
12444 32
12445 47
12446 38
12447 33
12448 36
12449 42
12450 40
12451 27
12452 33
12453 25
12454 32
12455 28
12456 36
12457 35
12458 34
12459 32
12460 40
12461 54
12462 50
12463 45
12464 36
12465 52
12466 40
12467 45
12468 34
12469 30
12470 41
12471 27
12472 38
12473 34
12474 36
12475 36
12476 36
12477 40
12478 30
12479 28
12480 34
12481 28
12482 29
12483 26
12484 30
12485 34
12486 30
12487 45
12488 32
12489 26
12490 25
12491 30
12492 29
12493 31
12494 31
12495 32
12496 30
12497 34
12498 30
12499 26
12500 31
12501 38
12502 28
12503 19
12504 25
12505 24
12506 25
12507 30
12508 27
12509 26
12510 30
12511 29
12512 23
12513 40
12514 38
12515 33
12516 28
12517 36
12518 33
12519 30
12520 35
12521 31
12522 28
12523 30
12524 42
12525 32
12526 39
12527 30
12528 41
12529 30
12530 34
12531 33
12532 21
12533 28
12534 37
12535 34
12536 35
12537 29
12538 35
12539 31
12540 26
12541 31
12542 25
12543 35
12544 35
12545 29
12546 37
12547 20
12548 33
12549 22
12550 43
12551 37
12552 32
12553 22
12554 40
12555 28
12556 29
12557 33
12558 25
12559 31
12560 24
12561 29
12562 35
12563 32
12564 34
12565 36
12566 39
12567 40
12568 31
12569 26
12570 38
12571 25
12572 30
12573 33
12574 26
12575 25
12576 32
12577 24
12578 26
12579 35
12580 32
12581 28
12582 33
12583 29
12584 34
12585 32
12586 32
12587 36
12588 25
12589 26
12590 24
12591 33
12592 35
12593 36
12594 30
12595 35
12596 39
12597 31
12598 29
12599 35
12600 32
12601 26
12602 42
12603 26
12604 24
12605 30
12606 40
12607 31
12608 38
12609 34
12610 26
12611 38
12612 23
12613 22
12614 25
12615 37
12616 34
12617 29
12618 34
12619 37
12620 34
12621 23
12622 36
12623 37
12624 25
12625 32
12626 31
12627 30
12628 27
12629 31
12630 37
12631 30
12632 43
12633 33
12634 25
12635 27
12636 23
12637 37
12638 37
12639 31
12640 23
12641 36
12642 27
12643 26
12644 33
12645 25
12646 26
12647 39
12648 26
12649 33
12650 32
12651 34
12652 27
12653 26
12654 31
12655 28
12656 27
12657 34
12658 24
12659 22
12660 27
12661 34
12662 29
12663 34
12664 26
12665 35
12666 32
12667 37
12668 33
12669 32
12670 32
12671 35
12672 33
12673 39
12674 37
12675 34
12676 25
12677 31
12678 23
12679 36
12680 26
12681 18
12682 37
12683 31
12684 37
12685 31
12686 28
12687 38
12688 37
12689 38
12690 25
12691 38
12692 22
12693 29
12694 34
12695 25
12696 32
12697 28
12698 33
12699 29
12700 27
12701 28
12702 33
12703 27
12704 33
12705 34
12706 39
12707 25
12708 35
12709 42
12710 26
12711 28
12712 27
12713 34
12714 37
12715 30
12716 23
12717 32
12718 30
12719 37
12720 28
12721 29
12722 26
12723 22
12724 44
12725 28
12726 23
12727 29
12728 26
12729 29
12730 29
12731 35
12732 32
12733 28
12734 31
12735 23
12736 27
12737 24
12738 41
12739 26
12740 30
12741 33
12742 41
12743 34
12744 39
12745 34
12746 29
12747 32
12748 34
12749 35
12750 29
12751 33
12752 22
12753 37
12754 24
12755 41
12756 45
12757 37
12758 25
12759 37
12760 39
12761 34
12762 29
12763 25
12764 31
12765 28
12766 28
12767 20
12768 31
12769 26
12770 40
12771 30
12772 24
12773 35
12774 27
12775 30
12776 30
12777 40
12778 51
12779 31
12780 40
12781 33
12782 28
12783 28
12784 35
12785 35
12786 27
12787 26
12788 23
12789 27
12790 30
12791 35
12792 33
12793 34
12794 41
12795 41
12796 33
12797 42
12798 26
12799 30
12800 31
12801 35
12802 30
12803 31
12804 28
12805 24
12806 26
12807 29
12808 21
12809 39
12810 37
12811 37
12812 28
12813 22
12814 35
12815 25
12816 37
12817 30
12818 27
12819 35
12820 36
12821 34
12822 23
12823 33
12824 32
12825 36
12826 25
12827 22
12828 33
12829 37
12830 39
12831 26
12832 47
12833 31
12834 40
12835 31
12836 35
12837 34
12838 33
12839 33
12840 31
12841 25
12842 33
12843 34
12844 37
12845 43
12846 36
12847 44
12848 34
12849 29
12850 28
12851 36
12852 29
12853 29
12854 35
12855 34
12856 35
12857 30
12858 36
12859 31
12860 31
12861 46
12862 26
12863 22
12864 31
12865 35
12866 18
12867 33
12868 34
12869 28
12870 25
12871 39
12872 27
12873 27
12874 37
12875 32
12876 37
12877 40
12878 48
12879 38
12880 38
12881 34
12882 37
12883 32
12884 32
12885 35
12886 37
12887 22
12888 30
12889 35
12890 27
12891 37
12892 35
12893 27
12894 28
12895 26
12896 34
12897 32
12898 32
12899 23
12900 28
12901 38
12902 33
12903 34
12904 30
12905 35
12906 23
12907 36
12908 33
12909 35
12910 26
12911 38
12912 26
12913 30
12914 33
12915 44
12916 23
12917 38
12918 26
12919 22
12920 31
12921 33
12922 28
12923 30
12924 30
12925 28
12926 33
12927 28
12928 32
12929 36
12930 36
12931 30
12932 26
12933 29
12934 28
12935 26
12936 41
12937 35
12938 31
12939 34
12940 38
12941 33
12942 28
12943 37
12944 33
12945 43
12946 27
12947 43
12948 28
12949 35
12950 33
12951 35
12952 35
12953 47
12954 36
12955 34
12956 24
12957 49
12958 32
12959 35
12960 22
12961 43
12962 32
12963 27
12964 22
12965 36
12966 26
12967 27
12968 39
12969 39
12970 32
12971 27
12972 33
12973 38
12974 31
12975 46
12976 35
12977 33
12978 33
12979 26
12980 41
12981 31
12982 26
12983 41
12984 38
12985 33
12986 23
12987 36
12988 37
12989 33
12990 40
12991 41
12992 30
12993 23
12994 36
12995 30
12996 26
12997 35
12998 32
12999 35
13000 32
13001 29
13002 33
13003 33
13004 33
13005 30
13006 39
13007 26
13008 29
13009 27
13010 29
13011 46
13012 35
13013 29
13014 41
13015 40
13016 29
13017 30
13018 34
13019 29
13020 36
13021 27
13022 50
13023 35
13024 43
13025 32
13026 32
13027 36
13028 35
13029 33
13030 35
13031 42
13032 36
13033 29
13034 30
13035 37
13036 34
13037 37
13038 32
13039 25
13040 33
13041 30
13042 41
13043 31
13044 30
13045 31
13046 20
13047 32
13048 32
13049 35
13050 40
13051 35
13052 38
13053 31
13054 33
13055 26
13056 32
13057 31
13058 36
13059 39
13060 41
13061 39
13062 28
13063 25
13064 31
13065 31
13066 34
13067 39
13068 35
13069 28
13070 31
13071 37
13072 29
13073 33
13074 36
13075 37
13076 39
13077 34
13078 42
13079 42
13080 33
13081 42
13082 36
13083 20
13084 35
13085 31
13086 32
13087 26
13088 32
13089 31
13090 31
13091 34
13092 32
13093 31
13094 34
13095 32
13096 30
13097 29
13098 34
13099 33
13100 39
13101 40
13102 39
13103 30
13104 30
13105 21
13106 38
13107 37
13108 43
13109 29
13110 25
13111 53
13112 32
13113 39
13114 22
13115 28
13116 30
13117 36
13118 34
13119 35
13120 27
13121 42
13122 40
13123 27
13124 36
13125 34
13126 28
13127 42
13128 39
13129 36
13130 43
13131 33
13132 38
13133 33
13134 38
13135 39
13136 34
13137 32
13138 23
13139 40
13140 33
13141 35
13142 29
13143 39
13144 27
13145 35
13146 34
13147 29
13148 34
13149 46
13150 23
13151 36
13152 36
13153 34
13154 27
13155 24
13156 38
13157 35
13158 31
13159 33
13160 24
13161 38
13162 34
13163 31
13164 35
13165 35
13166 29
13167 28
13168 39
13169 46
13170 25
13171 33
13172 43
13173 33
13174 32
13175 34
13176 37
13177 30
13178 31
13179 33
13180 32
13181 38
13182 38
13183 36
13184 29
13185 21
13186 38
13187 28
13188 30
13189 32
13190 30
13191 31
13192 30
13193 35
13194 46
13195 33
13196 30
13197 23
13198 30
13199 35
13200 31
13201 36
13202 26
13203 33
13204 25
13205 37
13206 35
13207 34
13208 35
13209 39
13210 34
13211 31
13212 39
13213 41
13214 27
13215 28
13216 35
13217 30
13218 30
13219 30
13220 26
13221 30
13222 46
13223 47
13224 24
13225 30
13226 36
13227 30
13228 42
13229 27
13230 36
13231 41
13232 47
13233 28
13234 21
13235 35
13236 34
13237 36
13238 42
13239 29
13240 32
13241 28
13242 41
13243 32
13244 39
13245 30
13246 41
13247 42
13248 41
13249 31
13250 15
13251 38
13252 35
13253 30
13254 37
13255 27
13256 43
13257 36
13258 39
13259 44
13260 34
13261 38
13262 28
13263 43
13264 32
13265 37
13266 35
13267 30
13268 36
13269 25
13270 35
13271 38
13272 39
13273 28
13274 29
13275 30
13276 29
13277 30
13278 44
13279 31
13280 37
13281 33
13282 29
13283 29
13284 28
13285 40
13286 32
13287 37
13288 29
13289 29
13290 31
13291 27
13292 34
13293 26
13294 27
13295 35
13296 33
13297 28
13298 35
13299 35
13300 30
13301 48
13302 40
13303 36
13304 35
13305 40
13306 29
13307 28
13308 39
13309 33
13310 36
13311 30
13312 27
13313 32
13314 29
13315 35
13316 27
13317 30
13318 32
13319 27
13320 26
13321 32
13322 34
13323 28
13324 27
13325 29
13326 34
13327 46
13328 25
13329 39
13330 28
13331 34
13332 36
13333 33
13334 45
13335 30
13336 29
13337 24
13338 19
13339 33
13340 24
13341 46
13342 42
13343 40
13344 33
13345 36
13346 35
13347 46
13348 44
13349 41
13350 53
13351 54
13352 56
13353 53
13354 47
13355 67
13356 61
13357 60
13358 64
13359 67
13360 69
13361 64
13362 64
13363 62
13364 61
13365 64
13366 59
13367 60
13368 60
13369 38
13370 49
13371 49
13372 40
13373 41
13374 52
13375 40
13376 31
13377 23
13378 37
13379 28
13380 33
13381 23
13382 33
13383 33
13384 39
13385 44
13386 30
13387 27
13388 38
13389 25
13390 32
13391 30
13392 23
13393 36
13394 31
13395 29
13396 28
13397 29
13398 39
13399 21
13400 34
13401 36
13402 28
13403 37
13404 26
13405 27
13406 27
13407 23
13408 34
13409 22
13410 29
13411 30
13412 32
13413 29
13414 33
13415 28
13416 26
13417 21
13418 27
13419 31
13420 33
13421 32
13422 25
13423 37
13424 32
13425 16
13426 30
13427 29
13428 30
13429 22
13430 37
13431 28
13432 28
13433 25
13434 26
13435 34
13436 29
13437 19
13438 33
13439 16
13440 25
13441 29
13442 33
13443 24
13444 29
13445 24
13446 34
13447 24
13448 28
13449 32
13450 31
13451 34
13452 34
13453 25
13454 31
13455 28
13456 32
13457 30
13458 32
13459 31
13460 23
13461 28
13462 27
13463 38
13464 33
13465 34
13466 32
13467 33
13468 22
13469 33
13470 25
13471 35
13472 39
13473 16
13474 46
13475 21
13476 32
13477 19
13478 22
13479 18
13480 25
13481 28
13482 26
13483 16
13484 21
13485 23
13486 20
13487 24
13488 21
13489 19
13490 30
13491 28
13492 33
13493 16
13494 22
13495 30
13496 25
13497 25
13498 20
13499 34
13500 31
13501 27
13502 20
13503 23
13504 16
13505 30
13506 20
13507 26
13508 14
13509 31
13510 17
13511 25
13512 27
13513 23
13514 31
13515 29
13516 24
13517 18
13518 30
13519 23
13520 27
13521 27
13522 23
13523 21
13524 35
13525 26
13526 22
13527 21
13528 33
13529 31
13530 15
13531 23
13532 17
13533 23
13534 32
13535 27
13536 21
13537 22
13538 18
13539 18
13540 32
13541 30
13542 20
13543 24
13544 21
13545 21
13546 28
13547 25
13548 19
13549 17
13550 22
13551 28
13552 22
13553 21
13554 25
13555 22
13556 23
13557 20
13558 23
13559 32
13560 23
13561 19
13562 21
13563 21
13564 27
13565 22
13566 23
13567 21
13568 20
13569 25
13570 22
13571 27
13572 15
13573 20
13574 12
13575 24
13576 21
13577 18
13578 22
13579 27
13580 20
13581 29
13582 22
13583 23
13584 19
13585 20
13586 13
13587 25
13588 22
13589 28
13590 25
13591 13
13592 20
13593 18
13594 25
13595 26
13596 23
13597 25
13598 22
13599 27
13600 18
13601 16
13602 22
13603 18
13604 27
13605 25
13606 28
13607 23
13608 28
13609 18
13610 16
13611 26
13612 22
13613 21
13614 18
13615 23
13616 24
13617 29
13618 22
13619 24
13620 22
13621 17
13622 24
13623 27
13624 16
13625 16
13626 22
13627 38
13628 18
13629 16
13630 22
13631 19
13632 28
13633 32
13634 19
13635 21
13636 23
13637 19
13638 17
13639 26
13640 22
13641 31
13642 16
13643 18
13644 17
13645 26
13646 18
13647 24
13648 35
13649 25
13650 15
13651 27
13652 25
13653 26
13654 25
13655 16
13656 29
13657 23
13658 19
13659 23
13660 21
13661 21
13662 16
13663 22
13664 21
13665 28
13666 20
13667 12
13668 14
13669 25
13670 15
13671 24
13672 23
13673 23
13674 23
13675 22
13676 20
13677 25
13678 18
13679 27
13680 30
13681 16
13682 27
13683 21
13684 16
13685 23
13686 26
13687 20
13688 26
13689 20
13690 19
13691 21
13692 29
13693 25
13694 13
13695 24
13696 23
13697 14
13698 15
13699 23
13700 27
13701 19
13702 22
13703 24
13704 28
13705 21
13706 21
13707 32
13708 26
13709 17
13710 27
13711 20
13712 26
13713 21
13714 28
13715 12
13716 15
13717 21
13718 22
13719 12
13720 24
13721 31
13722 27
13723 20
13724 19
13725 19
13726 26
13727 23
13728 21
13729 12
13730 13
13731 24
13732 28
13733 18
13734 23
13735 24
13736 24
13737 24
13738 20
13739 19
13740 22
13741 17
13742 31
13743 21
13744 24
13745 19
13746 22
13747 18
13748 13
13749 16
13750 15
13751 16
13752 25
13753 21
13754 26
13755 20
13756 19
13757 24
13758 17
13759 25
13760 23
13761 19
13762 18
13763 27
13764 17
13765 18
13766 27
13767 17
13768 17
13769 15
13770 20
13771 24
13772 18
13773 21
13774 20
13775 28
13776 16
13777 20
13778 23
13779 12
13780 20
13781 21
13782 20
13783 29
13784 21
13785 20
13786 15
13787 22
13788 19
13789 19
13790 13
13791 21
13792 27
13793 19
13794 23
13795 17
13796 25
13797 26
13798 24
13799 22
13800 22
13801 24
13802 29
13803 17
13804 26
13805 26
13806 25
13807 23
13808 20
13809 21
13810 26
13811 23
13812 17
13813 27
13814 25
13815 35
13816 32
13817 31
13818 18
13819 33
13820 35
13821 38
13822 23
13823 22
13824 24
13825 23
13826 20
13827 35
13828 20
13829 19
13830 24
13831 25
13832 34
13833 25
13834 27
13835 34
13836 23
13837 24
13838 19
13839 24
13840 17
13841 18
13842 26
13843 19
13844 22
13845 21
13846 17
13847 21
13848 18
13849 19
13850 20
13851 15
13852 21
13853 22
13854 19
13855 18
13856 29
13857 16
13858 22
13859 24
13860 28
13861 19
13862 21
13863 22
13864 22
13865 17
13866 27
13867 22
13868 28
13869 24
13870 22
13871 20
13872 13
13873 19
13874 27
13875 18
13876 19
13877 19
13878 14
13879 19
13880 20
13881 15
13882 25
13883 28
13884 21
13885 13
13886 15
13887 16
13888 18
13889 14
13890 17
13891 20
13892 17
13893 26
13894 19
13895 28
13896 23
13897 19
13898 19
13899 18
13900 21
13901 26
13902 18
13903 14
13904 20
13905 21
13906 29
13907 12
13908 26
13909 26
13910 23
13911 20
13912 20
13913 29
13914 25
13915 27
13916 17
13917 15
13918 24
13919 19
13920 23
13921 19
13922 16
13923 26
13924 25
13925 14
13926 25
13927 19
13928 19
13929 19
13930 21
13931 22
13932 20
13933 15
13934 21
13935 12
13936 17
13937 20
13938 18
13939 19
13940 31
13941 15
13942 19
13943 17
13944 17
13945 22
13946 19
13947 24
13948 15
13949 18
13950 26
13951 15
13952 21
13953 22
13954 27
13955 14
13956 15
13957 20
13958 19
13959 15
13960 15
13961 21
13962 17
13963 18
13964 22
13965 22
13966 25
13967 16
13968 22
13969 23
13970 29
13971 22
13972 18
13973 22
13974 19
13975 22
13976 33
13977 25
13978 20
13979 20
13980 22
13981 23
13982 21
13983 29
13984 17
13985 25
13986 12
13987 29
13988 22
13989 19
13990 24
13991 16
13992 18
13993 24
13994 17
13995 14
13996 14
13997 19
13998 23
13999 18
14000 19
14001 17
14002 22
14003 24
14004 24
14005 14
14006 26
14007 21
14008 21
14009 17
14010 16
14011 21
14012 26
14013 23
14014 13
14015 13
14016 22
14017 24
14018 11
14019 19
14020 22
14021 16
14022 17
14023 21
14024 14
14025 26
14026 15
14027 19
14028 16
14029 18
14030 27
14031 14
14032 22
14033 18
14034 18
14035 26
14036 20
14037 24
14038 23
14039 17
14040 12
14041 23
14042 16
14043 14
14044 17
14045 21
14046 14
14047 16
14048 19
14049 17
14050 19
14051 19
14052 16
14053 15
14054 13
14055 21
14056 22
14057 23
14058 15
14059 18
14060 18
14061 22
14062 22
14063 26
14064 26
14065 20
14066 29
14067 10
14068 17
14069 18
14070 20
14071 19
14072 22
14073 20
14074 11
14075 14
14076 23
14077 29
14078 12
14079 22
14080 22
14081 28
14082 12
14083 15
14084 20
14085 17
14086 15
14087 22
14088 19
14089 15
14090 15
14091 15
14092 15
14093 18
14094 17
14095 18
14096 24
14097 14
14098 28
14099 15
14100 18
14101 22
14102 22
14103 18
14104 15
14105 10
14106 17
14107 15
14108 17
14109 25
14110 17
14111 15
14112 18
14113 21
14114 18
14115 16
14116 16
14117 24
14118 22
14119 13
14120 19
14121 17
14122 17
14123 11
14124 16
14125 19
14126 18
14127 25
14128 14
14129 12
14130 16
14131 21
14132 19
14133 21
14134 16
14135 19
14136 20
14137 13
14138 13
14139 13
14140 16
14141 19
14142 22
14143 24
14144 13
14145 13
14146 10
14147 15
14148 20
14149 21
14150 16
14151 14
14152 13
14153 27
14154 24
14155 6
14156 17
14157 16
14158 16
14159 20
14160 23
14161 21
14162 15
14163 11
14164 17
14165 22
14166 18
14167 18
14168 22
14169 17
14170 22
14171 19
14172 23
14173 13
14174 27
14175 21
14176 24
14177 13
14178 23
14179 29
14180 21
14181 14
14182 19
14183 19
14184 16
14185 20
14186 19
14187 17
14188 25
14189 19
14190 19
14191 22
14192 13
14193 20
14194 13
14195 22
14196 12
14197 21
14198 21
14199 18
14200 22
14201 18
14202 20
14203 17
14204 13
14205 13
14206 15
14207 14
14208 16
14209 21
14210 21
14211 23
14212 16
14213 15
14214 15
14215 19
14216 10
14217 13
14218 13
14219 18
14220 23
14221 17
14222 18
14223 19
14224 20
14225 13
14226 26
14227 18
14228 20
14229 19
14230 12
14231 13
14232 18
14233 14
14234 6
14235 21
14236 15
14237 25
14238 13
14239 13
14240 15
14241 14
14242 25
14243 19
14244 14
14245 18
14246 14
14247 18
14248 18
14249 16
14250 21
14251 16
14252 15
14253 20
14254 21
14255 21
14256 13
14257 13
14258 19
14259 17
14260 5
14261 12
14262 22
14263 17
14264 23
14265 17
14266 28
14267 12
14268 17
14269 10
14270 21
14271 15
14272 14
14273 13
14274 12
14275 17
14276 15
14277 18
14278 6
14279 15
14280 15
14281 19
14282 12
14283 24
14284 12
14285 11
14286 14
14287 15
14288 16
14289 21
14290 14
14291 16
14292 16
14293 16
14294 15
14295 11
14296 18
14297 27
14298 8
14299 21
14300 16
14301 17
14302 20
14303 18
14304 22
14305 17
14306 19
14307 14
14308 13
14309 15
14310 12
14311 18
14312 17
14313 10
14314 11
14315 9
14316 15
14317 9
14318 18
14319 12
14320 7
14321 14
14322 11
14323 19
14324 20
14325 12
14326 14
14327 16
14328 23
14329 21
14330 15
14331 18
14332 14
14333 18
14334 15
14335 17
14336 17
14337 17
14338 14
14339 15
14340 8
14341 10
14342 15
14343 13
14344 22
14345 15
14346 10
14347 11
14348 16
14349 19
14350 17
14351 8
14352 16
14353 11
14354 17
14355 14
14356 17
14357 21
14358 5
14359 19
14360 21
14361 16
14362 14
14363 14
14364 15
14365 17
14366 10
14367 8
14368 19
14369 18
14370 13
14371 14
14372 17
14373 13
14374 17
14375 15
14376 16
14377 11
14378 17
14379 17
14380 15
14381 10
14382 16
14383 18
14384 16
14385 16
14386 17
14387 18
14388 11
14389 15
14390 9
14391 11
14392 19
14393 13
14394 16
14395 19
14396 9
14397 15
14398 18
14399 17
14400 15
14401 12
14402 18
14403 26
14404 13
14405 14
14406 19
14407 12
14408 11
14409 14
14410 19
14411 10
14412 12
14413 13
14414 14
14415 14
14416 16
14417 13
14418 21
14419 12
14420 15
14421 12
14422 11
14423 17
14424 9
14425 15
14426 17
14427 11
14428 10
14429 9
14430 14
14431 13
14432 10
14433 9
14434 19
14435 8
14436 9
14437 17
14438 16
14439 15
14440 15
14441 20
14442 7
14443 8
14444 16
14445 20
14446 18
14447 10
14448 8
14449 18
14450 11
14451 15
14452 7
14453 13
14454 10
14455 14
14456 17
14457 20
14458 11
14459 15
14460 15
14461 13
14462 11
14463 17
14464 22
14465 16
14466 16
14467 12
14468 16
14469 11
14470 8
14471 16
14472 15
14473 11
14474 15
14475 9
14476 17
14477 13
14478 11
14479 14
14480 16
14481 20
14482 13
14483 14
14484 13
14485 18
14486 17
14487 12
14488 15
14489 13
14490 10
14491 14
14492 14
14493 17
14494 15
14495 15
14496 12
14497 18
14498 14
14499 5
14500 14
14501 12
14502 14
14503 11
14504 19
14505 17
14506 19
14507 14
14508 11
14509 15
14510 13
14511 18
14512 11
14513 13
14514 14
14515 15
14516 23
14517 11
14518 12
14519 11
14520 14
14521 11
14522 15
14523 16
14524 17
14525 12
14526 13
14527 12
14528 10
14529 10
14530 8
14531 11
14532 10
14533 17
14534 11
14535 13
14536 17
14537 11
14538 12
14539 15
14540 16
14541 12
14542 13
14543 18
14544 15
14545 11
14546 12
14547 19
14548 17
14549 18
14550 14
14551 15
14552 16
14553 16
14554 24
14555 10
14556 15
14557 23
14558 23
14559 16
14560 15
14561 11
14562 16
14563 13
14564 15
14565 6
14566 11
14567 8
14568 12
14569 14
14570 17
14571 12
14572 16
14573 17
14574 9
14575 12
14576 6
14577 13
14578 15
14579 12
14580 12
14581 17
14582 15
14583 9
14584 17
14585 13
14586 16
14587 16
14588 14
14589 19
14590 12
14591 16
14592 11
14593 10
14594 7
14595 13
14596 15
14597 8
14598 12
14599 7
14600 6
14601 17
14602 16
14603 14
14604 12
14605 13
14606 12
14607 8
14608 18
14609 10
14610 15
14611 5
14612 15
14613 13
14614 15
14615 10
14616 11
14617 10
14618 15
14619 16
14620 9
14621 10
14622 11
14623 12
14624 15
14625 15
14626 14
14627 10
14628 15
14629 11
14630 18
14631 13
14632 14
14633 21
14634 11
14635 17
14636 10
14637 11
14638 14
14639 11
14640 16
14641 11
14642 11
14643 15
14644 11
14645 11
14646 14
14647 7
14648 25
14649 15
14650 14
14651 11
14652 12
14653 17
14654 13
14655 13
14656 15
14657 15
14658 20
14659 12
14660 14
14661 7
14662 7
14663 16
14664 9
14665 12
14666 12
14667 14
14668 11
14669 12
14670 12
14671 9
14672 12
14673 16
14674 12
14675 13
14676 12
14677 14
14678 7
14679 18
14680 18
14681 7
14682 13
14683 8
14684 9
14685 11
14686 7
14687 12
14688 10
14689 5
14690 12
14691 6
14692 17
14693 10
14694 13
14695 10
14696 10
14697 7
14698 10
14699 15
14700 15
14701 15
14702 16
14703 8
14704 9
14705 10
14706 12
14707 7
14708 12
14709 18
14710 12
14711 13
14712 8
14713 11
14714 14
14715 14
14716 11
14717 4
14718 14
14719 13
14720 16
14721 11
14722 10
14723 10
14724 11
14725 9
14726 13
14727 13
14728 13
14729 10
14730 7
14731 11
14732 9
14733 11
14734 14
14735 8
14736 11
14737 17
14738 8
14739 11
14740 15
14741 10
14742 14
14743 13
14744 10
14745 13
14746 14
14747 10
14748 11
14749 9
14750 11
14751 13
14752 13
14753 4
14754 9
14755 12
14756 16
14757 13
14758 10
14759 12
14760 11
14761 9
14762 12
14763 7
14764 7
14765 9
14766 14
14767 12
14768 11
14769 9
14770 13
14771 12
14772 12
14773 10
14774 11
14775 5
14776 10
14777 9
14778 19
14779 10
14780 6
14781 11
14782 14
14783 13
14784 14
14785 11
14786 17
14787 9
14788 13
14789 11
14790 10
14791 7
14792 8
14793 7
14794 7
14795 8
14796 15
14797 10
14798 13
14799 10
14800 9
14801 12
14802 11
14803 14
14804 9
14805 15
14806 9
14807 11
14808 8
14809 7
14810 13
14811 14
14812 12
14813 15
14814 7
14815 12
14816 14
14817 12
14818 4
14819 10
14820 14
14821 6
14822 12
14823 12
14824 7
14825 12
14826 14
14827 16
14828 6
14829 12
14830 8
14831 6
14832 9
14833 9
14834 9
14835 5
14836 8
14837 12
14838 13
14839 16
14840 15
14841 11
14842 16
14843 10
14844 13
14845 16
14846 9
14847 11
14848 14
14849 22
14850 7
14851 18
14852 10
14853 18
14854 20
14855 9
14856 23
14857 15
14858 18
14859 28
14860 29
14861 27
14862 31
14863 22
14864 30
14865 40
14866 30
14867 39
14868 27
14869 38
14870 21
14871 17
14872 24
14873 25
14874 35
14875 20
14876 19
14877 20
14878 16
14879 21
14880 20
14881 23
14882 10
14883 13
14884 13
14885 14
14886 15
14887 11
14888 11
14889 3
14890 11
14891 7
14892 12
14893 12
14894 13
14895 10
14896 11
14897 15
14898 9
14899 7
14900 10
14901 13
14902 14
14903 17
14904 12
14905 5
14906 8
14907 13
14908 10
14909 6
14910 14
14911 11
14912 17
14913 12
14914 8
14915 9
14916 10
14917 10
14918 14
14919 18
14920 10
14921 7
14922 11
14923 7
14924 8
14925 12
14926 9
14927 12
14928 9
14929 11
14930 10
14931 8
14932 10
14933 8
14934 8
14935 5
14936 7
14937 11
14938 15
14939 9
14940 10
14941 14
14942 18
14943 10
14944 8
14945 13
14946 20
14947 9
14948 19
14949 18
14950 16
14951 11
14952 11
14953 16
14954 21
14955 16
14956 22
14957 16
14958 17
14959 17
14960 14
14961 12
14962 8
14963 16
14964 4
14965 7
14966 2
14967 10
14968 16
14969 10
14970 7
14971 9
14972 8
14973 7
14974 10
14975 6
14976 8
14977 6
14978 13
14979 9
14980 11
14981 13
14982 13
14983 15
14984 17
14985 8
14986 5
14987 12
14988 11
14989 8
14990 9
14991 9
14992 17
14993 8
14994 14
14995 9
14996 19
14997 16
14998 3
14999 21
15000 10
15001 16
15002 13
15003 6
15004 6
15005 9
15006 14
15007 7
15008 12
15009 9
15010 12
15011 10
15012 13
15013 10
15014 12
15015 15
15016 10
15017 14
15018 8
15019 9
15020 11
15021 14
15022 10
15023 14
15024 13
15025 5
15026 12
15027 12
15028 16
15029 5
15030 11
15031 17
15032 10
15033 16
15034 7
15035 16
15036 13
15037 17
15038 11
15039 6
15040 19
15041 7
15042 9
15043 11
15044 8
15045 8
15046 5
15047 11
15048 8
15049 12
15050 11
15051 13
15052 14
15053 10
15054 13
15055 13
15056 5
15057 10
15058 9
15059 16
15060 16
15061 21
15062 11
15063 19
15064 11
15065 12
15066 9
15067 8
15068 14
15069 8
15070 11
15071 6
15072 16
15073 7
15074 16
15075 8
15076 10
15077 7
15078 12
15079 13
15080 10
15081 10
15082 9
15083 4
15084 12
15085 16
15086 10
15087 8
15088 10
15089 8
15090 6
15091 9
15092 10
15093 8
15094 12
15095 15
15096 8
15097 9
15098 15
15099 18
15100 8
15101 12
15102 8
15103 13
15104 13
15105 17
15106 11
15107 17
15108 12
15109 16
15110 12
15111 11
15112 17
15113 13
15114 12
15115 12
15116 15
15117 21
15118 17
15119 13
15120 23
15121 11
15122 15
15123 13
15124 12
15125 17
15126 14
15127 21
15128 15
15129 15
15130 23
15131 16
15132 25
15133 14
15134 11
15135 19
15136 8
15137 16
15138 14
15139 13
15140 15
15141 9
15142 11
15143 11
15144 13
15145 10
15146 8
15147 10
15148 14
15149 6
15150 9
15151 10
15152 11
15153 11
15154 9
15155 11
15156 17
15157 14
15158 11
15159 15
15160 4
15161 10
15162 10
15163 12
15164 8
15165 10
15166 11
15167 14
15168 19
15169 10
15170 8
15171 14
15172 9
15173 12
15174 9
15175 13
15176 11
15177 11
15178 10
15179 17
15180 13
15181 15
15182 15
15183 18
15184 21
15185 18
15186 17
15187 21
15188 23
15189 23
15190 26
15191 22
15192 17
15193 22
15194 19
15195 23
15196 21
15197 23
15198 19
15199 15
15200 18
15201 23
15202 20
15203 15
15204 9
15205 6
15206 13
15207 11
15208 7
15209 10
15210 10
15211 19
15212 9
15213 10
15214 5
15215 14
15216 12
15217 8
15218 10
15219 9
15220 7
15221 8
15222 6
15223 7
15224 11
15225 6
15226 14
15227 15
15228 7
15229 4
15230 8
15231 12
15232 5
15233 6
15234 17
15235 9
15236 9
15237 13
15238 11
15239 11
15240 13
15241 9
15242 12
15243 11
15244 14
15245 20
15246 6
15247 16
15248 14
15249 7
15250 13
15251 11
15252 3
15253 10
15254 7
15255 13
15256 7
15257 14
15258 6
15259 8
15260 11
15261 9
15262 8
15263 8
15264 13
15265 12
15266 7
15267 7
15268 14
15269 8
15270 11
15271 14
15272 10
15273 10
15274 7
15275 9
15276 15
15277 13
15278 7
15279 10
15280 13
15281 14
15282 15
15283 9
15284 9
15285 10
15286 12
15287 9
15288 18
15289 11
15290 6
15291 15
15292 13
15293 11
15294 10
15295 11
15296 15
15297 9
15298 8
15299 5
15300 11
15301 12
15302 12
15303 11
15304 12
15305 17
15306 7
15307 15
15308 12
15309 8
15310 10
15311 7
15312 9
15313 8
15314 9
15315 14
15316 14
15317 13
15318 16
15319 12
15320 11
15321 12
15322 8
15323 6
15324 8
15325 13
15326 6
15327 16
15328 16
15329 7
15330 8
15331 10
15332 14
15333 13
15334 11
15335 13
15336 13
15337 10
15338 8
15339 11
15340 14
15341 16
15342 10
15343 8
15344 10
15345 11
15346 10
15347 14
15348 11
15349 15
15350 10
15351 8
15352 5
15353 5
15354 10
15355 8
15356 9
15357 6
15358 11
15359 6
15360 13
15361 8
15362 13
15363 10
15364 6
15365 12
15366 11
15367 12
15368 7
15369 10
15370 9
15371 11
15372 10
15373 16
15374 9
15375 11
15376 16
15377 11
15378 20
15379 8
15380 13
15381 10
15382 12
15383 5
15384 12
15385 8
15386 10
15387 11
15388 15
15389 11
15390 11
15391 11
15392 14
15393 12
15394 17
15395 8
15396 8
15397 8
15398 18
15399 6
15400 10
15401 9
15402 14
15403 9
15404 11
15405 12
15406 9
15407 18
15408 7
15409 8
15410 8
15411 7
15412 5
15413 12
15414 10
15415 13
15416 8
15417 7
15418 12
15419 16
15420 14
15421 12
15422 11
15423 5
15424 7
15425 9
15426 11
15427 9
15428 7
15429 13
15430 5
15431 13
15432 9
15433 12
15434 10
15435 9
15436 7
15437 12
15438 7
15439 12
15440 12
15441 9
15442 7
15443 13
15444 10
15445 13
15446 12
15447 10
15448 6
15449 10
15450 8
15451 11
15452 11
15453 6
15454 14
15455 15
15456 7
15457 5
15458 7
15459 3
15460 11
15461 13
15462 16
15463 8
15464 10
15465 9
15466 8
15467 6
15468 9
15469 11
15470 14
15471 10
15472 9
15473 10
15474 10
15475 8
15476 11
15477 7
15478 16
15479 14
15480 11
15481 11
15482 3
15483 12
15484 7
15485 9
15486 6
15487 11
15488 9
15489 16
15490 21
15491 9
15492 13
15493 8
15494 8
15495 12
15496 9
15497 12
15498 10
15499 7
15500 13
15501 10
15502 7
15503 11
15504 10
15505 5
15506 9
15507 8
15508 12
15509 9
15510 14
15511 11
15512 9
15513 6
15514 13
15515 9
15516 8
15517 9
15518 9
15519 9
15520 13
15521 9
15522 9
15523 16
15524 15
15525 13
15526 9
15527 15
15528 8
15529 12
15530 11
15531 3
15532 9
15533 10
15534 10
15535 10
15536 10
15537 12
15538 15
15539 12
15540 8
15541 7
15542 10
15543 8
15544 9
15545 13
15546 5
15547 12
15548 6
15549 7
15550 5
15551 5
15552 12
15553 10
15554 13
15555 16
15556 14
15557 11
15558 11
15559 8
15560 6
15561 10
15562 14
15563 8
15564 12
15565 9
15566 10
15567 6
15568 14
15569 12
15570 10
15571 11
15572 17
15573 6
15574 11
15575 8
15576 10
15577 8
15578 10
15579 10
15580 6
15581 11
15582 6
15583 11
15584 7
15585 9
15586 11
15587 17
15588 8
15589 14
15590 9
15591 16
15592 15
15593 9
15594 6
15595 6
15596 12
15597 16
15598 6
15599 11
15600 6
15601 11
15602 6
15603 8
15604 7
15605 14
15606 10
15607 9
15608 12
15609 8
15610 11
15611 12
15612 10
15613 14
15614 10
15615 12
15616 15
15617 14
15618 5
15619 19
15620 6
15621 8
15622 9
15623 9
15624 10
15625 11
15626 11
15627 7
15628 9
15629 12
15630 5
15631 11
15632 9
15633 9
15634 11
15635 10
15636 15
15637 12
15638 11
15639 7
15640 6
15641 6
15642 7
15643 7
15644 9
15645 12
15646 10
15647 8
15648 5
15649 5
15650 12
15651 13
15652 15
15653 8
15654 10
15655 15
15656 7
15657 10
15658 8
15659 12
15660 5
15661 8
15662 8
15663 14
15664 11
15665 10
15666 15
15667 9
15668 11
15669 6
15670 10
15671 9
15672 13
15673 12
15674 13
15675 9
15676 12
15677 14
15678 10
15679 17
15680 13
15681 17
15682 13
15683 16
15684 8
15685 11
15686 8
15687 14
15688 9
15689 7
15690 9
15691 9
15692 10
15693 8
15694 12
15695 16
15696 8
15697 12
15698 10
15699 12
15700 15
15701 19
15702 16
15703 16
15704 11
15705 9
15706 16
15707 13
15708 10
15709 12
15710 20
15711 20
15712 13
15713 13
15714 14
15715 9
15716 15
15717 12
15718 11
15719 16
15720 19
15721 15
15722 14
15723 20
15724 21
15725 20
15726 19
15727 18
15728 29
15729 23
15730 32
15731 32
15732 45
15733 47
15734 42
15735 57
15736 75
15737 91
15738 95
15739 113
15740 113
15741 141
15742 160
15743 179
15744 209
15745 229
15746 267
15747 315
15748 340
15749 414
15750 459
15751 478
15752 540
15753 643
15754 692
15755 717
15756 702
15757 892
15758 900
15759 975
15760 971
15761 1050
15762 1055
15763 1022
15764 1094
15765 1071
15766 1003
15767 915
15768 982
15769 885
15770 847
15771 767
15772 696
15773 634
15774 548
15775 497
15776 414
15777 328
15778 298
15779 249
15780 203
15781 171
15782 123
15783 126
15784 93
15785 70
15786 52
15787 42
15788 26
15789 17
15790 26
15791 9
15792 12
15793 10
15794 3
15795 9
15796 10
15797 5
15798 8
15799 6
15800 2
15801 6
15802 10
15803 7
15804 8
15805 10
15806 9
15807 4
15808 7
15809 11
15810 5
15811 8
15812 2
15813 9
15814 3
15815 6
15816 6
15817 3
15818 14
15819 9
15820 10
15821 6
15822 6
15823 7
15824 10
15825 8
15826 6
15827 6
15828 3
15829 7
15830 3
15831 3
15832 7
15833 7
15834 6
15835 8
15836 5
15837 8
15838 7
15839 9
15840 3
15841 6
15842 4
15843 3
15844 4
15845 10
15846 3
15847 5
15848 6
15849 9
15850 3
15851 13
15852 6
15853 6
15854 8
15855 8
15856 6
15857 9
15858 6
15859 11
15860 3
15861 9
15862 7
15863 0
15864 10
15865 6
15866 6
15867 9
15868 2
15869 6
15870 8
15871 5
15872 2
15873 3
15874 6
15875 3
15876 4
15877 10
15878 12
15879 2
15880 3
15881 4
15882 7
15883 10
15884 10
15885 7
15886 4
15887 5
15888 5
15889 7
15890 7
15891 11
15892 5
15893 7
15894 5
15895 7
15896 6
15897 12
15898 7
15899 10
15900 12
15901 3
15902 9
15903 4
15904 4
15905 8
15906 3
15907 4
15908 7
15909 9
15910 7
15911 3
15912 4
15913 5
15914 5
15915 5
15916 4
15917 4
15918 6
15919 5
15920 2
15921 4
15922 5
15923 4
15924 13
15925 4
15926 6
15927 4
15928 6
15929 7
15930 6
15931 5
15932 6
15933 9
15934 8
15935 7
15936 5
15937 6
15938 5
15939 14
15940 7
15941 6
15942 4
15943 7
15944 5
15945 6
15946 8
15947 7
15948 6
15949 11
15950 6
15951 8
15952 8
15953 10
15954 8
15955 4
15956 3
15957 5
15958 6
15959 4
15960 6
15961 12
15962 3
15963 8
15964 10
15965 6
15966 6
15967 8
15968 5
15969 7
15970 7
15971 6
15972 6
15973 6
15974 6
15975 4
15976 5
15977 7
15978 6
15979 6
15980 6
15981 5
15982 14
15983 6
15984 8
15985 7
15986 5
15987 5
15988 10
15989 7
15990 8
15991 2
15992 4
15993 9
15994 8
15995 5
15996 9
15997 6
15998 6
15999 7
16000 8
16001 5
16002 6
16003 9
16004 8
16005 4
16006 6
16007 2
16008 6
16009 4
16010 7
16011 7
16012 7
16013 7
16014 8
16015 5
16016 3
16017 6
16018 5
16019 8
16020 10
16021 3
16022 2
16023 10
16024 4
16025 2
16026 7
16027 3
16028 8
16029 9
16030 3
16031 5
16032 9
16033 6
16034 5
16035 9
16036 2
16037 8
16038 7
16039 7
16040 8
16041 3
16042 4
16043 8
16044 8
16045 5
16046 6
16047 7
16048 3
16049 12
16050 4
16051 5
16052 8
16053 4
16054 6
16055 4
16056 6
16057 5
16058 7
16059 2
16060 9
16061 6
16062 4
16063 6
16064 3
16065 3
16066 8
16067 8
16068 4
16069 7
16070 2
16071 5
16072 8
16073 5
16074 5
16075 8
16076 12
16077 8
16078 7
16079 9
16080 9
16081 5
16082 8
16083 12
16084 7
16085 5
16086 1
16087 4
16088 6
16089 7
16090 8
16091 7
16092 5
16093 0
16094 8
16095 4
16096 7
16097 8
16098 9
16099 8
16100 3
16101 3
16102 5
16103 4
16104 5
16105 4
16106 5
16107 6
16108 5
16109 6
16110 9
16111 8
16112 6
16113 6
16114 3
16115 7
16116 5
16117 9
16118 4
16119 16
16120 11
16121 7
16122 5
16123 6
16124 8
16125 11
16126 8
16127 9
16128 3
16129 8
16130 13
16131 6
16132 9
16133 13
16134 9
16135 13
16136 12
16137 8
16138 13
16139 9
16140 6
16141 9
16142 14
16143 7
16144 8
16145 13
16146 6
16147 6
16148 10
16149 6
16150 14
16151 11
16152 10
16153 11
16154 13
16155 10
16156 10
16157 11
16158 6
16159 6
16160 2
16161 9
16162 6
16163 8
16164 6
16165 7
16166 4
16167 7
16168 7
16169 5
16170 6
16171 12
16172 9
16173 7
16174 17
16175 7
16176 1
16177 7
16178 7
16179 8
16180 7
16181 11
16182 3
16183 3
16184 6
16185 8
16186 14
16187 3
16188 8
16189 6
16190 11
16191 9
16192 8
16193 14
16194 6
16195 9
16196 6
16197 7
16198 5
16199 7
16200 8
16201 5
16202 7
16203 6
16204 9
16205 6
16206 10
16207 5
16208 9
16209 4
16210 7
16211 9
16212 4
16213 9
16214 8
16215 7
16216 3
16217 7
16218 7
16219 11
16220 9
16221 7
16222 12
16223 7
16224 6
16225 10
16226 6
16227 6
16228 7
16229 9
16230 2
16231 2
16232 3
16233 7
16234 6
16235 4
16236 2
16237 3
16238 5
16239 7
16240 5
16241 5
16242 2
16243 9
16244 8
16245 8
16246 8
16247 7
16248 3
16249 6
16250 3
16251 4
16252 6
16253 4
16254 6
16255 10
16256 7
16257 5
16258 11
16259 11
16260 2
16261 4
16262 5
16263 5
16264 4
16265 6
16266 9
16267 8
16268 9
16269 10
16270 6
16271 8
16272 12
16273 5
16274 9
16275 15
16276 5
16277 21
16278 18
16279 16
16280 16
16281 10
16282 17
16283 13
16284 21
16285 16
16286 19
16287 12
16288 11
16289 17
16290 13
16291 19
16292 12
16293 12
16294 13
16295 11
16296 13
16297 11
16298 9
16299 14
16300 9
16301 11
16302 10
16303 9
16304 6
16305 9
16306 6
16307 8
16308 5
16309 6
16310 7
16311 8
16312 7
16313 4
16314 7
16315 7
16316 6
16317 6
16318 7
16319 10
16320 5
16321 7
16322 7
16323 6
16324 8
16325 8
16326 6
16327 10
16328 12
16329 5
16330 3
16331 6
16332 5
16333 3
16334 5
16335 8
16336 7
16337 7
16338 5
16339 6
16340 2
16341 8
16342 11
16343 6
16344 7
16345 4
16346 3
16347 4
16348 9
16349 4
16350 6
16351 5
16352 4
16353 5
16354 6
16355 9
16356 8
16357 5
16358 7
16359 10
16360 1
16361 6
16362 5
16363 9
16364 6
16365 13
16366 7
16367 6
16368 4
16369 9
16370 9
16371 6
16372 5
16373 8
16374 5
16375 7
16376 6
16377 4
16378 4
16379 5
16380 8
16381 12
16382 6
16383 42330

