0 0
1 10
2 6
3 9
4 8
5 7
6 5
7 3
8 2
9 1
10 0
11 0
12 0
13 0
14 0
15 0
16 0
17 0
18 0
19 0
20 0
21 0
22 0
23 0
24 0
25 0
26 0
27 0
28 0
29 0
30 0
31 0
32 0
33 0
34 0
35 0
36 0
37 0
38 0
39 0
40 0
41 0
42 0
43 0
44 0
45 0
46 0
47 0
48 0
49 0
50 0
51 0
52 0
53 0
54 0
55 0
56 0
57 0
58 0
59 0
60 0
61 0
62 0
63 0
64 0
65 0
66 0
67 0
68 0
69 0
70 0
71 0
72 0
73 1
74 0
75 0
76 0
77 0
78 0
79 0
80 0
81 0
82 0
83 0
84 0
85 0
86 0
87 0
88 0
89 0
90 0
91 0
92 0
93 0
94 0
95 0
96 0
97 0
98 1
99 0
100 0
101 0
102 2
103 0
104 2
105 0
106 2
107 3
108 1
109 1
110 2
111 1
112 1
113 3
114 3
115 2
116 6
117 3
118 4
119 3
120 6
121 12
122 4
123 4
124 3
125 6
126 6
127 2
128 3
129 2
130 5
131 4
132 6
133 9
134 4
135 6
136 6
137 6
138 1
139 5
140 8
141 8
142 5
143 2
144 4
145 3
146 5
147 6
148 6
149 6
150 8
151 3
152 4
153 4
154 3
155 6
156 6
157 5
158 4
159 10
160 4
161 5
162 3
163 3
164 7
165 6
166 3
167 5
168 5
169 3
170 3
171 4
172 6
173 6
174 5
175 5
176 8
177 7
178 11
179 4
180 6
181 4
182 6
183 5
184 3
185 7
186 3
187 3
188 5
189 7
190 2
191 6
192 7
193 8
194 7
195 4
196 9
197 1
198 5
199 6
200 7
201 4
202 8
203 4
204 4
205 4
206 2
207 6
208 8
209 5
210 4
211 4
212 6
213 4
214 8
215 4
216 11
217 6
218 6
219 3
220 8
221 6
222 6
223 9
224 6
225 6
226 7
227 5
228 8
229 6
230 7
231 1
232 4
233 8
234 9
235 7
236 2
237 6
238 7
239 3
240 5
241 9
242 7
243 8
244 4
245 6
246 9
247 5
248 4
249 2
250 7
251 8
252 8
253 9
254 9
255 6
256 5
257 6
258 12
259 9
260 7
261 5
262 9
263 6
264 3
265 8
266 5
267 6
268 10
269 7
270 8
271 6
272 11
273 9
274 9
275 3
276 3
277 9
278 5
279 7
280 8
281 7
282 3
283 9
284 8
285 11
286 12
287 10
288 10
289 8
290 12
291 7
292 15
293 10
294 10
295 15
296 10
297 13
298 8
299 13
300 8
301 10
302 10
303 17
304 14
305 12
306 16
307 13
308 5
309 5
310 10
311 7
312 9
313 13
314 8
315 12
316 9
317 6
318 6
319 13
320 7
321 13
322 9
323 9
324 14
325 17
326 8
327 8
328 9
329 7
330 6
331 7
332 13
333 2
334 8
335 8
336 6
337 8
338 13
339 8
340 6
341 10
342 8
343 11
344 10
345 10
346 4
347 11
348 7
349 13
350 11
351 6
352 7
353 13
354 11
355 8
356 4
357 14
358 10
359 10
360 5
361 8
362 14
363 11
364 8
365 8
366 12
367 12
368 11
369 8
370 10
371 7
372 4
373 4
374 9
375 13
376 7
377 7
378 9
379 19
380 13
381 9
382 6
383 9
384 12
385 14
386 9
387 7
388 7
389 12
390 10
391 8
392 7
393 12
394 13
395 10
396 6
397 9
398 9
399 7
400 6
401 8
402 14
403 10
404 10
405 12
406 13
407 9
408 8
409 11
410 9
411 11
412 4
413 15
414 11
415 9
416 16
417 11
418 10
419 16
420 17
421 8
422 11
423 14
424 11
425 8
426 11
427 13
428 12
429 11
430 12
431 10
432 7
433 17
434 14
435 11
436 11
437 17
438 13
439 13
440 10
441 10
442 12
443 9
444 7
445 17
446 10
447 7
448 12
449 14
450 8
451 15
452 11
453 12
454 15
455 8
456 20
457 14
458 12
459 15
460 13
461 10
462 24
463 16
464 9
465 6
466 14
467 12
468 14
469 15
470 17
471 18
472 6
473 15
474 14
475 12
476 11
477 12
478 18
479 18
480 17
481 16
482 13
483 14
484 15
485 15
486 19
487 15
488 9
489 10
490 13
491 14
492 9
493 13
494 19
495 12
496 16
497 16
498 14
499 9
500 12
501 21
502 27
503 14
504 19
505 18
506 18
507 19
508 11
509 11
510 13
511 18
512 17
513 11
514 14
515 26
516 13
517 23
518 17
519 16
520 12
521 19
522 16
523 13
524 18
525 19
526 24
527 18
528 21
529 21
530 24
531 17
532 15
533 15
534 15
535 18
536 18
537 15
538 26
539 15
540 18
541 18
542 23
543 18
544 16
545 18
546 15
547 17
548 18
549 20
550 31
551 16
552 14
553 25
554 23
555 25
556 13
557 26
558 13
559 25
560 28
561 28
562 23
563 23
564 25
565 19
566 17
567 27
568 18
569 28
570 15
571 24
572 30
573 22
574 25
575 18
576 29
577 27
578 20
579 22
580 20
581 27
582 20
583 27
584 25
585 16
586 19
587 28
588 22
589 27
590 22
591 14
592 23
593 27
594 35
595 25
596 21
597 17
598 12
599 24
600 17
601 24
602 26
603 25
604 27
605 33
606 25
607 38
608 27
609 33
610 24
611 22
612 26
613 28
614 27
615 37
616 26
617 22
618 24
619 32
620 24
621 24
622 25
623 33
624 25
625 22
626 19
627 29
628 30
629 31
630 18
631 22
632 28
633 29
634 27
635 19
636 23
637 31
638 29
639 29
640 27
641 30
642 39
643 34
644 19
645 27
646 28
647 31
648 21
649 26
650 31
651 29
652 35
653 25
654 32
655 26
656 24
657 26
658 29
659 31
660 29
661 26
662 31
663 28
664 32
665 17
666 32
667 35
668 36
669 34
670 33
671 31
672 34
673 21
674 33
675 32
676 37
677 28
678 22
679 41
680 31
681 37
682 31
683 42
684 27
685 41
686 35
687 32
688 37
689 36
690 42
691 26
692 31
693 32
694 33
695 25
696 26
697 35
698 35
699 33
700 26
701 33
702 31
703 29
704 27
705 36
706 31
707 37
708 34
709 27
710 29
711 39
712 31
713 41
714 46
715 41
716 27
717 31
718 32
719 28
720 29
721 25
722 23
723 30
724 43
725 37
726 33
727 33
728 42
729 20
730 34
731 34
732 38
733 33
734 26
735 31
736 36
737 31
738 26
739 41
740 23
741 34
742 45
743 30
744 33
745 32
746 43
747 28
748 38
749 36
750 30
751 36
752 35
753 34
754 28
755 37
756 32
757 26
758 34
759 26
760 31
761 33
762 39
763 37
764 34
765 38
766 39
767 20
768 39
769 32
770 46
771 37
772 35
773 42
774 30
775 42
776 28
777 42
778 33
779 31
780 23
781 34
782 38
783 29
784 34
785 34
786 41
787 22
788 40
789 32
790 41
791 45
792 37
793 41
794 41
795 38
796 40
797 42
798 33
799 22
800 42
801 37
802 29
803 30
804 34
805 44
806 32
807 32
808 26
809 35
810 35
811 37
812 51
813 29
814 28
815 26
816 40
817 32
818 26
819 26
820 36
821 35
822 37
823 40
824 38
825 45
826 31
827 38
828 33
829 39
830 38
831 41
832 40
833 27
834 46
835 32
836 35
837 35
838 39
839 37
840 27
841 33
842 41
843 35
844 37
845 32
846 49
847 38
848 38
849 34
850 28
851 38
852 44
853 45
854 39
855 32
856 32
857 36
858 33
859 48
860 37
861 28
862 42
863 34
864 26
865 27
866 37
867 40
868 35
869 33
870 34
871 33
872 26
873 35
874 26
875 33
876 37
877 34
878 30
879 37
880 36
881 36
882 35
883 41
884 36
885 24
886 25
887 36
888 42
889 38
890 27
891 37
892 27
893 36
894 35
895 39
896 43
897 28
898 27
899 27
900 26
901 43
902 40
903 29
904 37
905 27
906 38
907 34
908 36
909 34
910 35
911 36
912 31
913 41
914 32
915 24
916 41
917 33
918 32
919 45
920 28
921 49
922 47
923 35
924 37
925 30
926 25
927 33
928 31
929 30
930 35
931 31
932 29
933 34
934 30
935 24
936 31
937 35
938 31
939 35
940 36
941 39
942 29
943 28
944 36
945 31
946 26
947 43
948 35
949 24
950 41
951 26
952 29
953 43
954 35
955 35
956 34
957 42
958 29
959 46
960 31
961 26
962 36
963 32
964 38
965 32
966 31
967 32
968 41
969 39
970 37
971 36
972 25
973 39
974 25
975 33
976 28
977 37
978 29
979 33
980 36
981 36
982 32
983 31
984 31
985 27
986 37
987 31
988 31
989 35
990 26
991 25
992 35
993 40
994 36
995 32
996 28
997 30
998 31
999 31
1000 34
1001 29
1002 39
1003 33
1004 43
1005 34
1006 32
1007 32
1008 36
1009 40
1010 24
1011 31
1012 32
1013 38
1014 36
1015 36
1016 36
1017 36
1018 41
1019 30
1020 34
1021 28
1022 38
1023 35
1024 30
1025 34
1026 35
1027 29
1028 29
1029 33
1030 31
1031 42
1032 36
1033 30
1034 41
1035 35
1036 30
1037 39
1038 33
1039 38
1040 38
1041 29
1042 32
1043 31
1044 36
1045 23
1046 35
1047 32
1048 35
1049 34
1050 35
1051 36
1052 33
1053 34
1054 35
1055 34
1056 35
1057 41
1058 44
1059 34
1060 33
1061 26
1062 46
1063 34
1064 38
1065 41
1066 35
1067 34
1068 38
1069 29
1070 22
1071 32
1072 29
1073 41
1074 34
1075 31
1076 27
1077 39
1078 41
1079 28
1080 28
1081 35
1082 35
1083 37
1084 34
1085 23
1086 32
1087 40
1088 25
1089 33
1090 19
1091 23
1092 33
1093 33
1094 31
1095 28
1096 31
1097 33
1098 25
1099 34
1100 27
1101 31
1102 26
1103 34
1104 33
1105 29
1106 27
1107 25
1108 33
1109 41
1110 28
1111 24
1112 18
1113 32
1114 36
1115 38
1116 35
1117 30
1118 37
1119 37
1120 27
1121 43
1122 28
1123 30
1124 35
1125 26
1126 27
1127 28
1128 31
1129 29
1130 33
1131 33
1132 37
1133 25
1134 34
1135 37
1136 37
1137 47
1138 27
1139 24
1140 33
1141 28
1142 30
1143 33
1144 29
1145 37
1146 37
1147 28
1148 33
1149 34
1150 26
1151 34
1152 27
1153 30
1154 33
1155 26
1156 33
1157 34
1158 31
1159 25
1160 26
1161 40
1162 26
1163 36
1164 27
1165 25
1166 34
1167 29
1168 27
1169 32
1170 23
1171 25
1172 37
1173 33
1174 29
1175 26
1176 32
1177 26
1178 27
1179 35
1180 29
1181 31
1182 37
1183 29
1184 23
1185 31
1186 23
1187 32
1188 33
1189 32
1190 32
1191 30
1192 29
1193 30
1194 24
1195 31
1196 25
1197 25
1198 34
1199 29
1200 29
1201 36
1202 32
1203 32
1204 27
1205 31
1206 27
1207 22
1208 33
1209 19
1210 27
1211 31
1212 29
1213 23
1214 23
1215 37
1216 26
1217 36
1218 29
1219 33
1220 39
1221 32
1222 23
1223 28
1224 29
1225 32
1226 27
1227 26
1228 28
1229 24
1230 26
1231 28
1232 31
1233 22
1234 29
1235 26
1236 29
1237 21
1238 28
1239 25
1240 26
1241 23
1242 23
1243 32
1244 42
1245 28
1246 32
1247 25
1248 28
1249 35
1250 20
1251 31
1252 26
1253 26
1254 28
1255 33
1256 30
1257 25
1258 27
1259 33
1260 25
1261 28
1262 34
1263 32
1264 29
1265 21
1266 25
1267 31
1268 25
1269 27
1270 31
1271 30
1272 20
1273 21
1274 28
1275 27
1276 26
1277 24
1278 26
1279 23
1280 25
1281 33
1282 25
1283 22
1284 32
1285 30
1286 23
1287 34
1288 20
1289 33
1290 22
1291 29
1292 17
1293 23
1294 26
1295 21
1296 25
1297 35
1298 24
1299 20
1300 33
1301 22
1302 33
1303 28
1304 25
1305 30
1306 29
1307 17
1308 29
1309 31
1310 26
1311 18
1312 26
1313 26
1314 21
1315 21
1316 28
1317 20
1318 27
1319 16
1320 31
1321 22
1322 25
1323 23
1324 31
1325 24
1326 25
1327 27
1328 23
1329 24
1330 26
1331 29
1332 25
1333 33
1334 35
1335 21
1336 27
1337 27
1338 23
1339 27
1340 23
1341 38
1342 28
1343 30
1344 26
1345 29
1346 33
1347 31
1348 29
1349 22
1350 22
1351 23
1352 28
1353 25
1354 29
1355 23
1356 29
1357 29
1358 17
1359 18
1360 21
1361 32
1362 24
1363 31
1364 23
1365 23
1366 23
1367 22
1368 20
1369 24
1370 25
1371 25
1372 31
1373 23
1374 33
1375 17
1376 22
1377 19
1378 17
1379 23
1380 25
1381 16
1382 26
1383 26
1384 15
1385 30
1386 22
1387 26
1388 21
1389 21
1390 26
1391 23
1392 25
1393 17
1394 15
1395 28
1396 30
1397 20
1398 25
1399 24
1400 22
1401 22
1402 17
1403 26
1404 25
1405 24
1406 32
1407 22
1408 20
1409 23
1410 28
1411 17
1412 20
1413 20
1414 24
1415 18
1416 24
1417 15
1418 19
1419 26
1420 20
1421 29
1422 23
1423 23
1424 24
1425 24
1426 17
1427 24
1428 30
1429 20
1430 18
1431 27
1432 27
1433 24
1434 37
1435 24
1436 19
1437 28
1438 27
1439 20
1440 31
1441 23
1442 15
1443 30
1444 30
1445 32
1446 24
1447 26
1448 17
1449 23
1450 24
1451 28
1452 24
1453 22
1454 14
1455 19
1456 12
1457 26
1458 21
1459 20
1460 21
1461 21
1462 24
1463 25
1464 28
1465 32
1466 21
1467 26
1468 26
1469 16
1470 16
1471 14
1472 33
1473 22
1474 23
1475 18
1476 19
1477 25
1478 15
1479 22
1480 23
1481 26
1482 22
1483 21
1484 19
1485 19
1486 19
1487 24
1488 19
1489 20
1490 25
1491 22
1492 25
1493 14
1494 25
1495 22
1496 22
1497 20
1498 17
1499 19
1500 21
1501 22
1502 18
1503 31
1504 23
1505 25
1506 28
1507 17
1508 20
1509 29
1510 22
1511 23
1512 21
1513 19
1514 27
1515 19
1516 30
1517 27
1518 20
1519 22
1520 16
1521 18
1522 16
1523 22
1524 18
1525 15
1526 11
1527 19
1528 20
1529 20
1530 25
1531 24
1532 15
1533 22
1534 23
1535 11
1536 19
1537 27
1538 23
1539 24
1540 24
1541 17
1542 15
1543 21
1544 22
1545 17
1546 27
1547 17
1548 20
1549 18
1550 19
1551 15
1552 10
1553 20
1554 30
1555 19
1556 20
1557 18
1558 26
1559 17
1560 20
1561 19
1562 14
1563 21
1564 18
1565 19
1566 17
1567 21
1568 15
1569 24
1570 25
1571 17
1572 25
1573 9
1574 17
1575 17
1576 23
1577 18
1578 12
1579 17
1580 26
1581 24
1582 21
1583 13
1584 29
1585 25
1586 21
1587 23
1588 12
1589 14
1590 16
1591 19
1592 19
1593 15
1594 26
1595 16
1596 16
1597 16
1598 16
1599 20
1600 13
1601 20
1602 25
1603 16
1604 21
1605 12
1606 15
1607 19
1608 14
1609 11
1610 18
1611 23
1612 14
1613 18
1614 19
1615 18
1616 22
1617 19
1618 20
1619 22
1620 20
1621 19
1622 15
1623 21
1624 18
1625 12
1626 20
1627 19
1628 16
1629 17
1630 14
1631 20
1632 21
1633 17
1634 16
1635 19
1636 10
1637 15
1638 11
1639 18
1640 27
1641 22
1642 17
1643 20
1644 25
1645 20
1646 18
1647 28
1648 14
1649 18
1650 24
1651 23
1652 18
1653 16
1654 21
1655 17
1656 14
1657 20
1658 12
1659 23
1660 19
1661 16
1662 22
1663 15
1664 19
1665 11
1666 19
1667 15
1668 14
1669 13
1670 20
1671 14
1672 25
1673 19
1674 12
1675 14
1676 17
1677 10
1678 17
1679 15
1680 16
1681 16
1682 17
1683 14
1684 16
1685 18
1686 22
1687 17
1688 16
1689 14
1690 14
1691 19
1692 20
1693 14
1694 14
1695 20
1696 12
1697 18
1698 20
1699 21
1700 15
1701 13
1702 17
1703 15
1704 23
1705 18
1706 18
1707 16
1708 22
1709 11
1710 20
1711 9
1712 16
1713 19
1714 22
1715 17
1716 12
1717 18
1718 16
1719 14
1720 17
1721 14
1722 15
1723 13
1724 19
1725 15
1726 15
1727 20
1728 16
1729 20
1730 11
1731 21
1732 12
1733 15
1734 19
1735 16
1736 17
1737 12
1738 24
1739 15
1740 13
1741 9
1742 16
1743 15
1744 16
1745 15
1746 21
1747 17
1748 14
1749 25
1750 14
1751 14
1752 19
1753 12
1754 21
1755 16
1756 16
1757 15
1758 7
1759 15
1760 19
1761 22
1762 10
1763 17
1764 19
1765 17
1766 14
1767 11
1768 20
1769 17
1770 14
1771 21
1772 18
1773 19
1774 14
1775 23
1776 25
1777 14
1778 20
1779 17
1780 16
1781 16
1782 17
1783 19
1784 8
1785 10
1786 11
1787 21
1788 14
1789 12
1790 14
1791 15
1792 10
1793 15
1794 15
1795 10
1796 12
1797 11
1798 17
1799 16
1800 10
1801 13
1802 13
1803 21
1804 20
1805 14
1806 18
1807 11
1808 13
1809 20
1810 19
1811 12
1812 18
1813 12
1814 11
1815 16
1816 14
1817 12
1818 18
1819 16
1820 20
1821 13
1822 21
1823 9
1824 17
1825 18
1826 20
1827 19
1828 18
1829 18
1830 16
1831 19
1832 26
1833 11
1834 12
1835 22
1836 21
1837 16
1838 14
1839 11
1840 11
1841 18
1842 26
1843 20
1844 15
1845 12
1846 12
1847 16
1848 15
1849 17
1850 10
1851 18
1852 13
1853 12
1854 12
1855 15
1856 9
1857 22
1858 17
1859 14
1860 18
1861 24
1862 15
1863 16
1864 13
1865 14
1866 20
1867 16
1868 13
1869 15
1870 15
1871 18
1872 19
1873 18
1874 19
1875 14
1876 16
1877 17
1878 11
1879 11
1880 12
1881 17
1882 14
1883 15
1884 14
1885 12
1886 19
1887 14
1888 22
1889 15
1890 13
1891 16
1892 16
1893 13
1894 22
1895 10
1896 10
1897 12
1898 15
1899 14
1900 16
1901 13
1902 11
1903 9
1904 5
1905 22
1906 14
1907 9
1908 17
1909 18
1910 24
1911 16
1912 14
1913 13
1914 21
1915 12
1916 13
1917 14
1918 15
1919 9
1920 22
1921 16
1922 16
1923 13
1924 17
1925 15
1926 15
1927 10
1928 11
1929 13
1930 16
1931 10
1932 15
1933 17
1934 10
1935 11
1936 14
1937 12
1938 10
1939 10
1940 22
1941 9
1942 10
1943 11
1944 15
1945 14
1946 11
1947 12
1948 14
1949 17
1950 18
1951 7
1952 17
1953 15
1954 14
1955 12
1956 13
1957 16
1958 16
1959 8
1960 14
1961 13
1962 15
1963 11
1964 21
1965 8
1966 16
1967 15
1968 12
1969 10
1970 20
1971 17
1972 26
1973 12
1974 18
1975 16
1976 10
1977 20
1978 9
1979 15
1980 18
1981 18
1982 14
1983 16
1984 9
1985 13
1986 12
1987 11
1988 11
1989 11
1990 15
1991 18
1992 14
1993 9
1994 11
1995 17
1996 17
1997 15
1998 15
1999 10
2000 13
2001 13
2002 16
2003 8
2004 11
2005 13
2006 13
2007 12
2008 9
2009 10
2010 12
2011 10
2012 13
2013 16
2014 13
2015 14
2016 17
2017 15
2018 15
2019 17
2020 9
2021 13
2022 13
2023 11
2024 17
2025 9
2026 11
2027 17
2028 12
2029 10
2030 15
2031 12
2032 13
2033 28
2034 14
2035 14
2036 13
2037 18
2038 14
2039 9
2040 10
2041 9
2042 11
2043 9
2044 18
2045 14
2046 13
2047 14
2048 15
2049 10
2050 10
2051 11
2052 13
2053 11
2054 11
2055 17
2056 11
2057 19
2058 15
2059 12
2060 9
2061 9
2062 9
2063 10
2064 16
2065 9
2066 12
2067 11
2068 9
2069 17
2070 12
2071 12
2072 8
2073 20
2074 15
2075 15
2076 17
2077 14
2078 7
2079 18
2080 14
2081 14
2082 12
2083 18
2084 6
2085 16
2086 14
2087 22
2088 7
2089 8
2090 18
2091 12
2092 10
2093 18
2094 9
2095 14
2096 16
2097 13
2098 15
2099 14
2100 12
2101 8
2102 19
2103 14
2104 13
2105 13
2106 11
2107 23
2108 13
2109 11
2110 16
2111 8
2112 18
2113 11
2114 13
2115 17
2116 14
2117 6
2118 16
2119 14
2120 7
2121 14
2122 10
2123 12
2124 12
2125 9
2126 12
2127 11
2128 20
2129 8
2130 11
2131 10
2132 14
2133 8
2134 12
2135 10
2136 9
2137 10
2138 10
2139 17
2140 22
2141 11
2142 17
2143 6
2144 12
2145 11
2146 11
2147 17
2148 19
2149 14
2150 10
2151 7
2152 13
2153 6
2154 10
2155 11
2156 8
2157 11
2158 10
2159 13
2160 12
2161 12
2162 10
2163 15
2164 15
2165 12
2166 14
2167 6
2168 9
2169 8
2170 14
2171 11
2172 16
2173 8
2174 9
2175 10
2176 17
2177 13
2178 15
2179 11
2180 7
2181 14
2182 9
2183 6
2184 15
2185 8
2186 11
2187 15
2188 18
2189 12
2190 19
2191 14
2192 3
2193 17
2194 10
2195 13
2196 14
2197 7
2198 8
2199 10
2200 4
2201 12
2202 19
2203 8
2204 9
2205 12
2206 7
2207 11
2208 14
2209 7
2210 7
2211 9
2212 9
2213 7
2214 13
2215 11
2216 11
2217 10
2218 8
2219 6
2220 12
2221 7
2222 9
2223 5
2224 8
2225 6
2226 9
2227 10
2228 8
2229 15
2230 4
2231 11
2232 5
2233 11
2234 15
2235 12
2236 8
2237 8
2238 10
2239 9
2240 17
2241 14
2242 14
2243 7
2244 10
2245 7
2246 13
2247 6
2248 6
2249 12
2250 8
2251 13
2252 8
2253 12
2254 9
2255 6
2256 5
2257 9
2258 6
2259 6
2260 5
2261 12
2262 9
2263 11
2264 9
2265 12
2266 13
2267 14
2268 9
2269 12
2270 12
2271 8
2272 14
2273 14
2274 13
2275 7
2276 3
2277 19
2278 11
2279 16
2280 9
2281 14
2282 7
2283 11
2284 11
2285 7
2286 8
2287 9
2288 6
2289 10
2290 5
2291 12
2292 7
2293 8
2294 2
2295 14
2296 14
2297 10
2298 8
2299 10
2300 15
2301 9
2302 9
2303 15
2304 11
2305 12
2306 14
2307 8
2308 8
2309 10
2310 7
2311 11
2312 6
2313 10
2314 12
2315 11
2316 12
2317 7
2318 6
2319 10
2320 6
2321 11
2322 11
2323 7
2324 10
2325 10
2326 11
2327 10
2328 6
2329 7
2330 9
2331 8
2332 7
2333 8
2334 10
2335 8
2336 8
2337 8
2338 13
2339 8
2340 9
2341 8
2342 8
2343 13
2344 6
2345 4
2346 5
2347 6
2348 5
2349 6
2350 8
2351 8
2352 11
2353 10
2354 6
2355 11
2356 9
2357 7
2358 10
2359 8
2360 10
2361 12
2362 3
2363 8
2364 8
2365 9
2366 9
2367 7
2368 10
2369 14
2370 8
2371 11
2372 6
2373 6
2374 9
2375 8
2376 8
2377 4
2378 13
2379 6
2380 7
2381 9
2382 6
2383 6
2384 7
2385 10
2386 4
2387 13
2388 8
2389 7
2390 9
2391 7
2392 8
2393 6
2394 9
2395 12
2396 12
2397 11
2398 11
2399 8
2400 11
2401 9
2402 10
2403 6
2404 5
2405 10
2406 6
2407 11
2408 7
2409 8
2410 6
2411 7
2412 8
2413 5
2414 3
2415 4
2416 7
2417 10
2418 11
2419 5
2420 7
2421 6
2422 11
2423 10
2424 6
2425 6
2426 13
2427 4
2428 4
2429 11
2430 9
2431 11
2432 8
2433 11
2434 6
2435 6
2436 12
2437 7
2438 11
2439 7
2440 9
2441 7
2442 13
2443 8
2444 8
2445 10
2446 8
2447 10
2448 5
2449 6
2450 12
2451 9
2452 5
2453 6
2454 7
2455 6
2456 10
2457 6
2458 9
2459 6
2460 5
2461 6
2462 10
2463 8
2464 6
2465 7
2466 8
2467 6
2468 7
2469 7
2470 5
2471 10
2472 12
2473 11
2474 7
2475 6
2476 5
2477 1
2478 11
2479 4
2480 10
2481 4
2482 5
2483 6
2484 8
2485 8
2486 11
2487 11
2488 5
2489 12
2490 10
2491 7
2492 2
2493 10
2494 10
2495 8
2496 3
2497 5
2498 6
2499 9
2500 9
2501 6
2502 8
2503 7
2504 6
2505 14
2506 9
2507 5
2508 4
2509 9
2510 7
2511 7
2512 7
2513 6
2514 10
2515 6
2516 12
2517 9
2518 2
2519 9
2520 4
2521 12
2522 1
2523 5
2524 8
2525 4
2526 10
2527 3
2528 7
2529 12
2530 11
2531 5
2532 2
2533 7
2534 6
2535 9
2536 8
2537 8
2538 12
2539 2
2540 7
2541 5
2542 4
2543 4
2544 7
2545 7
2546 8
2547 7
2548 6
2549 7
2550 8
2551 8
2552 6
2553 10
2554 9
2555 9
2556 6
2557 7
2558 9
2559 8
2560 9
2561 6
2562 7
2563 6
2564 10
2565 4
2566 5
2567 5
2568 8
2569 8
2570 10
2571 7
2572 11
2573 8
2574 6
2575 5
2576 7
2577 9
2578 4
2579 6
2580 13
2581 7
2582 8
2583 6
2584 4
2585 9
2586 6
2587 5
2588 4
2589 12
2590 6
2591 8
2592 6
2593 3
2594 7
2595 3
2596 12
2597 7
2598 7
2599 6
2600 10
2601 4
2602 4
2603 10
2604 6
2605 9
2606 5
2607 6
2608 8
2609 17
2610 9
2611 5
2612 10
2613 5
2614 5
2615 4
2616 5
2617 8
2618 10
2619 10
2620 2
2621 6
2622 7
2623 7
2624 6
2625 11
2626 11
2627 7
2628 9
2629 10
2630 9
2631 6
2632 4
2633 8
2634 3
2635 12
2636 11
2637 7
2638 5
2639 9
2640 7
2641 8
2642 8
2643 8
2644 3
2645 7
2646 4
2647 7
2648 15
2649 5
2650 5
2651 7
2652 9
2653 6
2654 6
2655 5
2656 10
2657 6
2658 3
2659 10
2660 7
2661 4
2662 5
2663 10
2664 4
2665 2
2666 6
2667 7
2668 8
2669 1
2670 4
2671 5
2672 2
2673 6
2674 7
2675 6
2676 5
2677 5
2678 3
2679 8
2680 4
2681 5
2682 11
2683 7
2684 7
2685 4
2686 8
2687 3
2688 5
2689 7
2690 5
2691 6
2692 10
2693 5
2694 6
2695 7
2696 9
2697 10
2698 2
2699 9
2700 3
2701 10
2702 4
2703 5
2704 9
2705 5
2706 9
2707 3
2708 4
2709 8
2710 7
2711 6
2712 4
2713 8
2714 4
2715 6
2716 7
2717 4
2718 8
2719 4
2720 5
2721 5
2722 5
2723 4
2724 8
2725 8
2726 3
2727 4
2728 8
2729 5
2730 3
2731 9
2732 6
2733 13
2734 7
2735 9
2736 7
2737 8
2738 8
2739 10
2740 3
2741 5
2742 7
2743 7
2744 11
2745 2
2746 5
2747 9
2748 8
2749 8
2750 5
2751 10
2752 4
2753 6
2754 5
2755 4
2756 4
2757 5
2758 10
2759 6
2760 4
2761 9
2762 7
2763 8
2764 4
2765 10
2766 6
2767 8
2768 5
2769 7
2770 1
2771 7
2772 6
2773 10
2774 5
2775 7
2776 7
2777 8
2778 7
2779 9
2780 9
2781 7
2782 7
2783 4
2784 7
2785 7
2786 6
2787 6
2788 6
2789 5
2790 5
2791 4
2792 4
2793 3
2794 4
2795 6
2796 4
2797 3
2798 8
2799 6
2800 6
2801 0
2802 4
2803 7
2804 8
2805 3
2806 8
2807 5
2808 7
2809 6
2810 5
2811 5
2812 6
2813 4
2814 6
2815 11
2816 3
2817 5
2818 5
2819 3
2820 5
2821 3
2822 2
2823 8
2824 6
2825 5
2826 4
2827 6
2828 5
2829 7
2830 7
2831 4
2832 4
2833 3
2834 5
2835 5
2836 4
2837 7
2838 4
2839 6
2840 5
2841 6
2842 4
2843 8
2844 5
2845 3
2846 3
2847 2
2848 5
2849 5
2850 8
2851 5
2852 6
2853 3
2854 5
2855 9
2856 3
2857 8
2858 3
2859 6
2860 1
2861 5
2862 6
2863 8
2864 8
2865 5
2866 3
2867 5
2868 10
2869 8
2870 3
2871 8
2872 2
2873 6
2874 7
2875 2
2876 7
2877 6
2878 8
2879 5
2880 6
2881 9
2882 5
2883 2
2884 3
2885 9
2886 6
2887 4
2888 6
2889 5
2890 6
2891 4
2892 4
2893 6
2894 3
2895 7
2896 4
2897 5
2898 1
2899 4
2900 5
2901 9
2902 4
2903 9
2904 6
2905 3
2906 3
2907 7
2908 5
2909 2
2910 5
2911 5
2912 4
2913 6
2914 6
2915 3
2916 6
2917 4
2918 2
2919 4
2920 12
2921 3
2922 3
2923 3
2924 6
2925 4
2926 7
2927 6
2928 8
2929 4
2930 3
2931 5
2932 6
2933 2
2934 7
2935 6
2936 4
2937 10
2938 2
2939 8
2940 11
2941 7
2942 3
2943 4
2944 11
2945 2
2946 4
2947 7
2948 7
2949 4
2950 7
2951 5
2952 2
2953 4
2954 4
2955 10
2956 6
2957 3
2958 6
2959 2
2960 3
2961 8
2962 5
2963 3
2964 2
2965 6
2966 7
2967 5
2968 4
2969 4
2970 4
2971 4
2972 10
2973 7
2974 3
2975 3
2976 6
2977 6
2978 3
2979 4
2980 6
2981 7
2982 5
2983 2
2984 4
2985 5
2986 4
2987 4
2988 5
2989 7
2990 5
2991 3
2992 4
2993 6
2994 3
2995 10
2996 3
2997 4
2998 6
2999 12
3000 6
3001 7
3002 6
3003 6
3004 5
3005 8
3006 10
3007 5
3008 4
3009 5
3010 3
3011 7
3012 7
3013 2
3014 6
3015 7
3016 4
3017 2
3018 3
3019 4
3020 5
3021 5
3022 2
3023 4
3024 1
3025 6
3026 1
3027 4
3028 6
3029 5
3030 5
3031 5
3032 4
3033 4
3034 9
3035 5
3036 7
3037 8
3038 5
3039 7
3040 4
3041 2
3042 8
3043 2
3044 9
3045 2
3046 6
3047 4
3048 5
3049 4
3050 7
3051 1
3052 7
3053 4
3054 3
3055 5
3056 2
3057 8
3058 2
3059 3
3060 3
3061 7
3062 3
3063 6
3064 7
3065 5
3066 6
3067 5
3068 4
3069 3
3070 4
3071 6
3072 6
3073 8
3074 9
3075 6
3076 3
3077 6
3078 2
3079 7
3080 5
3081 9
3082 6
3083 4
3084 5
3085 4
3086 3
3087 4
3088 4
3089 3
3090 3
3091 7
3092 4
3093 5
3094 5
3095 6
3096 2
3097 2
3098 6
3099 6
3100 4
3101 6
3102 6
3103 4
3104 7
3105 2
3106 3
3107 2
3108 4
3109 8
3110 6
3111 9
3112 9
3113 4
3114 1
3115 4
3116 4
3117 4
3118 7
3119 4
3120 3
3121 5
3122 5
3123 5
3124 5
3125 8
3126 5
3127 8
3128 3
3129 6
3130 3
3131 6
3132 9
3133 9
3134 5
3135 3
3136 6
3137 8
3138 5
3139 7
3140 6
3141 2
3142 8
3143 3
3144 4
3145 3
3146 4
3147 4
3148 2
3149 4
3150 7
3151 3
3152 7
3153 3
3154 5
3155 4
3156 6
3157 6
3158 8
3159 4
3160 7
3161 2
3162 5
3163 1
3164 3
3165 5
3166 4
3167 7
3168 1
3169 3
3170 5
3171 2
3172 5
3173 2
3174 5
3175 5
3176 4
3177 2
3178 7
3179 4
3180 4
3181 2
3182 7
3183 2
3184 4
3185 6
3186 5
3187 3
3188 3
3189 6
3190 7
3191 6
3192 4
3193 2
3194 3
3195 4
3196 4
3197 3
3198 8
3199 2
3200 7
3201 4
3202 3
3203 4
3204 4
3205 4
3206 2
3207 5
3208 4
3209 2
3210 3
3211 5
3212 4
3213 9
3214 1
3215 1
3216 0
3217 3
3218 4
3219 2
3220 6
3221 3
3222 2
3223 2
3224 7
3225 4
3226 3
3227 3
3228 2
3229 5
3230 4
3231 3
3232 13
3233 4
3234 7
3235 1
3236 0
3237 2
3238 3
3239 4
3240 6
3241 7
3242 3
3243 3
3244 2
3245 8
3246 7
3247 8
3248 3
3249 2
3250 5
3251 2
3252 0
3253 4
3254 2
3255 7
3256 3
3257 4
3258 4
3259 0
3260 1
3261 5
3262 5
3263 1
3264 4
3265 7
3266 2
3267 4
3268 4
3269 3
3270 3
3271 4
3272 4
3273 3
3274 2
3275 6
3276 4
3277 0
3278 6
3279 4
3280 3
3281 1
3282 2
3283 4
3284 2
3285 5
3286 1
3287 3
3288 5
3289 5
3290 7
3291 3
3292 2
3293 7
3294 5
3295 3
3296 1
3297 8
3298 3
3299 5
3300 2
3301 1
3302 3
3303 2
3304 3
3305 4
3306 4
3307 2
3308 3
3309 5
3310 4
3311 8
3312 2
3313 2
3314 2
3315 6
3316 1
3317 4
3318 4
3319 1
3320 2
3321 6
3322 2
3323 5
3324 3
3325 4
3326 5
3327 3
3328 2
3329 5
3330 1
3331 1
3332 7
3333 4
3334 2
3335 2
3336 7
3337 6
3338 3
3339 4
3340 5
3341 3
3342 3
3343 4
3344 5
3345 2
3346 2
3347 2
3348 4
3349 3
3350 5
3351 3
3352 4
3353 2
3354 8
3355 2
3356 3
3357 2
3358 4
3359 4
3360 3
3361 6
3362 4
3363 2
3364 4
3365 5
3366 3
3367 6
3368 4
3369 2
3370 4
3371 3
3372 3
3373 3
3374 3
3375 5
3376 3
3377 3
3378 3
3379 6
3380 1
3381 5
3382 4
3383 4
3384 2
3385 3
3386 6
3387 4
3388 3
3389 4
3390 4
3391 2
3392 2
3393 4
3394 3
3395 7
3396 7
3397 4
3398 2
3399 4
3400 7
3401 4
3402 3
3403 1
3404 7
3405 5
3406 2
3407 5
3408 5
3409 6
3410 7
3411 3
3412 3
3413 2
3414 4
3415 2
3416 3
3417 6
3418 3
3419 5
3420 1
3421 1
3422 4
3423 3
3424 2
3425 6
3426 3
3427 3
3428 0
3429 2
3430 3
3431 5
3432 6
3433 3
3434 4
3435 3
3436 2
3437 4
3438 4
3439 2
3440 4
3441 3
3442 6
3443 5
3444 10
3445 2
3446 4
3447 4
3448 0
3449 3
3450 3
3451 5
3452 0
3453 1
3454 1
3455 2
3456 3
3457 5
3458 3
3459 5
3460 3
3461 3
3462 1
3463 5
3464 2
3465 1
3466 2
3467 5
3468 5
3469 0
3470 4
3471 4
3472 2
3473 3
3474 2
3475 3
3476 3
3477 2
3478 3
3479 3
3480 6
3481 1
3482 3
3483 3
3484 2
3485 4
3486 6
3487 1
3488 4
3489 4
3490 1
3491 2
3492 2
3493 3
3494 4
3495 0
3496 2
3497 3
3498 5
3499 2
3500 1
3501 4
3502 3
3503 2
3504 4
3505 4
3506 2
3507 2
3508 3
3509 5
3510 5
3511 4
3512 3
3513 7
3514 2
3515 0
3516 3
3517 3
3518 2
3519 1
3520 6
3521 2
3522 2
3523 6
3524 2
3525 0
3526 4
3527 5
3528 4
3529 2
3530 4
3531 2
3532 2
3533 2
3534 4
3535 3
3536 1
3537 1
3538 1
3539 0
3540 8
3541 1
3542 3
3543 0
3544 4
3545 2
3546 3
3547 0
3548 2
3549 5
3550 2
3551 3
3552 5
3553 2
3554 2
3555 2
3556 4
3557 4
3558 5
3559 3
3560 3
3561 1
3562 1
3563 2
3564 5
3565 4
3566 3
3567 7
3568 3
3569 4
3570 3
3571 3
3572 4
3573 4
3574 4
3575 1
3576 1
3577 0
3578 1
3579 6
3580 2
3581 3
3582 5
3583 3
3584 0
3585 4
3586 2
3587 2
3588 1
3589 4
3590 2
3591 6
3592 2
3593 5
3594 5
3595 2
3596 0
3597 3
3598 3
3599 5
3600 2
3601 2
3602 1
3603 1
3604 0
3605 0
3606 3
3607 4
3608 4
3609 2
3610 2
3611 1
3612 2
3613 5
3614 2
3615 1
3616 3
3617 4
3618 8
3619 1
3620 0
3621 4
3622 2
3623 7
3624 4
3625 4
3626 4
3627 3
3628 2
3629 0
3630 0
3631 3
3632 4
3633 4
3634 3
3635 2
3636 1
3637 2
3638 5
3639 1
3640 4
3641 2
3642 0
3643 4
3644 5
3645 2
3646 1
3647 5
3648 3
3649 2
3650 4
3651 6
3652 2
3653 2
3654 0
3655 7
3656 1
3657 2
3658 5
3659 3
3660 2
3661 5
3662 3
3663 1
3664 3
3665 5
3666 1
3667 2
3668 4
3669 5
3670 5
3671 3
3672 1
3673 1
3674 1
3675 4
3676 6
3677 4
3678 2
3679 3
3680 1
3681 3
3682 3
3683 4
3684 2
3685 2
3686 1
3687 2
3688 0
3689 2
3690 3
3691 4
3692 2
3693 3
3694 4
3695 2
3696 2
3697 5
3698 0
3699 2
3700 2
3701 6
3702 5
3703 0
3704 2
3705 4
3706 2
3707 5
3708 2
3709 6
3710 4
3711 5
3712 3
3713 4
3714 3
3715 3
3716 3
3717 3
3718 4
3719 1
3720 2
3721 3
3722 3
3723 2
3724 1
3725 3
3726 2
3727 5
3728 0
3729 1
3730 4
3731 2
3732 4
3733 3
3734 1
3735 5
3736 3
3737 2
3738 1
3739 1
3740 5
3741 2
3742 4
3743 1
3744 1
3745 4
3746 0
3747 2
3748 4
3749 1
3750 3
3751 2
3752 2
3753 4
3754 4
3755 3
3756 4
3757 7
3758 3
3759 4
3760 2
3761 5
3762 2
3763 4
3764 4
3765 3
3766 3
3767 5
3768 3
3769 1
3770 4
3771 4
3772 3
3773 3
3774 2
3775 6
3776 5
3777 0
3778 3
3779 3
3780 0
3781 4
3782 3
3783 2
3784 1
3785 3
3786 1
3787 1
3788 3
3789 1
3790 1
3791 0
3792 6
3793 2
3794 3
3795 2
3796 1
3797 2
3798 1
3799 3
3800 6
3801 2
3802 2
3803 3
3804 1
3805 3
3806 5
3807 4
3808 2
3809 2
3810 3
3811 6
3812 2
3813 0
3814 8
3815 2
3816 2
3817 1
3818 2
3819 3
3820 2
3821 3
3822 1
3823 2
3824 0
3825 0
3826 3
3827 1
3828 4
3829 1
3830 1
3831 3
3832 1
3833 5
3834 5
3835 4
3836 3
3837 1
3838 0
3839 2
3840 1
3841 2
3842 3
3843 5
3844 1
3845 6
3846 2
3847 6
3848 4
3849 1
3850 4
3851 2
3852 3
3853 4
3854 1
3855 3
3856 3
3857 1
3858 0
3859 3
3860 2
3861 3
3862 1
3863 2
3864 3
3865 3
3866 1
3867 0
3868 4
3869 1
3870 5
3871 1
3872 0
3873 4
3874 1
3875 2
3876 4
3877 2
3878 1
3879 4
3880 2
3881 1
3882 4
3883 3
3884 2
3885 1
3886 3
3887 1
3888 1
3889 1
3890 1
3891 4
3892 1
3893 3
3894 3
3895 0
3896 3
3897 4
3898 2
3899 2
3900 3
3901 2
3902 6
3903 3
3904 2
3905 3
3906 3
3907 3
3908 3
3909 1
3910 3
3911 1
3912 1
3913 3
3914 3
3915 5
3916 2
3917 2
3918 0
3919 1
3920 5
3921 2
3922 2
3923 1
3924 6
3925 2
3926 3
3927 3
3928 2
3929 4
3930 4
3931 6
3932 1
3933 0
3934 1
3935 1
3936 1
3937 2
3938 2
3939 1
3940 1
3941 1
3942 2
3943 1
3944 1
3945 2
3946 3
3947 5
3948 3
3949 2
3950 5
3951 3
3952 2
3953 3
3954 3
3955 4
3956 4
3957 2
3958 3
3959 2
3960 2
3961 0
3962 3
3963 3
3964 3
3965 2
3966 2
3967 2
3968 2
3969 2
3970 2
3971 1
3972 5
3973 2
3974 3
3975 2
3976 1
3977 3
3978 0
3979 3
3980 5
3981 0
3982 1
3983 5
3984 2
3985 2
3986 7
3987 0
3988 1
3989 1
3990 2
3991 1
3992 0
3993 2
3994 3
3995 2
3996 5
3997 1
3998 2
3999 3
4000 1
4001 2
4002 3
4003 0
4004 3
4005 2
4006 6
4007 3
4008 1
4009 3
4010 5
4011 1
4012 0
4013 3
4014 0
4015 1
4016 1
4017 0
4018 3
4019 2
4020 3
4021 3
4022 3
4023 2
4024 2
4025 4
4026 2
4027 3
4028 2
4029 2
4030 2
4031 4
4032 1
4033 1
4034 5
4035 4
4036 1
4037 3
4038 2
4039 2
4040 2
4041 2
4042 4
4043 2
4044 3
4045 1
4046 3
4047 0
4048 2
4049 6
4050 7
4051 0
4052 1
4053 4
4054 4
4055 3
4056 2
4057 1
4058 0
4059 4
4060 4
4061 1
4062 3
4063 1
4064 3
4065 3
4066 1
4067 5
4068 1
4069 1
4070 0
4071 2
4072 1
4073 1
4074 2
4075 3
4076 1
4077 2
4078 2
4079 4
4080 6
4081 5
4082 6
4083 2
4084 4
4085 1
4086 3
4087 4
4088 1
4089 2
4090 1
4091 3
4092 2
4093 3
4094 2
4095 3
4096 7
4097 3
4098 2
4099 2
4100 1
4101 1
4102 2
4103 2
4104 1
4105 2
4106 3
4107 3
4108 2
4109 3
4110 3
4111 0
4112 1
4113 1
4114 4
4115 2
4116 3
4117 1
4118 4
4119 4
4120 2
4121 2
4122 2
4123 2
4124 1
4125 2
4126 1
4127 6
4128 3
4129 1
4130 3
4131 4
4132 0
4133 1
4134 2
4135 3
4136 4
4137 5
4138 1
4139 1
4140 7
4141 3
4142 3
4143 2
4144 3
4145 3
4146 2
4147 3
4148 2
4149 3
4150 3
4151 4
4152 2
4153 1
4154 0
4155 3
4156 6
4157 2
4158 1
4159 4
4160 1
4161 6
4162 3
4163 2
4164 2
4165 3
4166 1
4167 0
4168 3
4169 4
4170 2
4171 3
4172 1
4173 2
4174 1
4175 1
4176 1
4177 3
4178 0
4179 1
4180 1
4181 2
4182 1
4183 6
4184 1
4185 3
4186 3
4187 1
4188 3
4189 2
4190 6
4191 3
4192 1
4193 1
4194 1
4195 4
4196 3
4197 7
4198 0
4199 5
4200 3
4201 2
4202 1
4203 1
4204 4
4205 3
4206 4
4207 3
4208 4
4209 1
4210 2
4211 2
4212 2
4213 1
4214 3
4215 1
4216 2
4217 5
4218 3
4219 2
4220 2
4221 2
4222 1
4223 1
4224 2
4225 0
4226 2
4227 2
4228 3
4229 3
4230 2
4231 1
4232 1
4233 0
4234 2
4235 1
4236 0
4237 1
4238 2
4239 2
4240 5
4241 5
4242 3
4243 1
4244 1
4245 1
4246 0
4247 3
4248 4
4249 4
4250 2
4251 3
4252 2
4253 4
4254 1
4255 0
4256 1
4257 1
4258 0
4259 2
4260 0
4261 3
4262 2
4263 6
4264 3
4265 3
4266 1
4267 1
4268 4
4269 3
4270 2
4271 2
4272 0
4273 2
4274 5
4275 1
4276 2
4277 1
4278 4
4279 2
4280 6
4281 4
4282 1
4283 4
4284 2
4285 5
4286 1
4287 1
4288 3
4289 3
4290 3
4291 2
4292 2
4293 1
4294 3
4295 0
4296 4
4297 1
4298 1
4299 2
4300 0
4301 1
4302 5
4303 0
4304 3
4305 0
4306 2
4307 0
4308 2
4309 1
4310 3
4311 2
4312 4
4313 4
4314 3
4315 3
4316 10
4317 4
4318 2
4319 0
4320 1
4321 4
4322 3
4323 4
4324 1
4325 3
4326 3
4327 0
4328 1
4329 2
4330 5
4331 1
4332 2
4333 0
4334 5
4335 1
4336 0
4337 0
4338 5
4339 3
4340 3
4341 1
4342 0
4343 5
4344 2
4345 0
4346 1
4347 2
4348 1
4349 0
4350 2
4351 2
4352 4
4353 4
4354 4
4355 1
4356 2
4357 3
4358 3
4359 1
4360 0
4361 3
4362 1
4363 2
4364 1
4365 1
4366 5
4367 6
4368 5
4369 1
4370 1
4371 6
4372 2
4373 2
4374 2
4375 4
4376 1
4377 1
4378 2
4379 2
4380 4
4381 1
4382 2
4383 2
4384 2
4385 2
4386 1
4387 1
4388 0
4389 2
4390 2
4391 3
4392 4
4393 4
4394 3
4395 3
4396 0
4397 4
4398 4
4399 1
4400 3
4401 3
4402 4
4403 3
4404 1
4405 3
4406 3
4407 1
4408 1
4409 1
4410 2
4411 3
4412 0
4413 2
4414 1
4415 2
4416 2
4417 2
4418 1
4419 3
4420 2
4421 4
4422 1
4423 1
4424 1
4425 2
4426 0
4427 2
4428 3
4429 2
4430 3
4431 3
4432 3
4433 3
4434 1
4435 1
4436 0
4437 2
4438 2
4439 6
4440 1
4441 1
4442 1
4443 0
4444 1
4445 1
4446 1
4447 1
4448 3
4449 0
4450 1
4451 2
4452 3
4453 3
4454 1
4455 2
4456 1
4457 2
4458 2
4459 3
4460 2
4461 3
4462 5
4463 0
4464 0
4465 1
4466 4
4467 3
4468 1
4469 2
4470 1
4471 2
4472 3
4473 3
4474 3
4475 4
4476 1
4477 1
4478 2
4479 0
4480 4
4481 1
4482 1
4483 1
4484 2
4485 5
4486 1
4487 2
4488 2
4489 1
4490 0
4491 2
4492 2
4493 4
4494 3
4495 2
4496 1
4497 2
4498 3
4499 2
4500 0
4501 3
4502 2
4503 0
4504 4
4505 3
4506 2
4507 1
4508 3
4509 2
4510 0
4511 4
4512 0
4513 4
4514 2
4515 4
4516 3
4517 2
4518 3
4519 1
4520 2
4521 2
4522 3
4523 3
4524 1
4525 2
4526 0
4527 2
4528 1
4529 3
4530 6
4531 1
4532 2
4533 1
4534 1
4535 1
4536 4
4537 2
4538 2
4539 3
4540 1
4541 1
4542 2
4543 1
4544 1
4545 3
4546 0
4547 3
4548 1
4549 1
4550 1
4551 2
4552 0
4553 3
4554 1
4555 2
4556 0
4557 4
4558 2
4559 4
4560 2
4561 3
4562 2
4563 2
4564 0
4565 2
4566 2
4567 2
4568 1
4569 3
4570 1
4571 2
4572 5
4573 3
4574 2
4575 1
4576 2
4577 2
4578 4
4579 2
4580 0
4581 0
4582 0
4583 3
4584 2
4585 1
4586 4
4587 0
4588 0
4589 5
4590 5
4591 1
4592 2
4593 2
4594 1
4595 2
4596 1
4597 4
4598 1
4599 1
4600 0
4601 4
4602 4
4603 4
4604 2
4605 3
4606 3
4607 0
4608 2
4609 4
4610 0
4611 0
4612 1
4613 2
4614 4
4615 3
4616 1
4617 1
4618 2
4619 2
4620 3
4621 0
4622 2
4623 0
4624 0
4625 0
4626 1
4627 1
4628 2
4629 1
4630 4
4631 1
4632 6
4633 3
4634 2
4635 1
4636 0
4637 2
4638 2
4639 1
4640 0
4641 1
4642 0
4643 2
4644 2
4645 1
4646 1
4647 1
4648 2
4649 1
4650 2
4651 2
4652 3
4653 0
4654 0
4655 1
4656 1
4657 3
4658 5
4659 2
4660 2
4661 1
4662 1
4663 3
4664 0
4665 0
4666 3
4667 1
4668 0
4669 2
4670 1
4671 2
4672 0
4673 1
4674 2
4675 3
4676 1
4677 0
4678 1
4679 3
4680 2
4681 1
4682 2
4683 0
4684 1
4685 1
4686 2
4687 1
4688 1
4689 1
4690 2
4691 3
4692 2
4693 4
4694 2
4695 3
4696 0
4697 5
4698 2
4699 2
4700 2
4701 1
4702 2
4703 1
4704 2
4705 3
4706 1
4707 0
4708 6
4709 5
4710 2
4711 1
4712 1
4713 2
4714 2
4715 2
4716 1
4717 0
4718 4
4719 1
4720 0
4721 0
4722 2
4723 0
4724 1
4725 2
4726 0
4727 1
4728 0
4729 1
4730 2
4731 3
4732 2
4733 0
4734 1
4735 3
4736 0
4737 4
4738 5
4739 1
4740 2
4741 3
4742 0
4743 1
4744 2
4745 2
4746 1
4747 2
4748 7
4749 0
4750 1
4751 1
4752 1
4753 1
4754 3
4755 2
4756 2
4757 2
4758 0
4759 2
4760 2
4761 2
4762 4
4763 2
4764 1
4765 0
4766 1
4767 2
4768 0
4769 4
4770 1
4771 3
4772 1
4773 1
4774 3
4775 2
4776 2
4777 2
4778 1
4779 2
4780 3
4781 0
4782 3
4783 3
4784 0
4785 2
4786 1
4787 2
4788 2
4789 2
4790 2
4791 0
4792 1
4793 3
4794 2
4795 5
4796 0
4797 0
4798 2
4799 3
4800 1
4801 2
4802 1
4803 3
4804 1
4805 2
4806 2
4807 2
4808 2
4809 1
4810 4
4811 0
4812 1
4813 2
4814 1
4815 1
4816 2
4817 1
4818 3
4819 1
4820 0
4821 2
4822 4
4823 1
4824 1
4825 3
4826 0
4827 2
4828 0
4829 1
4830 4
4831 4
4832 1
4833 0
4834 2
4835 2
4836 0
4837 4
4838 1
4839 2
4840 3
4841 3
4842 1
4843 1
4844 3
4845 4
4846 4
4847 1
4848 1
4849 1
4850 3
4851 2
4852 1
4853 1
4854 1
4855 4
4856 1
4857 3
4858 3
4859 0
4860 3
4861 0
4862 2
4863 4
4864 2
4865 2
4866 1
4867 2
4868 4
4869 0
4870 1
4871 3
4872 0
4873 0
4874 3
4875 1
4876 3
4877 3
4878 3
4879 3
4880 4
4881 4
4882 2
4883 1
4884 1
4885 1
4886 5
4887 1
4888 0
4889 2
4890 2
4891 3
4892 0
4893 3
4894 3
4895 2
4896 0
4897 0
4898 5
4899 1
4900 2
4901 1
4902 1
4903 0
4904 1
4905 0
4906 2
4907 3
4908 2
4909 1
4910 0
4911 3
4912 2
4913 3
4914 4
4915 2
4916 0
4917 3
4918 3
4919 2
4920 3
4921 0
4922 3
4923 2
4924 2
4925 0
4926 2
4927 0
4928 5
4929 2
4930 1
4931 3
4932 1
4933 2
4934 2
4935 2
4936 2
4937 3
4938 2
4939 2
4940 0
4941 1
4942 0
4943 2
4944 2
4945 3
4946 2
4947 0
4948 1
4949 1
4950 3
4951 2
4952 0
4953 0
4954 0
4955 1
4956 3
4957 2
4958 4
4959 2
4960 1
4961 4
4962 3
4963 3
4964 1
4965 1
4966 4
4967 0
4968 0
4969 2
4970 4
4971 2
4972 6
4973 2
4974 1
4975 2
4976 1
4977 3
4978 1
4979 2
4980 1
4981 4
4982 3
4983 2
4984 2
4985 0
4986 3
4987 1
4988 2
4989 2
4990 2
4991 4
4992 0
4993 2
4994 0
4995 4
4996 6
4997 1
4998 1
4999 0
5000 0
5001 0
5002 0
5003 5
5004 3
5005 2
5006 2
5007 2
5008 0
5009 1
5010 4
5011 1
5012 1
5013 2
5014 2
5015 0
5016 3
5017 2
5018 7
5019 2
5020 1
5021 2
5022 1
5023 4
5024 4
5025 1
5026 0
5027 1
5028 3
5029 3
5030 3
5031 2
5032 2
5033 1
5034 5
5035 3
5036 2
5037 2
5038 1
5039 2
5040 2
5041 3
5042 2
5043 2
5044 2
5045 1
5046 4
5047 3
5048 3
5049 4
5050 1
5051 2
5052 3
5053 0
5054 2
5055 2
5056 3
5057 1
5058 1
5059 2
5060 3
5061 0
5062 2
5063 4
5064 3
5065 0
5066 0
5067 3
5068 0
5069 0
5070 6
5071 1
5072 3
5073 2
5074 2
5075 2
5076 3
5077 1
5078 2
5079 3
5080 4
5081 1
5082 1
5083 5
5084 1
5085 1
5086 1
5087 1
5088 2
5089 4
5090 3
5091 2
5092 1
5093 1
5094 2
5095 2
5096 2
5097 2
5098 3
5099 1
5100 1
5101 0
5102 1
5103 1
5104 1
5105 5
5106 1
5107 1
5108 5
5109 2
5110 0
5111 2
5112 2
5113 1
5114 2
5115 1
5116 5
5117 0
5118 4
5119 2
5120 4
5121 1
5122 3
5123 1
5124 1
5125 3
5126 2
5127 1
5128 0
5129 3
5130 4
5131 0
5132 3
5133 2
5134 2
5135 7
5136 1
5137 1
5138 2
5139 2
5140 3
5141 3
5142 1
5143 2
5144 1
5145 0
5146 0
5147 0
5148 2
5149 3
5150 3
5151 2
5152 1
5153 1
5154 3
5155 2
5156 3
5157 2
5158 1
5159 2
5160 2
5161 0
5162 2
5163 2
5164 1
5165 2
5166 1
5167 2
5168 3
5169 2
5170 5
5171 1
5172 1
5173 1
5174 1
5175 3
5176 3
5177 0
5178 1
5179 1
5180 3
5181 2
5182 1
5183 3
5184 5
5185 2
5186 2
5187 2
5188 1
5189 0
5190 7
5191 2
5192 1
5193 2
5194 4
5195 2
5196 3
5197 3
5198 0
5199 0
5200 4
5201 1
5202 2
5203 5
5204 1
5205 1
5206 1
5207 1
5208 1
5209 2
5210 2
5211 1
5212 2
5213 2
5214 0
5215 2
5216 2
5217 1
5218 4
5219 3
5220 2
5221 3
5222 1
5223 0
5224 0
5225 1
5226 3
5227 2
5228 3
5229 3
5230 2
5231 2
5232 0
5233 5
5234 2
5235 2
5236 2
5237 1
5238 4
5239 3
5240 1
5241 1
5242 3
5243 2
5244 3
5245 1
5246 1
5247 1
5248 1
5249 2
5250 1
5251 5
5252 4
5253 0
5254 3
5255 1
5256 2
5257 1
5258 2
5259 0
5260 1
5261 3
5262 1
5263 0
5264 2
5265 5
5266 1
5267 1
5268 2
5269 3
5270 1
5271 1
5272 2
5273 1
5274 1
5275 1
5276 0
5277 2
5278 1
5279 2
5280 0
5281 2
5282 1
5283 1
5284 3
5285 2
5286 1
5287 2
5288 1
5289 2
5290 0
5291 1
5292 1
5293 1
5294 0
5295 2
5296 0
5297 0
5298 1
5299 0
5300 0
5301 0
5302 1
5303 1
5304 5
5305 1
5306 0
5307 0
5308 1
5309 0
5310 1
5311 1
5312 0
5313 2
5314 2
5315 2
5316 2
5317 1
5318 1
5319 1
5320 0
5321 2
5322 3
5323 1
5324 2
5325 0
5326 2
5327 2
5328 1
5329 1
5330 0
5331 0
5332 1
5333 1
5334 2
5335 0
5336 2
5337 0
5338 1
5339 0
5340 3
5341 2
5342 4
5343 2
5344 0
5345 1
5346 3
5347 1
5348 0
5349 4
5350 4
5351 1
5352 0
5353 1
5354 1
5355 1
5356 3
5357 1
5358 0
5359 3
5360 2
5361 2
5362 2
5363 2
5364 0
5365 1
5366 3
5367 0
5368 1
5369 1
5370 1
5371 7
5372 1
5373 2
5374 1
5375 1
5376 1
5377 2
5378 3
5379 1
5380 1
5381 0
5382 0
5383 0
5384 2
5385 3
5386 3
5387 0
5388 1
5389 2
5390 2
5391 3
5392 1
5393 2
5394 1
5395 2
5396 1
5397 0
5398 0
5399 0
5400 0
5401 0
5402 1
5403 1
5404 4
5405 2
5406 1
5407 1
5408 0
5409 0
5410 2
5411 0
5412 3
5413 1
5414 0
5415 0
5416 0
5417 1
5418 1
5419 0
5420 0
5421 0
5422 1
5423 1
5424 2
5425 1
5426 3
5427 1
5428 1
5429 2
5430 2
5431 1
5432 1
5433 0
5434 1
5435 3
5436 3
5437 1
5438 0
5439 2
5440 1
5441 2
5442 1
5443 0
5444 0
5445 2
5446 2
5447 1
5448 4
5449 1
5450 1
5451 1
5452 1
5453 0
5454 2
5455 2
5456 1
5457 0
5458 0
5459 1
5460 0
5461 0
5462 1
5463 1
5464 3
5465 0
5466 2
5467 3
5468 0
5469 1
5470 3
5471 2
5472 3
5473 1
5474 1
5475 1
5476 1
5477 1
5478 0
5479 0
5480 3
5481 1
5482 2
5483 1
5484 1
5485 1
5486 1
5487 1
5488 3
5489 0
5490 1
5491 1
5492 0
5493 1
5494 1
5495 1
5496 1
5497 3
5498 0
5499 2
5500 0
5501 0
5502 0
5503 2
5504 2
5505 3
5506 1
5507 3
5508 2
5509 5
5510 3
5511 1
5512 1
5513 3
5514 2
5515 0
5516 2
5517 2
5518 1
5519 1
5520 2
5521 1
5522 1
5523 1
5524 1
5525 2
5526 0
5527 1
5528 0
5529 4
5530 4
5531 5
5532 2
5533 1
5534 1
5535 4
5536 1
5537 0
5538 3
5539 0
5540 3
5541 0
5542 4
5543 0
5544 0
5545 1
5546 3
5547 0
5548 0
5549 0
5550 2
5551 0
5552 0
5553 1
5554 4
5555 1
5556 2
5557 1
5558 0
5559 2
5560 0
5561 1
5562 0
5563 2
5564 0
5565 3
5566 0
5567 0
5568 3
5569 1
5570 2
5571 1
5572 4
5573 1
5574 2
5575 1
5576 0
5577 1
5578 1
5579 1
5580 1
5581 2
5582 0
5583 0
5584 2
5585 3
5586 1
5587 2
5588 1
5589 3
5590 1
5591 3
5592 1
5593 0
5594 0
5595 1
5596 1
5597 2
5598 2
5599 0
5600 3
5601 0
5602 0
5603 0
5604 1
5605 1
5606 2
5607 2
5608 0
5609 0
5610 3
5611 3
5612 1
5613 2
5614 0
5615 1
5616 0
5617 0
5618 0
5619 1
5620 0
5621 2
5622 0
5623 2
5624 2
5625 1
5626 0
5627 0
5628 1
5629 1
5630 0
5631 0
5632 3
5633 1
5634 1
5635 2
5636 1
5637 2
5638 1
5639 2
5640 1
5641 1
5642 0
5643 0
5644 0
5645 2
5646 2
5647 1
5648 0
5649 1
5650 1
5651 0
5652 2
5653 0
5654 2
5655 1
5656 1
5657 1
5658 1
5659 1
5660 2
5661 2
5662 0
5663 2
5664 2
5665 1
5666 1
5667 2
5668 1
5669 0
5670 1
5671 0
5672 2
5673 0
5674 1
5675 1
5676 2
5677 1
5678 1
5679 0
5680 0
5681 0
5682 1
5683 2
5684 4
5685 0
5686 0
5687 1
5688 1
5689 0
5690 1
5691 1
5692 3
5693 1
5694 1
5695 2
5696 4
5697 0
5698 0
5699 2
5700 1
5701 1
5702 1
5703 0
5704 1
5705 1
5706 1
5707 0
5708 1
5709 1
5710 1
5711 2
5712 1
5713 2
5714 0
5715 0
5716 1
5717 0
5718 1
5719 2
5720 0
5721 2
5722 3
5723 0
5724 1
5725 1
5726 2
5727 1
5728 4
5729 1
5730 0
5731 2
5732 2
5733 0
5734 1
5735 1
5736 0
5737 2
5738 2
5739 2
5740 4
5741 2
5742 1
5743 1
5744 0
5745 2
5746 0
5747 0
5748 1
5749 1
5750 1
5751 1
5752 1
5753 1
5754 2
5755 0
5756 1
5757 2
5758 3
5759 0
5760 3
5761 0
5762 1
5763 1
5764 0
5765 1
5766 1
5767 2
5768 1
5769 1
5770 0
5771 1
5772 1
5773 1
5774 0
5775 2
5776 1
5777 1
5778 1
5779 1
5780 0
5781 3
5782 2
5783 2
5784 0
5785 1
5786 2
5787 1
5788 1
5789 1
5790 2
5791 0
5792 1
5793 0
5794 0
5795 2
5796 1
5797 0
5798 2
5799 0
5800 0
5801 2
5802 2
5803 1
5804 1
5805 2
5806 1
5807 2
5808 1
5809 1
5810 0
5811 1
5812 0
5813 2
5814 0
5815 3
5816 1
5817 0
5818 3
5819 0
5820 3
5821 2
5822 1
5823 1
5824 0
5825 2
5826 3
5827 4
5828 0
5829 1
5830 2
5831 0
5832 2
5833 2
5834 1
5835 0
5836 1
5837 1
5838 0
5839 1
5840 0
5841 0
5842 1
5843 1
5844 0
5845 1
5846 0
5847 1
5848 2
5849 0
5850 0
5851 1
5852 1
5853 0
5854 0
5855 1
5856 4
5857 2
5858 1
5859 1
5860 1
5861 2
5862 0
5863 0
5864 0
5865 1
5866 1
5867 1
5868 2
5869 2
5870 1
5871 1
5872 1
5873 3
5874 2
5875 0
5876 0
5877 0
5878 1
5879 1
5880 0
5881 1
5882 2
5883 1
5884 1
5885 2
5886 1
5887 0
5888 0
5889 3
5890 0
5891 1
5892 2
5893 1
5894 0
5895 2
5896 1
5897 0
5898 1
5899 1
5900 0
5901 2
5902 1
5903 2
5904 3
5905 1
5906 1
5907 1
5908 2
5909 0
5910 0
5911 4
5912 1
5913 2
5914 2
5915 1
5916 4
5917 1
5918 2
5919 0
5920 2
5921 3
5922 2
5923 1
5924 0
5925 0
5926 1
5927 0
5928 0
5929 2
5930 1
5931 0
5932 0
5933 1
5934 2
5935 1
5936 2
5937 1
5938 2
5939 1
5940 1
5941 1
5942 0
5943 0
5944 1
5945 0
5946 2
5947 0
5948 1
5949 0
5950 0
5951 2
5952 3
5953 0
5954 1
5955 1
5956 1
5957 1
5958 0
5959 0
5960 1
5961 1
5962 2
5963 1
5964 0
5965 0
5966 2
5967 1
5968 0
5969 2
5970 3
5971 0
5972 0
5973 2
5974 0
5975 1
5976 0
5977 0
5978 1
5979 2
5980 3
5981 2
5982 1
5983 1
5984 1
5985 1
5986 0
5987 1
5988 1
5989 2
5990 2
5991 0
5992 2
5993 1
5994 2
5995 2
5996 0
5997 1
5998 0
5999 2
6000 1
6001 1
6002 3
6003 1
6004 1
6005 1
6006 0
6007 3
6008 0
6009 2
6010 1
6011 2
6012 0
6013 1
6014 1
6015 3
6016 0
6017 0
6018 1
6019 0
6020 0
6021 1
6022 1
6023 0
6024 3
6025 2
6026 0
6027 0
6028 2
6029 1
6030 0
6031 1
6032 2
6033 1
6034 1
6035 0
6036 0
6037 2
6038 1
6039 0
6040 2
6041 0
6042 1
6043 1
6044 2
6045 1
6046 0
6047 0
6048 1
6049 1
6050 1
6051 0
6052 1
6053 1
6054 3
6055 1
6056 1
6057 2
6058 2
6059 3
6060 4
6061 0
6062 0
6063 0
6064 1
6065 2
6066 3
6067 0
6068 0
6069 3
6070 0
6071 0
6072 1
6073 0
6074 0
6075 0
6076 1
6077 1
6078 1
6079 1
6080 2
6081 1
6082 1
6083 1
6084 2
6085 0
6086 2
6087 0
6088 1
6089 0
6090 1
6091 0
6092 2
6093 2
6094 2
6095 0
6096 3
6097 2
6098 2
6099 0
6100 2
6101 1
6102 1
6103 0
6104 0
6105 1
6106 1
6107 2
6108 0
6109 0
6110 1
6111 0
6112 2
6113 3
6114 3
6115 1
6116 1
6117 2
6118 0
6119 1
6120 1
6121 0
6122 1
6123 1
6124 0
6125 0
6126 0
6127 1
6128 0
6129 1
6130 3
6131 1
6132 1
6133 2
6134 1
6135 1
6136 2
6137 1
6138 0
6139 3
6140 1
6141 0
6142 0
6143 1
6144 2
6145 1
6146 1
6147 0
6148 1
6149 0
6150 1
6151 1
6152 0
6153 4
6154 0
6155 1
6156 2
6157 0
6158 2
6159 0
6160 0
6161 1
6162 0
6163 2
6164 2
6165 1
6166 0
6167 1
6168 2
6169 0
6170 0
6171 1
6172 1
6173 2
6174 1
6175 2
6176 0
6177 0
6178 0
6179 2
6180 2
6181 1
6182 0
6183 1
6184 0
6185 1
6186 2
6187 1
6188 0
6189 1
6190 1
6191 3
6192 2
6193 1
6194 1
6195 1
6196 1
6197 0
6198 0
6199 2
6200 1
6201 2
6202 1
6203 1
6204 0
6205 0
6206 1
6207 1
6208 0
6209 0
6210 1
6211 2
6212 3
6213 1
6214 1
6215 0
6216 0
6217 3
6218 1
6219 0
6220 1
6221 1
6222 1
6223 4
6224 2
6225 1
6226 2
6227 2
6228 0
6229 2
6230 2
6231 1
6232 0
6233 0
6234 2
6235 0
6236 1
6237 1
6238 5
6239 2
6240 0
6241 2
6242 0
6243 0
6244 0
6245 1
6246 0
6247 0
6248 3
6249 0
6250 1
6251 0
6252 0
6253 0
6254 0
6255 3
6256 1
6257 1
6258 2
6259 0
6260 1
6261 2
6262 1
6263 1
6264 1
6265 1
6266 1
6267 1
6268 2
6269 1
6270 1
6271 0
6272 0
6273 1
6274 4
6275 3
6276 1
6277 0
6278 0
6279 0
6280 1
6281 0
6282 0
6283 0
6284 2
6285 0
6286 0
6287 1
6288 1
6289 1
6290 1
6291 4
6292 1
6293 1
6294 2
6295 0
6296 1
6297 1
6298 0
6299 0
6300 1
6301 0
6302 2
6303 2
6304 2
6305 2
6306 1
6307 4
6308 2
6309 1
6310 1
6311 0
6312 1
6313 2
6314 2
6315 1
6316 0
6317 1
6318 0
6319 1
6320 1
6321 1
6322 0
6323 0
6324 0
6325 0
6326 0
6327 0
6328 0
6329 0
6330 2
6331 3
6332 2
6333 1
6334 3
6335 0
6336 1
6337 1
6338 0
6339 0
6340 0
6341 3
6342 2
6343 4
6344 2
6345 1
6346 0
6347 1
6348 1
6349 1
6350 1
6351 0
6352 0
6353 1
6354 2
6355 1
6356 0
6357 0
6358 0
6359 0
6360 0
6361 1
6362 1
6363 1
6364 0
6365 0
6366 2
6367 0
6368 0
6369 1
6370 0
6371 2
6372 4
6373 2
6374 1
6375 2
6376 1
6377 2
6378 2
6379 1
6380 1
6381 0
6382 0
6383 2
6384 2
6385 0
6386 1
6387 1
6388 0
6389 0
6390 2
6391 0
6392 1
6393 0
6394 2
6395 1
6396 2
6397 1
6398 0
6399 1
6400 1
6401 1
6402 0
6403 0
6404 1
6405 1
6406 1
6407 1
6408 0
6409 1
6410 0
6411 0
6412 1
6413 1
6414 2
6415 1
6416 1
6417 1
6418 1
6419 2
6420 0
6421 1
6422 0
6423 0
6424 2
6425 2
6426 1
6427 3
6428 1
6429 0
6430 0
6431 0
6432 0
6433 0
6434 1
6435 0
6436 1
6437 0
6438 1
6439 0
6440 1
6441 1
6442 1
6443 1
6444 1
6445 1
6446 1
6447 2
6448 2
6449 1
6450 0
6451 2
6452 1
6453 5
6454 0
6455 1
6456 0
6457 0
6458 2
6459 0
6460 1
6461 1
6462 2
6463 1
6464 0
6465 0
6466 0
6467 3
6468 0
6469 2
6470 1
6471 0
6472 1
6473 1
6474 0
6475 1
6476 1
6477 1
6478 1
6479 3
6480 2
6481 1
6482 0
6483 0
6484 2
6485 3
6486 2
6487 2
6488 0
6489 2
6490 0
6491 1
6492 1
6493 0
6494 0
6495 3
6496 0
6497 1
6498 1
6499 0
6500 0
6501 0
6502 2
6503 1
6504 0
6505 1
6506 1
6507 1
6508 1
6509 0
6510 1
6511 1
6512 1
6513 2
6514 1
6515 1
6516 2
6517 0
6518 1
6519 0
6520 3
6521 0
6522 1
6523 1
6524 2
6525 1
6526 0
6527 1
6528 3
6529 1
6530 1
6531 2
6532 3
6533 3
6534 0
6535 1
6536 1
6537 0
6538 0
6539 0
6540 0
6541 1
6542 1
6543 3
6544 0
6545 0
6546 1
6547 2
6548 2
6549 1
6550 0
6551 2
6552 0
6553 0
6554 1
6555 1
6556 1
6557 1
6558 2
6559 1
6560 2
6561 2
6562 0
6563 1
6564 0
6565 1
6566 0
6567 0
6568 1
6569 1
6570 1
6571 1
6572 0
6573 0
6574 1
6575 3
6576 2
6577 3
6578 0
6579 0
6580 0
6581 1
6582 0
6583 0
6584 0
6585 0
6586 0
6587 0
6588 3
6589 0
6590 2
6591 3
6592 1
6593 0
6594 1
6595 1
6596 0
6597 2
6598 0
6599 1
6600 0
6601 1
6602 2
6603 1
6604 0
6605 0
6606 0
6607 1
6608 1
6609 0
6610 0
6611 0
6612 1
6613 1
6614 1
6615 3
6616 2
6617 1
6618 2
6619 1
6620 1
6621 3
6622 0
6623 0
6624 2
6625 0
6626 1
6627 1
6628 1
6629 0
6630 2
6631 0
6632 2
6633 0
6634 2
6635 2
6636 2
6637 1
6638 0
6639 2
6640 1
6641 2
6642 1
6643 0
6644 1
6645 2
6646 2
6647 1
6648 1
6649 0
6650 0
6651 0
6652 0
6653 0
6654 1
6655 1
6656 0
6657 0
6658 1
6659 1
6660 0
6661 0
6662 0
6663 2
6664 1
6665 0
6666 1
6667 1
6668 0
6669 0
6670 3
6671 1
6672 1
6673 0
6674 1
6675 1
6676 0
6677 1
6678 1
6679 1
6680 0
6681 1
6682 0
6683 2
6684 0
6685 3
6686 0
6687 2
6688 0
6689 4
6690 3
6691 0
6692 0
6693 1
6694 0
6695 1
6696 1
6697 3
6698 0
6699 0
6700 0
6701 0
6702 1
6703 0
6704 1
6705 0
6706 0
6707 1
6708 0
6709 2
6710 1
6711 0
6712 2
6713 0
6714 1
6715 0
6716 1
6717 0
6718 0
6719 0
6720 0
6721 1
6722 0
6723 1
6724 2
6725 1
6726 1
6727 0
6728 1
6729 3
6730 0
6731 1
6732 4
6733 0
6734 1
6735 1
6736 0
6737 0
6738 0
6739 0
6740 2
6741 0
6742 1
6743 3
6744 1
6745 2
6746 0
6747 1
6748 0
6749 0
6750 4
6751 1
6752 1
6753 1
6754 1
6755 0
6756 2
6757 0
6758 1
6759 1
6760 0
6761 0
6762 0
6763 1
6764 1
6765 0
6766 0
6767 1
6768 1
6769 2
6770 3
6771 1
6772 1
6773 0
6774 2
6775 0
6776 0
6777 0
6778 0
6779 2
6780 0
6781 2
6782 1
6783 0
6784 1
6785 0
6786 0
6787 0
6788 1
6789 1
6790 1
6791 0
6792 2
6793 1
6794 1
6795 3
6796 1
6797 1
6798 1
6799 0
6800 1
6801 1
6802 0
6803 2
6804 2
6805 0
6806 0
6807 4
6808 1
6809 1
6810 1
6811 0
6812 1
6813 2
6814 0
6815 1
6816 0
6817 1
6818 0
6819 0
6820 1
6821 0
6822 0
6823 1
6824 0
6825 1
6826 0
6827 1
6828 0
6829 0
6830 0
6831 3
6832 1
6833 1
6834 3
6835 0
6836 1
6837 0
6838 3
6839 1
6840 1
6841 1
6842 0
6843 0
6844 1
6845 0
6846 2
6847 1
6848 1
6849 0
6850 1
6851 1
6852 3
6853 0
6854 0
6855 0
6856 1
6857 1
6858 1
6859 1
6860 0
6861 3
6862 0
6863 0
6864 0
6865 0
6866 0
6867 1
6868 1
6869 1
6870 1
6871 1
6872 1
6873 0
6874 2
6875 0
6876 0
6877 1
6878 0
6879 1
6880 2
6881 0
6882 1
6883 0
6884 0
6885 0
6886 0
6887 3
6888 0
6889 1
6890 1
6891 0
6892 1
6893 3
6894 0
6895 2
6896 0
6897 1
6898 0
6899 0
6900 1
6901 0
6902 1
6903 0
6904 1
6905 2
6906 1
6907 1
6908 1
6909 1
6910 1
6911 0
6912 3
6913 2
6914 2
6915 1
6916 0
6917 2
6918 0
6919 1
6920 2
6921 2
6922 2
6923 2
6924 0
6925 1
6926 0
6927 4
6928 0
6929 3
6930 0
6931 0
6932 2
6933 0
6934 0
6935 0
6936 0
6937 0
6938 0
6939 0
6940 2
6941 0
6942 0
6943 0
6944 1
6945 1
6946 2
6947 0
6948 2
6949 1
6950 0
6951 0
6952 1
6953 2
6954 0
6955 0
6956 0
6957 0
6958 0
6959 0
6960 1
6961 1
6962 0
6963 1
6964 1
6965 1
6966 0
6967 0
6968 0
6969 0
6970 0
6971 1
6972 1
6973 2
6974 1
6975 1
6976 2
6977 1
6978 0
6979 0
6980 1
6981 1
6982 2
6983 1
6984 0
6985 1
6986 0
6987 0
6988 1
6989 1
6990 2
6991 2
6992 0
6993 0
6994 1
6995 0
6996 0
6997 2
6998 0
6999 1
7000 1
7001 4
7002 2
7003 1
7004 0
7005 2
7006 0
7007 3
7008 0
7009 1
7010 0
7011 1
7012 1
7013 0
7014 0
7015 0
7016 1
7017 0
7018 2
7019 3
7020 0
7021 1
7022 2
7023 0
7024 1
7025 0
7026 0
7027 1
7028 1
7029 3
7030 0
7031 1
7032 2
7033 0
7034 0
7035 0
7036 2
7037 0
7038 0
7039 1
7040 0
7041 2
7042 0
7043 0
7044 1
7045 1
7046 1
7047 0
7048 1
7049 2
7050 0
7051 2
7052 0
7053 1
7054 1
7055 0
7056 0
7057 1
7058 0
7059 1
7060 1
7061 0
7062 0
7063 0
7064 1
7065 0
7066 1
7067 3
7068 1
7069 1
7070 0
7071 0
7072 1
7073 2
7074 1
7075 3
7076 0
7077 0
7078 1
7079 1
7080 0
7081 1
7082 1
7083 0
7084 0
7085 0
7086 0
7087 0
7088 0
7089 0
7090 0
7091 1
7092 1
7093 0
7094 1
7095 0
7096 2
7097 0
7098 0
7099 1
7100 0
7101 0
7102 0
7103 2
7104 2
7105 0
7106 3
7107 2
7108 2
7109 3
7110 0
7111 1
7112 0
7113 2
7114 1
7115 0
7116 0
7117 2
7118 2
7119 1
7120 1
7121 1
7122 0
7123 0
7124 0
7125 0
7126 2
7127 1
7128 1
7129 1
7130 1
7131 1
7132 0
7133 1
7134 1
7135 2
7136 1
7137 0
7138 0
7139 1
7140 3
7141 1
7142 2
7143 2
7144 0
7145 2
7146 0
7147 2
7148 2
7149 0
7150 0
7151 1
7152 0
7153 0
7154 0
7155 0
7156 3
7157 1
7158 1
7159 0
7160 1
7161 1
7162 0
7163 1
7164 0
7165 2
7166 2
7167 2
7168 0
7169 2
7170 1
7171 0
7172 0
7173 0
7174 2
7175 1
7176 0
7177 2
7178 0
7179 0
7180 2
7181 1
7182 1
7183 1
7184 0
7185 1
7186 0
7187 2
7188 1
7189 2
7190 0
7191 1
7192 0
7193 0
7194 2
7195 1
7196 0
7197 0
7198 0
7199 1
7200 0
7201 3
7202 0
7203 0
7204 0
7205 1
7206 0
7207 0
7208 1
7209 0
7210 1
7211 0
7212 0
7213 0
7214 0
7215 1
7216 3
7217 0
7218 0
7219 0
7220 0
7221 1
7222 0
7223 0
7224 0
7225 0
7226 2
7227 0
7228 0
7229 0
7230 0
7231 0
7232 0
7233 1
7234 1
7235 0
7236 0
7237 0
7238 0
7239 0
7240 2
7241 0
7242 0
7243 1
7244 0
7245 1
7246 1
7247 0
7248 1
7249 1
7250 4
7251 0
7252 0
7253 0
7254 1
7255 1
7256 0
7257 1
7258 2
7259 0
7260 0
7261 2
7262 0
7263 0
7264 0
7265 1
7266 1
7267 0
7268 1
7269 1
7270 1
7271 2
7272 0
7273 0
7274 0
7275 0
7276 0
7277 0
7278 0
7279 1
7280 0
7281 2
7282 1
7283 1
7284 0
7285 1
7286 0
7287 0
7288 0
7289 0
7290 1
7291 0
7292 1
7293 1
7294 2
7295 0
7296 0
7297 1
7298 0
7299 1
7300 0
7301 1
7302 2
7303 0
7304 0
7305 0
7306 0
7307 1
7308 1
7309 2
7310 1
7311 1
7312 0
7313 1
7314 0
7315 0
7316 0
7317 0
7318 2
7319 1
7320 1
7321 0
7322 1
7323 1
7324 1
7325 3
7326 1
7327 0
7328 0
7329 0
7330 0
7331 2
7332 2
7333 1
7334 1
7335 1
7336 0
7337 0
7338 2
7339 2
7340 2
7341 1
7342 2
7343 1
7344 3
7345 0
7346 2
7347 0
7348 2
7349 3
7350 0
7351 0
7352 0
7353 1
7354 1
7355 0
7356 0
7357 0
7358 0
7359 1
7360 2
7361 0
7362 0
7363 1
7364 3
7365 3
7366 1
7367 1
7368 1
7369 1
7370 2
7371 0
7372 0
7373 1
7374 2
7375 1
7376 1
7377 1
7378 1
7379 2
7380 1
7381 1
7382 0
7383 1
7384 1
7385 0
7386 0
7387 0
7388 1
7389 0
7390 1
7391 0
7392 2
7393 2
7394 1
7395 0
7396 0
7397 1
7398 2
7399 0
7400 2
7401 0
7402 1
7403 3
7404 0
7405 0
7406 0
7407 0
7408 1
7409 1
7410 0
7411 1
7412 0
7413 1
7414 2
7415 1
7416 1
7417 1
7418 1
7419 1
7420 3
7421 1
7422 1
7423 0
7424 1
7425 0
7426 0
7427 1
7428 1
7429 1
7430 0
7431 1
7432 0
7433 0
7434 0
7435 0
7436 2
7437 0
7438 1
7439 0
7440 4
7441 0
7442 1
7443 0
7444 1
7445 0
7446 0
7447 0
7448 1
7449 0
7450 1
7451 2
7452 1
7453 1
7454 0
7455 1
7456 0
7457 0
7458 0
7459 1
7460 0
7461 2
7462 2
7463 2
7464 1
7465 1
7466 1
7467 1
7468 1
7469 0
7470 1
7471 1
7472 1
7473 0
7474 0
7475 2
7476 0
7477 1
7478 0
7479 0
7480 2
7481 0
7482 1
7483 0
7484 1
7485 1
7486 2
7487 1
7488 1
7489 0
7490 0
7491 2
7492 1
7493 0
7494 1
7495 2
7496 1
7497 1
7498 2
7499 0
7500 1
7501 0
7502 0
7503 1
7504 0
7505 1
7506 1
7507 0
7508 0
7509 1
7510 2
7511 1
7512 2
7513 1
7514 0
7515 1
7516 0
7517 0
7518 4
7519 1
7520 2
7521 1
7522 0
7523 2
7524 1
7525 1
7526 0
7527 0
7528 0
7529 1
7530 1
7531 0
7532 0
7533 2
7534 0
7535 1
7536 0
7537 0
7538 1
7539 0
7540 1
7541 2
7542 1
7543 2
7544 1
7545 1
7546 1
7547 1
7548 2
7549 0
7550 1
7551 1
7552 3
7553 0
7554 0
7555 1
7556 2
7557 2
7558 1
7559 3
7560 0
7561 0
7562 0
7563 0
7564 1
7565 1
7566 1
7567 0
7568 0
7569 1
7570 1
7571 0
7572 2
7573 0
7574 0
7575 1
7576 1
7577 1
7578 0
7579 2
7580 0
7581 0
7582 0
7583 1
7584 0
7585 1
7586 1
7587 0
7588 1
7589 0
7590 2
7591 1
7592 0
7593 1
7594 3
7595 3
7596 1
7597 0
7598 0
7599 3
7600 2
7601 0
7602 1
7603 1
7604 0
7605 0
7606 1
7607 3
7608 2
7609 0
7610 0
7611 1
7612 1
7613 0
7614 1
7615 0
7616 0
7617 2
7618 1
7619 0
7620 1
7621 1
7622 3
7623 2
7624 0
7625 1
7626 1
7627 1
7628 1
7629 3
7630 1
7631 3
7632 1
7633 1
7634 1
7635 2
7636 0
7637 0
7638 2
7639 0
7640 1
7641 0
7642 1
7643 0
7644 4
7645 1
7646 0
7647 0
7648 1
7649 1
7650 1
7651 0
7652 1
7653 3
7654 2
7655 0
7656 0
7657 4
7658 1
7659 2
7660 1
7661 0
7662 2
7663 3
7664 2
7665 0
7666 2
7667 1
7668 0
7669 0
7670 1
7671 1
7672 0
7673 1
7674 2
7675 0
7676 3
7677 2
7678 1
7679 1
7680 0
7681 1
7682 1
7683 0
7684 0
7685 0
7686 1
7687 0
7688 1
7689 1
7690 2
7691 0
7692 0
7693 2
7694 0
7695 0
7696 1
7697 1
7698 0
7699 1
7700 0
7701 1
7702 0
7703 0
7704 0
7705 1
7706 0
7707 0
7708 1
7709 2
7710 0
7711 0
7712 2
7713 2
7714 2
7715 0
7716 1
7717 2
7718 1
7719 0
7720 0
7721 0
7722 0
7723 1
7724 0
7725 2
7726 2
7727 2
7728 0
7729 0
7730 0
7731 2
7732 0
7733 1
7734 2
7735 0
7736 1
7737 1
7738 1
7739 1
7740 0
7741 1
7742 2
7743 0
7744 3
7745 0
7746 1
7747 3
7748 2
7749 0
7750 0
7751 0
7752 2
7753 1
7754 1
7755 2
7756 1
7757 1
7758 2
7759 1
7760 1
7761 0
7762 2
7763 1
7764 1
7765 0
7766 2
7767 0
7768 0
7769 0
7770 0
7771 0
7772 2
7773 0
7774 0
7775 1
7776 1
7777 0
7778 3
7779 0
7780 1
7781 0
7782 2
7783 1
7784 2
7785 2
7786 2
7787 0
7788 2
7789 2
7790 1
7791 1
7792 1
7793 1
7794 1
7795 0
7796 0
7797 1
7798 2
7799 1
7800 0
7801 2
7802 0
7803 0
7804 0
7805 0
7806 1
7807 2
7808 1
7809 2
7810 0
7811 0
7812 0
7813 0
7814 1
7815 0
7816 3
7817 0
7818 1
7819 0
7820 0
7821 1
7822 1
7823 1
7824 3
7825 2
7826 1
7827 1
7828 1
7829 1
7830 1
7831 0
7832 1
7833 1
7834 1
7835 0
7836 1
7837 0
7838 0
7839 0
7840 1
7841 1
7842 1
7843 0
7844 1
7845 2
7846 2
7847 0
7848 1
7849 3
7850 1
7851 1
7852 1
7853 2
7854 0
7855 1
7856 0
7857 0
7858 1
7859 0
7860 3
7861 0
7862 0
7863 0
7864 1
7865 1
7866 0
7867 3
7868 2
7869 0
7870 1
7871 1
7872 0
7873 2
7874 3
7875 1
7876 0
7877 2
7878 1
7879 0
7880 1
7881 0
7882 3
7883 2
7884 0
7885 0
7886 0
7887 1
7888 1
7889 0
7890 1
7891 1
7892 0
7893 0
7894 0
7895 0
7896 2
7897 0
7898 1
7899 1
7900 0
7901 1
7902 1
7903 1
7904 1
7905 0
7906 1
7907 0
7908 0
7909 0
7910 1
7911 1
7912 0
7913 0
7914 0
7915 1
7916 0
7917 0
7918 1
7919 1
7920 0
7921 1
7922 0
7923 1
7924 0
7925 1
7926 2
7927 1
7928 1
7929 1
7930 0
7931 0
7932 0
7933 0
7934 1
7935 0
7936 2
7937 0
7938 0
7939 1
7940 2
7941 0
7942 1
7943 0
7944 3
7945 1
7946 2
7947 0
7948 2
7949 0
7950 4
7951 0
7952 1
7953 0
7954 0
7955 1
7956 1
7957 0
7958 1
7959 0
7960 2
7961 1
7962 3
7963 1
7964 0
7965 1
7966 0
7967 0
7968 2
7969 0
7970 0
7971 2
7972 2
7973 0
7974 1
7975 0
7976 3
7977 0
7978 0
7979 1
7980 2
7981 0
7982 1
7983 1
7984 1
7985 1
7986 2
7987 2
7988 0
7989 0
7990 1
7991 2
7992 0
7993 1
7994 1
7995 1
7996 0
7997 2
7998 1
7999 2
8000 0
8001 1
8002 0
8003 1
8004 2
8005 0
8006 3
8007 0
8008 1
8009 2
8010 1
8011 0
8012 0
8013 0
8014 1
8015 2
8016 1
8017 1
8018 3
8019 0
8020 2
8021 0
8022 0
8023 0
8024 0
8025 0
8026 1
8027 0
8028 1
8029 2
8030 2
8031 0
8032 0
8033 2
8034 0
8035 1
8036 0
8037 0
8038 2
8039 0
8040 1
8041 3
8042 1
8043 1
8044 0
8045 1
8046 1
8047 0
8048 0
8049 3
8050 1
8051 1
8052 1
8053 0
8054 0
8055 0
8056 0
8057 2
8058 0
8059 0
8060 2
8061 2
8062 0
8063 0
8064 1
8065 1
8066 1
8067 1
8068 1
8069 0
8070 1
8071 0
8072 2
8073 0
8074 0
8075 0
8076 1
8077 1
8078 2
8079 1
8080 0
8081 1
8082 0
8083 1
8084 0
8085 0
8086 1
8087 0
8088 1
8089 0
8090 1
8091 0
8092 1
8093 3
8094 0
8095 0
8096 1
8097 1
8098 3
8099 2
8100 0
8101 2
8102 1
8103 0
8104 2
8105 1
8106 0
8107 0
8108 1
8109 1
8110 1
8111 2
8112 0
8113 0
8114 0
8115 0
8116 0
8117 0
8118 2
8119 1
8120 1
8121 0
8122 2
8123 0
8124 0
8125 2
8126 2
8127 1
8128 1
8129 0
8130 0
8131 0
8132 1
8133 0
8134 0
8135 0
8136 2
8137 0
8138 0
8139 0
8140 1
8141 0
8142 1
8143 0
8144 2
8145 0
8146 1
8147 0
8148 1
8149 0
8150 1
8151 0
8152 0
8153 2
8154 1
8155 0
8156 0
8157 0
8158 0
8159 2
8160 1
8161 0
8162 0
8163 0
8164 1
8165 2
8166 1
8167 1
8168 1
8169 1
8170 0
8171 0
8172 0
8173 0
8174 0
8175 2
8176 1
8177 0
8178 1
8179 1
8180 1
8181 0
8182 0
8183 1
8184 0
8185 0
8186 0
8187 1
8188 1
8189 0
8190 1
8191 1
8192 1
8193 0
8194 0
8195 0
8196 0
8197 1
8198 2
8199 1
8200 2
8201 0
8202 0
8203 1
8204 0
8205 0
8206 0
8207 1
8208 0
8209 0
8210 1
8211 2
8212 0
8213 0
8214 0
8215 1
8216 2
8217 0
8218 3
8219 1
8220 0
8221 0
8222 1
8223 0
8224 2
8225 0
8226 0
8227 1
8228 0
8229 1
8230 1
8231 0
8232 0
8233 0
8234 1
8235 1
8236 1
8237 0
8238 1
8239 2
8240 0
8241 0
8242 0
8243 1
8244 0
8245 0
8246 0
8247 1
8248 1
8249 0
8250 1
8251 0
8252 0
8253 0
8254 1
8255 2
8256 0
8257 0
8258 2
8259 1
8260 2
8261 0
8262 2
8263 0
8264 0
8265 0
8266 2
8267 0
8268 0
8269 0
8270 0
8271 1
8272 2
8273 1
8274 1
8275 0
8276 3
8277 1
8278 3
8279 0
8280 1
8281 1
8282 0
8283 1
8284 0
8285 0
8286 1
8287 3
8288 0
8289 0
8290 0
8291 2
8292 1
8293 2
8294 0
8295 1
8296 0
8297 3
8298 0
8299 1
8300 1
8301 0
8302 1
8303 1
8304 0
8305 1
8306 0
8307 0
8308 0
8309 1
8310 2
8311 1
8312 0
8313 1
8314 0
8315 2
8316 2
8317 1
8318 1
8319 0
8320 0
8321 0
8322 1
8323 0
8324 0
8325 2
8326 1
8327 1
8328 0
8329 0
8330 1
8331 2
8332 0
8333 1
8334 0
8335 0
8336 0
8337 2
8338 1
8339 0
8340 0
8341 2
8342 1
8343 1
8344 0
8345 1
8346 0
8347 0
8348 1
8349 0
8350 0
8351 0
8352 0
8353 0
8354 1
8355 2
8356 1
8357 0
8358 0
8359 1
8360 1
8361 0
8362 1
8363 1
8364 0
8365 1
8366 0
8367 0
8368 0
8369 2
8370 1
8371 3
8372 1
8373 1
8374 1
8375 1
8376 2
8377 1
8378 1
8379 0
8380 0
8381 0
8382 0
8383 0
8384 1
8385 2
8386 0
8387 2
8388 0
8389 0
8390 0
8391 0
8392 0
8393 1
8394 2
8395 0
8396 1
8397 0
8398 0
8399 1
8400 2
8401 0
8402 0
8403 1
8404 4
8405 1
8406 1
8407 2
8408 0
8409 2
8410 0
8411 0
8412 0
8413 2
8414 0
8415 0
8416 1
8417 0
8418 0
8419 1
8420 0
8421 0
8422 0
8423 0
8424 0
8425 2
8426 2
8427 1
8428 5
8429 0
8430 0
8431 2
8432 0
8433 1
8434 1
8435 0
8436 1
8437 1
8438 2
8439 0
8440 0
8441 2
8442 0
8443 0
8444 1
8445 0
8446 0
8447 0
8448 0
8449 0
8450 0
8451 0
8452 0
8453 0
8454 1
8455 1
8456 3
8457 0
8458 1
8459 0
8460 0
8461 1
8462 0
8463 1
8464 2
8465 0
8466 1
8467 0
8468 1
8469 0
8470 0
8471 1
8472 0
8473 0
8474 0
8475 0
8476 2
8477 0
8478 1
8479 1
8480 1
8481 0
8482 0
8483 1
8484 0
8485 1
8486 0
8487 1
8488 0
8489 0
8490 1
8491 0
8492 0
8493 1
8494 1
8495 1
8496 0
8497 0
8498 0
8499 0
8500 1
8501 0
8502 0
8503 1
8504 0
8505 0
8506 1
8507 0
8508 0
8509 1
8510 0
8511 0
8512 0
8513 2
8514 2
8515 0
8516 1
8517 2
8518 1
8519 1
8520 2
8521 3
8522 1
8523 3
8524 0
8525 0
8526 0
8527 0
8528 0
8529 1
8530 1
8531 0
8532 1
8533 1
8534 1
8535 0
8536 1
8537 1
8538 1
8539 1
8540 0
8541 0
8542 0
8543 1
8544 0
8545 1
8546 1
8547 1
8548 0
8549 0
8550 1
8551 0
8552 1
8553 1
8554 1
8555 2
8556 1
8557 0
8558 0
8559 0
8560 1
8561 1
8562 1
8563 0
8564 0
8565 0
8566 1
8567 0
8568 2
8569 0
8570 0
8571 0
8572 1
8573 0
8574 0
8575 1
8576 1
8577 0
8578 0
8579 1
8580 0
8581 0
8582 0
8583 0
8584 0
8585 0
8586 1
8587 1
8588 1
8589 2
8590 0
8591 0
8592 0
8593 0
8594 2
8595 0
8596 0
8597 0
8598 0
8599 0
8600 2
8601 0
8602 0
8603 0
8604 0
8605 0
8606 0
8607 0
8608 0
8609 0
8610 0
8611 2
8612 1
8613 2
8614 0
8615 0
8616 0
8617 2
8618 1
8619 0
8620 0
8621 0
8622 2
8623 0
8624 0
8625 0
8626 0
8627 2
8628 0
8629 2
8630 0
8631 1
8632 3
8633 0
8634 1
8635 0
8636 0
8637 0
8638 0
8639 0
8640 0
8641 0
8642 0
8643 0
8644 1
8645 1
8646 0
8647 0
8648 0
8649 0
8650 1
8651 0
8652 0
8653 1
8654 1
8655 0
8656 1
8657 2
8658 1
8659 0
8660 1
8661 0
8662 2
8663 1
8664 0
8665 0
8666 0
8667 0
8668 1
8669 0
8670 0
8671 0
8672 0
8673 0
8674 1
8675 0
8676 0
8677 0
8678 0
8679 1
8680 1
8681 0
8682 1
8683 0
8684 2
8685 0
8686 2
8687 0
8688 1
8689 1
8690 2
8691 1
8692 2
8693 0
8694 1
8695 1
8696 1
8697 1
8698 1
8699 0
8700 0
8701 0
8702 2
8703 0
8704 1
8705 0
8706 1
8707 1
8708 0
8709 0
8710 3
8711 2
8712 0
8713 0
8714 0
8715 0
8716 0
8717 0
8718 0
8719 0
8720 0
8721 1
8722 0
8723 1
8724 1
8725 0
8726 0
8727 0
8728 1
8729 0
8730 1
8731 1
8732 0
8733 0
8734 2
8735 0
8736 1
8737 1
8738 2
8739 1
8740 0
8741 0
8742 1
8743 1
8744 0
8745 0
8746 0
8747 0
8748 2
8749 3
8750 0
8751 2
8752 1
8753 1
8754 2
8755 0
8756 0
8757 0
8758 3
8759 0
8760 1
8761 2
8762 0
8763 0
8764 1
8765 1
8766 0
8767 0
8768 0
8769 2
8770 0
8771 0
8772 1
8773 1
8774 0
8775 0
8776 1
8777 1
8778 1
8779 1
8780 1
8781 1
8782 2
8783 1
8784 0
8785 0
8786 0
8787 0
8788 0
8789 0
8790 0
8791 0
8792 1
8793 0
8794 0
8795 0
8796 0
8797 0
8798 0
8799 1
8800 0
8801 2
8802 1
8803 0
8804 0
8805 0
8806 0
8807 2
8808 0
8809 0
8810 0
8811 0
8812 3
8813 0
8814 1
8815 0
8816 1
8817 1
8818 0
8819 0
8820 0
8821 1
8822 1
8823 1
8824 0
8825 1
8826 0
8827 0
8828 0
8829 1
8830 2
8831 0
8832 0
8833 0
8834 0
8835 2
8836 1
8837 0
8838 0
8839 1
8840 0
8841 0
8842 1
8843 0
8844 3
8845 0
8846 0
8847 1
8848 1
8849 1
8850 3
8851 1
8852 1
8853 0
8854 0
8855 1
8856 1
8857 2
8858 3
8859 0
8860 1
8861 1
8862 0
8863 1
8864 0
8865 0
8866 0
8867 1
8868 1
8869 0
8870 0
8871 0
8872 2
8873 1
8874 0
8875 0
8876 0
8877 1
8878 0
8879 1
8880 0
8881 0
8882 0
8883 1
8884 2
8885 2
8886 1
8887 2
8888 1
8889 0
8890 0
8891 1
8892 0
8893 0
8894 0
8895 0
8896 0
8897 0
8898 2
8899 1
8900 2
8901 2
8902 0
8903 0
8904 2
8905 1
8906 0
8907 2
8908 1
8909 0
8910 0
8911 0
8912 1
8913 0
8914 0
8915 3
8916 0
8917 1
8918 2
8919 1
8920 0
8921 1
8922 0
8923 1
8924 0
8925 1
8926 0
8927 1
8928 0
8929 0
8930 0
8931 0
8932 0
8933 2
8934 2
8935 0
8936 0
8937 2
8938 1
8939 2
8940 0
8941 0
8942 0
8943 0
8944 2
8945 1
8946 0
8947 3
8948 0
8949 1
8950 1
8951 3
8952 0
8953 0
8954 0
8955 0
8956 1
8957 0
8958 0
8959 0
8960 0
8961 0
8962 1
8963 0
8964 1
8965 1
8966 3
8967 0
8968 0
8969 0
8970 0
8971 1
8972 0
8973 0
8974 1
8975 1
8976 1
8977 2
8978 1
8979 3
8980 0
8981 2
8982 1
8983 1
8984 0
8985 2
8986 0
8987 0
8988 0
8989 1
8990 0
8991 0
8992 0
8993 0
8994 0
8995 0
8996 1
8997 0
8998 0
8999 1
9000 0
9001 1
9002 1
9003 0
9004 0
9005 0
9006 0
9007 0
9008 2
9009 2
9010 0
9011 0
9012 1
9013 0
9014 0
9015 1
9016 0
9017 0
9018 0
9019 0
9020 2
9021 1
9022 0
9023 0
9024 1
9025 0
9026 0
9027 1
9028 1
9029 0
9030 0
9031 0
9032 0
9033 0
9034 0
9035 0
9036 1
9037 0
9038 0
9039 2
9040 1
9041 1
9042 1
9043 1
9044 0
9045 1
9046 0
9047 0
9048 0
9049 2
9050 0
9051 0
9052 0
9053 0
9054 2
9055 0
9056 1
9057 0
9058 0
9059 0
9060 1
9061 1
9062 0
9063 0
9064 0
9065 1
9066 1
9067 0
9068 3
9069 0
9070 0
9071 2
9072 1
9073 2
9074 1
9075 0
9076 0
9077 1
9078 0
9079 2
9080 0
9081 0
9082 1
9083 2
9084 1
9085 0
9086 1
9087 0
9088 0
9089 1
9090 0
9091 1
9092 0
9093 0
9094 3
9095 0
9096 0
9097 3
9098 1
9099 0
9100 0
9101 0
9102 0
9103 0
9104 2
9105 0
9106 0
9107 0
9108 0
9109 2
9110 0
9111 3
9112 0
9113 0
9114 1
9115 0
9116 2
9117 1
9118 0
9119 2
9120 0
9121 2
9122 0
9123 1
9124 0
9125 1
9126 0
9127 0
9128 1
9129 2
9130 1
9131 1
9132 0
9133 0
9134 1
9135 2
9136 1
9137 1
9138 1
9139 0
9140 0
9141 0
9142 0
9143 1
9144 1
9145 1
9146 1
9147 1
9148 1
9149 0
9150 0
9151 0
9152 0
9153 0
9154 1
9155 0
9156 1
9157 0
9158 0
9159 0
9160 0
9161 1
9162 1
9163 1
9164 0
9165 0
9166 0
9167 1
9168 1
9169 0
9170 0
9171 0
9172 1
9173 1
9174 0
9175 0
9176 3
9177 0
9178 1
9179 1
9180 1
9181 0
9182 0
9183 0
9184 0
9185 0
9186 2
9187 1
9188 1
9189 1
9190 0
9191 0
9192 0
9193 0
9194 0
9195 1
9196 5
9197 1
9198 0
9199 0
9200 1
9201 1
9202 1
9203 0
9204 1
9205 1
9206 1
9207 0
9208 0
9209 0
9210 0
9211 0
9212 0
9213 2
9214 0
9215 0
9216 0
9217 1
9218 0
9219 1
9220 0
9221 0
9222 0
9223 0
9224 1
9225 1
9226 0
9227 0
9228 1
9229 0
9230 1
9231 0
9232 0
9233 1
9234 0
9235 2
9236 1
9237 1
9238 1
9239 0
9240 3
9241 1
9242 1
9243 2
9244 0
9245 0
9246 0
9247 2
9248 0
9249 0
9250 0
9251 0
9252 0
9253 0
9254 2
9255 1
9256 0
9257 0
9258 1
9259 0
9260 1
9261 0
9262 0
9263 0
9264 0
9265 0
9266 0
9267 1
9268 0
9269 0
9270 1
9271 0
9272 0
9273 2
9274 2
9275 0
9276 3
9277 1
9278 2
9279 0
9280 1
9281 1
9282 1
9283 2
9284 1
9285 0
9286 2
9287 0
9288 0
9289 1
9290 0
9291 0
9292 1
9293 0
9294 0
9295 1
9296 2
9297 1
9298 2
9299 1
9300 1
9301 0
9302 0
9303 2
9304 0
9305 1
9306 0
9307 2
9308 0
9309 0
9310 0
9311 0
9312 0
9313 0
9314 0
9315 2
9316 0
9317 0
9318 0
9319 0
9320 1
9321 0
9322 1
9323 0
9324 1
9325 0
9326 1
9327 0
9328 0
9329 0
9330 0
9331 0
9332 0
9333 1
9334 0
9335 0
9336 0
9337 2
9338 0
9339 0
9340 1
9341 1
9342 0
9343 1
9344 1
9345 0
9346 0
9347 1
9348 1
9349 1
9350 0
9351 1
9352 0
9353 0
9354 0
9355 1
9356 2
9357 0
9358 0
9359 2
9360 0
9361 0
9362 0
9363 1
9364 1
9365 0
9366 0
9367 1
9368 2
9369 0
9370 0
9371 1
9372 1
9373 0
9374 0
9375 0
9376 0
9377 0
9378 0
9379 0
9380 0
9381 2
9382 0
9383 0
9384 0
9385 2
9386 0
9387 3
9388 3
9389 2
9390 0
9391 1
9392 0
9393 2
9394 1
9395 0
9396 1
9397 1
9398 0
9399 2
9400 0
9401 0
9402 1
9403 1
9404 2
9405 1
9406 0
9407 1
9408 0
9409 2
9410 0
9411 1
9412 0
9413 2
9414 0
9415 1
9416 2
9417 0
9418 0
9419 1
9420 1
9421 1
9422 0
9423 0
9424 1
9425 0
9426 0
9427 1
9428 0
9429 0
9430 0
9431 1
9432 0
9433 1
9434 0
9435 0
9436 0
9437 0
9438 0
9439 1
9440 0
9441 1
9442 0
9443 1
9444 1
9445 0
9446 0
9447 0
9448 1
9449 0
9450 1
9451 0
9452 0
9453 0
9454 0
9455 0
9456 0
9457 0
9458 3
9459 1
9460 0
9461 2
9462 0
9463 2
9464 1
9465 0
9466 2
9467 0
9468 1
9469 2
9470 0
9471 0
9472 0
9473 1
9474 1
9475 2
9476 1
9477 1
9478 0
9479 0
9480 0
9481 0
9482 0
9483 0
9484 2
9485 0
9486 0
9487 1
9488 0
9489 0
9490 2
9491 0
9492 0
9493 0
9494 0
9495 1
9496 0
9497 0
9498 1
9499 1
9500 0
9501 1
9502 1
9503 0
9504 0
9505 0
9506 0
9507 0
9508 0
9509 1
9510 1
9511 1
9512 0
9513 0
9514 1
9515 0
9516 1
9517 0
9518 1
9519 0
9520 1
9521 0
9522 0
9523 0
9524 0
9525 2
9526 1
9527 0
9528 0
9529 0
9530 0
9531 0
9532 1
9533 1
9534 1
9535 0
9536 0
9537 0
9538 2
9539 0
9540 0
9541 1
9542 0
9543 1
9544 0
9545 3
9546 1
9547 0
9548 0
9549 2
9550 0
9551 1
9552 2
9553 0
9554 1
9555 0
9556 0
9557 1
9558 0
9559 0
9560 1
9561 0
9562 1
9563 1
9564 2
9565 0
9566 1
9567 0
9568 1
9569 0
9570 0
9571 0
9572 0
9573 0
9574 0
9575 0
9576 1
9577 0
9578 0
9579 0
9580 0
9581 0
9582 0
9583 0
9584 1
9585 1
9586 1
9587 2
9588 0
9589 1
9590 1
9591 0
9592 0
9593 0
9594 0
9595 1
9596 0
9597 0
9598 0
9599 0
9600 0
9601 0
9602 0
9603 1
9604 0
9605 1
9606 0
9607 1
9608 0
9609 0
9610 0
9611 1
9612 1
9613 0
9614 0
9615 0
9616 1
9617 0
9618 0
9619 1
9620 0
9621 1
9622 1
9623 1
9624 1
9625 1
9626 0
9627 0
9628 0
9629 1
9630 0
9631 2
9632 1
9633 0
9634 1
9635 1
9636 1
9637 0
9638 1
9639 0
9640 1
9641 1
9642 1
9643 0
9644 0
9645 1
9646 2
9647 0
9648 2
9649 1
9650 0
9651 2
9652 0
9653 0
9654 0
9655 1
9656 2
9657 1
9658 2
9659 1
9660 0
9661 0
9662 0
9663 0
9664 0
9665 0
9666 0
9667 1
9668 0
9669 0
9670 1
9671 0
9672 1
9673 0
9674 0
9675 3
9676 0
9677 1
9678 0
9679 1
9680 0
9681 1
9682 0
9683 2
9684 0
9685 0
9686 0
9687 2
9688 1
9689 1
9690 0
9691 1
9692 0
9693 0
9694 0
9695 1
9696 2
9697 1
9698 0
9699 1
9700 1
9701 1
9702 0
9703 1
9704 0
9705 0
9706 1
9707 1
9708 1
9709 0
9710 1
9711 1
9712 0
9713 2
9714 2
9715 0
9716 0
9717 1
9718 1
9719 0
9720 0
9721 0
9722 1
9723 1
9724 1
9725 1
9726 2
9727 1
9728 0
9729 0
9730 0
9731 1
9732 0
9733 1
9734 0
9735 1
9736 1
9737 1
9738 0
9739 0
9740 2
9741 1
9742 0
9743 0
9744 2
9745 2
9746 1
9747 1
9748 1
9749 0
9750 1
9751 0
9752 0
9753 1
9754 0
9755 0
9756 2
9757 1
9758 0
9759 1
9760 2
9761 0
9762 1
9763 0
9764 1
9765 0
9766 0
9767 0
9768 1
9769 0
9770 0
9771 1
9772 3
9773 0
9774 1
9775 1
9776 0
9777 0
9778 1
9779 1
9780 0
9781 1
9782 0
9783 0
9784 1
9785 1
9786 0
9787 0
9788 0
9789 0
9790 1
9791 1
9792 0
9793 2
9794 0
9795 0
9796 0
9797 1
9798 0
9799 0
9800 1
9801 0
9802 0
9803 0
9804 2
9805 0
9806 0
9807 0
9808 0
9809 1
9810 0
9811 0
9812 0
9813 0
9814 0
9815 0
9816 1
9817 1
9818 2
9819 0
9820 0
9821 0
9822 0
9823 0
9824 0
9825 0
9826 0
9827 2
9828 2
9829 0
9830 0
9831 0
9832 0
9833 1
9834 0
9835 2
9836 0
9837 1
9838 0
9839 2
9840 1
9841 1
9842 1
9843 0
9844 1
9845 0
9846 0
9847 0
9848 2
9849 0
9850 0
9851 0
9852 1
9853 0
9854 0
9855 0
9856 0
9857 0
9858 1
9859 0
9860 1
9861 1
9862 1
9863 1
9864 0
9865 1
9866 1
9867 2
9868 0
9869 2
9870 0
9871 1
9872 0
9873 0
9874 0
9875 1
9876 1
9877 0
9878 0
9879 0
9880 2
9881 0
9882 1
9883 0
9884 1
9885 0
9886 1
9887 0
9888 0
9889 1
9890 1
9891 0
9892 0
9893 1
9894 1
9895 0
9896 0
9897 1
9898 0
9899 4
9900 0
9901 1
9902 1
9903 0
9904 1
9905 0
9906 0
9907 1
9908 1
9909 0
9910 0
9911 1
9912 0
9913 0
9914 0
9915 0
9916 0
9917 2
9918 0
9919 0
9920 0
9921 0
9922 0
9923 0
9924 0
9925 1
9926 1
9927 1
9928 0
9929 0
9930 1
9931 0
9932 0
9933 1
9934 0
9935 3
9936 0
9937 1
9938 1
9939 0
9940 0
9941 0
9942 2
9943 1
9944 0
9945 0
9946 0
9947 0
9948 0
9949 0
9950 1
9951 1
9952 1
9953 0
9954 1
9955 0
9956 0
9957 0
9958 0
9959 0
9960 1
9961 0
9962 0
9963 0
9964 1
9965 1
9966 0
9967 1
9968 1
9969 0
9970 1
9971 0
9972 1
9973 0
9974 1
9975 0
9976 0
9977 0
9978 0
9979 1
9980 0
9981 0
9982 0
9983 0
9984 2
9985 0
9986 0
9987 0
9988 1
9989 1
9990 0
9991 2
9992 0
9993 0
9994 0
9995 1
9996 0
9997 0
9998 1
9999 1
10000 0
10001 2
10002 1
10003 0
10004 2
10005 2
10006 0
10007 0
10008 0
10009 0
10010 0
10011 0
10012 1
10013 0
10014 2
10015 0
10016 0
10017 0
10018 1
10019 0
10020 0
10021 0
10022 0
10023 1
10024 0
10025 0
10026 1
10027 0
10028 0
10029 0
10030 1
10031 1
10032 2
10033 1
10034 0
10035 0
10036 0
10037 1
10038 0
10039 1
10040 0
10041 1
10042 1
10043 1
10044 1
10045 2
10046 0
10047 1
10048 2
10049 1
10050 1
10051 1
10052 0
10053 0
10054 0
10055 0
10056 0
10057 1
10058 0
10059 0
10060 0
10061 0
10062 0
10063 0
10064 3
10065 0
10066 0
10067 0
10068 0
10069 0
10070 0
10071 0
10072 0
10073 0
10074 0
10075 1
10076 0
10077 3
10078 1
10079 0
10080 0
10081 0
10082 0
10083 1
10084 0
10085 1
10086 0
10087 0
10088 0
10089 0
10090 0
10091 1
10092 0
10093 0
10094 1
10095 0
10096 0
10097 1
10098 0
10099 3
10100 0
10101 0
10102 0
10103 0
10104 1
10105 0
10106 1
10107 0
10108 0
10109 0
10110 1
10111 0
10112 0
10113 1
10114 0
10115 0
10116 2
10117 0
10118 0
10119 0
10120 0
10121 0
10122 0
10123 0
10124 1
10125 0
10126 0
10127 0
10128 1
10129 0
10130 0
10131 0
10132 3
10133 2
10134 0
10135 0
10136 0
10137 0
10138 0
10139 1
10140 2
10141 0
10142 0
10143 0
10144 1
10145 0
10146 0
10147 0
10148 0
10149 1
10150 0
10151 0
10152 1
10153 1
10154 1
10155 1
10156 0
10157 2
10158 0
10159 1
10160 0
10161 1
10162 0
10163 0
10164 2
10165 0
10166 0
10167 0
10168 2
10169 1
10170 0
10171 1
10172 0
10173 0
10174 0
10175 0
10176 0
10177 0
10178 1
10179 1
10180 2
10181 1
10182 0
10183 0
10184 0
10185 0
10186 1
10187 0
10188 0
10189 1
10190 0
10191 0
10192 0
10193 0
10194 0
10195 1
10196 1
10197 0
10198 0
10199 1
10200 1
10201 0
10202 0
10203 0
10204 0
10205 0
10206 0
10207 2
10208 0
10209 0
10210 0
10211 1
10212 0
10213 0
10214 0
10215 0
10216 2
10217 0
10218 0
10219 1
10220 0
10221 0
10222 0
10223 0
10224 2
10225 0
10226 0
10227 2
10228 1
10229 0
10230 1
10231 0
10232 0
10233 0
10234 0
10235 0
10236 0
10237 0
10238 2
10239 1
10240 1
10241 0
10242 1
10243 1
10244 0
10245 1
10246 0
10247 0
10248 0
10249 1
10250 0
10251 0
10252 0
10253 1
10254 0
10255 0
10256 0
10257 1
10258 0
10259 1
10260 2
10261 0
10262 0
10263 0
10264 0
10265 0
10266 1
10267 0
10268 1
10269 0
10270 1
10271 0
10272 0
10273 1
10274 1
10275 0
10276 0
10277 0
10278 0
10279 0
10280 1
10281 0
10282 1
10283 0
10284 0
10285 0
10286 0
10287 1
10288 1
10289 0
10290 1
10291 0
10292 0
10293 1
10294 0
10295 0
10296 0
10297 1
10298 1
10299 0
10300 1
10301 0
10302 2
10303 2
10304 0
10305 0
10306 2
10307 0
10308 1
10309 1
10310 0
10311 0
10312 0
10313 0
10314 0
10315 0
10316 0
10317 1
10318 0
10319 0
10320 0
10321 2
10322 0
10323 1
10324 1
10325 0
10326 0
10327 0
10328 0
10329 0
10330 0
10331 0
10332 0
10333 0
10334 0
10335 0
10336 0
10337 0
10338 0
10339 0
10340 0
10341 0
10342 0
10343 1
10344 1
10345 0
10346 1
10347 0
10348 1
10349 0
10350 0
10351 0
10352 0
10353 0
10354 0
10355 0
10356 0
10357 0
10358 0
10359 0
10360 0
10361 1
10362 0
10363 0
10364 1
10365 0
10366 0
10367 0
10368 0
10369 1
10370 0
10371 2
10372 1
10373 0
10374 0
10375 0
10376 1
10377 0
10378 0
10379 0
10380 0
10381 0
10382 0
10383 0
10384 0
10385 1
10386 0
10387 0
10388 0
10389 0
10390 0
10391 1
10392 1
10393 0
10394 1
10395 2
10396 0
10397 0
10398 0
10399 0
10400 1
10401 1
10402 0
10403 0
10404 0
10405 0
10406 0
10407 0
10408 0
10409 0
10410 0
10411 0
10412 0
10413 0
10414 0
10415 1
10416 0
10417 0
10418 0
10419 0
10420 0
10421 1
10422 1
10423 1
10424 0
10425 0
10426 0
10427 0
10428 1
10429 0
10430 0
10431 2
10432 0
10433 1
10434 0
10435 0
10436 0
10437 2
10438 0
10439 0
10440 1
10441 0
10442 0
10443 0
10444 0
10445 0
10446 0
10447 1
10448 1
10449 0
10450 0
10451 0
10452 1
10453 0
10454 0
10455 0
10456 1
10457 0
10458 0
10459 0
10460 0
10461 0
10462 0
10463 1
10464 0
10465 0
10466 2
10467 0
10468 1
10469 0
10470 0
10471 0
10472 0
10473 0
10474 0
10475 0
10476 0
10477 0
10478 1
10479 0
10480 0
10481 0
10482 0
10483 1
10484 0
10485 1
10486 1
10487 0
10488 1
10489 0
10490 1
10491 0
10492 0
10493 2
10494 0
10495 0
10496 0
10497 1
10498 0
10499 0
10500 0
10501 0
10502 0
10503 1
10504 0
10505 1
10506 2
10507 0
10508 0
10509 0
10510 0
10511 0
10512 1
10513 0
10514 0
10515 0
10516 0
10517 1
10518 1
10519 0
10520 0
10521 1
10522 0
10523 0
10524 1
10525 0
10526 0
10527 0
10528 0
10529 0
10530 1
10531 1
10532 1
10533 0
10534 0
10535 0
10536 1
10537 1
10538 0
10539 0
10540 0
10541 0
10542 0
10543 0
10544 0
10545 0
10546 0
10547 1
10548 0
10549 0
10550 2
10551 0
10552 0
10553 1
10554 1
10555 1
10556 1
10557 0
10558 0
10559 0
10560 0
10561 1
10562 1
10563 0
10564 0
10565 0
10566 0
10567 0
10568 1
10569 0
10570 0
10571 0
10572 0
10573 1
10574 0
10575 1
10576 0
10577 1
10578 1
10579 1
10580 0
10581 0
10582 0
10583 0
10584 0
10585 1
10586 0
10587 0
10588 1
10589 0
10590 0
10591 0
10592 0
10593 0
10594 0
10595 0
10596 1
10597 0
10598 1
10599 0
10600 0
10601 0
10602 3
10603 0
10604 0
10605 0
10606 0
10607 0
10608 1
10609 0
10610 0
10611 1
10612 0
10613 0
10614 0
10615 0
10616 0
10617 1
10618 1
10619 1
10620 0
10621 0
10622 0
10623 0
10624 1
10625 0
10626 1
10627 0
10628 0
10629 1
10630 0
10631 0
10632 0
10633 0
10634 0
10635 0
10636 1
10637 1
10638 1
10639 1
10640 0
10641 0
10642 0
10643 0
10644 0
10645 0
10646 0
10647 0
10648 0
10649 0
10650 0
10651 0
10652 0
10653 0
10654 0
10655 0
10656 2
10657 1
10658 0
10659 0
10660 0
10661 0
10662 0
10663 0
10664 0
10665 0
10666 0
10667 0
10668 1
10669 1
10670 0
10671 0
10672 0
10673 0
10674 0
10675 1
10676 0
10677 1
10678 0
10679 1
10680 0
10681 1
10682 0
10683 0
10684 0
10685 1
10686 0
10687 0
10688 1
10689 0
10690 1
10691 0
10692 0
10693 0
10694 0
10695 0
10696 2
10697 0
10698 0
10699 0
10700 0
10701 1
10702 0
10703 0
10704 0
10705 1
10706 1
10707 0
10708 0
10709 1
10710 1
10711 0
10712 0
10713 0
10714 0
10715 1
10716 0
10717 0
10718 0
10719 0
10720 0
10721 1
10722 0
10723 1
10724 0
10725 0
10726 0
10727 0
10728 2
10729 0
10730 0
10731 0
10732 0
10733 0
10734 0
10735 2
10736 0
10737 0
10738 0
10739 0
10740 0
10741 0
10742 0
10743 0
10744 0
10745 0
10746 0
10747 1
10748 1
10749 0
10750 0
10751 0
10752 1
10753 0
10754 0
10755 0
10756 0
10757 0
10758 1
10759 1
10760 0
10761 1
10762 1
10763 0
10764 1
10765 0
10766 0
10767 0
10768 0
10769 0
10770 0
10771 0
10772 0
10773 1
10774 0
10775 0
10776 0
10777 1
10778 0
10779 0
10780 1
10781 0
10782 0
10783 0
10784 0
10785 0
10786 0
10787 0
10788 0
10789 0
10790 0
10791 0
10792 0
10793 1
10794 0
10795 0
10796 0
10797 0
10798 1
10799 0
10800 0
10801 0
10802 0
10803 1
10804 1
10805 0
10806 0
10807 0
10808 0
10809 0
10810 0
10811 0
10812 0
10813 0
10814 0
10815 0
10816 1
10817 0
10818 0
10819 0
10820 0
10821 0
10822 0
10823 0
10824 1
10825 0
10826 0
10827 0
10828 0
10829 1
10830 0
10831 0
10832 0
10833 0
10834 0
10835 1
10836 0
10837 0
10838 1
10839 0
10840 0
10841 0
10842 0
10843 0
10844 0
10845 0
10846 0
10847 0
10848 0
10849 0
10850 1
10851 0
10852 0
10853 0
10854 1
10855 0
10856 0
10857 0
10858 0
10859 0
10860 0
10861 0
10862 0
10863 0
10864 0
10865 0
10866 0
10867 0
10868 0
10869 0
10870 0
10871 1
10872 0
10873 0
10874 1
10875 0
10876 0
10877 0
10878 0
10879 0
10880 0
10881 0
10882 0
10883 0
10884 0
10885 1
10886 1
10887 0
10888 0
10889 1
10890 1
10891 0
10892 0
10893 1
10894 0
10895 0
10896 0
10897 0
10898 1
10899 0
10900 0
10901 0
10902 0
10903 0
10904 0
10905 0
10906 0
10907 0
10908 0
10909 0
10910 0
10911 0
10912 0
10913 0
10914 0
10915 0
10916 0
10917 2
10918 0
10919 0
10920 1
10921 0
10922 1
10923 0
10924 1
10925 0
10926 0
10927 0
10928 0
10929 0
10930 0
10931 0
10932 0
10933 0
10934 0
10935 0
10936 0
10937 0
10938 1
10939 0
10940 0
10941 1
10942 0
10943 0
10944 0
10945 0
10946 0
10947 1
10948 1
10949 1
10950 0
10951 1
10952 0
10953 0
10954 0
10955 0
10956 0
10957 0
10958 0
10959 1
10960 0
10961 0
10962 0
10963 0
10964 0
10965 0
10966 0
10967 0
10968 0
10969 1
10970 0
10971 0
10972 0
10973 0
10974 0
10975 0
10976 1
10977 0
10978 0
10979 0
10980 0
10981 0
10982 0
10983 0
10984 0
10985 0
10986 1
10987 0
10988 0
10989 1
10990 0
10991 0
10992 1
10993 0
10994 0
10995 0
10996 0
10997 0
10998 0
10999 0
11000 1
11001 0
11002 0
11003 1
11004 1
11005 0
11006 1
11007 0
11008 0
11009 0
11010 0
11011 0
11012 0
11013 1
11014 2
11015 0
11016 0
11017 0
11018 0
11019 0
11020 0
11021 0
11022 0
11023 0
11024 0
11025 1
11026 0
11027 1
11028 0
11029 1
11030 0
11031 1
11032 1
11033 0
11034 1
11035 1
11036 1
11037 0
11038 0
11039 0
11040 0
11041 0
11042 1
11043 1
11044 0
11045 0
11046 0
11047 0
11048 1
11049 0
11050 0
11051 0
11052 0
11053 1
11054 0
11055 0
11056 0
11057 0
11058 0
11059 0
11060 0
11061 0
11062 1
11063 0
11064 0
11065 0
11066 0
11067 0
11068 1
11069 0
11070 0
11071 0
11072 0
11073 0
11074 0
11075 0
11076 1
11077 1
11078 0
11079 0
11080 0
11081 0
11082 0
11083 0
11084 0
11085 0
11086 0
11087 0
11088 1
11089 0
11090 0
11091 0
11092 0
11093 0
11094 0
11095 0
11096 1
11097 0
11098 0
11099 0
11100 0
11101 0
11102 1
11103 0
11104 0
11105 0
11106 0
11107 0
11108 0
11109 0
11110 0
11111 2
11112 0
11113 1
11114 1
11115 1
11116 0
11117 1
11118 0
11119 0
11120 0
11121 0
11122 0
11123 0
11124 0
11125 0
11126 0
11127 0
11128 1
11129 0
11130 0
11131 0
11132 0
11133 1
11134 0
11135 0
11136 0
11137 1
11138 0
11139 2
11140 0
11141 0
11142 0
11143 0
11144 1
11145 0
11146 0
11147 0
11148 0
11149 0
11150 0
11151 1
11152 0
11153 0
11154 0
11155 0
11156 0
11157 0
11158 0
11159 0
11160 0
11161 0
11162 0
11163 0
11164 0
11165 0
11166 0
11167 0
11168 0
11169 0
11170 0
11171 1
11172 0
11173 0
11174 0
11175 0
11176 0
11177 1
11178 1
11179 1
11180 0
11181 0
11182 0
11183 1
11184 0
11185 1
11186 0
11187 0
11188 0
11189 0
11190 0
11191 0
11192 0
11193 0
11194 0
11195 2
11196 1
11197 0
11198 0
11199 0
11200 0
11201 0
11202 0
11203 0
11204 1
11205 1
11206 0
11207 0
11208 0
11209 0
11210 0
11211 1
11212 0
11213 0
11214 0
11215 0
11216 0
11217 0
11218 1
11219 1
11220 0
11221 0
11222 0
11223 1
11224 0
11225 0
11226 1
11227 0
11228 1
11229 0
11230 1
11231 0
11232 0
11233 0
11234 0
11235 0
11236 0
11237 0
11238 0
11239 0
11240 0
11241 0
11242 0
11243 0
11244 0
11245 1
11246 1
11247 0
11248 1
11249 0
11250 0
11251 0
11252 0
11253 0
11254 2
11255 0
11256 0
11257 0
11258 0
11259 0
11260 0
11261 0
11262 0
11263 0
11264 0
11265 0
11266 0
11267 0
11268 0
11269 0
11270 0
11271 0
11272 0
11273 0
11274 0
11275 0
11276 0
11277 0
11278 1
11279 0
11280 0
11281 0
11282 1
11283 0
11284 0
11285 0
11286 1
11287 0
11288 0
11289 0
11290 2
11291 0
11292 0
11293 0
11294 0
11295 0
11296 0
11297 0
11298 0
11299 0
11300 0
11301 0
11302 2
11303 0
11304 2
11305 0
11306 1
11307 0
11308 0
11309 0
11310 0
11311 1
11312 1
11313 0
11314 0
11315 0
11316 0
11317 0
11318 0
11319 1
11320 0
11321 0
11322 0
11323 0
11324 0
11325 0
11326 0
11327 0
11328 1
11329 0
11330 0
11331 0
11332 0
11333 1
11334 0
11335 1
11336 0
11337 0
11338 0
11339 0
11340 0
11341 0
11342 0
11343 0
11344 2
11345 2
11346 0
11347 0
11348 1
11349 0
11350 0
11351 1
11352 0
11353 0
11354 0
11355 1
11356 0
11357 0
11358 1
11359 0
11360 0
11361 1
11362 0
11363 0
11364 0
11365 0
11366 0
11367 0
11368 2
11369 0
11370 0
11371 0
11372 0
11373 0
11374 0
11375 1
11376 1
11377 1
11378 0
11379 1
11380 0
11381 0
11382 0
11383 0
11384 0
11385 0
11386 0
11387 0
11388 1
11389 0
11390 0
11391 1
11392 1
11393 0
11394 0
11395 0
11396 0
11397 0
11398 0
11399 1
11400 1
11401 0
11402 0
11403 1
11404 0
11405 2
11406 0
11407 0
11408 1
11409 0
11410 0
11411 1
11412 0
11413 1
11414 1
11415 0
11416 0
11417 0
11418 0
11419 1
11420 1
11421 0
11422 0
11423 0
11424 0
11425 0
11426 0
11427 2
11428 1
11429 0
11430 0
11431 0
11432 2
11433 2
11434 0
11435 0
11436 2
11437 1
11438 1
11439 0
11440 0
11441 0
11442 1
11443 0
11444 1
11445 0
11446 1
11447 1
11448 0
11449 0
11450 2
11451 0
11452 1
11453 0
11454 0
11455 0
11456 1
11457 0
11458 0
11459 0
11460 1
11461 0
11462 0
11463 1
11464 0
11465 0
11466 0
11467 0
11468 2
11469 0
11470 0
11471 0
11472 0
11473 0
11474 1
11475 0
11476 0
11477 0
11478 0
11479 0
11480 0
11481 0
11482 0
11483 1
11484 0
11485 0
11486 0
11487 0
11488 2
11489 2
11490 1
11491 0
11492 0
11493 0
11494 0
11495 0
11496 0
11497 0
11498 0
11499 0
11500 0
11501 0
11502 0
11503 0
11504 0
11505 0
11506 0
11507 0
11508 0
11509 0
11510 0
11511 0
11512 0
11513 0
11514 2
11515 0
11516 0
11517 0
11518 0
11519 0
11520 1
11521 0
11522 1
11523 1
11524 0
11525 2
11526 1
11527 0
11528 0
11529 2
11530 0
11531 1
11532 0
11533 0
11534 0
11535 1
11536 1
11537 0
11538 0
11539 0
11540 0
11541 0
11542 0
11543 0
11544 0
11545 0
11546 0
11547 0
11548 0
11549 0
11550 1
11551 0
11552 0
11553 0
11554 0
11555 0
11556 0
11557 0
11558 1
11559 1
11560 0
11561 0
11562 1
11563 1
11564 0
11565 1
11566 0
11567 1
11568 0
11569 1
11570 2
11571 2
11572 0
11573 1
11574 2
11575 1
11576 0
11577 2
11578 1
11579 2
11580 2
11581 0
11582 1
11583 1
11584 0
11585 0
11586 0
11587 1
11588 1
11589 0
11590 1
11591 0
11592 1
11593 1
11594 0
11595 0
11596 0
11597 1
11598 0
11599 2
11600 2
11601 0
11602 1
11603 0
11604 0
11605 0
11606 0
11607 0
11608 1
11609 0
11610 1
11611 1
11612 1
11613 0
11614 1
11615 0
11616 0
11617 0
11618 0
11619 1
11620 0
11621 2
11622 2
11623 1
11624 0
11625 1
11626 0
11627 3
11628 0
11629 1
11630 0
11631 0
11632 0
11633 1
11634 1
11635 2
11636 0
11637 1
11638 1
11639 0
11640 0
11641 2
11642 0
11643 0
11644 2
11645 1
11646 0
11647 0
11648 0
11649 0
11650 1
11651 0
11652 1
11653 1
11654 1
11655 1
11656 0
11657 0
11658 1
11659 0
11660 0
11661 1
11662 0
11663 0
11664 2
11665 0
11666 1
11667 0
11668 0
11669 1
11670 0
11671 1
11672 0
11673 0
11674 1
11675 0
11676 0
11677 1
11678 0
11679 1
11680 0
11681 2
11682 0
11683 0
11684 0
11685 0
11686 1
11687 1
11688 1
11689 1
11690 0
11691 1
11692 0
11693 2
11694 0
11695 0
11696 0
11697 0
11698 2
11699 1
11700 1
11701 1
11702 1
11703 1
11704 1
11705 1
11706 0
11707 1
11708 1
11709 1
11710 0
11711 0
11712 1
11713 0
11714 1
11715 1
11716 1
11717 1
11718 3
11719 1
11720 1
11721 1
11722 0
11723 0
11724 0
11725 2
11726 3
11727 1
11728 0
11729 0
11730 0
11731 0
11732 2
11733 0
11734 1
11735 0
11736 1
11737 0
11738 0
11739 0
11740 1
11741 1
11742 0
11743 0
11744 0
11745 0
11746 0
11747 0
11748 1
11749 2
11750 0
11751 1
11752 0
11753 0
11754 0
11755 3
11756 2
11757 2
11758 0
11759 1
11760 1
11761 1
11762 0
11763 1
11764 0
11765 0
11766 0
11767 0
11768 0
11769 1
11770 1
11771 3
11772 0
11773 1
11774 1
11775 1
11776 0
11777 4
11778 2
11779 3
11780 0
11781 0
11782 1
11783 2
11784 0
11785 2
11786 0
11787 2
11788 0
11789 0
11790 1
11791 1
11792 1
11793 0
11794 0
11795 1
11796 0
11797 1
11798 1
11799 1
11800 1
11801 1
11802 0
11803 0
11804 1
11805 1
11806 0
11807 2
11808 3
11809 0
11810 1
11811 0
11812 2
11813 0
11814 0
11815 3
11816 2
11817 1
11818 0
11819 1
11820 0
11821 1
11822 0
11823 0
11824 0
11825 2
11826 0
11827 1
11828 1
11829 2
11830 0
11831 1
11832 0
11833 1
11834 1
11835 2
11836 2
11837 1
11838 1
11839 0
11840 0
11841 1
11842 2
11843 0
11844 1
11845 0
11846 0
11847 0
11848 2
11849 0
11850 0
11851 1
11852 0
11853 0
11854 2
11855 0
11856 1
11857 1
11858 1
11859 0
11860 0
11861 0
11862 1
11863 3
11864 0
11865 0
11866 1
11867 1
11868 0
11869 1
11870 0
11871 0
11872 0
11873 0
11874 1
11875 0
11876 0
11877 2
11878 0
11879 0
11880 0
11881 2
11882 0
11883 0
11884 0
11885 1
11886 0
11887 0
11888 0
11889 0
11890 0
11891 0
11892 1
11893 0
11894 1
11895 1
11896 1
11897 0
11898 3
11899 0
11900 0
11901 1
11902 0
11903 1
11904 1
11905 1
11906 1
11907 1
11908 2
11909 2
11910 1
11911 1
11912 0
11913 1
11914 0
11915 2
11916 2
11917 0
11918 0
11919 0
11920 2
11921 2
11922 0
11923 1
11924 1
11925 1
11926 0
11927 0
11928 1
11929 0
11930 4
11931 1
11932 1
11933 0
11934 0
11935 1
11936 0
11937 0
11938 1
11939 1
11940 0
11941 4
11942 1
11943 1
11944 1
11945 1
11946 0
11947 0
11948 1
11949 0
11950 0
11951 0
11952 1
11953 1
11954 1
11955 0
11956 0
11957 1
11958 0
11959 1
11960 0
11961 1
11962 0
11963 1
11964 2
11965 2
11966 1
11967 0
11968 2
11969 2
11970 2
11971 0
11972 0
11973 0
11974 0
11975 3
11976 1
11977 0
11978 0
11979 0
11980 1
11981 1
11982 0
11983 1
11984 0
11985 0
11986 0
11987 1
11988 0
11989 0
11990 2
11991 1
11992 2
11993 0
11994 0
11995 1
11996 1
11997 1
11998 2
11999 0
12000 0
12001 2
12002 1
12003 0
12004 0
12005 2
12006 1
12007 0
12008 0
12009 1
12010 0
12011 2
12012 2
12013 2
12014 0
12015 2
12016 1
12017 1
12018 0
12019 0
12020 2
12021 1
12022 1
12023 1
12024 1
12025 0
12026 0
12027 1
12028 2
12029 2
12030 0
12031 1
12032 3
12033 1
12034 0
12035 0
12036 1
12037 0
12038 1
12039 0
12040 0
12041 1
12042 2
12043 3
12044 2
12045 0
12046 1
12047 1
12048 1
12049 0
12050 0
12051 2
12052 0
12053 1
12054 1
12055 0
12056 1
12057 0
12058 0
12059 0
12060 1
12061 0
12062 1
12063 3
12064 1
12065 1
12066 0
12067 0
12068 1
12069 0
12070 0
12071 0
12072 0
12073 0
12074 0
12075 2
12076 0
12077 1
12078 2
12079 0
12080 0
12081 0
12082 0
12083 0
12084 0
12085 0
12086 0
12087 0
12088 0
12089 0
12090 0
12091 1
12092 0
12093 0
12094 1
12095 0
12096 1
12097 1
12098 1
12099 0
12100 0
12101 0
12102 0
12103 0
12104 2
12105 1
12106 0
12107 0
12108 0
12109 2
12110 0
12111 0
12112 0
12113 0
12114 0
12115 1
12116 1
12117 0
12118 0
12119 1
12120 0
12121 0
12122 0
12123 0
12124 0
12125 1
12126 0
12127 0
12128 2
12129 0
12130 0
12131 2
12132 0
12133 1
12134 0
12135 0
12136 1
12137 0
12138 0
12139 1
12140 1
12141 1
12142 1
12143 1
12144 0
12145 0
12146 1
12147 1
12148 0
12149 2
12150 0
12151 2
12152 0
12153 2
12154 1
12155 1
12156 0
12157 0
12158 0
12159 2
12160 0
12161 0
12162 0
12163 3
12164 1
12165 0
12166 1
12167 1
12168 1
12169 0
12170 0
12171 0
12172 0
12173 2
12174 0
12175 1
12176 1
12177 1
12178 0
12179 0
12180 1
12181 1
12182 0
12183 1
12184 2
12185 0
12186 2
12187 0
12188 0
12189 0
12190 1
12191 0
12192 3
12193 0
12194 0
12195 0
12196 0
12197 0
12198 1
12199 1
12200 0
12201 0
12202 1
12203 1
12204 0
12205 0
12206 3
12207 1
12208 0
12209 0
12210 0
12211 1
12212 2
12213 1
12214 0
12215 0
12216 2
12217 0
12218 0
12219 0
12220 1
12221 0
12222 0
12223 0
12224 0
12225 0
12226 0
12227 0
12228 1
12229 1
12230 0
12231 0
12232 0
12233 1
12234 0
12235 0
12236 0
12237 1
12238 1
12239 0
12240 1
12241 0
12242 2
12243 0
12244 1
12245 0
12246 3
12247 0
12248 2
12249 1
12250 0
12251 0
12252 2
12253 1
12254 1
12255 3
12256 0
12257 0
12258 3
12259 0
12260 2
12261 0
12262 0
12263 1
12264 1
12265 0
12266 0
12267 0
12268 0
12269 1
12270 1
12271 0
12272 1
12273 1
12274 0
12275 0
12276 0
12277 0
12278 1
12279 0
12280 0
12281 1
12282 1
12283 0
12284 0
12285 2
12286 1
12287 0
12288 0
12289 0
12290 2
12291 3
12292 0
12293 2
12294 0
12295 1
12296 1
12297 2
12298 0
12299 1
12300 1
12301 0
12302 2
12303 1
12304 1
12305 1
12306 1
12307 1
12308 0
12309 0
12310 2
12311 0
12312 2
12313 0
12314 1
12315 0
12316 1
12317 1
12318 1
12319 1
12320 1
12321 1
12322 0
12323 2
12324 2
12325 2
12326 0
12327 2
12328 1
12329 3
12330 0
12331 1
12332 0
12333 1
12334 0
12335 1
12336 2
12337 0
12338 0
12339 0
12340 1
12341 1
12342 0
12343 2
12344 2
12345 0
12346 0
12347 0
12348 0
12349 1
12350 0
12351 0
12352 0
12353 0
12354 1
12355 1
12356 0
12357 0
12358 0
12359 0
12360 0
12361 1
12362 0
12363 0
12364 0
12365 1
12366 0
12367 0
12368 1
12369 0
12370 0
12371 0
12372 0
12373 0
12374 1
12375 0
12376 0
12377 0
12378 3
12379 0
12380 0
12381 0
12382 0
12383 0
12384 0
12385 0
12386 0
12387 0
12388 0
12389 1
12390 0
12391 0
12392 1
12393 2
12394 1
12395 1
12396 0
12397 0
12398 1
12399 0
12400 0
12401 0
12402 0
12403 1
12404 0
12405 0
12406 1
12407 0
12408 0
12409 0
12410 0
12411 0
12412 0
12413 0
12414 0
12415 0
12416 0
12417 0
12418 1
12419 1
12420 1
12421 0
12422 0
12423 0
12424 1
12425 0
12426 0
12427 0
12428 1
12429 0
12430 1
12431 0
12432 0
12433 0
12434 0
12435 1
12436 0
12437 0
12438 0
12439 0
12440 0
12441 1
12442 0
12443 0
12444 3
12445 0
12446 0
12447 2
12448 0
12449 0
12450 1
12451 0
12452 0
12453 0
12454 1
12455 1
12456 0
12457 0
12458 0
12459 1
12460 0
12461 1
12462 0
12463 1
12464 1
12465 0
12466 0
12467 0
12468 2
12469 0
12470 0
12471 0
12472 0
12473 1
12474 0
12475 0
12476 0
12477 0
12478 0
12479 0
12480 0
12481 0
12482 0
12483 1
12484 0
12485 0
12486 0
12487 1
12488 0
12489 0
12490 0
12491 0
12492 0
12493 0
12494 0
12495 0
12496 0
12497 2
12498 1
12499 0
12500 1
12501 0
12502 0
12503 0
12504 1
12505 0
12506 2
12507 1
12508 0
12509 0
12510 0
12511 0
12512 0
12513 0
12514 1
12515 0
12516 1
12517 1
12518 1
12519 0
12520 0
12521 1
12522 0
12523 0
12524 0
12525 2
12526 0
12527 1
12528 1
12529 1
12530 0
12531 1
12532 0
12533 0
12534 0
12535 0
12536 1
12537 0
12538 0
12539 0
12540 0
12541 0
12542 0
12543 0
12544 0
12545 0
12546 1
12547 2
12548 0
12549 0
12550 0
12551 1
12552 0
12553 0
12554 0
12555 0
12556 0
12557 1
12558 0
12559 1
12560 0
12561 0
12562 0
12563 0
12564 0
12565 0
12566 0
12567 0
12568 0
12569 0
12570 0
12571 1
12572 0
12573 0
12574 0
12575 2
12576 0
12577 0
12578 0
12579 0
12580 0
12581 0
12582 0
12583 0
12584 0
12585 0
12586 0
12587 0
12588 0
12589 1
12590 0
12591 0
12592 0
12593 0
12594 1
12595 0
12596 0
12597 0
12598 0
12599 1
12600 0
12601 0
12602 0
12603 0
12604 1
12605 0
12606 0
12607 0
12608 0
12609 0
12610 0
12611 1
12612 0
12613 0
12614 0
12615 1
12616 0
12617 0
12618 0
12619 1
12620 0
12621 0
12622 1
12623 0
12624 1
12625 0
12626 0
12627 0
12628 0
12629 3
12630 0
12631 0
12632 0
12633 0
12634 0
12635 0
12636 0
12637 1
12638 0
12639 0
12640 0
12641 0
12642 0
12643 0
12644 0
12645 1
12646 0
12647 0
12648 0
12649 0
12650 0
12651 1
12652 0
12653 0
12654 1
12655 1
12656 0
12657 1
12658 1
12659 0
12660 0
12661 2
12662 0
12663 1
12664 0
12665 0
12666 0
12667 0
12668 0
12669 2
12670 0
12671 0
12672 1
12673 0
12674 0
12675 0
12676 1
12677 0
12678 0
12679 0
12680 0
12681 1
12682 0
12683 0
12684 0
12685 0
12686 0
12687 1
12688 0
12689 0
12690 0
12691 1
12692 1
12693 0
12694 0
12695 0
12696 0
12697 0
12698 0
12699 0
12700 0
12701 0
12702 0
12703 0
12704 0
12705 0
12706 1
12707 1
12708 0
12709 0
12710 0
12711 0
12712 0
12713 0
12714 0
12715 1
12716 0
12717 0
12718 0
12719 0
12720 0
12721 1
12722 0
12723 0
12724 0
12725 0
12726 0
12727 0
12728 0
12729 0
12730 0
12731 0
12732 1
12733 0
12734 0
12735 1
12736 0
12737 0
12738 0
12739 0
12740 0
12741 0
12742 0
12743 0
12744 1
12745 0
12746 0
12747 0
12748 0
12749 0
12750 0
12751 0
12752 0
12753 0
12754 0
12755 0
12756 2
12757 0
12758 0
12759 0
12760 0
12761 0
12762 0
12763 1
12764 0
12765 0
12766 0
12767 0
12768 0
12769 0
12770 1
12771 0
12772 0
12773 1
12774 0
12775 0
12776 0
12777 0
12778 0
12779 0
12780 0
12781 0
12782 0
12783 0
12784 0
12785 0
12786 0
12787 0
12788 0
12789 0
12790 0
12791 0
12792 1
12793 0
12794 0
12795 0
12796 0
12797 0
12798 1
12799 2
12800 0
12801 0
12802 0
12803 0
12804 0
12805 1
12806 0
12807 2
12808 0
12809 0
12810 0
12811 0
12812 0
12813 0
12814 0
12815 0
12816 0
12817 0
12818 0
12819 0
12820 0
12821 0
12822 1
12823 0
12824 0
12825 0
12826 1
12827 0
12828 0
12829 0
12830 0
12831 0
12832 0
12833 0
12834 0
12835 0
12836 0
12837 0
12838 0
12839 0
12840 1
12841 0
12842 0
12843 0
12844 0
12845 0
12846 2
12847 0
12848 0
12849 0
12850 0
12851 0
12852 0
12853 0
12854 0
12855 0
12856 0
12857 0
12858 0
12859 0
12860 1
12861 0
12862 0
12863 2
12864 0
12865 0
12866 0
12867 0
12868 0
12869 0
12870 0
12871 0
12872 0
12873 0
12874 0
12875 0
12876 0
12877 0
12878 0
12879 0
12880 0
12881 0
12882 0
12883 0
12884 0
12885 1
12886 0
12887 1
12888 0
12889 0
12890 0
12891 0
12892 0
12893 0
12894 0
12895 0
12896 0
12897 0
12898 0
12899 0
12900 0
12901 0
12902 0
12903 0
12904 0
12905 0
12906 0
12907 0
12908 0
12909 0
12910 0
12911 0
12912 2
12913 0
12914 1
12915 0
12916 0
12917 1
12918 0
12919 0
12920 0
12921 0
12922 0
12923 0
12924 0
12925 0
12926 0
12927 0
12928 0
12929 0
12930 0
12931 0
12932 0
12933 0
12934 0
12935 0
12936 0
12937 0
12938 1
12939 1
12940 0
12941 0
12942 0
12943 0
12944 0
12945 0
12946 0
12947 0
12948 0
12949 0
12950 0
12951 0
12952 0
12953 0
12954 0
12955 0
12956 0
12957 0
12958 0
12959 1
12960 0
12961 0
12962 0
12963 0
12964 0
12965 0
12966 0
12967 0
12968 0
12969 0
12970 1
12971 0
12972 0
12973 0
12974 0
12975 1
12976 0
12977 1
12978 0
12979 0
12980 0
12981 1
12982 0
12983 0
12984 0
12985 0
12986 0
12987 0
12988 0
12989 0
12990 0
12991 0
12992 1
12993 0
12994 0
12995 0
12996 0
12997 0
12998 0
12999 0
13000 0
13001 0
13002 1
13003 0
13004 0
13005 0
13006 0
13007 0
13008 2
13009 0
13010 1
13011 0
13012 1
13013 0
13014 0
13015 0
13016 0
13017 1
13018 1
13019 0
13020 0
13021 0
13022 0
13023 0
13024 0
13025 0
13026 0
13027 0
13028 0
13029 0
13030 0
13031 0
13032 0
13033 0
13034 0
13035 0
13036 0
13037 0
13038 0
13039 0
13040 0
13041 1
13042 0
13043 0
13044 0
13045 0
13046 0
13047 0
13048 0
13049 0
13050 0
13051 0
13052 0
13053 1
13054 0
13055 1
13056 0
13057 0
13058 0
13059 0
13060 0
13061 0
13062 1
13063 1
13064 1
13065 1
13066 0
13067 0
13068 0
13069 2
13070 0
13071 0
13072 0
13073 0
13074 0
13075 0
13076 0
13077 0
13078 0
13079 0
13080 0
13081 0
13082 0
13083 1
13084 0
13085 0
13086 0
13087 0
13088 0
13089 0
13090 1
13091 0
13092 0
13093 0
13094 0
13095 0
13096 0
13097 1
13098 0
13099 1
13100 0
13101 0
13102 0
13103 0
13104 0
13105 0
13106 0
13107 0
13108 0
13109 0
13110 0
13111 0
13112 0
13113 0
13114 0
13115 0
13116 0
13117 0
13118 0
13119 0
13120 0
13121 0
13122 0
13123 0
13124 0
13125 0
13126 0
13127 0
13128 0
13129 0
13130 0
13131 0
13132 0
13133 0
13134 0
13135 0
13136 0
13137 0
13138 0
13139 0
13140 0
13141 1
13142 0
13143 0
13144 0
13145 0
13146 0
13147 0
13148 0
13149 0
13150 0
13151 0
13152 0
13153 0
13154 0
13155 0
13156 0
13157 0
13158 0
13159 0
13160 0
13161 0
13162 0
13163 0
13164 0
13165 0
13166 0
13167 0
13168 1
13169 0
13170 0
13171 0
13172 0
13173 0
13174 0
13175 0
13176 0
13177 0
13178 0
13179 0
13180 0
13181 0
13182 0
13183 0
13184 0
13185 0
13186 1
13187 1
13188 0
13189 0
13190 0
13191 0
13192 0
13193 0
13194 1
13195 0
13196 1
13197 1
13198 0
13199 0
13200 0
13201 1
13202 0
13203 0
13204 0
13205 1
13206 0
13207 0
13208 0
13209 0
13210 0
13211 0
13212 0
13213 0
13214 0
13215 0
13216 0
13217 0
13218 0
13219 0
13220 0
13221 0
13222 0
13223 2
13224 0
13225 0
13226 0
13227 0
13228 0
13229 0
13230 0
13231 0
13232 0
13233 0
13234 0
13235 0
13236 0
13237 0
13238 0
13239 0
13240 0
13241 0
13242 0
13243 0
13244 0
13245 0
13246 0
13247 1
13248 0
13249 0
13250 0
13251 0
13252 0
13253 0
13254 0
13255 0
13256 0
13257 0
13258 0
13259 0
13260 0
13261 0
13262 0
13263 1
13264 0
13265 0
13266 1
13267 0
13268 1
13269 0
13270 0
13271 0
13272 0
13273 0
13274 0
13275 0
13276 1
13277 0
13278 0
13279 0
13280 0
13281 0
13282 0
13283 0
13284 0
13285 1
13286 0
13287 0
13288 0
13289 0
13290 0
13291 0
13292 0
13293 1
13294 0
13295 0
13296 0
13297 0
13298 0
13299 0
13300 0
13301 0
13302 1
13303 0
13304 0
13305 0
13306 0
13307 0
13308 0
13309 0
13310 0
13311 1
13312 0
13313 0
13314 0
13315 0
13316 0
13317 0
13318 1
13319 1
13320 0
13321 0
13322 0
13323 0
13324 1
13325 0
13326 1
13327 0
13328 1
13329 0
13330 0
13331 0
13332 0
13333 0
13334 0
13335 0
13336 0
13337 0
13338 0
13339 0
13340 0
13341 0
13342 0
13343 0
13344 0
13345 0
13346 0
13347 0
13348 0
13349 0
13350 0
13351 0
13352 1
13353 0
13354 0
13355 0
13356 0
13357 0
13358 0
13359 0
13360 0
13361 0
13362 0
13363 0
13364 0
13365 0
13366 0
13367 0
13368 1
13369 1
13370 0
13371 0
13372 0
13373 0
13374 0
13375 0
13376 0
13377 0
13378 0
13379 0
13380 2
13381 0
13382 0
13383 0
13384 0
13385 0
13386 0
13387 0
13388 1
13389 0
13390 0
13391 0
13392 0
13393 0
13394 1
13395 0
13396 1
13397 0
13398 0
13399 1
13400 0
13401 0
13402 1
13403 1
13404 1
13405 0
13406 0
13407 0
13408 0
13409 0
13410 0
13411 0
13412 2
13413 0
13414 0
13415 0
13416 0
13417 0
13418 0
13419 0
13420 1
13421 0
13422 0
13423 0
13424 1
13425 0
13426 0
13427 0
13428 0
13429 0
13430 0
13431 0
13432 0
13433 0
13434 0
13435 0
13436 1
13437 0
13438 0
13439 0
13440 0
13441 0
13442 0
13443 0
13444 0
13445 0
13446 0
13447 0
13448 0
13449 0
13450 0
13451 0
13452 0
13453 0
13454 0
13455 0
13456 0
13457 0
13458 0
13459 0
13460 0
13461 0
13462 0
13463 1
13464 0
13465 1
13466 0
13467 0
13468 0
13469 0
13470 0
13471 0
13472 0
13473 0
13474 0
13475 0
13476 0
13477 0
13478 0
13479 0
13480 0
13481 0
13482 0
13483 0
13484 0
13485 0
13486 1
13487 0
13488 0
13489 0
13490 0
13491 0
13492 1
13493 0
13494 0
13495 0
13496 0
13497 1
13498 0
13499 1
13500 0
13501 0
13502 0
13503 0
13504 0
13505 0
13506 0
13507 0
13508 0
13509 0
13510 0
13511 0
13512 0
13513 0
13514 0
13515 0
13516 0
13517 0
13518 0
13519 0
13520 0
13521 0
13522 0
13523 0
13524 0
13525 1
13526 0
13527 0
13528 0
13529 0
13530 0
13531 0
13532 0
13533 0
13534 0
13535 0
13536 0
13537 0
13538 0
13539 0
13540 0
13541 0
13542 0
13543 0
13544 1
13545 0
13546 0
13547 0
13548 1
13549 0
13550 0
13551 0
13552 1
13553 0
13554 0
13555 0
13556 0
13557 0
13558 0
13559 0
13560 0
13561 0
13562 0
13563 0
13564 0
13565 0
13566 0
13567 0
13568 0
13569 0
13570 0
13571 0
13572 0
13573 0
13574 0
13575 0
13576 0
13577 0
13578 0
13579 0
13580 0
13581 0
13582 0
13583 0
13584 0
13585 0
13586 0
13587 0
13588 0
13589 0
13590 1
13591 0
13592 0
13593 0
13594 1
13595 0
13596 0
13597 0
13598 0
13599 0
13600 0
13601 0
13602 1
13603 1
13604 0
13605 0
13606 0
13607 0
13608 0
13609 0
13610 0
13611 0
13612 0
13613 0
13614 0
13615 1
13616 0
13617 1
13618 0
13619 0
13620 0
13621 0
13622 0
13623 0
13624 0
13625 0
13626 0
13627 0
13628 0
13629 0
13630 0
13631 0
13632 1
13633 0
13634 1
13635 0
13636 1
13637 0
13638 0
13639 0
13640 0
13641 0
13642 0
13643 0
13644 0
13645 0
13646 1
13647 0
13648 0
13649 0
13650 0
13651 0
13652 0
13653 0
13654 0
13655 0
13656 1
13657 0
13658 0
13659 0
13660 0
13661 1
13662 0
13663 0
13664 0
13665 0
13666 0
13667 0
13668 0
13669 0
13670 0
13671 0
13672 0
13673 0
13674 0
13675 0
13676 0
13677 0
13678 0
13679 0
13680 0
13681 1
13682 0
13683 0
13684 0
13685 0
13686 0
13687 0
13688 0
13689 0
13690 0
13691 0
13692 0
13693 0
13694 0
13695 0
13696 0
13697 0
13698 0
13699 1
13700 0
13701 0
13702 0
13703 0
13704 0
13705 0
13706 0
13707 0
13708 0
13709 0
13710 1
13711 0
13712 0
13713 1
13714 0
13715 1
13716 0
13717 0
13718 1
13719 0
13720 0
13721 0
13722 0
13723 0
13724 0
13725 0
13726 1
13727 0
13728 0
13729 0
13730 0
13731 0
13732 0
13733 0
13734 0
13735 0
13736 0
13737 0
13738 1
13739 0
13740 1
13741 0
13742 0
13743 0
13744 0
13745 0
13746 0
13747 0
13748 0
13749 0
13750 0
13751 0
13752 0
13753 0
13754 0
13755 0
13756 0
13757 0
13758 0
13759 0
13760 0
13761 1
13762 0
13763 0
13764 0
13765 1
13766 0
13767 1
13768 0
13769 0
13770 0
13771 0
13772 0
13773 0
13774 0
13775 0
13776 0
13777 0
13778 1
13779 0
13780 0
13781 1
13782 0
13783 0
13784 1
13785 0
13786 0
13787 0
13788 0
13789 0
13790 0
13791 0
13792 0
13793 0
13794 0
13795 0
13796 0
13797 0
13798 0
13799 0
13800 0
13801 0
13802 0
13803 0
13804 0
13805 0
13806 1
13807 0
13808 0
13809 0
13810 1
13811 0
13812 0
13813 0
13814 0
13815 0
13816 0
13817 0
13818 0
13819 0
13820 0
13821 0
13822 0
13823 0
13824 0
13825 0
13826 0
13827 0
13828 0
13829 0
13830 0
13831 0
13832 0
13833 0
13834 0
13835 0
13836 0
13837 0
13838 0
13839 0
13840 0
13841 0
13842 0
13843 0
13844 0
13845 0
13846 0
13847 0
13848 0
13849 0
13850 0
13851 0
13852 0
13853 1
13854 0
13855 1
13856 0
13857 0
13858 0
13859 0
13860 0
13861 0
13862 0
13863 0
13864 0
13865 0
13866 0
13867 0
13868 0
13869 1
13870 0
13871 0
13872 0
13873 0
13874 0
13875 0
13876 1
13877 1
13878 0
13879 0
13880 0
13881 0
13882 0
13883 0
13884 0
13885 0
13886 0
13887 0
13888 0
13889 0
13890 0
13891 0
13892 0
13893 0
13894 0
13895 0
13896 0
13897 0
13898 0
13899 0
13900 0
13901 1
13902 0
13903 0
13904 0
13905 0
13906 0
13907 0
13908 0
13909 0
13910 0
13911 1
13912 1
13913 0
13914 0
13915 0
13916 0
13917 0
13918 0
13919 0
13920 0
13921 0
13922 0
13923 0
13924 0
13925 0
13926 0
13927 0
13928 0
13929 0
13930 0
13931 0
13932 1
13933 0
13934 0
13935 0
13936 0
13937 1
13938 0
13939 0
13940 0
13941 0
13942 0
13943 0
13944 0
13945 0
13946 0
13947 0
13948 0
13949 0
13950 0
13951 0
13952 0
13953 0
13954 0
13955 1
13956 0
13957 0
13958 0
13959 0
13960 0
13961 0
13962 0
13963 0
13964 0
13965 0
13966 0
13967 0
13968 0
13969 0
13970 1
13971 0
13972 0
13973 0
13974 0
13975 0
13976 0
13977 0
13978 0
13979 1
13980 0
13981 0
13982 1
13983 0
13984 0
13985 0
13986 0
13987 0
13988 0
13989 0
13990 0
13991 0
13992 0
13993 0
13994 0
13995 0
13996 0
13997 0
13998 0
13999 0
14000 0
14001 1
14002 0
14003 0
14004 0
14005 0
14006 0
14007 0
14008 0
14009 0
14010 0
14011 1
14012 0
14013 0
14014 0
14015 0
14016 0
14017 0
14018 0
14019 0
14020 0
14021 0
14022 0
14023 0
14024 0
14025 0
14026 1
14027 0
14028 0
14029 0
14030 0
14031 0
14032 0
14033 0
14034 0
14035 0
14036 0
14037 0
14038 0
14039 0
14040 0
14041 0
14042 0
14043 0
14044 0
14045 1
14046 0
14047 0
14048 0
14049 0
14050 0
14051 0
14052 0
14053 0
14054 0
14055 0
14056 0
14057 0
14058 0
14059 0
14060 0
14061 0
14062 0
14063 0
14064 0
14065 0
14066 0
14067 0
14068 0
14069 0
14070 0
14071 0
14072 0
14073 0
14074 0
14075 0
14076 0
14077 0
14078 0
14079 0
14080 0
14081 0
14082 0
14083 0
14084 0
14085 0
14086 0
14087 0
14088 0
14089 0
14090 0
14091 0
14092 0
14093 0
14094 0
14095 0
14096 0
14097 0
14098 0
14099 0
14100 0
14101 0
14102 0
14103 0
14104 0
14105 0
14106 0
14107 0
14108 0
14109 0
14110 0
14111 1
14112 0
14113 1
14114 0
14115 0
14116 0
14117 0
14118 0
14119 1
14120 1
14121 1
14122 0
14123 0
14124 0
14125 0
14126 0
14127 1
14128 0
14129 0
14130 0
14131 0
14132 0
14133 0
14134 0
14135 1
14136 0
14137 0
14138 0
14139 1
14140 0
14141 0
14142 0
14143 0
14144 0
14145 0
14146 0
14147 0
14148 0
14149 0
14150 0
14151 0
14152 0
14153 0
14154 0
14155 1
14156 1
14157 0
14158 0
14159 0
14160 0
14161 0
14162 0
14163 0
14164 0
14165 0
14166 0
14167 0
14168 0
14169 0
14170 0
14171 1
14172 0
14173 0
14174 0
14175 0
14176 0
14177 1
14178 0
14179 0
14180 0
14181 0
14182 1
14183 0
14184 0
14185 0
14186 0
14187 0
14188 0
14189 0
14190 0
14191 0
14192 0
14193 0
14194 0
14195 0
14196 0
14197 0
14198 0
14199 0
14200 1
14201 0
14202 0
14203 0
14204 0
14205 1
14206 0
14207 0
14208 0
14209 0
14210 0
14211 0
14212 0
14213 0
14214 0
14215 0
14216 0
14217 0
14218 0
14219 0
14220 0
14221 0
14222 0
14223 0
14224 0
14225 0
14226 0
14227 0
14228 0
14229 0
14230 0
14231 0
14232 0
14233 0
14234 0
14235 0
14236 0
14237 0
14238 0
14239 0
14240 0
14241 1
14242 0
14243 0
14244 0
14245 0
14246 0
14247 0
14248 0
14249 1
14250 0
14251 0
14252 0
14253 0
14254 0
14255 0
14256 0
14257 0
14258 0
14259 0
14260 0
14261 0
14262 0
14263 0
14264 0
14265 0
14266 1
14267 0
14268 0
14269 0
14270 0
14271 0
14272 0
14273 0
14274 1
14275 0
14276 0
14277 0
14278 0
14279 1
14280 0
14281 0
14282 1
14283 0
14284 0
14285 0
14286 0
14287 1
14288 0
14289 0
14290 0
14291 0
14292 0
14293 0
14294 0
14295 0
14296 1
14297 0
14298 0
14299 0
14300 0
14301 0
14302 0
14303 2
14304 0
14305 0
14306 0
14307 0
14308 0
14309 0
14310 0
14311 0
14312 0
14313 0
14314 0
14315 0
14316 0
14317 0
14318 0
14319 0
14320 0
14321 0
14322 0
14323 0
14324 0
14325 0
14326 0
14327 0
14328 0
14329 0
14330 0
14331 0
14332 0
14333 0
14334 0
14335 0
14336 0
14337 0
14338 1
14339 0
14340 0
14341 1
14342 0
14343 0
14344 1
14345 0
14346 0
14347 0
14348 0
14349 0
14350 0
14351 0
14352 0
14353 0
14354 0
14355 0
14356 0
14357 0
14358 0
14359 0
14360 0
14361 0
14362 0
14363 0
14364 0
14365 0
14366 0
14367 0
14368 0
14369 0
14370 0
14371 0
14372 0
14373 0
14374 1
14375 0
14376 0
14377 0
14378 0
14379 0
14380 0
14381 0
14382 0
14383 0
14384 0
14385 2
14386 0
14387 0
14388 0
14389 0
14390 0
14391 0
14392 0
14393 1
14394 1
14395 0
14396 0
14397 0
14398 0
14399 0
14400 0
14401 0
14402 1
14403 0
14404 0
14405 0
14406 1
14407 0
14408 0
14409 0
14410 0
14411 0
14412 0
14413 0
14414 0
14415 0
14416 0
14417 0
14418 0
14419 0
14420 0
14421 0
14422 0
14423 0
14424 1
14425 0
14426 0
14427 0
14428 0
14429 0
14430 0
14431 0
14432 0
14433 0
14434 0
14435 0
14436 0
14437 0
14438 0
14439 0
14440 0
14441 0
14442 0
14443 0
14444 0
14445 0
14446 1
14447 0
14448 0
14449 0
14450 1
14451 0
14452 0
14453 0
14454 0
14455 0
14456 0
14457 0
14458 0
14459 0
14460 0
14461 0
14462 0
14463 0
14464 0
14465 0
14466 0
14467 0
14468 0
14469 0
14470 0
14471 0
14472 0
14473 0
14474 0
14475 0
14476 0
14477 0
14478 1
14479 0
14480 0
14481 0
14482 1
14483 0
14484 0
14485 0
14486 1
14487 0
14488 1
14489 1
14490 0
14491 0
14492 0
14493 0
14494 0
14495 2
14496 0
14497 0
14498 0
14499 0
14500 0
14501 0
14502 0
14503 0
14504 0
14505 1
14506 0
14507 0
14508 0
14509 0
14510 0
14511 0
14512 1
14513 0
14514 0
14515 0
14516 0
14517 0
14518 0
14519 0
14520 0
14521 0
14522 0
14523 0
14524 0
14525 0
14526 0
14527 0
14528 0
14529 0
14530 0
14531 0
14532 0
14533 0
14534 0
14535 0
14536 0
14537 0
14538 0
14539 0
14540 0
14541 0
14542 1
14543 0
14544 0
14545 2
14546 0
14547 0
14548 0
14549 0
14550 0
14551 0
14552 0
14553 0
14554 0
14555 0
14556 0
14557 0
14558 0
14559 0
14560 0
14561 0
14562 0
14563 0
14564 0
14565 0
14566 0
14567 0
14568 0
14569 1
14570 0
14571 0
14572 0
14573 0
14574 0
14575 0
14576 0
14577 0
14578 0
14579 0
14580 0
14581 0
14582 0
14583 0
14584 0
14585 0
14586 0
14587 0
14588 0
14589 0
14590 0
14591 0
14592 0
14593 0
14594 0
14595 0
14596 0
14597 0
14598 0
14599 0
14600 0
14601 0
14602 0
14603 0
14604 0
14605 0
14606 0
14607 0
14608 0
14609 0
14610 0
14611 0
14612 0
14613 0
14614 0
14615 0
14616 0
14617 1
14618 0
14619 1
14620 1
14621 0
14622 0
14623 0
14624 0
14625 0
14626 0
14627 0
14628 0
14629 0
14630 0
14631 1
14632 0
14633 0
14634 0
14635 0
14636 0
14637 0
14638 0
14639 0
14640 0
14641 0
14642 0
14643 0
14644 0
14645 0
14646 0
14647 0
14648 0
14649 0
14650 0
14651 0
14652 0
14653 0
14654 0
14655 0
14656 0
14657 0
14658 0
14659 0
14660 0
14661 0
14662 0
14663 0
14664 0
14665 0
14666 0
14667 0
14668 0
14669 0
14670 0
14671 0
14672 0
14673 0
14674 0
14675 0
14676 0
14677 0
14678 0
14679 0
14680 0
14681 0
14682 0
14683 0
14684 0
14685 0
14686 0
14687 0
14688 0
14689 0
14690 0
14691 0
14692 0
14693 0
14694 1
14695 1
14696 0
14697 0
14698 0
14699 0
14700 0
14701 0
14702 0
14703 0
14704 0
14705 0
14706 0
14707 0
14708 0
14709 0
14710 1
14711 0
14712 0
14713 0
14714 0
14715 0
14716 1
14717 0
14718 0
14719 0
14720 0
14721 0
14722 0
14723 0
14724 0
14725 0
14726 0
14727 0
14728 0
14729 0
14730 0
14731 0
14732 0
14733 0
14734 1
14735 0
14736 0
14737 0
14738 0
14739 0
14740 0
14741 1
14742 0
14743 0
14744 0
14745 0
14746 0
14747 0
14748 0
14749 0
14750 0
14751 0
14752 0
14753 0
14754 2
14755 0
14756 0
14757 0
14758 0
14759 0
14760 0
14761 0
14762 0
14763 0
14764 0
14765 0
14766 0
14767 0
14768 1
14769 0
14770 0
14771 0
14772 0
14773 0
14774 0
14775 0
14776 0
14777 0
14778 1
14779 0
14780 0
14781 0
14782 1
14783 0
14784 0
14785 0
14786 0
14787 0
14788 0
14789 0
14790 0
14791 0
14792 0
14793 1
14794 0
14795 0
14796 0
14797 0
14798 1
14799 0
14800 1
14801 0
14802 0
14803 0
14804 0
14805 0
14806 0
14807 0
14808 0
14809 0
14810 0
14811 0
14812 0
14813 0
14814 0
14815 0
14816 0
14817 0
14818 0
14819 0
14820 0
14821 0
14822 1
14823 0
14824 0
14825 1
14826 0
14827 0
14828 0
14829 0
14830 0
14831 0
14832 0
14833 0
14834 0
14835 1
14836 0
14837 0
14838 0
14839 0
14840 0
14841 0
14842 0
14843 0
14844 0
14845 0
14846 0
14847 0
14848 0
14849 0
14850 0
14851 0
14852 1
14853 0
14854 0
14855 0
14856 0
14857 0
14858 0
14859 0
14860 0
14861 0
14862 0
14863 1
14864 0
14865 0
14866 1
14867 0
14868 0
14869 0
14870 0
14871 0
14872 0
14873 0
14874 0
14875 0
14876 0
14877 0
14878 0
14879 0
14880 0
14881 1
14882 0
14883 1
14884 0
14885 0
14886 0
14887 0
14888 0
14889 0
14890 0
14891 0
14892 0
14893 0
14894 0
14895 0
14896 0
14897 0
14898 0
14899 0
14900 0
14901 0
14902 1
14903 0
14904 0
14905 0
14906 0
14907 0
14908 0
14909 0
14910 0
14911 0
14912 0
14913 0
14914 0
14915 0
14916 0
14917 0
14918 0
14919 0
14920 1
14921 0
14922 0
14923 0
14924 0
14925 0
14926 0
14927 1
14928 0
14929 0
14930 0
14931 0
14932 0
14933 0
14934 1
14935 0
14936 0
14937 0
14938 0
14939 0
14940 0
14941 0
14942 0
14943 0
14944 0
14945 0
14946 0
14947 0
14948 0
14949 1
14950 0
14951 0
14952 0
14953 0
14954 1
14955 0
14956 0
14957 0
14958 0
14959 0
14960 0
14961 0
14962 0
14963 0
14964 0
14965 0
14966 0
14967 0
14968 0
14969 0
14970 0
14971 0
14972 0
14973 0
14974 0
14975 1
14976 0
14977 0
14978 0
14979 0
14980 0
14981 0
14982 0
14983 0
14984 1
14985 0
14986 0
14987 0
14988 0
14989 0
14990 0
14991 0
14992 0
14993 0
14994 1
14995 0
14996 0
14997 0
14998 0
14999 0
15000 0
15001 0
15002 1
15003 0
15004 0
15005 0
15006 0
15007 0
15008 0
15009 0
15010 0
15011 0
15012 0
15013 0
15014 0
15015 0
15016 1
15017 0
15018 0
15019 0
15020 0
15021 0
15022 0
15023 0
15024 0
15025 0
15026 0
15027 0
15028 0
15029 0
15030 0
15031 0
15032 0
15033 0
15034 0
15035 0
15036 0
15037 0
15038 0
15039 0
15040 0
15041 0
15042 0
15043 0
15044 0
15045 0
15046 1
15047 0
15048 0
15049 0
15050 0
15051 0
15052 0
15053 0
15054 0
15055 0
15056 0
15057 0
15058 0
15059 0
15060 2
15061 0
15062 0
15063 0
15064 0
15065 0
15066 0
15067 0
15068 0
15069 0
15070 0
15071 0
15072 0
15073 0
15074 0
15075 0
15076 0
15077 0
15078 0
15079 0
15080 0
15081 0
15082 0
15083 0
15084 0
15085 0
15086 0
15087 0
15088 0
15089 0
15090 0
15091 0
15092 0
15093 0
15094 0
15095 0
15096 0
15097 1
15098 0
15099 0
15100 0
15101 0
15102 0
15103 0
15104 0
15105 0
15106 0
15107 0
15108 1
15109 1
15110 0
15111 0
15112 0
15113 0
15114 1
15115 0
15116 0
15117 0
15118 0
15119 0
15120 0
15121 0
15122 0
15123 0
15124 1
15125 0
15126 0
15127 0
15128 1
15129 0
15130 0
15131 0
15132 0
15133 0
15134 0
15135 0
15136 0
15137 0
15138 1
15139 0
15140 0
15141 0
15142 0
15143 0
15144 0
15145 0
15146 0
15147 0
15148 0
15149 0
15150 1
15151 0
15152 0
15153 0
15154 0
15155 0
15156 0
15157 0
15158 0
15159 0
15160 0
15161 0
15162 0
15163 0
15164 0
15165 0
15166 0
15167 0
15168 0
15169 0
15170 1
15171 0
15172 0
15173 1
15174 0
15175 0
15176 1
15177 0
15178 1
15179 0
15180 0
15181 0
15182 0
15183 0
15184 0
15185 0
15186 0
15187 0
15188 0
15189 0
15190 0
15191 0
15192 0
15193 0
15194 0
15195 1
15196 0
15197 0
15198 0
15199 0
15200 0
15201 0
15202 0
15203 0
15204 0
15205 0
15206 0
15207 0
15208 0
15209 0
15210 1
15211 0
15212 0
15213 0
15214 0
15215 0
15216 0
15217 0
15218 0
15219 0
15220 1
15221 0
15222 0
15223 0
15224 0
15225 0
15226 0
15227 0
15228 0
15229 0
15230 0
15231 0
15232 0
15233 0
15234 0
15235 0
15236 0
15237 0
15238 0
15239 0
15240 0
15241 0
15242 0
15243 0
15244 0
15245 0
15246 0
15247 0
15248 0
15249 1
15250 0
15251 0
15252 0
15253 0
15254 0
15255 0
15256 0
15257 0
15258 0
15259 0
15260 0
15261 0
15262 0
15263 0
15264 0
15265 0
15266 0
15267 0
15268 0
15269 0
15270 0
15271 0
15272 0
15273 0
15274 0
15275 0
15276 0
15277 0
15278 0
15279 0
15280 0
15281 0
15282 0
15283 0
15284 0
15285 0
15286 0
15287 0
15288 0
15289 0
15290 0
15291 0
15292 0
15293 1
15294 0
15295 1
15296 0
15297 0
15298 0
15299 0
15300 0
15301 0
15302 0
15303 0
15304 1
15305 0
15306 0
15307 0
15308 0
15309 0
15310 0
15311 0
15312 0
15313 1
15314 0
15315 0
15316 0
15317 0
15318 1
15319 0
15320 0
15321 0
15322 0
15323 0
15324 0
15325 0
15326 0
15327 1
15328 0
15329 0
15330 0
15331 0
15332 0
15333 0
15334 0
15335 0
15336 0
15337 0
15338 0
15339 0
15340 1
15341 0
15342 0
15343 0
15344 0
15345 0
15346 0
15347 0
15348 0
15349 0
15350 0
15351 0
15352 0
15353 0
15354 0
15355 0
15356 0
15357 0
15358 0
15359 0
15360 0
15361 0
15362 1
15363 0
15364 0
15365 0
15366 0
15367 0
15368 0
15369 1
15370 0
15371 0
15372 0
15373 0
15374 0
15375 0
15376 0
15377 0
15378 0
15379 1
15380 0
15381 0
15382 0
15383 0
15384 0
15385 0
15386 0
15387 0
15388 0
15389 0
15390 0
15391 0
15392 0
15393 0
15394 0
15395 0
15396 0
15397 0
15398 0
15399 0
15400 0
15401 0
15402 0
15403 0
15404 0
15405 0
15406 0
15407 0
15408 0
15409 0
15410 0
15411 0
15412 0
15413 0
15414 0
15415 0
15416 0
15417 1
15418 0
15419 0
15420 0
15421 0
15422 0
15423 0
15424 0
15425 0
15426 0
15427 0
15428 1
15429 0
15430 0
15431 0
15432 0
15433 0
15434 0
15435 0
15436 0
15437 0
15438 0
15439 0
15440 0
15441 1
15442 0
15443 0
15444 0
15445 0
15446 0
15447 0
15448 1
15449 0
15450 0
15451 0
15452 0
15453 0
15454 0
15455 0
15456 0
15457 0
15458 0
15459 0
15460 0
15461 0
15462 0
15463 0
15464 0
15465 0
15466 0
15467 0
15468 0
15469 0
15470 0
15471 0
15472 0
15473 0
15474 0
15475 0
15476 0
15477 0
15478 0
15479 0
15480 0
15481 0
15482 0
15483 0
15484 0
15485 0
15486 0
15487 0
15488 0
15489 0
15490 0
15491 0
15492 0
15493 0
15494 0
15495 0
15496 0
15497 0
15498 0
15499 0
15500 0
15501 0
15502 0
15503 0
15504 0
15505 0
15506 0
15507 0
15508 0
15509 0
15510 0
15511 0
15512 0
15513 0
15514 0
15515 0
15516 0
15517 1
15518 0
15519 0
15520 0
15521 0
15522 0
15523 0
15524 0
15525 0
15526 0
15527 0
15528 0
15529 0
15530 0
15531 0
15532 0
15533 1
15534 0
15535 0
15536 0
15537 0
15538 0
15539 0
15540 0
15541 0
15542 1
15543 0
15544 0
15545 0
15546 0
15547 0
15548 1
15549 0
15550 0
15551 1
15552 0
15553 0
15554 0
15555 0
15556 0
15557 0
15558 0
15559 0
15560 0
15561 0
15562 1
15563 0
15564 0
15565 0
15566 0
15567 1
15568 0
15569 0
15570 0
15571 0
15572 0
15573 0
15574 0
15575 0
15576 0
15577 0
15578 0
15579 0
15580 0
15581 0
15582 0
15583 0
15584 0
15585 0
15586 0
15587 0
15588 0
15589 0
15590 0
15591 0
15592 0
15593 0
15594 0
15595 0
15596 0
15597 0
15598 0
15599 0
15600 0
15601 0
15602 0
15603 0
15604 0
15605 0
15606 0
15607 0
15608 0
15609 0
15610 0
15611 0
15612 0
15613 0
15614 0
15615 0
15616 1
15617 0
15618 0
15619 0
15620 0
15621 2
15622 0
15623 1
15624 0
15625 0
15626 0
15627 0
15628 1
15629 0
15630 0
15631 0
15632 0
15633 0
15634 0
15635 0
15636 0
15637 0
15638 0
15639 0
15640 0
15641 0
15642 0
15643 0
15644 1
15645 0
15646 1
15647 0
15648 0
15649 0
15650 0
15651 0
15652 0
15653 0
15654 0
15655 0
15656 0
15657 0
15658 0
15659 0
15660 0
15661 0
15662 0
15663 0
15664 0
15665 0
15666 0
15667 0
15668 0
15669 0
15670 0
15671 0
15672 0
15673 0
15674 0
15675 0
15676 0
15677 0
15678 0
15679 0
15680 0
15681 0
15682 1
15683 0
15684 0
15685 0
15686 0
15687 0
15688 0
15689 0
15690 1
15691 0
15692 0
15693 0
15694 0
15695 0
15696 0
15697 0
15698 0
15699 0
15700 0
15701 0
15702 0
15703 0
15704 0
15705 0
15706 0
15707 0
15708 0
15709 0
15710 0
15711 0
15712 0
15713 0
15714 0
15715 0
15716 0
15717 0
15718 0
15719 0
15720 0
15721 0
15722 0
15723 0
15724 0
15725 0
15726 0
15727 0
15728 0
15729 0
15730 0
15731 1
15732 0
15733 0
15734 0
15735 0
15736 0
15737 0
15738 0
15739 0
15740 0
15741 0
15742 1
15743 0
15744 0
15745 0
15746 0
15747 0
15748 0
15749 0
15750 0
15751 0
15752 0
15753 0
15754 0
15755 0
15756 0
15757 0
15758 0
15759 0
15760 0
15761 0
15762 0
15763 0
15764 0
15765 0
15766 0
15767 0
15768 0
15769 0
15770 0
15771 0
15772 0
15773 0
15774 0
15775 0
15776 0
15777 0
15778 0
15779 0
15780 0
15781 0
15782 0
15783 0
15784 0
15785 1
15786 0
15787 0
15788 0
15789 0
15790 0
15791 0
15792 0
15793 0
15794 0
15795 0
15796 0
15797 0
15798 0
15799 0
15800 0
15801 0
15802 0
15803 0
15804 0
15805 0
15806 0
15807 0
15808 0
15809 0
15810 0
15811 0
15812 0
15813 0
15814 0
15815 0
15816 0
15817 0
15818 0
15819 0
15820 0
15821 0
15822 0
15823 0
15824 0
15825 0
15826 0
15827 0
15828 0
15829 0
15830 0
15831 0
15832 0
15833 0
15834 0
15835 0
15836 0
15837 0
15838 0
15839 0
15840 0
15841 0
15842 0
15843 0
15844 0
15845 0
15846 0
15847 0
15848 0
15849 0
15850 0
15851 0
15852 0
15853 0
15854 0
15855 0
15856 0
15857 0
15858 0
15859 0
15860 0
15861 0
15862 0
15863 0
15864 0
15865 0
15866 0
15867 0
15868 0
15869 0
15870 0
15871 0
15872 0
15873 1
15874 0
15875 0
15876 0
15877 0
15878 0
15879 0
15880 2
15881 0
15882 0
15883 0
15884 0
15885 0
15886 0
15887 0
15888 0
15889 0
15890 0
15891 0
15892 0
15893 0
15894 0
15895 0
15896 0
15897 0
15898 0
15899 0
15900 0
15901 0
15902 0
15903 0
15904 0
15905 0
15906 0
15907 0
15908 0
15909 0
15910 0
15911 0
15912 0
15913 0
15914 0
15915 0
15916 0
15917 0
15918 0
15919 0
15920 0
15921 0
15922 1
15923 0
15924 0
15925 0
15926 0
15927 0
15928 0
15929 0
15930 0
15931 0
15932 0
15933 0
15934 0
15935 0
15936 0
15937 0
15938 0
15939 0
15940 0
15941 0
15942 0
15943 0
15944 0
15945 0
15946 0
15947 0
15948 0
15949 1
15950 0
15951 0
15952 0
15953 0
15954 0
15955 0
15956 0
15957 0
15958 0
15959 0
15960 0
15961 0
15962 0
15963 0
15964 0
15965 0
15966 0
15967 0
15968 0
15969 0
15970 0
15971 0
15972 0
15973 0
15974 0
15975 0
15976 0
15977 0
15978 0
15979 0
15980 0
15981 0
15982 0
15983 0
15984 0
15985 0
15986 0
15987 0
15988 0
15989 0
15990 0
15991 0
15992 0
15993 1
15994 0
15995 0
15996 0
15997 0
15998 0
15999 0
16000 0
16001 0
16002 0
16003 0
16004 0
16005 0
16006 0
16007 0
16008 0
16009 0
16010 0
16011 0
16012 0
16013 0
16014 0
16015 0
16016 0
16017 0
16018 1
16019 0
16020 0
16021 0
16022 0
16023 0
16024 0
16025 0
16026 0
16027 0
16028 0
16029 0
16030 0
16031 0
16032 0
16033 0
16034 0
16035 0
16036 0
16037 0
16038 0
16039 0
16040 0
16041 0
16042 0
16043 0
16044 0
16045 0
16046 0
16047 0
16048 0
16049 0
16050 0
16051 0
16052 0
16053 0
16054 0
16055 0
16056 0
16057 0
16058 0
16059 0
16060 1
16061 0
16062 0
16063 0
16064 0
16065 0
16066 0
16067 0
16068 0
16069 0
16070 0
16071 0
16072 0
16073 0
16074 1
16075 0
16076 0
16077 0
16078 0
16079 0
16080 0
16081 0
16082 0
16083 0
16084 0
16085 0
16086 0
16087 0
16088 0
16089 0
16090 0
16091 0
16092 0
16093 0
16094 0
16095 0
16096 0
16097 0
16098 0
16099 1
16100 0
16101 0
16102 0
16103 0
16104 0
16105 0
16106 0
16107 0
16108 0
16109 0
16110 0
16111 0
16112 0
16113 0
16114 0
16115 0
16116 0
16117 0
16118 0
16119 0
16120 0
16121 0
16122 0
16123 0
16124 0
16125 0
16126 0
16127 0
16128 0
16129 0
16130 0
16131 0
16132 0
16133 0
16134 0
16135 0
16136 0
16137 0
16138 0
16139 0
16140 0
16141 0
16142 0
16143 0
16144 0
16145 0
16146 0
16147 0
16148 0
16149 0
16150 0
16151 0
16152 0
16153 0
16154 0
16155 0
16156 0
16157 0
16158 0
16159 0
16160 0
16161 1
16162 0
16163 0
16164 1
16165 0
16166 0
16167 0
16168 0
16169 0
16170 0
16171 0
16172 0
16173 0
16174 0
16175 0
16176 0
16177 0
16178 0
16179 0
16180 0
16181 1
16182 0
16183 0
16184 0
16185 0
16186 0
16187 0
16188 0
16189 0
16190 0
16191 0
16192 0
16193 0
16194 0
16195 0
16196 0
16197 0
16198 0
16199 0
16200 1
16201 0
16202 1
16203 0
16204 0
16205 0
16206 0
16207 0
16208 0
16209 0
16210 0
16211 0
16212 0
16213 0
16214 0
16215 0
16216 0
16217 0
16218 0
16219 0
16220 0
16221 0
16222 0
16223 0
16224 0
16225 0
16226 0
16227 0
16228 0
16229 0
16230 1
16231 0
16232 0
16233 0
16234 0
16235 0
16236 0
16237 0
16238 0
16239 0
16240 0
16241 0
16242 0
16243 0
16244 0
16245 0
16246 0
16247 0
16248 0
16249 0
16250 1
16251 0
16252 0
16253 0
16254 0
16255 0
16256 0
16257 0
16258 0
16259 0
16260 0
16261 0
16262 0
16263 0
16264 0
16265 1
16266 0
16267 0
16268 0
16269 0
16270 0
16271 0
16272 0
16273 1
16274 0
16275 0
16276 0
16277 0
16278 0
16279 0
16280 0
16281 1
16282 0
16283 0
16284 0
16285 0
16286 1
16287 0
16288 0
16289 0
16290 0
16291 0
16292 0
16293 0
16294 0
16295 0
16296 0
16297 0
16298 0
16299 0
16300 0
16301 0
16302 0
16303 0
16304 0
16305 0
16306 0
16307 0
16308 0
16309 0
16310 0
16311 0
16312 0
16313 0
16314 0
16315 0
16316 0
16317 0
16318 0
16319 0
16320 0
16321 0
16322 0
16323 1
16324 0
16325 0
16326 0
16327 1
16328 0
16329 0
16330 0
16331 0
16332 0
16333 0
16334 0
16335 0
16336 0
16337 0
16338 0
16339 0
16340 0
16341 0
16342 0
16343 0
16344 0
16345 0
16346 0
16347 0
16348 0
16349 0
16350 0
16351 0
16352 0
16353 1
16354 0
16355 0
16356 0
16357 0
16358 0
16359 0
16360 0
16361 0
16362 0
16363 0
16364 0
16365 0
16366 0
16367 0
16368 0
16369 0
16370 0
16371 0
16372 0
16373 0
16374 0
16375 0
16376 0
16377 0
16378 0
16379 0
16380 0
16381 0
16382 0
16383 272
