0 0
1 29
2 32
3 23
4 17
5 13
6 16
7 11
8 3
9 3
10 4
11 0
12 1
13 0
14 0
15 1
16 0
17 0
18 0
19 0
20 0
21 0
22 0
23 0
24 0
25 0
26 0
27 0
28 0
29 0
30 0
31 0
32 0
33 0
34 0
35 0
36 0
37 0
38 0
39 0
40 0
41 0
42 0
43 0
44 0
45 0
46 1
47 0
48 0
49 0
50 0
51 0
52 0
53 0
54 0
55 0
56 0
57 0
58 0
59 0
60 0
61 1
62 3
63 0
64 1
65 0
66 0
67 1
68 0
69 0
70 1
71 0
72 1
73 0
74 1
75 0
76 0
77 4
78 1
79 0
80 0
81 1
82 1
83 0
84 1
85 0
86 2
87 1
88 0
89 2
90 1
91 4
92 3
93 1
94 3
95 1
96 4
97 3
98 1
99 3
100 5
101 3
102 8
103 5
104 0
105 4
106 3
107 6
108 3
109 3
110 4
111 6
112 4
113 5
114 3
115 5
116 5
117 4
118 1
119 2
120 0
121 5
122 5
123 5
124 4
125 1
126 3
127 6
128 8
129 4
130 2
131 4
132 6
133 5
134 8
135 2
136 4
137 3
138 4
139 5
140 8
141 9
142 8
143 3
144 5
145 6
146 3
147 7
148 3
149 5
150 5
151 8
152 8
153 6
154 4
155 6
156 7
157 5
158 3
159 3
160 7
161 4
162 5
163 4
164 6
165 3
166 9
167 7
168 4
169 9
170 4
171 3
172 9
173 6
174 5
175 7
176 6
177 8
178 4
179 2
180 6
181 5
182 6
183 6
184 1
185 5
186 6
187 4
188 6
189 6
190 7
191 5
192 5
193 3
194 6
195 7
196 6
197 7
198 3
199 6
200 5
201 4
202 5
203 7
204 4
205 8
206 5
207 6
208 8
209 5
210 5
211 7
212 5
213 4
214 4
215 7
216 3
217 5
218 4
219 5
220 6
221 7
222 2
223 5
224 9
225 8
226 8
227 5
228 7
229 6
230 6
231 7
232 7
233 5
234 4
235 2
236 7
237 8
238 5
239 5
240 7
241 10
242 9
243 4
244 5
245 11
246 3
247 6
248 7
249 8
250 12
251 5
252 10
253 10
254 6
255 8
256 11
257 5
258 5
259 5
260 5
261 8
262 10
263 11
264 5
265 3
266 9
267 5
268 6
269 4
270 8
271 6
272 12
273 6
274 3
275 6
276 3
277 6
278 11
279 12
280 7
281 4
282 5
283 8
284 4
285 2
286 8
287 4
288 4
289 3
290 5
291 6
292 8
293 4
294 10
295 9
296 9
297 8
298 1
299 8
300 10
301 5
302 8
303 5
304 4
305 9
306 4
307 7
308 3
309 6
310 4
311 5
312 6
313 10
314 5
315 4
316 7
317 10
318 8
319 7
320 5
321 5
322 3
323 13
324 9
325 6
326 7
327 4
328 9
329 10
330 8
331 8
332 9
333 5
334 8
335 7
336 2
337 6
338 1
339 5
340 3
341 6
342 5
343 6
344 5
345 7
346 4
347 1
348 9
349 9
350 4
351 6
352 5
353 5
354 5
355 6
356 5
357 7
358 8
359 4
360 4
361 6
362 4
363 3
364 7
365 13
366 5
367 3
368 8
369 6
370 6
371 3
372 5
373 7
374 9
375 4
376 8
377 7
378 5
379 5
380 4
381 10
382 7
383 10
384 6
385 6
386 7
387 3
388 3
389 9
390 7
391 14
392 7
393 10
394 11
395 7
396 4
397 12
398 9
399 2
400 4
401 9
402 10
403 4
404 4
405 6
406 7
407 7
408 4
409 4
410 8
411 10
412 4
413 3
414 7
415 7
416 3
417 5
418 5
419 7
420 3
421 8
422 4
423 3
424 6
425 8
426 0
427 4
428 5
429 3
430 7
431 8
432 11
433 7
434 4
435 4
436 7
437 5
438 7
439 8
440 8
441 5
442 2
443 4
444 5
445 4
446 10
447 5
448 4
449 9
450 7
451 7
452 7
453 4
454 3
455 5
456 4
457 6
458 5
459 6
460 6
461 5
462 6
463 7
464 6
465 4
466 5
467 7
468 6
469 7
470 10
471 6
472 5
473 8
474 6
475 9
476 9
477 4
478 8
479 4
480 8
481 11
482 10
483 5
484 3
485 1
486 2
487 5
488 3
489 5
490 8
491 1
492 7
493 8
494 8
495 10
496 5
497 4
498 8
499 4
500 5
501 6
502 2
503 9
504 1
505 5
506 5
507 9
508 3
509 2
510 3
511 4
512 6
513 4
514 9
515 7
516 6
517 3
518 9
519 9
520 5
521 5
522 5
523 4
524 11
525 8
526 9
527 4
528 2
529 9
530 5
531 2
532 3
533 2
534 6
535 5
536 7
537 5
538 6
539 5
540 7
541 5
542 8
543 5
544 10
545 5
546 10
547 3
548 3
549 5
550 5
551 7
552 5
553 8
554 8
555 3
556 9
557 8
558 6
559 7
560 8
561 8
562 8
563 7
564 4
565 5
566 7
567 3
568 5
569 2
570 5
571 7
572 6
573 3
574 3
575 4
576 9
577 4
578 9
579 7
580 5
581 8
582 6
583 8
584 2
585 7
586 5
587 7
588 4
589 5
590 6
591 8
592 8
593 4
594 10
595 11
596 3
597 5
598 10
599 8
600 4
601 7
602 10
603 7
604 3
605 15
606 6
607 9
608 5
609 8
610 4
611 6
612 7
613 5
614 4
615 6
616 5
617 8
618 9
619 6
620 6
621 6
622 5
623 5
624 7
625 8
626 7
627 5
628 9
629 8
630 11
631 11
632 2
633 6
634 4
635 6
636 5
637 12
638 9
639 11
640 6
641 7
642 7
643 7
644 5
645 8
646 4
647 7
648 6
649 8
650 12
651 9
652 3
653 5
654 7
655 13
656 10
657 6
658 8
659 7
660 8
661 7
662 12
663 10
664 9
665 9
666 14
667 5
668 6
669 6
670 2
671 10
672 9
673 7
674 13
675 11
676 12
677 5
678 6
679 7
680 4
681 7
682 11
683 10
684 3
685 8
686 6
687 9
688 10
689 8
690 7
691 13
692 10
693 9
694 9
695 9
696 3
697 11
698 7
699 7
700 10
701 7
702 6
703 14
704 7
705 10
706 8
707 9
708 12
709 9
710 7
711 13
712 7
713 13
714 10
715 11
716 8
717 5
718 8
719 8
720 14
721 7
722 12
723 7
724 8
725 6
726 7
727 14
728 8
729 14
730 5
731 11
732 8
733 11
734 15
735 4
736 15
737 4
738 5
739 5
740 10
741 9
742 9
743 7
744 12
745 8
746 15
747 10
748 7
749 8
750 17
751 8
752 3
753 7
754 10
755 8
756 11
757 9
758 7
759 12
760 11
761 4
762 9
763 7
764 5
765 9
766 10
767 9
768 7
769 12
770 14
771 3
772 11
773 10
774 4
775 10
776 8
777 6
778 11
779 9
780 7
781 11
782 7
783 10
784 8
785 10
786 11
787 8
788 10
789 11
790 13
791 7
792 6
793 7
794 11
795 14
796 11
797 13
798 4
799 13
800 19
801 13
802 9
803 8
804 8
805 3
806 11
807 15
808 9
809 9
810 5
811 12
812 13
813 8
814 12
815 5
816 9
817 15
818 5
819 9
820 8
821 9
822 5
823 9
824 11
825 20
826 12
827 9
828 11
829 8
830 10
831 17
832 11
833 15
834 10
835 13
836 10
837 11
838 17
839 10
840 5
841 9
842 12
843 13
844 8
845 11
846 10
847 6
848 12
849 14
850 13
851 6
852 14
853 15
854 8
855 10
856 11
857 11
858 8
859 13
860 12
861 9
862 15
863 18
864 14
865 11
866 20
867 12
868 7
869 10
870 13
871 13
872 15
873 7
874 8
875 18
876 13
877 8
878 10
879 14
880 10
881 8
882 10
883 7
884 9
885 13
886 9
887 16
888 12
889 8
890 14
891 14
892 8
893 10
894 9
895 12
896 10
897 7
898 9
899 10
900 15
901 10
902 18
903 13
904 7
905 18
906 15
907 15
908 13
909 9
910 12
911 10
912 9
913 10
914 10
915 13
916 15
917 15
918 13
919 10
920 18
921 10
922 7
923 17
924 11
925 13
926 9
927 18
928 12
929 7
930 11
931 10
932 20
933 9
934 12
935 10
936 11
937 11
938 13
939 15
940 10
941 19
942 13
943 11
944 17
945 11
946 10
947 12
948 10
949 12
950 9
951 6
952 8
953 10
954 17
955 9
956 16
957 9
958 11
959 14
960 17
961 15
962 9
963 17
964 9
965 18
966 18
967 13
968 15
969 13
970 18
971 12
972 8
973 12
974 14
975 13
976 13
977 9
978 10
979 13
980 15
981 14
982 16
983 12
984 17
985 10
986 14
987 6
988 9
989 13
990 15
991 13
992 21
993 7
994 16
995 20
996 15
997 13
998 12
999 17
1000 18
1001 15
1002 16
1003 11
1004 18
1005 17
1006 11
1007 15
1008 18
1009 13
1010 9
1011 7
1012 2
1013 11
1014 14
1015 9
1016 14
1017 10
1018 14
1019 12
1020 15
1021 10
1022 15
1023 15
1024 17
1025 19
1026 10
1027 8
1028 8
1029 7
1030 13
1031 11
1032 15
1033 9
1034 10
1035 11
1036 16
1037 10
1038 14
1039 6
1040 8
1041 16
1042 11
1043 7
1044 7
1045 15
1046 16
1047 14
1048 11
1049 13
1050 11
1051 14
1052 14
1053 10
1054 13
1055 11
1056 8
1057 10
1058 9
1059 12
1060 13
1061 11
1062 9
1063 11
1064 11
1065 7
1066 14
1067 16
1068 13
1069 13
1070 10
1071 14
1072 10
1073 12
1074 16
1075 9
1076 13
1077 11
1078 13
1079 9
1080 12
1081 23
1082 13
1083 13
1084 14
1085 17
1086 9
1087 16
1088 8
1089 12
1090 8
1091 13
1092 11
1093 12
1094 16
1095 13
1096 7
1097 9
1098 14
1099 13
1100 8
1101 10
1102 8
1103 5
1104 10
1105 7
1106 18
1107 14
1108 12
1109 9
1110 19
1111 11
1112 9
1113 11
1114 16
1115 14
1116 13
1117 7
1118 11
1119 8
1120 10
1121 13
1122 17
1123 15
1124 12
1125 11
1126 15
1127 15
1128 12
1129 23
1130 19
1131 18
1132 17
1133 10
1134 10
1135 12
1136 9
1137 10
1138 10
1139 14
1140 7
1141 13
1142 7
1143 12
1144 8
1145 9
1146 16
1147 14
1148 10
1149 14
1150 16
1151 16
1152 12
1153 9
1154 13
1155 11
1156 15
1157 12
1158 12
1159 9
1160 7
1161 14
1162 11
1163 19
1164 12
1165 10
1166 8
1167 13
1168 12
1169 15
1170 12
1171 14
1172 12
1173 11
1174 8
1175 13
1176 9
1177 17
1178 12
1179 12
1180 12
1181 10
1182 14
1183 13
1184 12
1185 9
1186 12
1187 5
1188 19
1189 12
1190 18
1191 16
1192 10
1193 7
1194 13
1195 14
1196 11
1197 14
1198 11
1199 16
1200 16
1201 10
1202 10
1203 15
1204 3
1205 19
1206 14
1207 12
1208 13
1209 16
1210 13
1211 6
1212 12
1213 14
1214 13
1215 10
1216 19
1217 8
1218 13
1219 13
1220 22
1221 11
1222 13
1223 14
1224 11
1225 11
1226 9
1227 10
1228 19
1229 19
1230 14
1231 11
1232 15
1233 15
1234 21
1235 15
1236 12
1237 13
1238 6
1239 11
1240 13
1241 11
1242 12
1243 11
1244 15
1245 16
1246 13
1247 14
1248 12
1249 11
1250 12
1251 15
1252 15
1253 6
1254 17
1255 11
1256 13
1257 13
1258 12
1259 10
1260 13
1261 13
1262 13
1263 14
1264 12
1265 7
1266 10
1267 13
1268 12
1269 22
1270 10
1271 9
1272 15
1273 11
1274 17
1275 12
1276 14
1277 8
1278 15
1279 18
1280 15
1281 15
1282 10
1283 14
1284 16
1285 15
1286 10
1287 19
1288 7
1289 12
1290 9
1291 15
1292 10
1293 10
1294 17
1295 15
1296 15
1297 11
1298 9
1299 16
1300 16
1301 10
1302 10
1303 13
1304 14
1305 11
1306 10
1307 12
1308 12
1309 15
1310 13
1311 11
1312 10
1313 13
1314 6
1315 12
1316 8
1317 12
1318 17
1319 11
1320 12
1321 15
1322 13
1323 11
1324 8
1325 13
1326 20
1327 20
1328 6
1329 18
1330 9
1331 13
1332 8
1333 16
1334 12
1335 16
1336 12
1337 8
1338 9
1339 19
1340 10
1341 12
1342 12
1343 12
1344 13
1345 12
1346 14
1347 22
1348 11
1349 11
1350 9
1351 17
1352 11
1353 11
1354 11
1355 12
1356 12
1357 13
1358 20
1359 14
1360 12
1361 7
1362 11
1363 16
1364 17
1365 10
1366 11
1367 17
1368 7
1369 11
1370 12
1371 16
1372 10
1373 13
1374 21
1375 13
1376 9
1377 13
1378 16
1379 16
1380 14
1381 11
1382 8
1383 11
1384 11
1385 12
1386 15
1387 14
1388 13
1389 11
1390 10
1391 12
1392 18
1393 16
1394 7
1395 14
1396 10
1397 12
1398 18
1399 11
1400 10
1401 14
1402 13
1403 13
1404 9
1405 12
1406 8
1407 13
1408 14
1409 12
1410 18
1411 11
1412 7
1413 10
1414 7
1415 19
1416 13
1417 11
1418 4
1419 15
1420 17
1421 17
1422 9
1423 14
1424 12
1425 16
1426 11
1427 9
1428 13
1429 17
1430 9
1431 9
1432 15
1433 16
1434 9
1435 10
1436 10
1437 15
1438 11
1439 10
1440 13
1441 8
1442 11
1443 13
1444 13
1445 14
1446 10
1447 7
1448 14
1449 7
1450 10
1451 8
1452 16
1453 7
1454 18
1455 16
1456 12
1457 19
1458 13
1459 10
1460 9
1461 11
1462 12
1463 15
1464 11
1465 6
1466 11
1467 10
1468 16
1469 18
1470 12
1471 13
1472 6
1473 7
1474 13
1475 11
1476 9
1477 13
1478 8
1479 11
1480 11
1481 11
1482 10
1483 11
1484 17
1485 6
1486 16
1487 6
1488 9
1489 8
1490 9
1491 8
1492 9
1493 14
1494 11
1495 10
1496 6
1497 15
1498 12
1499 11
1500 9
1501 13
1502 14
1503 16
1504 9
1505 13
1506 4
1507 7
1508 8
1509 5
1510 8
1511 7
1512 12
1513 12
1514 10
1515 13
1516 11
1517 10
1518 6
1519 12
1520 12
1521 8
1522 12
1523 18
1524 8
1525 13
1526 12
1527 3
1528 6
1529 8
1530 13
1531 12
1532 10
1533 14
1534 12
1535 13
1536 9
1537 4
1538 9
1539 8
1540 9
1541 13
1542 4
1543 12
1544 15
1545 9
1546 8
1547 8
1548 11
1549 14
1550 9
1551 10
1552 14
1553 13
1554 6
1555 18
1556 6
1557 6
1558 14
1559 9
1560 4
1561 13
1562 12
1563 5
1564 9
1565 17
1566 12
1567 13
1568 11
1569 10
1570 7
1571 6
1572 16
1573 8
1574 11
1575 4
1576 15
1577 8
1578 9
1579 13
1580 9
1581 18
1582 7
1583 13
1584 14
1585 8
1586 7
1587 16
1588 10
1589 6
1590 14
1591 5
1592 12
1593 4
1594 11
1595 11
1596 13
1597 8
1598 11
1599 12
1600 18
1601 15
1602 13
1603 12
1604 12
1605 9
1606 14
1607 8
1608 13
1609 11
1610 4
1611 9
1612 13
1613 9
1614 6
1615 6
1616 14
1617 7
1618 10
1619 8
1620 6
1621 8
1622 9
1623 10
1624 15
1625 9
1626 15
1627 8
1628 12
1629 9
1630 13
1631 10
1632 11
1633 13
1634 6
1635 7
1636 6
1637 7
1638 9
1639 7
1640 7
1641 9
1642 14
1643 12
1644 9
1645 11
1646 6
1647 9
1648 11
1649 10
1650 19
1651 16
1652 4
1653 6
1654 6
1655 20
1656 15
1657 8
1658 12
1659 9
1660 8
1661 9
1662 9
1663 9
1664 13
1665 10
1666 16
1667 12
1668 12
1669 8
1670 4
1671 9
1672 11
1673 13
1674 16
1675 13
1676 10
1677 7
1678 10
1679 14
1680 13
1681 5
1682 16
1683 9
1684 10
1685 14
1686 6
1687 12
1688 10
1689 8
1690 7
1691 9
1692 12
1693 10
1694 8
1695 13
1696 6
1697 7
1698 10
1699 13
1700 8
1701 12
1702 18
1703 11
1704 14
1705 7
1706 10
1707 12
1708 7
1709 14
1710 5
1711 7
1712 7
1713 5
1714 4
1715 12
1716 13
1717 11
1718 9
1719 6
1720 14
1721 10
1722 11
1723 7
1724 12
1725 5
1726 10
1727 11
1728 14
1729 7
1730 4
1731 12
1732 8
1733 12
1734 12
1735 13
1736 8
1737 14
1738 6
1739 8
1740 6
1741 11
1742 9
1743 7
1744 7
1745 8
1746 8
1747 9
1748 9
1749 9
1750 8
1751 6
1752 7
1753 9
1754 6
1755 13
1756 9
1757 5
1758 5
1759 6
1760 8
1761 7
1762 6
1763 6
1764 13
1765 3
1766 10
1767 10
1768 8
1769 16
1770 10
1771 4
1772 7
1773 6
1774 10
1775 5
1776 12
1777 11
1778 12
1779 10
1780 7
1781 6
1782 9
1783 5
1784 5
1785 9
1786 7
1787 11
1788 15
1789 7
1790 13
1791 8
1792 6
1793 3
1794 10
1795 12
1796 9
1797 6
1798 7
1799 7
1800 12
1801 4
1802 9
1803 9
1804 14
1805 7
1806 7
1807 4
1808 6
1809 10
1810 10
1811 7
1812 5
1813 9
1814 4
1815 10
1816 11
1817 3
1818 5
1819 9
1820 9
1821 10
1822 7
1823 7
1824 13
1825 11
1826 14
1827 7
1828 4
1829 9
1830 8
1831 6
1832 3
1833 9
1834 11
1835 9
1836 3
1837 11
1838 4
1839 9
1840 8
1841 9
1842 10
1843 8
1844 5
1845 8
1846 5
1847 4
1848 12
1849 7
1850 15
1851 7
1852 9
1853 10
1854 3
1855 12
1856 8
1857 14
1858 5
1859 10
1860 9
1861 5
1862 8
1863 11
1864 9
1865 3
1866 8
1867 13
1868 9
1869 11
1870 13
1871 10
1872 7
1873 7
1874 9
1875 12
1876 5
1877 14
1878 13
1879 5
1880 8
1881 4
1882 9
1883 9
1884 5
1885 14
1886 8
1887 8
1888 6
1889 11
1890 10
1891 10
1892 7
1893 10
1894 10
1895 8
1896 8
1897 4
1898 5
1899 8
1900 13
1901 13
1902 7
1903 8
1904 8
1905 10
1906 3
1907 5
1908 6
1909 6
1910 7
1911 7
1912 9
1913 2
1914 3
1915 5
1916 3
1917 8
1918 7
1919 2
1920 5
1921 9
1922 8
1923 12
1924 5
1925 5
1926 8
1927 13
1928 3
1929 6
1930 6
1931 5
1932 9
1933 7
1934 4
1935 6
1936 5
1937 11
1938 9
1939 6
1940 13
1941 9
1942 10
1943 17
1944 9
1945 5
1946 6
1947 9
1948 9
1949 4
1950 10
1951 6
1952 8
1953 6
1954 4
1955 3
1956 11
1957 5
1958 13
1959 8
1960 7
1961 4
1962 6
1963 3
1964 4
1965 5
1966 8
1967 5
1968 4
1969 6
1970 14
1971 6
1972 8
1973 5
1974 4
1975 15
1976 9
1977 5
1978 7
1979 5
1980 5
1981 9
1982 10
1983 8
1984 9
1985 5
1986 4
1987 10
1988 11
1989 5
1990 4
1991 6
1992 5
1993 9
1994 9
1995 7
1996 5
1997 6
1998 9
1999 7
2000 7
2001 5
2002 8
2003 8
2004 10
2005 12
2006 12
2007 6
2008 16
2009 7
2010 9
2011 8
2012 5
2013 10
2014 8
2015 8
2016 3
2017 9
2018 8
2019 6
2020 7
2021 8
2022 10
2023 8
2024 5
2025 13
2026 14
2027 9
2028 6
2029 8
2030 11
2031 12
2032 10
2033 6
2034 5
2035 8
2036 9
2037 4
2038 8
2039 11
2040 7
2041 7
2042 8
2043 6
2044 11
2045 8
2046 6
2047 4
2048 8
2049 7
2050 10
2051 6
2052 13
2053 9
2054 7
2055 5
2056 6
2057 9
2058 10
2059 7
2060 8
2061 3
2062 5
2063 8
2064 5
2065 8
2066 2
2067 6
2068 8
2069 1
2070 4
2071 3
2072 4
2073 7
2074 7
2075 6
2076 14
2077 5
2078 7
2079 6
2080 7
2081 4
2082 9
2083 5
2084 8
2085 4
2086 2
2087 11
2088 9
2089 9
2090 2
2091 9
2092 7
2093 7
2094 5
2095 5
2096 12
2097 10
2098 5
2099 4
2100 7
2101 8
2102 6
2103 3
2104 3
2105 7
2106 5
2107 2
2108 9
2109 8
2110 6
2111 3
2112 11
2113 4
2114 3
2115 9
2116 8
2117 4
2118 6
2119 9
2120 2
2121 8
2122 9
2123 10
2124 5
2125 8
2126 10
2127 2
2128 7
2129 4
2130 9
2131 3
2132 7
2133 8
2134 8
2135 7
2136 6
2137 4
2138 5
2139 4
2140 10
2141 10
2142 7
2143 5
2144 9
2145 6
2146 6
2147 10
2148 4
2149 9
2150 7
2151 7
2152 8
2153 6
2154 12
2155 4
2156 6
2157 7
2158 7
2159 6
2160 7
2161 5
2162 8
2163 7
2164 8
2165 4
2166 5
2167 8
2168 6
2169 12
2170 7
2171 4
2172 12
2173 5
2174 8
2175 3
2176 7
2177 4
2178 10
2179 5
2180 5
2181 9
2182 7
2183 7
2184 9
2185 7
2186 9
2187 3
2188 6
2189 4
2190 5
2191 5
2192 7
2193 3
2194 8
2195 6
2196 8
2197 5
2198 5
2199 7
2200 4
2201 12
2202 11
2203 6
2204 6
2205 5
2206 4
2207 5
2208 2
2209 7
2210 4
2211 4
2212 5
2213 8
2214 8
2215 5
2216 5
2217 5
2218 5
2219 3
2220 3
2221 4
2222 5
2223 9
2224 8
2225 5
2226 7
2227 9
2228 2
2229 6
2230 6
2231 5
2232 3
2233 2
2234 7
2235 2
2236 4
2237 9
2238 5
2239 9
2240 2
2241 10
2242 1
2243 8
2244 6
2245 6
2246 9
2247 4
2248 5
2249 7
2250 9
2251 9
2252 6
2253 4
2254 7
2255 11
2256 6
2257 8
2258 4
2259 5
2260 12
2261 7
2262 5
2263 5
2264 6
2265 8
2266 6
2267 3
2268 5
2269 6
2270 5
2271 5
2272 3
2273 3
2274 4
2275 3
2276 8
2277 4
2278 6
2279 4
2280 7
2281 6
2282 5
2283 11
2284 11
2285 4
2286 6
2287 2
2288 3
2289 5
2290 7
2291 3
2292 6
2293 7
2294 2
2295 10
2296 6
2297 6
2298 5
2299 6
2300 7
2301 5
2302 10
2303 5
2304 2
2305 1
2306 8
2307 5
2308 6
2309 9
2310 4
2311 5
2312 8
2313 6
2314 4
2315 3
2316 4
2317 6
2318 4
2319 5
2320 6
2321 5
2322 6
2323 3
2324 11
2325 2
2326 6
2327 3
2328 12
2329 6
2330 7
2331 3
2332 5
2333 6
2334 8
2335 8
2336 3
2337 8
2338 7
2339 5
2340 6
2341 7
2342 0
2343 8
2344 5
2345 7
2346 8
2347 6
2348 6
2349 7
2350 3
2351 10
2352 5
2353 3
2354 7
2355 3
2356 5
2357 3
2358 5
2359 2
2360 4
2361 2
2362 3
2363 4
2364 6
2365 5
2366 2
2367 8
2368 3
2369 7
2370 1
2371 4
2372 12
2373 4
2374 5
2375 12
2376 2
2377 6
2378 7
2379 6
2380 5
2381 4
2382 6
2383 5
2384 8
2385 6
2386 9
2387 11
2388 4
2389 10
2390 4
2391 5
2392 3
2393 8
2394 4
2395 5
2396 10
2397 3
2398 3
2399 5
2400 7
2401 5
2402 9
2403 5
2404 8
2405 5
2406 5
2407 2
2408 2
2409 6
2410 6
2411 5
2412 7
2413 6
2414 8
2415 5
2416 1
2417 8
2418 7
2419 7
2420 3
2421 4
2422 11
2423 4
2424 3
2425 3
2426 8
2427 3
2428 6
2429 4
2430 4
2431 3
2432 5
2433 1
2434 6
2435 6
2436 4
2437 6
2438 9
2439 6
2440 2
2441 4
2442 7
2443 2
2444 6
2445 1
2446 6
2447 3
2448 7
2449 6
2450 8
2451 2
2452 9
2453 4
2454 8
2455 3
2456 1
2457 6
2458 7
2459 6
2460 4
2461 4
2462 6
2463 5
2464 4
2465 3
2466 6
2467 4
2468 7
2469 8
2470 5
2471 7
2472 3
2473 3
2474 7
2475 4
2476 3
2477 7
2478 7
2479 2
2480 2
2481 4
2482 6
2483 7
2484 9
2485 1
2486 7
2487 7
2488 6
2489 2
2490 5
2491 4
2492 3
2493 2
2494 6
2495 1
2496 8
2497 4
2498 2
2499 8
2500 8
2501 3
2502 5
2503 8
2504 6
2505 7
2506 3
2507 5
2508 8
2509 6
2510 6
2511 2
2512 8
2513 6
2514 5
2515 3
2516 7
2517 6
2518 4
2519 4
2520 5
2521 7
2522 4
2523 7
2524 3
2525 5
2526 7
2527 2
2528 3
2529 6
2530 5
2531 5
2532 2
2533 3
2534 7
2535 5
2536 3
2537 8
2538 9
2539 6
2540 9
2541 5
2542 6
2543 3
2544 3
2545 4
2546 7
2547 6
2548 3
2549 3
2550 2
2551 7
2552 5
2553 6
2554 4
2555 6
2556 3
2557 6
2558 7
2559 4
2560 1
2561 5
2562 5
2563 9
2564 11
2565 6
2566 6
2567 9
2568 11
2569 9
2570 7
2571 15
2572 11
2573 10
2574 16
2575 15
2576 16
2577 11
2578 13
2579 6
2580 3
2581 3
2582 2
2583 3
2584 12
2585 5
2586 3
2587 8
2588 5
2589 7
2590 4
2591 5
2592 5
2593 1
2594 3
2595 2
2596 2
2597 7
2598 4
2599 8
2600 7
2601 5
2602 5
2603 9
2604 6
2605 2
2606 5
2607 6
2608 6
2609 5
2610 5
2611 7
2612 5
2613 11
2614 10
2615 6
2616 4
2617 5
2618 9
2619 7
2620 7
2621 6
2622 6
2623 1
2624 2
2625 3
2626 4
2627 1
2628 4
2629 6
2630 7
2631 2
2632 4
2633 3
2634 4
2635 3
2636 3
2637 3
2638 2
2639 5
2640 4
2641 4
2642 4
2643 1
2644 5
2645 4
2646 7
2647 8
2648 2
2649 5
2650 2
2651 4
2652 2
2653 7
2654 2
2655 6
2656 3
2657 5
2658 8
2659 5
2660 7
2661 5
2662 3
2663 3
2664 3
2665 3
2666 1
2667 3
2668 8
2669 3
2670 2
2671 3
2672 4
2673 2
2674 4
2675 15
2676 6
2677 4
2678 3
2679 6
2680 5
2681 4
2682 6
2683 3
2684 3
2685 5
2686 4
2687 5
2688 3
2689 3
2690 5
2691 4
2692 3
2693 5
2694 7
2695 4
2696 4
2697 2
2698 10
2699 4
2700 5
2701 2
2702 2
2703 3
2704 2
2705 7
2706 2
2707 3
2708 6
2709 7
2710 5
2711 4
2712 5
2713 1
2714 3
2715 6
2716 6
2717 6
2718 2
2719 7
2720 8
2721 4
2722 2
2723 3
2724 4
2725 2
2726 3
2727 3
2728 7
2729 5
2730 3
2731 2
2732 1
2733 8
2734 5
2735 1
2736 2
2737 5
2738 4
2739 7
2740 6
2741 3
2742 2
2743 5
2744 4
2745 4
2746 1
2747 6
2748 2
2749 0
2750 4
2751 6
2752 2
2753 6
2754 8
2755 3
2756 3
2757 3
2758 7
2759 5
2760 2
2761 7
2762 4
2763 6
2764 5
2765 2
2766 6
2767 6
2768 8
2769 2
2770 5
2771 2
2772 5
2773 3
2774 0
2775 3
2776 3
2777 4
2778 5
2779 2
2780 4
2781 4
2782 3
2783 3
2784 7
2785 3
2786 7
2787 2
2788 3
2789 0
2790 4
2791 2
2792 4
2793 10
2794 5
2795 1
2796 5
2797 5
2798 4
2799 8
2800 0
2801 2
2802 7
2803 2
2804 3
2805 5
2806 2
2807 4
2808 7
2809 2
2810 1
2811 3
2812 4
2813 1
2814 5
2815 7
2816 5
2817 4
2818 5
2819 1
2820 4
2821 2
2822 7
2823 3
2824 3
2825 5
2826 6
2827 6
2828 5
2829 7
2830 4
2831 3
2832 1
2833 2
2834 5
2835 4
2836 3
2837 5
2838 2
2839 1
2840 1
2841 7
2842 3
2843 3
2844 7
2845 3
2846 4
2847 3
2848 4
2849 0
2850 4
2851 1
2852 1
2853 3
2854 4
2855 2
2856 2
2857 0
2858 0
2859 7
2860 1
2861 4
2862 4
2863 2
2864 4
2865 6
2866 3
2867 6
2868 3
2869 7
2870 5
2871 3
2872 6
2873 3
2874 3
2875 4
2876 5
2877 5
2878 4
2879 3
2880 6
2881 5
2882 3
2883 4
2884 3
2885 4
2886 1
2887 6
2888 4
2889 8
2890 7
2891 2
2892 4
2893 2
2894 1
2895 6
2896 2
2897 1
2898 1
2899 3
2900 5
2901 3
2902 3
2903 4
2904 2
2905 5
2906 3
2907 5
2908 5
2909 6
2910 4
2911 4
2912 3
2913 6
2914 3
2915 4
2916 3
2917 1
2918 3
2919 4
2920 4
2921 4
2922 3
2923 4
2924 2
2925 3
2926 4
2927 2
2928 0
2929 5
2930 2
2931 3
2932 0
2933 2
2934 5
2935 6
2936 5
2937 1
2938 1
2939 3
2940 2
2941 2
2942 0
2943 4
2944 6
2945 3
2946 1
2947 1
2948 4
2949 4
2950 1
2951 0
2952 2
2953 2
2954 2
2955 4
2956 5
2957 4
2958 2
2959 7
2960 4
2961 2
2962 3
2963 3
2964 6
2965 1
2966 3
2967 4
2968 1
2969 6
2970 5
2971 2
2972 3
2973 1
2974 1
2975 1
2976 5
2977 4
2978 1
2979 2
2980 3
2981 4
2982 4
2983 7
2984 3
2985 4
2986 4
2987 4
2988 5
2989 1
2990 4
2991 3
2992 1
2993 1
2994 0
2995 6
2996 3
2997 2
2998 3
2999 1
3000 5
3001 3
3002 4
3003 2
3004 4
3005 2
3006 4
3007 1
3008 4
3009 5
3010 4
3011 4
3012 6
3013 5
3014 5
3015 3
3016 5
3017 3
3018 6
3019 4
3020 3
3021 1
3022 7
3023 2
3024 5
3025 3
3026 3
3027 5
3028 1
3029 2
3030 1
3031 2
3032 2
3033 2
3034 1
3035 6
3036 1
3037 4
3038 2
3039 5
3040 4
3041 3
3042 3
3043 4
3044 4
3045 5
3046 2
3047 7
3048 1
3049 4
3050 5
3051 2
3052 5
3053 3
3054 2
3055 3
3056 1
3057 1
3058 4
3059 4
3060 5
3061 3
3062 5
3063 1
3064 3
3065 1
3066 4
3067 2
3068 2
3069 3
3070 3
3071 4
3072 4
3073 4
3074 2
3075 2
3076 2
3077 4
3078 2
3079 4
3080 3
3081 4
3082 8
3083 2
3084 1
3085 2
3086 6
3087 2
3088 6
3089 4
3090 4
3091 4
3092 3
3093 2
3094 4
3095 3
3096 4
3097 1
3098 1
3099 2
3100 2
3101 3
3102 2
3103 2
3104 2
3105 2
3106 4
3107 3
3108 3
3109 3
3110 4
3111 7
3112 2
3113 3
3114 3
3115 2
3116 1
3117 5
3118 3
3119 1
3120 3
3121 5
3122 3
3123 3
3124 7
3125 4
3126 1
3127 4
3128 3
3129 4
3130 5
3131 1
3132 2
3133 5
3134 2
3135 2
3136 2
3137 4
3138 3
3139 1
3140 2
3141 0
3142 0
3143 3
3144 3
3145 4
3146 2
3147 0
3148 0
3149 5
3150 7
3151 2
3152 9
3153 4
3154 3
3155 6
3156 5
3157 3
3158 2
3159 3
3160 1
3161 5
3162 3
3163 2
3164 4
3165 2
3166 2
3167 2
3168 1
3169 2
3170 4
3171 4
3172 2
3173 3
3174 8
3175 3
3176 2
3177 5
3178 1
3179 11
3180 3
3181 3
3182 2
3183 3
3184 3
3185 2
3186 5
3187 4
3188 2
3189 6
3190 5
3191 1
3192 3
3193 3
3194 2
3195 4
3196 4
3197 6
3198 0
3199 4
3200 4
3201 4
3202 3
3203 2
3204 0
3205 3
3206 1
3207 2
3208 1
3209 0
3210 0
3211 3
3212 5
3213 1
3214 3
3215 4
3216 2
3217 4
3218 4
3219 1
3220 3
3221 1
3222 1
3223 3
3224 5
3225 0
3226 1
3227 1
3228 3
3229 0
3230 2
3231 1
3232 3
3233 1
3234 0
3235 0
3236 4
3237 3
3238 4
3239 7
3240 4
3241 1
3242 4
3243 1
3244 2
3245 4
3246 3
3247 2
3248 1
3249 1
3250 2
3251 2
3252 5
3253 2
3254 4
3255 1
3256 4
3257 3
3258 3
3259 4
3260 2
3261 2
3262 5
3263 2
3264 4
3265 6
3266 2
3267 4
3268 1
3269 2
3270 5
3271 2
3272 4
3273 3
3274 3
3275 2
3276 2
3277 4
3278 1
3279 2
3280 0
3281 3
3282 1
3283 2
3284 0
3285 1
3286 2
3287 0
3288 2
3289 2
3290 1
3291 0
3292 2
3293 3
3294 2
3295 0
3296 3
3297 6
3298 2
3299 2
3300 1
3301 1
3302 1
3303 2
3304 4
3305 2
3306 4
3307 1
3308 5
3309 2
3310 3
3311 2
3312 4
3313 4
3314 1
3315 3
3316 2
3317 2
3318 2
3319 1
3320 6
3321 2
3322 2
3323 3
3324 0
3325 2
3326 2
3327 3
3328 1
3329 4
3330 3
3331 0
3332 3
3333 3
3334 3
3335 0
3336 4
3337 0
3338 4
3339 2
3340 3
3341 4
3342 2
3343 6
3344 3
3345 3
3346 3
3347 6
3348 2
3349 2
3350 2
3351 5
3352 3
3353 2
3354 3
3355 3
3356 0
3357 3
3358 3
3359 6
3360 0
3361 6
3362 2
3363 1
3364 3
3365 7
3366 1
3367 4
3368 4
3369 2
3370 2
3371 2
3372 3
3373 3
3374 2
3375 3
3376 2
3377 2
3378 1
3379 2
3380 2
3381 4
3382 2
3383 0
3384 0
3385 3
3386 2
3387 2
3388 2
3389 3
3390 4
3391 0
3392 2
3393 4
3394 2
3395 9
3396 1
3397 0
3398 3
3399 2
3400 3
3401 2
3402 3
3403 1
3404 3
3405 2
3406 1
3407 2
3408 2
3409 2
3410 4
3411 1
3412 2
3413 3
3414 1
3415 1
3416 3
3417 4
3418 4
3419 2
3420 2
3421 3
3422 2
3423 2
3424 5
3425 1
3426 1
3427 4
3428 0
3429 1
3430 2
3431 3
3432 1
3433 2
3434 2
3435 3
3436 2
3437 4
3438 0
3439 4
3440 0
3441 0
3442 3
3443 0
3444 5
3445 6
3446 4
3447 0
3448 3
3449 4
3450 1
3451 3
3452 4
3453 4
3454 3
3455 0
3456 6
3457 1
3458 3
3459 2
3460 3
3461 1
3462 6
3463 3
3464 1
3465 1
3466 1
3467 2
3468 5
3469 4
3470 3
3471 0
3472 3
3473 0
3474 2
3475 0
3476 2
3477 1
3478 0
3479 2
3480 3
3481 3
3482 1
3483 0
3484 4
3485 2
3486 2
3487 1
3488 4
3489 3
3490 2
3491 5
3492 2
3493 2
3494 1
3495 3
3496 1
3497 1
3498 2
3499 2
3500 2
3501 2
3502 5
3503 2
3504 3
3505 3
3506 1
3507 2
3508 2
3509 3
3510 2
3511 0
3512 3
3513 4
3514 2
3515 5
3516 1
3517 0
3518 1
3519 3
3520 0
3521 0
3522 2
3523 2
3524 2
3525 6
3526 3
3527 0
3528 0
3529 0
3530 5
3531 5
3532 1
3533 3
3534 3
3535 3
3536 1
3537 1
3538 6
3539 4
3540 2
3541 4
3542 0
3543 6
3544 1
3545 2
3546 0
3547 3
3548 2
3549 3
3550 2
3551 1
3552 6
3553 2
3554 0
3555 1
3556 5
3557 1
3558 0
3559 2
3560 3
3561 0
3562 3
3563 1
3564 3
3565 2
3566 2
3567 1
3568 4
3569 2
3570 0
3571 1
3572 1
3573 2
3574 4
3575 2
3576 0
3577 2
3578 5
3579 2
3580 4
3581 1
3582 3
3583 4
3584 1
3585 3
3586 2
3587 3
3588 3
3589 2
3590 1
3591 1
3592 2
3593 6
3594 1
3595 1
3596 1
3597 0
3598 3
3599 1
3600 2
3601 3
3602 2
3603 3
3604 3
3605 5
3606 3
3607 4
3608 3
3609 4
3610 3
3611 1
3612 0
3613 2
3614 1
3615 1
3616 3
3617 0
3618 1
3619 3
3620 0
3621 4
3622 3
3623 2
3624 3
3625 4
3626 2
3627 4
3628 4
3629 1
3630 2
3631 3
3632 2
3633 0
3634 3
3635 1
3636 6
3637 3
3638 2
3639 4
3640 2
3641 3
3642 4
3643 1
3644 5
3645 3
3646 2
3647 1
3648 4
3649 7
3650 6
3651 3
3652 6
3653 2
3654 1
3655 4
3656 4
3657 5
3658 4
3659 1
3660 0
3661 0
3662 2
3663 4
3664 1
3665 0
3666 1
3667 1
3668 2
3669 1
3670 1
3671 3
3672 1
3673 0
3674 3
3675 1
3676 3
3677 1
3678 3
3679 1
3680 2
3681 1
3682 3
3683 1
3684 2
3685 1
3686 0
3687 2
3688 1
3689 2
3690 3
3691 0
3692 0
3693 2
3694 1
3695 3
3696 4
3697 2
3698 2
3699 2
3700 2
3701 0
3702 3
3703 2
3704 4
3705 2
3706 2
3707 3
3708 0
3709 2
3710 4
3711 1
3712 1
3713 0
3714 1
3715 1
3716 5
3717 3
3718 0
3719 2
3720 2
3721 2
3722 3
3723 1
3724 2
3725 2
3726 2
3727 0
3728 3
3729 2
3730 2
3731 0
3732 3
3733 1
3734 1
3735 5
3736 2
3737 3
3738 3
3739 4
3740 2
3741 3
3742 2
3743 1
3744 1
3745 2
3746 2
3747 2
3748 2
3749 6
3750 1
3751 3
3752 2
3753 3
3754 2
3755 1
3756 4
3757 4
3758 1
3759 1
3760 2
3761 2
3762 3
3763 1
3764 0
3765 3
3766 1
3767 2
3768 3
3769 4
3770 5
3771 4
3772 2
3773 4
3774 2
3775 3
3776 1
3777 3
3778 1
3779 1
3780 2
3781 5
3782 3
3783 0
3784 4
3785 3
3786 6
3787 6
3788 2
3789 6
3790 0
3791 4
3792 7
3793 7
3794 8
3795 11
3796 8
3797 5
3798 4
3799 8
3800 6
3801 2
3802 2
3803 6
3804 4
3805 3
3806 4
3807 0
3808 1
3809 2
3810 3
3811 1
3812 0
3813 0
3814 4
3815 1
3816 1
3817 1
3818 1
3819 2
3820 5
3821 2
3822 2
3823 1
3824 1
3825 0
3826 3
3827 2
3828 1
3829 3
3830 2
3831 1
3832 4
3833 2
3834 2
3835 2
3836 1
3837 1
3838 2
3839 2
3840 1
3841 2
3842 2
3843 4
3844 2
3845 3
3846 3
3847 5
3848 6
3849 2
3850 1
3851 3
3852 0
3853 3
3854 0
3855 1
3856 1
3857 0
3858 1
3859 2
3860 1
3861 2
3862 0
3863 1
3864 1
3865 1
3866 3
3867 2
3868 1
3869 1
3870 2
3871 2
3872 3
3873 1
3874 3
3875 1
3876 0
3877 2
3878 0
3879 1
3880 0
3881 4
3882 3
3883 1
3884 5
3885 1
3886 1
3887 2
3888 3
3889 1
3890 1
3891 0
3892 1
3893 3
3894 5
3895 1
3896 2
3897 1
3898 3
3899 3
3900 2
3901 1
3902 2
3903 2
3904 0
3905 2
3906 4
3907 2
3908 1
3909 4
3910 0
3911 2
3912 2
3913 6
3914 0
3915 1
3916 2
3917 0
3918 2
3919 0
3920 1
3921 2
3922 2
3923 1
3924 4
3925 0
3926 3
3927 0
3928 3
3929 0
3930 4
3931 0
3932 3
3933 1
3934 1
3935 2
3936 5
3937 3
3938 3
3939 1
3940 0
3941 2
3942 1
3943 2
3944 2
3945 1
3946 1
3947 2
3948 2
3949 2
3950 2
3951 1
3952 0
3953 2
3954 3
3955 0
3956 1
3957 2
3958 2
3959 3
3960 0
3961 0
3962 1
3963 1
3964 2
3965 2
3966 2
3967 5
3968 3
3969 1
3970 2
3971 1
3972 4
3973 1
3974 1
3975 3
3976 0
3977 2
3978 2
3979 0
3980 2
3981 1
3982 2
3983 1
3984 3
3985 1
3986 3
3987 0
3988 0
3989 1
3990 3
3991 3
3992 1
3993 1
3994 2
3995 1
3996 2
3997 1
3998 0
3999 2
4000 1
4001 2
4002 1
4003 2
4004 0
4005 2
4006 1
4007 3
4008 2
4009 4
4010 5
4011 1
4012 2
4013 2
4014 5
4015 0
4016 1
4017 4
4018 1
4019 3
4020 3
4021 1
4022 2
4023 0
4024 3
4025 3
4026 2
4027 2
4028 2
4029 1
4030 3
4031 0
4032 1
4033 1
4034 0
4035 2
4036 4
4037 2
4038 2
4039 0
4040 2
4041 0
4042 0
4043 2
4044 1
4045 0
4046 0
4047 2
4048 5
4049 1
4050 0
4051 3
4052 1
4053 0
4054 1
4055 1
4056 2
4057 1
4058 4
4059 0
4060 4
4061 1
4062 1
4063 1
4064 3
4065 0
4066 1
4067 2
4068 0
4069 4
4070 3
4071 0
4072 1
4073 1
4074 2
4075 0
4076 3
4077 2
4078 4
4079 2
4080 3
4081 1
4082 0
4083 0
4084 1
4085 3
4086 0
4087 2
4088 2
4089 0
4090 2
4091 3
4092 1
4093 0
4094 0
4095 1
4096 1
4097 3
4098 1
4099 4
4100 1
4101 2
4102 1
4103 1
4104 3
4105 1
4106 2
4107 1
4108 1
4109 4
4110 2
4111 3
4112 5
4113 2
4114 2
4115 2
4116 0
4117 2
4118 0
4119 2
4120 0
4121 2
4122 3
4123 0
4124 2
4125 1
4126 2
4127 1
4128 1
4129 0
4130 0
4131 1
4132 2
4133 3
4134 3
4135 2
4136 1
4137 4
4138 1
4139 3
4140 2
4141 2
4142 0
4143 1
4144 3
4145 1
4146 2
4147 1
4148 0
4149 1
4150 2
4151 3
4152 4
4153 3
4154 4
4155 1
4156 3
4157 1
4158 1
4159 0
4160 1
4161 1
4162 2
4163 4
4164 2
4165 3
4166 2
4167 0
4168 4
4169 1
4170 1
4171 0
4172 1
4173 1
4174 1
4175 1
4176 3
4177 2
4178 3
4179 4
4180 3
4181 1
4182 2
4183 0
4184 0
4185 2
4186 1
4187 1
4188 1
4189 2
4190 3
4191 1
4192 4
4193 0
4194 3
4195 2
4196 1
4197 3
4198 2
4199 1
4200 3
4201 2
4202 0
4203 6
4204 1
4205 5
4206 1
4207 1
4208 2
4209 2
4210 1
4211 2
4212 0
4213 2
4214 1
4215 1
4216 1
4217 1
4218 1
4219 2
4220 1
4221 1
4222 1
4223 2
4224 1
4225 0
4226 1
4227 1
4228 2
4229 2
4230 0
4231 4
4232 1
4233 2
4234 1
4235 3
4236 0
4237 1
4238 0
4239 4
4240 3
4241 2
4242 4
4243 1
4244 1
4245 2
4246 3
4247 1
4248 0
4249 0
4250 1
4251 3
4252 1
4253 3
4254 5
4255 2
4256 0
4257 0
4258 0
4259 1
4260 2
4261 1
4262 2
4263 0
4264 1
4265 2
4266 0
4267 3
4268 1
4269 2
4270 1
4271 0
4272 3
4273 1
4274 1
4275 0
4276 0
4277 2
4278 2
4279 4
4280 2
4281 1
4282 0
4283 1
4284 1
4285 1
4286 3
4287 2
4288 0
4289 3
4290 1
4291 3
4292 2
4293 1
4294 1
4295 1
4296 2
4297 2
4298 0
4299 0
4300 1
4301 0
4302 1
4303 1
4304 2
4305 0
4306 0
4307 1
4308 3
4309 0
4310 6
4311 0
4312 0
4313 0
4314 0
4315 1
4316 1
4317 1
4318 0
4319 2
4320 2
4321 1
4322 1
4323 3
4324 1
4325 4
4326 0
4327 0
4328 1
4329 1
4330 2
4331 1
4332 0
4333 0
4334 3
4335 1
4336 2
4337 1
4338 1
4339 3
4340 0
4341 3
4342 0
4343 4
4344 2
4345 0
4346 3
4347 2
4348 1
4349 2
4350 3
4351 0
4352 2
4353 0
4354 0
4355 0
4356 2
4357 2
4358 1
4359 2
4360 2
4361 0
4362 1
4363 2
4364 4
4365 3
4366 2
4367 0
4368 2
4369 1
4370 5
4371 2
4372 1
4373 0
4374 0
4375 4
4376 2
4377 2
4378 2
4379 1
4380 0
4381 2
4382 1
4383 2
4384 2
4385 1
4386 1
4387 3
4388 0
4389 1
4390 1
4391 1
4392 0
4393 1
4394 3
4395 4
4396 2
4397 2
4398 0
4399 0
4400 0
4401 4
4402 1
4403 3
4404 0
4405 0
4406 2
4407 2
4408 0
4409 2
4410 3
4411 3
4412 1
4413 4
4414 1
4415 1
4416 1
4417 1
4418 1
4419 2
4420 1
4421 1
4422 3
4423 0
4424 0
4425 1
4426 1
4427 0
4428 2
4429 0
4430 2
4431 2
4432 2
4433 0
4434 1
4435 1
4436 2
4437 1
4438 0
4439 2
4440 0
4441 1
4442 4
4443 0
4444 1
4445 2
4446 0
4447 1
4448 2
4449 1
4450 1
4451 3
4452 0
4453 1
4454 1
4455 3
4456 1
4457 1
4458 0
4459 1
4460 1
4461 1
4462 0
4463 0
4464 0
4465 2
4466 2
4467 1
4468 2
4469 1
4470 2
4471 0
4472 0
4473 0
4474 1
4475 0
4476 2
4477 1
4478 5
4479 0
4480 2
4481 2
4482 2
4483 1
4484 2
4485 0
4486 0
4487 2
4488 1
4489 0
4490 5
4491 2
4492 3
4493 0
4494 2
4495 2
4496 1
4497 2
4498 2
4499 2
4500 2
4501 0
4502 2
4503 2
4504 1
4505 3
4506 1
4507 0
4508 0
4509 2
4510 0
4511 2
4512 1
4513 2
4514 1
4515 2
4516 4
4517 1
4518 2
4519 3
4520 1
4521 1
4522 2
4523 1
4524 1
4525 1
4526 2
4527 1
4528 1
4529 0
4530 1
4531 1
4532 0
4533 1
4534 1
4535 0
4536 3
4537 2
4538 2
4539 3
4540 1
4541 0
4542 4
4543 2
4544 1
4545 3
4546 0
4547 1
4548 1
4549 2
4550 1
4551 0
4552 1
4553 0
4554 0
4555 2
4556 2
4557 1
4558 0
4559 1
4560 0
4561 2
4562 1
4563 3
4564 0
4565 2
4566 3
4567 2
4568 2
4569 3
4570 3
4571 0
4572 1
4573 0
4574 2
4575 2
4576 4
4577 0
4578 2
4579 0
4580 3
4581 2
4582 0
4583 0
4584 2
4585 1
4586 1
4587 2
4588 1
4589 2
4590 0
4591 2
4592 1
4593 0
4594 0
4595 1
4596 1
4597 3
4598 3
4599 1
4600 1
4601 0
4602 3
4603 0
4604 1
4605 1
4606 3
4607 2
4608 0
4609 0
4610 1
4611 1
4612 2
4613 0
4614 2
4615 3
4616 3
4617 1
4618 1
4619 2
4620 3
4621 2
4622 2
4623 1
4624 1
4625 0
4626 2
4627 1
4628 1
4629 2
4630 2
4631 3
4632 1
4633 1
4634 1
4635 0
4636 0
4637 2
4638 1
4639 0
4640 0
4641 0
4642 2
4643 0
4644 1
4645 1
4646 2
4647 0
4648 1
4649 0
4650 1
4651 0
4652 2
4653 2
4654 0
4655 1
4656 0
4657 1
4658 0
4659 1
4660 1
4661 1
4662 1
4663 1
4664 1
4665 0
4666 1
4667 3
4668 5
4669 2
4670 2
4671 4
4672 1
4673 1
4674 4
4675 1
4676 0
4677 3
4678 3
4679 2
4680 0
4681 0
4682 1
4683 1
4684 3
4685 4
4686 1
4687 1
4688 0
4689 1
4690 1
4691 2
4692 0
4693 1
4694 2
4695 1
4696 2
4697 0
4698 2
4699 1
4700 1
4701 2
4702 1
4703 1
4704 0
4705 1
4706 0
4707 1
4708 1
4709 1
4710 2
4711 0
4712 4
4713 1
4714 0
4715 1
4716 0
4717 3
4718 1
4719 0
4720 1
4721 1
4722 2
4723 2
4724 2
4725 2
4726 7
4727 0
4728 0
4729 3
4730 0
4731 2
4732 1
4733 0
4734 1
4735 1
4736 1
4737 1
4738 0
4739 3
4740 2
4741 0
4742 1
4743 1
4744 3
4745 3
4746 0
4747 1
4748 0
4749 0
4750 1
4751 4
4752 0
4753 0
4754 0
4755 0
4756 3
4757 0
4758 1
4759 0
4760 2
4761 0
4762 5
4763 2
4764 3
4765 1
4766 1
4767 2
4768 0
4769 1
4770 0
4771 1
4772 1
4773 1
4774 2
4775 0
4776 1
4777 0
4778 1
4779 2
4780 1
4781 2
4782 3
4783 3
4784 2
4785 0
4786 0
4787 0
4788 1
4789 1
4790 2
4791 1
4792 0
4793 2
4794 1
4795 0
4796 3
4797 0
4798 1
4799 0
4800 2
4801 0
4802 1
4803 0
4804 2
4805 2
4806 2
4807 4
4808 0
4809 0
4810 1
4811 1
4812 1
4813 0
4814 2
4815 4
4816 2
4817 1
4818 1
4819 0
4820 1
4821 0
4822 1
4823 0
4824 2
4825 1
4826 1
4827 1
4828 1
4829 2
4830 1
4831 0
4832 0
4833 1
4834 0
4835 0
4836 2
4837 0
4838 0
4839 0
4840 0
4841 0
4842 1
4843 1
4844 2
4845 0
4846 0
4847 1
4848 0
4849 4
4850 1
4851 1
4852 3
4853 2
4854 0
4855 1
4856 0
4857 1
4858 2
4859 2
4860 1
4861 3
4862 3
4863 2
4864 1
4865 5
4866 1
4867 3
4868 3
4869 1
4870 3
4871 4
4872 0
4873 1
4874 1
4875 3
4876 2
4877 1
4878 1
4879 1
4880 2
4881 1
4882 3
4883 1
4884 1
4885 0
4886 2
4887 1
4888 0
4889 2
4890 1
4891 0
4892 0
4893 3
4894 1
4895 0
4896 2
4897 1
4898 0
4899 0
4900 1
4901 1
4902 1
4903 1
4904 2
4905 1
4906 1
4907 0
4908 2
4909 1
4910 2
4911 3
4912 3
4913 0
4914 1
4915 2
4916 3
4917 0
4918 0
4919 1
4920 0
4921 0
4922 1
4923 1
4924 2
4925 2
4926 1
4927 1
4928 3
4929 0
4930 1
4931 2
4932 0
4933 0
4934 1
4935 1
4936 0
4937 1
4938 0
4939 2
4940 0
4941 2
4942 2
4943 1
4944 2
4945 1
4946 1
4947 1
4948 1
4949 0
4950 1
4951 1
4952 3
4953 1
4954 1
4955 0
4956 2
4957 0
4958 1
4959 0
4960 1
4961 2
4962 2
4963 1
4964 3
4965 0
4966 3
4967 0
4968 1
4969 1
4970 1
4971 0
4972 0
4973 1
4974 0
4975 2
4976 0
4977 1
4978 3
4979 1
4980 1
4981 2
4982 1
4983 1
4984 0
4985 0
4986 1
4987 2
4988 1
4989 0
4990 2
4991 0
4992 3
4993 1
4994 0
4995 0
4996 3
4997 2
4998 3
4999 1
5000 1
5001 1
5002 0
5003 4
5004 1
5005 3
5006 0
5007 0
5008 2
5009 4
5010 0
5011 1
5012 0
5013 1
5014 1
5015 0
5016 1
5017 2
5018 2
5019 0
5020 1
5021 0
5022 0
5023 0
5024 2
5025 3
5026 1
5027 1
5028 2
5029 1
5030 1
5031 1
5032 3
5033 0
5034 2
5035 2
5036 3
5037 0
5038 0
5039 1
5040 1
5041 2
5042 1
5043 0
5044 0
5045 1
5046 1
5047 2
5048 2
5049 1
5050 3
5051 1
5052 1
5053 2
5054 0
5055 0
5056 1
5057 1
5058 1
5059 0
5060 0
5061 0
5062 0
5063 2
5064 0
5065 1
5066 2
5067 2
5068 1
5069 1
5070 0
5071 1
5072 2
5073 1
5074 1
5075 0
5076 0
5077 0
5078 1
5079 1
5080 1
5081 1
5082 0
5083 0
5084 1
5085 0
5086 1
5087 0
5088 0
5089 0
5090 0
5091 1
5092 0
5093 1
5094 0
5095 0
5096 1
5097 2
5098 1
5099 0
5100 1
5101 1
5102 1
5103 1
5104 0
5105 2
5106 0
5107 1
5108 1
5109 0
5110 1
5111 1
5112 1
5113 0
5114 1
5115 0
5116 0
5117 0
5118 0
5119 1
5120 0
5121 0
5122 3
5123 1
5124 0
5125 0
5126 1
5127 0
5128 2
5129 1
5130 0
5131 2
5132 3
5133 2
5134 1
5135 1
5136 2
5137 0
5138 0
5139 3
5140 0
5141 1
5142 0
5143 2
5144 2
5145 1
5146 1
5147 2
5148 0
5149 0
5150 0
5151 1
5152 2
5153 2
5154 0
5155 0
5156 0
5157 1
5158 1
5159 0
5160 3
5161 2
5162 1
5163 4
5164 1
5165 1
5166 0
5167 2
5168 1
5169 0
5170 3
5171 2
5172 1
5173 0
5174 1
5175 0
5176 3
5177 1
5178 2
5179 0
5180 3
5181 1
5182 1
5183 1
5184 0
5185 2
5186 0
5187 2
5188 1
5189 1
5190 0
5191 0
5192 1
5193 0
5194 1
5195 2
5196 1
5197 0
5198 2
5199 1
5200 2
5201 0
5202 1
5203 2
5204 3
5205 2
5206 0
5207 1
5208 2
5209 0
5210 1
5211 3
5212 0
5213 3
5214 1
5215 2
5216 1
5217 1
5218 1
5219 0
5220 1
5221 0
5222 0
5223 0
5224 2
5225 2
5226 3
5227 1
5228 1
5229 2
5230 0
5231 2
5232 2
5233 1
5234 1
5235 3
5236 0
5237 0
5238 1
5239 0
5240 0
5241 1
5242 2
5243 0
5244 1
5245 2
5246 1
5247 1
5248 1
5249 0
5250 1
5251 1
5252 0
5253 1
5254 1
5255 1
5256 3
5257 1
5258 0
5259 2
5260 0
5261 0
5262 2
5263 2
5264 1
5265 2
5266 1
5267 0
5268 1
5269 1
5270 1
5271 1
5272 1
5273 3
5274 1
5275 1
5276 0
5277 1
5278 0
5279 2
5280 2
5281 1
5282 0
5283 0
5284 2
5285 2
5286 1
5287 0
5288 0
5289 1
5290 0
5291 2
5292 3
5293 0
5294 1
5295 0
5296 4
5297 1
5298 1
5299 1
5300 0
5301 2
5302 0
5303 1
5304 0
5305 0
5306 0
5307 0
5308 0
5309 1
5310 0
5311 0
5312 1
5313 2
5314 0
5315 1
5316 1
5317 2
5318 1
5319 0
5320 1
5321 1
5322 0
5323 1
5324 4
5325 1
5326 0
5327 1
5328 1
5329 0
5330 1
5331 0
5332 0
5333 0
5334 0
5335 1
5336 4
5337 1
5338 0
5339 0
5340 1
5341 1
5342 1
5343 0
5344 0
5345 3
5346 0
5347 1
5348 1
5349 0
5350 1
5351 0
5352 0
5353 1
5354 0
5355 0
5356 2
5357 0
5358 1
5359 1
5360 0
5361 0
5362 0
5363 0
5364 0
5365 1
5366 0
5367 0
5368 2
5369 4
5370 2
5371 0
5372 1
5373 2
5374 1
5375 1
5376 0
5377 3
5378 1
5379 0
5380 1
5381 2
5382 0
5383 0
5384 2
5385 0
5386 0
5387 0
5388 1
5389 1
5390 1
5391 2
5392 0
5393 1
5394 1
5395 0
5396 0
5397 0
5398 0
5399 1
5400 0
5401 1
5402 1
5403 0
5404 1
5405 0
5406 2
5407 1
5408 1
5409 0
5410 1
5411 0
5412 1
5413 0
5414 1
5415 1
5416 0
5417 0
5418 1
5419 0
5420 1
5421 2
5422 0
5423 2
5424 2
5425 1
5426 1
5427 1
5428 0
5429 0
5430 3
5431 0
5432 1
5433 1
5434 0
5435 1
5436 0
5437 1
5438 0
5439 2
5440 2
5441 0
5442 1
5443 0
5444 2
5445 0
5446 3
5447 0
5448 1
5449 0
5450 2
5451 4
5452 1
5453 0
5454 0
5455 1
5456 0
5457 2
5458 0
5459 0
5460 1
5461 1
5462 0
5463 1
5464 2
5465 0
5466 1
5467 1
5468 2
5469 2
5470 3
5471 1
5472 0
5473 2
5474 1
5475 0
5476 0
5477 1
5478 0
5479 1
5480 2
5481 1
5482 0
5483 0
5484 0
5485 0
5486 1
5487 1
5488 1
5489 1
5490 0
5491 2
5492 0
5493 1
5494 2
5495 1
5496 1
5497 1
5498 2
5499 1
5500 1
5501 2
5502 1
5503 3
5504 2
5505 1
5506 2
5507 1
5508 3
5509 2
5510 0
5511 2
5512 1
5513 2
5514 1
5515 1
5516 5
5517 5
5518 3
5519 1
5520 3
5521 1
5522 1
5523 2
5524 4
5525 1
5526 2
5527 0
5528 2
5529 0
5530 2
5531 0
5532 1
5533 0
5534 0
5535 1
5536 1
5537 2
5538 0
5539 2
5540 1
5541 0
5542 0
5543 1
5544 0
5545 0
5546 0
5547 2
5548 0
5549 0
5550 0
5551 2
5552 1
5553 1
5554 1
5555 1
5556 2
5557 1
5558 0
5559 2
5560 0
5561 1
5562 0
5563 0
5564 2
5565 0
5566 0
5567 1
5568 1
5569 2
5570 2
5571 0
5572 0
5573 1
5574 1
5575 1
5576 0
5577 1
5578 0
5579 0
5580 0
5581 1
5582 0
5583 0
5584 2
5585 0
5586 0
5587 0
5588 1
5589 1
5590 1
5591 0
5592 0
5593 1
5594 0
5595 0
5596 1
5597 2
5598 1
5599 0
5600 0
5601 1
5602 0
5603 1
5604 1
5605 1
5606 0
5607 3
5608 1
5609 1
5610 3
5611 0
5612 1
5613 1
5614 1
5615 1
5616 0
5617 3
5618 0
5619 1
5620 2
5621 0
5622 0
5623 0
5624 0
5625 0
5626 0
5627 2
5628 2
5629 1
5630 0
5631 1
5632 1
5633 0
5634 0
5635 0
5636 2
5637 0
5638 0
5639 0
5640 0
5641 0
5642 1
5643 3
5644 0
5645 0
5646 1
5647 1
5648 1
5649 0
5650 1
5651 0
5652 2
5653 0
5654 0
5655 1
5656 1
5657 0
5658 1
5659 1
5660 2
5661 1
5662 1
5663 0
5664 4
5665 0
5666 3
5667 1
5668 0
5669 1
5670 0
5671 1
5672 2
5673 0
5674 1
5675 2
5676 1
5677 1
5678 1
5679 1
5680 1
5681 1
5682 0
5683 0
5684 1
5685 0
5686 2
5687 1
5688 2
5689 0
5690 0
5691 1
5692 1
5693 2
5694 2
5695 0
5696 2
5697 3
5698 1
5699 1
5700 3
5701 0
5702 1
5703 1
5704 1
5705 1
5706 2
5707 3
5708 1
5709 0
5710 2
5711 0
5712 0
5713 0
5714 1
5715 1
5716 0
5717 1
5718 0
5719 0
5720 0
5721 0
5722 1
5723 1
5724 4
5725 3
5726 1
5727 0
5728 0
5729 1
5730 0
5731 1
5732 0
5733 2
5734 1
5735 1
5736 0
5737 1
5738 1
5739 0
5740 1
5741 1
5742 0
5743 1
5744 0
5745 0
5746 2
5747 3
5748 0
5749 2
5750 0
5751 2
5752 1
5753 0
5754 1
5755 1
5756 1
5757 2
5758 0
5759 0
5760 1
5761 0
5762 1
5763 0
5764 0
5765 0
5766 0
5767 0
5768 0
5769 1
5770 1
5771 1
5772 0
5773 1
5774 1
5775 2
5776 0
5777 1
5778 3
5779 0
5780 0
5781 2
5782 0
5783 0
5784 0
5785 1
5786 0
5787 0
5788 0
5789 2
5790 0
5791 2
5792 0
5793 0
5794 1
5795 0
5796 0
5797 0
5798 1
5799 1
5800 0
5801 0
5802 0
5803 1
5804 0
5805 0
5806 0
5807 0
5808 0
5809 2
5810 0
5811 3
5812 1
5813 1
5814 3
5815 0
5816 1
5817 2
5818 1
5819 0
5820 0
5821 1
5822 1
5823 0
5824 2
5825 1
5826 0
5827 2
5828 3
5829 0
5830 1
5831 1
5832 1
5833 0
5834 1
5835 1
5836 1
5837 2
5838 0
5839 1
5840 1
5841 0
5842 0
5843 1
5844 0
5845 4
5846 1
5847 0
5848 0
5849 0
5850 0
5851 1
5852 0
5853 0
5854 1
5855 0
5856 0
5857 2
5858 1
5859 0
5860 0
5861 3
5862 1
5863 0
5864 1
5865 0
5866 0
5867 2
5868 2
5869 0
5870 0
5871 2
5872 0
5873 0
5874 0
5875 3
5876 0
5877 0
5878 0
5879 1
5880 1
5881 1
5882 1
5883 1
5884 0
5885 3
5886 1
5887 2
5888 1
5889 3
5890 0
5891 0
5892 2
5893 2
5894 1
5895 1
5896 1
5897 0
5898 0
5899 0
5900 1
5901 1
5902 0
5903 0
5904 0
5905 1
5906 1
5907 2
5908 2
5909 1
5910 1
5911 1
5912 1
5913 1
5914 0
5915 0
5916 1
5917 1
5918 0
5919 1
5920 0
5921 0
5922 0
5923 0
5924 2
5925 1
5926 2
5927 0
5928 0
5929 1
5930 1
5931 0
5932 1
5933 1
5934 2
5935 0
5936 0
5937 0
5938 0
5939 0
5940 0
5941 1
5942 0
5943 1
5944 0
5945 0
5946 0
5947 0
5948 0
5949 0
5950 2
5951 1
5952 0
5953 2
5954 0
5955 0
5956 1
5957 1
5958 2
5959 0
5960 0
5961 0
5962 2
5963 1
5964 1
5965 0
5966 0
5967 1
5968 1
5969 0
5970 0
5971 1
5972 1
5973 1
5974 0
5975 1
5976 0
5977 1
5978 0
5979 2
5980 0
5981 0
5982 1
5983 1
5984 0
5985 3
5986 1
5987 1
5988 1
5989 3
5990 0
5991 0
5992 0
5993 0
5994 0
5995 1
5996 1
5997 0
5998 0
5999 0
6000 0
6001 0
6002 1
6003 1
6004 1
6005 0
6006 1
6007 0
6008 0
6009 0
6010 0
6011 0
6012 0
6013 0
6014 0
6015 0
6016 2
6017 0
6018 1
6019 2
6020 0
6021 0
6022 0
6023 1
6024 0
6025 0
6026 0
6027 0
6028 0
6029 1
6030 2
6031 0
6032 1
6033 3
6034 1
6035 1
6036 2
6037 0
6038 2
6039 0
6040 2
6041 2
6042 1
6043 0
6044 0
6045 0
6046 1
6047 2
6048 0
6049 1
6050 2
6051 1
6052 0
6053 1
6054 1
6055 0
6056 1
6057 1
6058 1
6059 0
6060 0
6061 1
6062 1
6063 1
6064 0
6065 0
6066 3
6067 1
6068 1
6069 1
6070 0
6071 2
6072 1
6073 1
6074 0
6075 2
6076 3
6077 0
6078 3
6079 0
6080 2
6081 2
6082 0
6083 0
6084 0
6085 2
6086 1
6087 0
6088 0
6089 1
6090 0
6091 1
6092 1
6093 3
6094 1
6095 0
6096 2
6097 0
6098 1
6099 1
6100 0
6101 1
6102 0
6103 1
6104 0
6105 0
6106 0
6107 0
6108 2
6109 0
6110 1
6111 0
6112 1
6113 0
6114 0
6115 1
6116 1
6117 2
6118 1
6119 1
6120 0
6121 2
6122 0
6123 1
6124 0
6125 1
6126 1
6127 0
6128 1
6129 1
6130 0
6131 1
6132 0
6133 0
6134 1
6135 1
6136 2
6137 0
6138 0
6139 1
6140 1
6141 0
6142 0
6143 1
6144 0
6145 0
6146 1
6147 1
6148 1
6149 1
6150 0
6151 0
6152 0
6153 1
6154 1
6155 0
6156 0
6157 1
6158 0
6159 0
6160 1
6161 0
6162 0
6163 1
6164 0
6165 1
6166 0
6167 3
6168 1
6169 4
6170 2
6171 1
6172 0
6173 1
6174 0
6175 0
6176 0
6177 1
6178 0
6179 0
6180 0
6181 0
6182 1
6183 2
6184 0
6185 2
6186 2
6187 0
6188 1
6189 2
6190 0
6191 1
6192 2
6193 0
6194 0
6195 0
6196 0
6197 1
6198 2
6199 0
6200 0
6201 1
6202 1
6203 0
6204 1
6205 0
6206 0
6207 0
6208 1
6209 0
6210 1
6211 2
6212 1
6213 3
6214 0
6215 1
6216 1
6217 1
6218 3
6219 2
6220 0
6221 1
6222 2
6223 1
6224 3
6225 2
6226 0
6227 0
6228 1
6229 0
6230 0
6231 0
6232 2
6233 1
6234 3
6235 2
6236 1
6237 0
6238 2
6239 0
6240 0
6241 1
6242 0
6243 0
6244 0
6245 0
6246 0
6247 1
6248 0
6249 0
6250 0
6251 0
6252 1
6253 0
6254 1
6255 0
6256 2
6257 0
6258 0
6259 1
6260 1
6261 0
6262 2
6263 0
6264 1
6265 0
6266 0
6267 0
6268 0
6269 2
6270 1
6271 0
6272 0
6273 1
6274 2
6275 0
6276 0
6277 0
6278 1
6279 2
6280 2
6281 0
6282 5
6283 6
6284 2
6285 4
6286 5
6287 3
6288 3
6289 6
6290 5
6291 3
6292 6
6293 2
6294 6
6295 4
6296 5
6297 3
6298 3
6299 2
6300 2
6301 4
6302 1
6303 3
6304 0
6305 0
6306 0
6307 1
6308 0
6309 0
6310 0
6311 0
6312 0
6313 0
6314 1
6315 1
6316 0
6317 1
6318 1
6319 1
6320 2
6321 0
6322 1
6323 0
6324 1
6325 1
6326 0
6327 1
6328 1
6329 1
6330 2
6331 0
6332 0
6333 1
6334 0
6335 0
6336 0
6337 0
6338 2
6339 2
6340 1
6341 2
6342 0
6343 0
6344 2
6345 0
6346 0
6347 1
6348 0
6349 1
6350 0
6351 0
6352 1
6353 0
6354 0
6355 1
6356 0
6357 2
6358 0
6359 1
6360 0
6361 0
6362 2
6363 0
6364 0
6365 3
6366 1
6367 1
6368 0
6369 1
6370 1
6371 1
6372 0
6373 0
6374 1
6375 0
6376 2
6377 0
6378 0
6379 2
6380 0
6381 0
6382 0
6383 0
6384 1
6385 0
6386 0
6387 1
6388 1
6389 2
6390 2
6391 2
6392 0
6393 1
6394 0
6395 1
6396 1
6397 0
6398 2
6399 1
6400 0
6401 1
6402 0
6403 2
6404 0
6405 0
6406 0
6407 0
6408 0
6409 0
6410 0
6411 2
6412 0
6413 1
6414 0
6415 0
6416 1
6417 0
6418 1
6419 1
6420 0
6421 0
6422 1
6423 2
6424 0
6425 1
6426 1
6427 0
6428 0
6429 1
6430 0
6431 0
6432 2
6433 0
6434 0
6435 0
6436 0
6437 0
6438 2
6439 0
6440 1
6441 1
6442 2
6443 0
6444 2
6445 2
6446 2
6447 2
6448 2
6449 0
6450 0
6451 1
6452 0
6453 2
6454 1
6455 0
6456 1
6457 0
6458 1
6459 1
6460 1
6461 0
6462 3
6463 1
6464 1
6465 1
6466 3
6467 0
6468 0
6469 0
6470 1
6471 1
6472 0
6473 0
6474 0
6475 1
6476 1
6477 1
6478 0
6479 0
6480 1
6481 1
6482 1
6483 0
6484 0
6485 0
6486 0
6487 3
6488 0
6489 1
6490 1
6491 0
6492 0
6493 0
6494 0
6495 0
6496 0
6497 0
6498 0
6499 0
6500 0
6501 1
6502 1
6503 0
6504 1
6505 0
6506 0
6507 2
6508 1
6509 1
6510 2
6511 1
6512 3
6513 1
6514 1
6515 0
6516 0
6517 1
6518 0
6519 0
6520 1
6521 0
6522 1
6523 1
6524 1
6525 2
6526 1
6527 1
6528 1
6529 0
6530 1
6531 0
6532 1
6533 1
6534 0
6535 2
6536 0
6537 0
6538 0
6539 2
6540 3
6541 2
6542 0
6543 3
6544 2
6545 1
6546 0
6547 0
6548 0
6549 1
6550 0
6551 0
6552 1
6553 1
6554 0
6555 1
6556 2
6557 0
6558 3
6559 2
6560 1
6561 3
6562 2
6563 2
6564 2
6565 1
6566 3
6567 3
6568 4
6569 5
6570 2
6571 3
6572 4
6573 4
6574 6
6575 4
6576 4
6577 5
6578 8
6579 9
6580 1
6581 4
6582 5
6583 2
6584 2
6585 1
6586 1
6587 3
6588 1
6589 1
6590 1
6591 1
6592 0
6593 0
6594 0
6595 2
6596 1
6597 1
6598 2
6599 1
6600 1
6601 1
6602 0
6603 0
6604 1
6605 1
6606 2
6607 1
6608 1
6609 0
6610 0
6611 2
6612 0
6613 1
6614 0
6615 1
6616 2
6617 0
6618 0
6619 0
6620 1
6621 1
6622 0
6623 0
6624 0
6625 0
6626 1
6627 0
6628 1
6629 1
6630 2
6631 0
6632 1
6633 0
6634 2
6635 1
6636 0
6637 0
6638 0
6639 0
6640 1
6641 0
6642 1
6643 0
6644 0
6645 0
6646 3
6647 1
6648 0
6649 0
6650 0
6651 0
6652 0
6653 1
6654 0
6655 0
6656 0
6657 0
6658 2
6659 0
6660 0
6661 1
6662 0
6663 0
6664 0
6665 0
6666 0
6667 0
6668 2
6669 0
6670 0
6671 1
6672 2
6673 3
6674 0
6675 2
6676 1
6677 0
6678 0
6679 0
6680 0
6681 1
6682 1
6683 3
6684 0
6685 1
6686 1
6687 1
6688 0
6689 2
6690 0
6691 0
6692 0
6693 0
6694 1
6695 1
6696 0
6697 0
6698 1
6699 1
6700 0
6701 1
6702 1
6703 0
6704 0
6705 0
6706 1
6707 1
6708 0
6709 0
6710 0
6711 0
6712 0
6713 0
6714 1
6715 1
6716 1
6717 0
6718 2
6719 0
6720 0
6721 0
6722 1
6723 1
6724 0
6725 2
6726 0
6727 0
6728 0
6729 0
6730 0
6731 0
6732 1
6733 1
6734 1
6735 2
6736 1
6737 0
6738 2
6739 0
6740 2
6741 1
6742 0
6743 0
6744 0
6745 1
6746 1
6747 0
6748 0
6749 1
6750 0
6751 1
6752 0
6753 0
6754 1
6755 0
6756 0
6757 1
6758 2
6759 0
6760 1
6761 0
6762 0
6763 2
6764 0
6765 0
6766 1
6767 0
6768 0
6769 0
6770 0
6771 1
6772 0
6773 0
6774 1
6775 1
6776 1
6777 1
6778 0
6779 1
6780 0
6781 1
6782 0
6783 3
6784 0
6785 0
6786 2
6787 2
6788 0
6789 0
6790 1
6791 1
6792 2
6793 0
6794 0
6795 0
6796 0
6797 1
6798 0
6799 2
6800 0
6801 0
6802 0
6803 1
6804 0
6805 2
6806 0
6807 1
6808 1
6809 0
6810 3
6811 1
6812 0
6813 0
6814 1
6815 0
6816 1
6817 0
6818 0
6819 0
6820 1
6821 1
6822 3
6823 3
6824 1
6825 1
6826 1
6827 1
6828 0
6829 2
6830 1
6831 1
6832 0
6833 0
6834 0
6835 0
6836 2
6837 1
6838 0
6839 0
6840 0
6841 0
6842 0
6843 0
6844 1
6845 0
6846 2
6847 0
6848 0
6849 0
6850 5
6851 2
6852 1
6853 0
6854 1
6855 0
6856 1
6857 0
6858 0
6859 0
6860 0
6861 1
6862 0
6863 0
6864 1
6865 0
6866 1
6867 0
6868 0
6869 1
6870 1
6871 0
6872 2
6873 0
6874 2
6875 0
6876 0
6877 0
6878 2
6879 0
6880 1
6881 0
6882 0
6883 0
6884 0
6885 1
6886 1
6887 1
6888 1
6889 1
6890 1
6891 0
6892 1
6893 1
6894 0
6895 0
6896 1
6897 0
6898 0
6899 1
6900 3
6901 0
6902 2
6903 0
6904 0
6905 1
6906 1
6907 0
6908 0
6909 1
6910 3
6911 0
6912 0
6913 0
6914 0
6915 1
6916 2
6917 0
6918 0
6919 0
6920 1
6921 2
6922 1
6923 2
6924 2
6925 0
6926 3
6927 1
6928 0
6929 1
6930 0
6931 0
6932 2
6933 0
6934 2
6935 0
6936 0
6937 2
6938 2
6939 1
6940 0
6941 2
6942 3
6943 1
6944 1
6945 0
6946 1
6947 1
6948 0
6949 0
6950 1
6951 2
6952 0
6953 0
6954 1
6955 0
6956 1
6957 0
6958 1
6959 0
6960 1
6961 0
6962 0
6963 0
6964 1
6965 2
6966 0
6967 0
6968 0
6969 0
6970 2
6971 1
6972 1
6973 0
6974 0
6975 2
6976 1
6977 0
6978 0
6979 1
6980 0
6981 1
6982 1
6983 0
6984 0
6985 2
6986 3
6987 1
6988 4
6989 0
6990 1
6991 1
6992 1
6993 0
6994 0
6995 0
6996 1
6997 0
6998 0
6999 0
7000 0
7001 2
7002 0
7003 1
7004 0
7005 1
7006 0
7007 1
7008 0
7009 0
7010 0
7011 0
7012 0
7013 0
7014 0
7015 0
7016 0
7017 1
7018 0
7019 0
7020 0
7021 1
7022 0
7023 0
7024 3
7025 0
7026 1
7027 3
7028 0
7029 1
7030 1
7031 1
7032 0
7033 2
7034 1
7035 1
7036 1
7037 1
7038 2
7039 0
7040 0
7041 1
7042 0
7043 0
7044 0
7045 2
7046 0
7047 1
7048 1
7049 0
7050 0
7051 1
7052 0
7053 0
7054 0
7055 1
7056 0
7057 0
7058 0
7059 1
7060 0
7061 1
7062 4
7063 1
7064 0
7065 0
7066 1
7067 1
7068 0
7069 1
7070 1
7071 1
7072 0
7073 0
7074 0
7075 0
7076 0
7077 0
7078 0
7079 0
7080 0
7081 0
7082 2
7083 0
7084 0
7085 0
7086 0
7087 0
7088 0
7089 1
7090 1
7091 0
7092 0
7093 1
7094 1
7095 0
7096 0
7097 0
7098 1
7099 0
7100 1
7101 0
7102 1
7103 2
7104 1
7105 1
7106 1
7107 2
7108 0
7109 1
7110 2
7111 0
7112 0
7113 1
7114 0
7115 0
7116 0
7117 1
7118 0
7119 0
7120 0
7121 0
7122 0
7123 0
7124 1
7125 0
7126 1
7127 0
7128 0
7129 0
7130 0
7131 0
7132 1
7133 0
7134 2
7135 1
7136 1
7137 1
7138 0
7139 0
7140 1
7141 5
7142 2
7143 0
7144 0
7145 1
7146 3
7147 0
7148 0
7149 1
7150 1
7151 0
7152 0
7153 1
7154 0
7155 1
7156 0
7157 0
7158 1
7159 0
7160 0
7161 0
7162 0
7163 0
7164 2
7165 0
7166 1
7167 0
7168 1
7169 0
7170 0
7171 2
7172 0
7173 1
7174 1
7175 0
7176 2
7177 1
7178 1
7179 1
7180 2
7181 1
7182 1
7183 0
7184 2
7185 1
7186 0
7187 0
7188 1
7189 0
7190 0
7191 1
7192 0
7193 0
7194 1
7195 0
7196 0
7197 0
7198 1
7199 1
7200 0
7201 0
7202 0
7203 0
7204 0
7205 0
7206 0
7207 0
7208 1
7209 1
7210 0
7211 2
7212 1
7213 0
7214 0
7215 0
7216 2
7217 1
7218 1
7219 2
7220 0
7221 0
7222 0
7223 0
7224 1
7225 1
7226 1
7227 1
7228 1
7229 0
7230 0
7231 0
7232 1
7233 0
7234 1
7235 0
7236 1
7237 0
7238 0
7239 1
7240 1
7241 1
7242 1
7243 0
7244 1
7245 1
7246 1
7247 0
7248 0
7249 1
7250 0
7251 0
7252 1
7253 1
7254 0
7255 0
7256 1
7257 1
7258 0
7259 2
7260 2
7261 1
7262 0
7263 2
7264 1
7265 0
7266 0
7267 0
7268 0
7269 1
7270 0
7271 1
7272 1
7273 0
7274 0
7275 0
7276 1
7277 1
7278 0
7279 0
7280 1
7281 1
7282 0
7283 0
7284 1
7285 0
7286 0
7287 0
7288 0
7289 0
7290 1
7291 1
7292 0
7293 0
7294 1
7295 0
7296 0
7297 1
7298 1
7299 2
7300 0
7301 1
7302 0
7303 2
7304 0
7305 1
7306 0
7307 1
7308 0
7309 0
7310 1
7311 0
7312 0
7313 0
7314 0
7315 0
7316 0
7317 2
7318 2
7319 1
7320 1
7321 0
7322 1
7323 0
7324 1
7325 1
7326 0
7327 0
7328 1
7329 0
7330 0
7331 0
7332 0
7333 1
7334 0
7335 2
7336 0
7337 0
7338 0
7339 0
7340 0
7341 0
7342 1
7343 1
7344 0
7345 1
7346 0
7347 1
7348 1
7349 0
7350 0
7351 2
7352 0
7353 3
7354 2
7355 0
7356 0
7357 1
7358 0
7359 1
7360 0
7361 0
7362 0
7363 1
7364 1
7365 2
7366 1
7367 0
7368 0
7369 0
7370 0
7371 0
7372 0
7373 2
7374 0
7375 2
7376 1
7377 0
7378 0
7379 0
7380 3
7381 2
7382 0
7383 0
7384 1
7385 1
7386 0
7387 1
7388 0
7389 2
7390 0
7391 0
7392 1
7393 0
7394 0
7395 2
7396 0
7397 0
7398 0
7399 1
7400 0
7401 0
7402 0
7403 0
7404 1
7405 0
7406 1
7407 0
7408 0
7409 0
7410 1
7411 0
7412 0
7413 1
7414 1
7415 0
7416 1
7417 0
7418 0
7419 0
7420 0
7421 1
7422 0
7423 1
7424 1
7425 1
7426 1
7427 0
7428 1
7429 1
7430 1
7431 0
7432 1
7433 1
7434 1
7435 1
7436 0
7437 1
7438 0
7439 1
7440 1
7441 1
7442 0
7443 0
7444 0
7445 2
7446 2
7447 1
7448 1
7449 0
7450 0
7451 1
7452 1
7453 0
7454 0
7455 1
7456 0
7457 1
7458 1
7459 0
7460 0
7461 0
7462 0
7463 0
7464 1
7465 2
7466 2
7467 0
7468 0
7469 0
7470 1
7471 1
7472 0
7473 0
7474 1
7475 0
7476 0
7477 0
7478 0
7479 0
7480 1
7481 2
7482 1
7483 0
7484 0
7485 0
7486 0
7487 1
7488 1
7489 0
7490 1
7491 0
7492 2
7493 1
7494 1
7495 0
7496 1
7497 0
7498 1
7499 0
7500 0
7501 0
7502 2
7503 0
7504 1
7505 1
7506 1
7507 1
7508 2
7509 0
7510 2
7511 0
7512 1
7513 0
7514 1
7515 0
7516 1
7517 0
7518 0
7519 1
7520 0
7521 1
7522 0
7523 0
7524 0
7525 0
7526 1
7527 0
7528 0
7529 0
7530 1
7531 2
7532 0
7533 1
7534 0
7535 2
7536 1
7537 1
7538 1
7539 0
7540 2
7541 0
7542 0
7543 0
7544 0
7545 3
7546 0
7547 0
7548 2
7549 0
7550 0
7551 0
7552 0
7553 2
7554 1
7555 0
7556 1
7557 1
7558 0
7559 0
7560 1
7561 1
7562 0
7563 1
7564 0
7565 0
7566 1
7567 1
7568 2
7569 1
7570 0
7571 1
7572 1
7573 1
7574 3
7575 1
7576 0
7577 1
7578 0
7579 0
7580 0
7581 0
7582 1
7583 0
7584 0
7585 1
7586 0
7587 1
7588 0
7589 1
7590 0
7591 1
7592 1
7593 3
7594 2
7595 0
7596 0
7597 0
7598 1
7599 0
7600 1
7601 0
7602 2
7603 2
7604 0
7605 1
7606 0
7607 0
7608 1
7609 1
7610 1
7611 1
7612 2
7613 0
7614 0
7615 2
7616 0
7617 0
7618 0
7619 0
7620 0
7621 0
7622 0
7623 1
7624 1
7625 1
7626 1
7627 0
7628 0
7629 0
7630 0
7631 0
7632 1
7633 0
7634 0
7635 0
7636 0
7637 0
7638 0
7639 0
7640 1
7641 1
7642 1
7643 0
7644 0
7645 1
7646 0
7647 0
7648 1
7649 1
7650 0
7651 1
7652 1
7653 0
7654 0
7655 2
7656 1
7657 0
7658 0
7659 0
7660 0
7661 0
7662 0
7663 1
7664 1
7665 1
7666 0
7667 1
7668 0
7669 1
7670 2
7671 1
7672 0
7673 1
7674 0
7675 1
7676 1
7677 0
7678 0
7679 2
7680 0
7681 1
7682 0
7683 0
7684 1
7685 0
7686 0
7687 0
7688 0
7689 0
7690 0
7691 1
7692 0
7693 0
7694 1
7695 0
7696 0
7697 1
7698 0
7699 0
7700 0
7701 1
7702 1
7703 0
7704 0
7705 1
7706 0
7707 0
7708 1
7709 0
7710 0
7711 2
7712 1
7713 0
7714 1
7715 1
7716 1
7717 1
7718 0
7719 1
7720 0
7721 0
7722 0
7723 0
7724 0
7725 0
7726 0
7727 0
7728 0
7729 0
7730 1
7731 1
7732 0
7733 0
7734 0
7735 0
7736 0
7737 0
7738 0
7739 1
7740 0
7741 0
7742 1
7743 0
7744 0
7745 0
7746 2
7747 1
7748 0
7749 1
7750 0
7751 0
7752 0
7753 0
7754 0
7755 0
7756 0
7757 0
7758 0
7759 1
7760 1
7761 0
7762 0
7763 0
7764 3
7765 0
7766 1
7767 1
7768 0
7769 0
7770 0
7771 1
7772 0
7773 0
7774 0
7775 1
7776 1
7777 1
7778 0
7779 0
7780 0
7781 1
7782 0
7783 0
7784 1
7785 0
7786 1
7787 0
7788 0
7789 1
7790 0
7791 2
7792 0
7793 0
7794 0
7795 2
7796 0
7797 2
7798 2
7799 0
7800 0
7801 1
7802 1
7803 1
7804 2
7805 0
7806 0
7807 1
7808 0
7809 0
7810 1
7811 2
7812 0
7813 2
7814 1
7815 1
7816 1
7817 0
7818 0
7819 0
7820 1
7821 1
7822 0
7823 0
7824 0
7825 2
7826 2
7827 1
7828 0
7829 1
7830 0
7831 0
7832 1
7833 0
7834 0
7835 1
7836 0
7837 1
7838 0
7839 0
7840 1
7841 1
7842 0
7843 0
7844 0
7845 3
7846 2
7847 0
7848 2
7849 1
7850 0
7851 0
7852 1
7853 1
7854 0
7855 0
7856 2
7857 1
7858 1
7859 0
7860 0
7861 0
7862 0
7863 0
7864 0
7865 1
7866 1
7867 0
7868 1
7869 0
7870 0
7871 1
7872 0
7873 1
7874 1
7875 0
7876 0
7877 1
7878 1
7879 0
7880 3
7881 1
7882 0
7883 2
7884 0
7885 0
7886 0
7887 0
7888 1
7889 0
7890 0
7891 0
7892 0
7893 0
7894 0
7895 0
7896 0
7897 0
7898 0
7899 1
7900 0
7901 0
7902 0
7903 0
7904 0
7905 1
7906 0
7907 0
7908 0
7909 0
7910 0
7911 1
7912 0
7913 0
7914 0
7915 0
7916 2
7917 0
7918 0
7919 0
7920 0
7921 1
7922 0
7923 1
7924 0
7925 0
7926 0
7927 0
7928 0
7929 1
7930 1
7931 1
7932 2
7933 2
7934 0
7935 0
7936 0
7937 0
7938 2
7939 1
7940 0
7941 2
7942 0
7943 1
7944 0
7945 0
7946 0
7947 0
7948 1
7949 1
7950 0
7951 1
7952 0
7953 0
7954 1
7955 1
7956 0
7957 1
7958 0
7959 1
7960 1
7961 0
7962 1
7963 0
7964 0
7965 2
7966 0
7967 0
7968 0
7969 0
7970 1
7971 0
7972 0
7973 2
7974 1
7975 0
7976 1
7977 1
7978 0
7979 0
7980 0
7981 2
7982 0
7983 0
7984 1
7985 0
7986 2
7987 0
7988 0
7989 1
7990 1
7991 0
7992 0
7993 0
7994 1
7995 0
7996 0
7997 1
7998 0
7999 1
8000 0
8001 0
8002 1
8003 1
8004 0
8005 1
8006 1
8007 1
8008 0
8009 0
8010 0
8011 0
8012 0
8013 1
8014 1
8015 0
8016 1
8017 1
8018 0
8019 0
8020 1
8021 1
8022 1
8023 0
8024 0
8025 0
8026 0
8027 0
8028 0
8029 1
8030 1
8031 0
8032 1
8033 1
8034 0
8035 1
8036 1
8037 1
8038 1
8039 1
8040 2
8041 0
8042 0
8043 0
8044 0
8045 1
8046 1
8047 1
8048 0
8049 1
8050 1
8051 0
8052 1
8053 0
8054 0
8055 0
8056 0
8057 0
8058 0
8059 0
8060 2
8061 1
8062 0
8063 0
8064 1
8065 1
8066 1
8067 1
8068 1
8069 1
8070 0
8071 0
8072 1
8073 0
8074 0
8075 2
8076 0
8077 1
8078 0
8079 1
8080 0
8081 1
8082 0
8083 0
8084 0
8085 2
8086 0
8087 0
8088 1
8089 0
8090 2
8091 1
8092 0
8093 1
8094 1
8095 1
8096 1
8097 2
8098 0
8099 0
8100 0
8101 0
8102 0
8103 0
8104 0
8105 0
8106 0
8107 1
8108 0
8109 0
8110 0
8111 1
8112 1
8113 0
8114 2
8115 0
8116 0
8117 0
8118 0
8119 0
8120 0
8121 0
8122 1
8123 0
8124 1
8125 0
8126 0
8127 1
8128 0
8129 0
8130 0
8131 1
8132 0
8133 0
8134 0
8135 0
8136 2
8137 2
8138 1
8139 1
8140 1
8141 0
8142 0
8143 1
8144 0
8145 0
8146 0
8147 0
8148 1
8149 2
8150 0
8151 1
8152 1
8153 1
8154 1
8155 1
8156 0
8157 0
8158 0
8159 0
8160 1
8161 0
8162 1
8163 2
8164 1
8165 1
8166 1
8167 0
8168 2
8169 1
8170 2
8171 0
8172 1
8173 0
8174 0
8175 0
8176 0
8177 0
8178 1
8179 0
8180 2
8181 0
8182 1
8183 2
8184 0
8185 0
8186 0
8187 0
8188 1
8189 2
8190 0
8191 0
8192 0
8193 0
8194 0
8195 2
8196 0
8197 2
8198 0
8199 0
8200 0
8201 0
8202 0
8203 0
8204 0
8205 0
8206 2
8207 0
8208 0
8209 2
8210 1
8211 1
8212 0
8213 0
8214 0
8215 1
8216 0
8217 0
8218 0
8219 1
8220 0
8221 0
8222 1
8223 1
8224 0
8225 0
8226 0
8227 0
8228 0
8229 0
8230 0
8231 2
8232 2
8233 0
8234 0
8235 1
8236 0
8237 1
8238 0
8239 1
8240 1
8241 1
8242 1
8243 0
8244 2
8245 0
8246 0
8247 0
8248 0
8249 1
8250 2
8251 0
8252 1
8253 0
8254 0
8255 0
8256 2
8257 0
8258 2
8259 0
8260 0
8261 1
8262 0
8263 0
8264 0
8265 1
8266 0
8267 1
8268 1
8269 2
8270 0
8271 0
8272 1
8273 0
8274 0
8275 0
8276 1
8277 0
8278 0
8279 1
8280 0
8281 1
8282 0
8283 0
8284 0
8285 0
8286 0
8287 3
8288 1
8289 0
8290 0
8291 2
8292 0
8293 2
8294 0
8295 2
8296 0
8297 0
8298 1
8299 0
8300 1
8301 0
8302 0
8303 1
8304 0
8305 1
8306 1
8307 1
8308 0
8309 2
8310 0
8311 1
8312 0
8313 1
8314 0
8315 0
8316 0
8317 0
8318 0
8319 3
8320 0
8321 0
8322 0
8323 0
8324 0
8325 0
8326 0
8327 2
8328 0
8329 0
8330 1
8331 0
8332 0
8333 0
8334 1
8335 1
8336 0
8337 0
8338 1
8339 2
8340 0
8341 0
8342 0
8343 0
8344 0
8345 0
8346 0
8347 0
8348 0
8349 1
8350 0
8351 0
8352 0
8353 0
8354 0
8355 1
8356 2
8357 0
8358 1
8359 0
8360 0
8361 0
8362 0
8363 0
8364 0
8365 0
8366 0
8367 1
8368 0
8369 0
8370 1
8371 0
8372 1
8373 1
8374 1
8375 0
8376 2
8377 1
8378 0
8379 1
8380 0
8381 0
8382 0
8383 2
8384 0
8385 0
8386 1
8387 0
8388 0
8389 0
8390 1
8391 0
8392 0
8393 1
8394 1
8395 0
8396 1
8397 0
8398 0
8399 0
8400 1
8401 0
8402 0
8403 0
8404 0
8405 3
8406 1
8407 1
8408 0
8409 2
8410 0
8411 1
8412 0
8413 1
8414 0
8415 0
8416 0
8417 0
8418 0
8419 0
8420 1
8421 2
8422 1
8423 1
8424 0
8425 1
8426 0
8427 0
8428 2
8429 1
8430 0
8431 1
8432 0
8433 1
8434 0
8435 0
8436 0
8437 1
8438 1
8439 1
8440 1
8441 1
8442 0
8443 1
8444 1
8445 0
8446 0
8447 1
8448 1
8449 0
8450 0
8451 1
8452 0
8453 0
8454 1
8455 0
8456 1
8457 0
8458 0
8459 1
8460 0
8461 0
8462 0
8463 0
8464 0
8465 2
8466 0
8467 1
8468 0
8469 0
8470 1
8471 0
8472 1
8473 0
8474 1
8475 0
8476 0
8477 2
8478 0
8479 1
8480 0
8481 0
8482 0
8483 1
8484 0
8485 1
8486 0
8487 1
8488 0
8489 2
8490 1
8491 0
8492 1
8493 0
8494 0
8495 0
8496 1
8497 1
8498 0
8499 0
8500 0
8501 2
8502 1
8503 0
8504 2
8505 1
8506 0
8507 0
8508 0
8509 0
8510 0
8511 1
8512 0
8513 1
8514 0
8515 1
8516 0
8517 0
8518 1
8519 0
8520 1
8521 2
8522 1
8523 0
8524 0
8525 0
8526 0
8527 0
8528 0
8529 0
8530 1
8531 0
8532 0
8533 0
8534 1
8535 1
8536 1
8537 1
8538 2
8539 0
8540 1
8541 1
8542 0
8543 0
8544 2
8545 0
8546 0
8547 0
8548 0
8549 0
8550 1
8551 1
8552 0
8553 0
8554 0
8555 1
8556 1
8557 0
8558 0
8559 2
8560 0
8561 0
8562 0
8563 1
8564 0
8565 1
8566 1
8567 0
8568 2
8569 0
8570 1
8571 2
8572 0
8573 1
8574 0
8575 1
8576 1
8577 0
8578 2
8579 0
8580 1
8581 1
8582 4
8583 1
8584 0
8585 1
8586 1
8587 0
8588 0
8589 1
8590 0
8591 0
8592 1
8593 0
8594 0
8595 0
8596 0
8597 0
8598 0
8599 0
8600 0
8601 0
8602 0
8603 0
8604 2
8605 0
8606 1
8607 0
8608 1
8609 0
8610 1
8611 1
8612 1
8613 0
8614 0
8615 1
8616 2
8617 0
8618 0
8619 1
8620 0
8621 0
8622 1
8623 0
8624 1
8625 0
8626 0
8627 0
8628 0
8629 0
8630 0
8631 0
8632 0
8633 0
8634 1
8635 0
8636 0
8637 2
8638 1
8639 1
8640 0
8641 2
8642 0
8643 0
8644 0
8645 0
8646 0
8647 0
8648 0
8649 1
8650 0
8651 1
8652 0
8653 0
8654 0
8655 0
8656 0
8657 2
8658 1
8659 0
8660 1
8661 1
8662 0
8663 0
8664 0
8665 0
8666 0
8667 0
8668 0
8669 0
8670 0
8671 1
8672 1
8673 1
8674 1
8675 1
8676 0
8677 1
8678 2
8679 0
8680 0
8681 1
8682 0
8683 0
8684 1
8685 1
8686 0
8687 0
8688 0
8689 0
8690 0
8691 0
8692 0
8693 0
8694 2
8695 0
8696 3
8697 0
8698 2
8699 1
8700 0
8701 0
8702 2
8703 0
8704 1
8705 0
8706 0
8707 0
8708 0
8709 0
8710 0
8711 1
8712 0
8713 0
8714 1
8715 1
8716 2
8717 1
8718 0
8719 0
8720 0
8721 1
8722 0
8723 0
8724 1
8725 1
8726 0
8727 1
8728 1
8729 0
8730 0
8731 0
8732 0
8733 0
8734 2
8735 1
8736 0
8737 1
8738 0
8739 0
8740 0
8741 0
8742 0
8743 0
8744 0
8745 0
8746 0
8747 0
8748 0
8749 1
8750 0
8751 1
8752 0
8753 1
8754 1
8755 2
8756 2
8757 0
8758 1
8759 1
8760 0
8761 2
8762 0
8763 0
8764 0
8765 1
8766 1
8767 0
8768 0
8769 0
8770 3
8771 1
8772 1
8773 0
8774 0
8775 1
8776 0
8777 0
8778 0
8779 0
8780 1
8781 2
8782 1
8783 0
8784 1
8785 0
8786 1
8787 2
8788 0
8789 1
8790 1
8791 0
8792 0
8793 0
8794 0
8795 1
8796 0
8797 0
8798 0
8799 0
8800 0
8801 0
8802 0
8803 1
8804 0
8805 1
8806 0
8807 0
8808 0
8809 0
8810 1
8811 0
8812 2
8813 1
8814 2
8815 1
8816 0
8817 0
8818 1
8819 0
8820 0
8821 0
8822 0
8823 0
8824 2
8825 0
8826 2
8827 0
8828 0
8829 0
8830 0
8831 0
8832 1
8833 0
8834 1
8835 0
8836 1
8837 0
8838 0
8839 0
8840 0
8841 1
8842 1
8843 0
8844 2
8845 0
8846 1
8847 0
8848 0
8849 0
8850 1
8851 0
8852 1
8853 0
8854 0
8855 2
8856 0
8857 1
8858 3
8859 2
8860 1
8861 0
8862 1
8863 0
8864 0
8865 0
8866 0
8867 1
8868 1
8869 0
8870 1
8871 0
8872 0
8873 0
8874 1
8875 0
8876 1
8877 0
8878 0
8879 0
8880 0
8881 0
8882 1
8883 1
8884 1
8885 0
8886 0
8887 0
8888 0
8889 1
8890 0
8891 0
8892 1
8893 0
8894 0
8895 0
8896 0
8897 0
8898 1
8899 0
8900 0
8901 1
8902 1
8903 0
8904 0
8905 0
8906 1
8907 0
8908 0
8909 0
8910 1
8911 1
8912 0
8913 0
8914 2
8915 0
8916 0
8917 0
8918 2
8919 1
8920 0
8921 0
8922 0
8923 0
8924 0
8925 1
8926 0
8927 1
8928 1
8929 0
8930 0
8931 1
8932 0
8933 1
8934 0
8935 1
8936 0
8937 0
8938 0
8939 0
8940 0
8941 1
8942 0
8943 0
8944 0
8945 0
8946 1
8947 1
8948 0
8949 1
8950 0
8951 0
8952 1
8953 1
8954 0
8955 0
8956 0
8957 1
8958 0
8959 0
8960 0
8961 0
8962 0
8963 1
8964 2
8965 0
8966 1
8967 1
8968 1
8969 0
8970 1
8971 1
8972 0
8973 0
8974 0
8975 1
8976 0
8977 0
8978 0
8979 0
8980 1
8981 0
8982 1
8983 0
8984 0
8985 1
8986 0
8987 1
8988 2
8989 0
8990 1
8991 0
8992 0
8993 1
8994 1
8995 0
8996 1
8997 0
8998 0
8999 0
9000 1
9001 1
9002 1
9003 0
9004 1
9005 0
9006 0
9007 0
9008 2
9009 0
9010 1
9011 1
9012 0
9013 0
9014 0
9015 1
9016 1
9017 0
9018 1
9019 2
9020 0
9021 0
9022 0
9023 1
9024 2
9025 1
9026 0
9027 1
9028 1
9029 1
9030 0
9031 1
9032 2
9033 0
9034 0
9035 0
9036 0
9037 0
9038 0
9039 0
9040 0
9041 0
9042 0
9043 0
9044 0
9045 0
9046 0
9047 1
9048 0
9049 0
9050 0
9051 0
9052 0
9053 0
9054 0
9055 0
9056 2
9057 0
9058 1
9059 1
9060 0
9061 0
9062 1
9063 1
9064 0
9065 0
9066 0
9067 1
9068 1
9069 0
9070 2
9071 0
9072 1
9073 0
9074 0
9075 0
9076 1
9077 1
9078 0
9079 0
9080 0
9081 3
9082 0
9083 2
9084 3
9085 1
9086 0
9087 0
9088 1
9089 0
9090 1
9091 2
9092 1
9093 0
9094 0
9095 0
9096 0
9097 0
9098 0
9099 0
9100 0
9101 0
9102 1
9103 0
9104 0
9105 0
9106 0
9107 1
9108 0
9109 0
9110 0
9111 1
9112 0
9113 0
9114 0
9115 0
9116 1
9117 0
9118 0
9119 0
9120 0
9121 0
9122 0
9123 2
9124 0
9125 2
9126 0
9127 0
9128 0
9129 0
9130 1
9131 1
9132 0
9133 1
9134 0
9135 0
9136 0
9137 3
9138 0
9139 1
9140 0
9141 1
9142 1
9143 1
9144 1
9145 1
9146 1
9147 0
9148 0
9149 0
9150 0
9151 0
9152 1
9153 0
9154 2
9155 0
9156 0
9157 1
9158 0
9159 1
9160 0
9161 0
9162 1
9163 0
9164 2
9165 0
9166 0
9167 0
9168 0
9169 0
9170 1
9171 0
9172 1
9173 0
9174 0
9175 1
9176 1
9177 0
9178 2
9179 0
9180 0
9181 0
9182 0
9183 0
9184 0
9185 0
9186 1
9187 0
9188 0
9189 0
9190 0
9191 1
9192 0
9193 1
9194 1
9195 1
9196 0
9197 0
9198 1
9199 2
9200 0
9201 1
9202 0
9203 0
9204 0
9205 0
9206 0
9207 1
9208 0
9209 0
9210 1
9211 1
9212 0
9213 1
9214 0
9215 0
9216 1
9217 1
9218 1
9219 1
9220 0
9221 1
9222 0
9223 0
9224 0
9225 0
9226 0
9227 0
9228 0
9229 0
9230 0
9231 1
9232 2
9233 0
9234 0
9235 0
9236 0
9237 1
9238 0
9239 0
9240 0
9241 0
9242 0
9243 0
9244 2
9245 0
9246 1
9247 1
9248 0
9249 0
9250 1
9251 0
9252 0
9253 1
9254 0
9255 0
9256 1
9257 0
9258 0
9259 2
9260 0
9261 0
9262 0
9263 0
9264 0
9265 1
9266 0
9267 0
9268 0
9269 1
9270 1
9271 0
9272 0
9273 1
9274 0
9275 1
9276 0
9277 0
9278 2
9279 0
9280 1
9281 1
9282 1
9283 0
9284 1
9285 1
9286 1
9287 1
9288 1
9289 0
9290 0
9291 0
9292 1
9293 0
9294 1
9295 0
9296 0
9297 1
9298 1
9299 0
9300 0
9301 0
9302 0
9303 1
9304 2
9305 0
9306 0
9307 0
9308 0
9309 0
9310 0
9311 0
9312 0
9313 0
9314 0
9315 0
9316 0
9317 1
9318 1
9319 1
9320 1
9321 0
9322 1
9323 0
9324 1
9325 1
9326 1
9327 0
9328 0
9329 0
9330 1
9331 1
9332 1
9333 0
9334 0
9335 0
9336 0
9337 0
9338 1
9339 0
9340 0
9341 0
9342 1
9343 1
9344 1
9345 0
9346 0
9347 1
9348 1
9349 2
9350 2
9351 2
9352 1
9353 2
9354 0
9355 1
9356 0
9357 0
9358 0
9359 0
9360 3
9361 1
9362 0
9363 0
9364 2
9365 1
9366 0
9367 2
9368 0
9369 0
9370 1
9371 0
9372 1
9373 1
9374 0
9375 0
9376 1
9377 1
9378 0
9379 1
9380 0
9381 0
9382 3
9383 1
9384 0
9385 0
9386 0
9387 1
9388 0
9389 0
9390 0
9391 0
9392 1
9393 0
9394 0
9395 0
9396 0
9397 0
9398 1
9399 0
9400 0
9401 0
9402 1
9403 0
9404 0
9405 0
9406 1
9407 1
9408 0
9409 0
9410 0
9411 0
9412 0
9413 0
9414 0
9415 0
9416 0
9417 0
9418 1
9419 1
9420 0
9421 0
9422 1
9423 0
9424 1
9425 0
9426 1
9427 0
9428 0
9429 0
9430 1
9431 0
9432 1
9433 1
9434 0
9435 0
9436 1
9437 0
9438 0
9439 1
9440 0
9441 0
9442 0
9443 0
9444 0
9445 0
9446 1
9447 0
9448 0
9449 0
9450 1
9451 1
9452 1
9453 1
9454 1
9455 0
9456 0
9457 2
9458 0
9459 0
9460 1
9461 0
9462 0
9463 0
9464 1
9465 0
9466 1
9467 1
9468 1
9469 0
9470 0
9471 0
9472 0
9473 0
9474 0
9475 2
9476 0
9477 0
9478 1
9479 0
9480 0
9481 0
9482 0
9483 0
9484 0
9485 0
9486 0
9487 0
9488 0
9489 0
9490 0
9491 0
9492 1
9493 2
9494 1
9495 0
9496 0
9497 1
9498 0
9499 1
9500 1
9501 0
9502 0
9503 0
9504 1
9505 1
9506 0
9507 1
9508 0
9509 0
9510 0
9511 2
9512 0
9513 0
9514 2
9515 0
9516 0
9517 0
9518 1
9519 1
9520 1
9521 0
9522 0
9523 1
9524 0
9525 0
9526 0
9527 0
9528 0
9529 0
9530 2
9531 0
9532 0
9533 0
9534 0
9535 0
9536 0
9537 0
9538 1
9539 0
9540 0
9541 0
9542 0
9543 0
9544 0
9545 0
9546 1
9547 0
9548 0
9549 0
9550 0
9551 2
9552 0
9553 2
9554 0
9555 1
9556 0
9557 0
9558 0
9559 1
9560 0
9561 1
9562 0
9563 0
9564 0
9565 0
9566 0
9567 1
9568 1
9569 0
9570 0
9571 0
9572 0
9573 0
9574 1
9575 1
9576 1
9577 0
9578 0
9579 0
9580 0
9581 0
9582 0
9583 0
9584 0
9585 0
9586 0
9587 0
9588 0
9589 1
9590 0
9591 0
9592 0
9593 0
9594 0
9595 0
9596 0
9597 1
9598 0
9599 1
9600 0
9601 0
9602 1
9603 0
9604 0
9605 0
9606 2
9607 0
9608 0
9609 1
9610 0
9611 3
9612 0
9613 0
9614 0
9615 1
9616 1
9617 0
9618 0
9619 0
9620 0
9621 1
9622 0
9623 0
9624 1
9625 0
9626 0
9627 0
9628 1
9629 0
9630 0
9631 0
9632 0
9633 0
9634 0
9635 1
9636 1
9637 0
9638 0
9639 0
9640 0
9641 0
9642 0
9643 0
9644 1
9645 1
9646 0
9647 0
9648 0
9649 0
9650 0
9651 0
9652 1
9653 0
9654 0
9655 0
9656 0
9657 0
9658 0
9659 0
9660 1
9661 0
9662 1
9663 0
9664 0
9665 0
9666 0
9667 0
9668 0
9669 0
9670 1
9671 0
9672 0
9673 0
9674 0
9675 0
9676 2
9677 0
9678 0
9679 0
9680 0
9681 0
9682 1
9683 0
9684 1
9685 1
9686 1
9687 2
9688 1
9689 0
9690 0
9691 0
9692 1
9693 0
9694 0
9695 0
9696 1
9697 0
9698 0
9699 2
9700 0
9701 0
9702 0
9703 1
9704 0
9705 0
9706 0
9707 0
9708 1
9709 1
9710 1
9711 1
9712 0
9713 1
9714 0
9715 1
9716 0
9717 0
9718 0
9719 0
9720 0
9721 1
9722 0
9723 1
9724 0
9725 0
9726 0
9727 0
9728 1
9729 0
9730 1
9731 1
9732 0
9733 0
9734 0
9735 0
9736 0
9737 0
9738 1
9739 0
9740 0
9741 0
9742 0
9743 0
9744 1
9745 1
9746 0
9747 1
9748 0
9749 0
9750 0
9751 1
9752 0
9753 0
9754 0
9755 2
9756 0
9757 0
9758 0
9759 0
9760 0
9761 1
9762 0
9763 1
9764 1
9765 0
9766 0
9767 0
9768 0
9769 0
9770 1
9771 1
9772 0
9773 1
9774 0
9775 0
9776 2
9777 0
9778 0
9779 0
9780 1
9781 0
9782 0
9783 0
9784 0
9785 0
9786 0
9787 1
9788 0
9789 3
9790 0
9791 0
9792 0
9793 0
9794 0
9795 0
9796 1
9797 0
9798 0
9799 1
9800 0
9801 1
9802 0
9803 2
9804 0
9805 0
9806 0
9807 1
9808 2
9809 0
9810 1
9811 0
9812 1
9813 0
9814 0
9815 0
9816 0
9817 0
9818 0
9819 2
9820 2
9821 2
9822 0
9823 1
9824 4
9825 4
9826 1
9827 3
9828 2
9829 1
9830 1
9831 2
9832 6
9833 2
9834 2
9835 6
9836 2
9837 0
9838 1
9839 2
9840 0
9841 1
9842 3
9843 1
9844 3
9845 2
9846 1
9847 1
9848 0
9849 1
9850 0
9851 0
9852 0
9853 0
9854 0
9855 1
9856 0
9857 0
9858 0
9859 0
9860 0
9861 0
9862 0
9863 1
9864 3
9865 1
9866 0
9867 0
9868 0
9869 0
9870 1
9871 0
9872 1
9873 1
9874 1
9875 0
9876 0
9877 0
9878 0
9879 1
9880 2
9881 0
9882 1
9883 0
9884 0
9885 2
9886 0
9887 1
9888 0
9889 0
9890 1
9891 1
9892 0
9893 1
9894 1
9895 0
9896 0
9897 0
9898 0
9899 0
9900 0
9901 0
9902 0
9903 2
9904 2
9905 1
9906 0
9907 0
9908 0
9909 0
9910 0
9911 1
9912 0
9913 0
9914 0
9915 1
9916 1
9917 0
9918 0
9919 2
9920 0
9921 0
9922 0
9923 0
9924 2
9925 0
9926 1
9927 0
9928 0
9929 0
9930 0
9931 0
9932 0
9933 0
9934 0
9935 2
9936 0
9937 0
9938 0
9939 0
9940 0
9941 0
9942 0
9943 0
9944 0
9945 0
9946 1
9947 0
9948 1
9949 0
9950 0
9951 0
9952 0
9953 0
9954 0
9955 1
9956 1
9957 0
9958 0
9959 1
9960 1
9961 1
9962 0
9963 0
9964 0
9965 0
9966 0
9967 0
9968 1
9969 0
9970 0
9971 0
9972 0
9973 0
9974 0
9975 0
9976 1
9977 0
9978 2
9979 1
9980 0
9981 2
9982 0
9983 1
9984 1
9985 0
9986 1
9987 1
9988 0
9989 0
9990 0
9991 4
9992 0
9993 0
9994 0
9995 0
9996 0
9997 0
9998 0
9999 0
10000 0
10001 0
10002 0
10003 0
10004 0
10005 0
10006 0
10007 0
10008 2
10009 1
10010 0
10011 0
10012 0
10013 0
10014 0
10015 1
10016 1
10017 0
10018 0
10019 0
10020 1
10021 0
10022 0
10023 0
10024 0
10025 0
10026 0
10027 0
10028 1
10029 1
10030 1
10031 1
10032 1
10033 0
10034 1
10035 1
10036 0
10037 0
10038 0
10039 0
10040 0
10041 0
10042 1
10043 0
10044 0
10045 0
10046 1
10047 1
10048 0
10049 0
10050 0
10051 0
10052 1
10053 0
10054 1
10055 0
10056 0
10057 0
10058 0
10059 1
10060 2
10061 0
10062 0
10063 0
10064 0
10065 0
10066 0
10067 1
10068 0
10069 0
10070 1
10071 1
10072 0
10073 0
10074 1
10075 0
10076 1
10077 1
10078 1
10079 1
10080 0
10081 0
10082 1
10083 1
10084 0
10085 0
10086 1
10087 1
10088 1
10089 0
10090 0
10091 0
10092 0
10093 1
10094 1
10095 0
10096 0
10097 0
10098 0
10099 0
10100 0
10101 0
10102 0
10103 0
10104 0
10105 0
10106 0
10107 0
10108 0
10109 0
10110 0
10111 1
10112 0
10113 0
10114 2
10115 0
10116 2
10117 1
10118 0
10119 0
10120 0
10121 1
10122 0
10123 0
10124 0
10125 0
10126 0
10127 0
10128 1
10129 0
10130 1
10131 0
10132 0
10133 0
10134 0
10135 0
10136 0
10137 1
10138 0
10139 0
10140 0
10141 0
10142 2
10143 0
10144 1
10145 1
10146 1
10147 0
10148 0
10149 0
10150 1
10151 0
10152 0
10153 0
10154 0
10155 0
10156 0
10157 1
10158 2
10159 0
10160 0
10161 0
10162 0
10163 0
10164 0
10165 1
10166 0
10167 0
10168 0
10169 0
10170 0
10171 1
10172 0
10173 0
10174 1
10175 0
10176 1
10177 0
10178 0
10179 0
10180 0
10181 1
10182 1
10183 1
10184 0
10185 0
10186 0
10187 1
10188 0
10189 0
10190 0
10191 1
10192 0
10193 0
10194 0
10195 0
10196 0
10197 1
10198 0
10199 0
10200 0
10201 1
10202 0
10203 1
10204 0
10205 1
10206 0
10207 0
10208 1
10209 0
10210 0
10211 0
10212 0
10213 0
10214 1
10215 0
10216 0
10217 0
10218 0
10219 1
10220 0
10221 0
10222 0
10223 0
10224 1
10225 1
10226 0
10227 0
10228 1
10229 0
10230 1
10231 0
10232 1
10233 0
10234 2
10235 0
10236 0
10237 1
10238 0
10239 0
10240 1
10241 2
10242 0
10243 2
10244 0
10245 2
10246 0
10247 0
10248 1
10249 2
10250 1
10251 0
10252 0
10253 0
10254 0
10255 1
10256 0
10257 0
10258 2
10259 1
10260 0
10261 0
10262 0
10263 0
10264 0
10265 0
10266 0
10267 1
10268 0
10269 0
10270 0
10271 0
10272 0
10273 0
10274 0
10275 0
10276 1
10277 0
10278 0
10279 0
10280 0
10281 1
10282 0
10283 0
10284 0
10285 0
10286 0
10287 0
10288 0
10289 0
10290 0
10291 1
10292 0
10293 1
10294 1
10295 1
10296 0
10297 0
10298 0
10299 0
10300 0
10301 0
10302 1
10303 1
10304 0
10305 0
10306 0
10307 0
10308 0
10309 0
10310 0
10311 0
10312 0
10313 2
10314 0
10315 0
10316 0
10317 1
10318 0
10319 0
10320 0
10321 0
10322 0
10323 0
10324 0
10325 0
10326 0
10327 1
10328 0
10329 0
10330 0
10331 1
10332 1
10333 0
10334 1
10335 0
10336 0
10337 1
10338 0
10339 0
10340 1
10341 1
10342 1
10343 0
10344 0
10345 1
10346 2
10347 0
10348 0
10349 0
10350 0
10351 0
10352 1
10353 0
10354 0
10355 1
10356 1
10357 0
10358 0
10359 1
10360 1
10361 1
10362 0
10363 1
10364 0
10365 0
10366 0
10367 1
10368 0
10369 0
10370 0
10371 0
10372 0
10373 0
10374 0
10375 0
10376 0
10377 2
10378 0
10379 0
10380 0
10381 0
10382 0
10383 1
10384 0
10385 0
10386 0
10387 0
10388 0
10389 1
10390 0
10391 0
10392 0
10393 0
10394 0
10395 1
10396 0
10397 0
10398 0
10399 0
10400 0
10401 0
10402 0
10403 4
10404 3
10405 2
10406 0
10407 2
10408 0
10409 1
10410 1
10411 0
10412 2
10413 1
10414 0
10415 2
10416 0
10417 0
10418 2
10419 1
10420 1
10421 0
10422 0
10423 0
10424 0
10425 0
10426 0
10427 0
10428 1
10429 1
10430 0
10431 0
10432 0
10433 0
10434 1
10435 2
10436 1
10437 0
10438 0
10439 0
10440 0
10441 1
10442 0
10443 2
10444 1
10445 0
10446 1
10447 2
10448 0
10449 0
10450 2
10451 0
10452 2
10453 1
10454 3
10455 1
10456 0
10457 1
10458 0
10459 3
10460 1
10461 3
10462 2
10463 1
10464 0
10465 1
10466 3
10467 1
10468 1
10469 0
10470 1
10471 0
10472 0
10473 0
10474 0
10475 1
10476 1
10477 0
10478 0
10479 0
10480 1
10481 1
10482 1
10483 1
10484 0
10485 0
10486 1
10487 0
10488 0
10489 0
10490 2
10491 0
10492 0
10493 1
10494 0
10495 0
10496 0
10497 0
10498 1
10499 0
10500 2
10501 0
10502 0
10503 1
10504 0
10505 0
10506 0
10507 0
10508 0
10509 0
10510 0
10511 0
10512 0
10513 0
10514 0
10515 1
10516 0
10517 0
10518 0
10519 2
10520 0
10521 1
10522 0
10523 1
10524 0
10525 0
10526 0
10527 0
10528 1
10529 0
10530 0
10531 0
10532 0
10533 0
10534 1
10535 0
10536 0
10537 0
10538 0
10539 1
10540 0
10541 0
10542 0
10543 0
10544 0
10545 0
10546 0
10547 0
10548 0
10549 1
10550 0
10551 0
10552 1
10553 1
10554 0
10555 0
10556 0
10557 0
10558 0
10559 1
10560 0
10561 0
10562 0
10563 0
10564 0
10565 0
10566 0
10567 0
10568 0
10569 0
10570 0
10571 0
10572 0
10573 0
10574 1
10575 0
10576 0
10577 0
10578 0
10579 0
10580 0
10581 0
10582 0
10583 0
10584 1
10585 0
10586 0
10587 0
10588 0
10589 0
10590 1
10591 0
10592 1
10593 0
10594 0
10595 0
10596 0
10597 0
10598 0
10599 1
10600 1
10601 0
10602 0
10603 1
10604 1
10605 0
10606 0
10607 1
10608 0
10609 0
10610 0
10611 0
10612 1
10613 0
10614 0
10615 1
10616 0
10617 0
10618 0
10619 0
10620 0
10621 0
10622 0
10623 0
10624 1
10625 0
10626 0
10627 0
10628 0
10629 0
10630 0
10631 0
10632 0
10633 0
10634 0
10635 0
10636 0
10637 0
10638 1
10639 0
10640 0
10641 1
10642 1
10643 0
10644 0
10645 0
10646 0
10647 0
10648 0
10649 0
10650 0
10651 0
10652 1
10653 0
10654 1
10655 1
10656 0
10657 0
10658 1
10659 0
10660 0
10661 0
10662 0
10663 0
10664 0
10665 0
10666 0
10667 0
10668 0
10669 0
10670 0
10671 2
10672 1
10673 3
10674 0
10675 0
10676 0
10677 0
10678 0
10679 1
10680 2
10681 1
10682 0
10683 0
10684 0
10685 0
10686 0
10687 0
10688 0
10689 0
10690 0
10691 1
10692 0
10693 1
10694 0
10695 1
10696 0
10697 0
10698 0
10699 0
10700 0
10701 0
10702 1
10703 0
10704 0
10705 0
10706 0
10707 0
10708 1
10709 0
10710 0
10711 1
10712 0
10713 0
10714 1
10715 0
10716 0
10717 0
10718 0
10719 0
10720 0
10721 0
10722 1
10723 0
10724 1
10725 1
10726 0
10727 0
10728 0
10729 0
10730 1
10731 1
10732 0
10733 0
10734 1
10735 1
10736 0
10737 0
10738 0
10739 0
10740 0
10741 0
10742 0
10743 0
10744 0
10745 1
10746 0
10747 0
10748 1
10749 0
10750 1
10751 0
10752 0
10753 0
10754 1
10755 0
10756 0
10757 1
10758 0
10759 0
10760 1
10761 0
10762 0
10763 0
10764 0
10765 0
10766 0
10767 0
10768 0
10769 0
10770 0
10771 0
10772 0
10773 0
10774 0
10775 0
10776 0
10777 1
10778 0
10779 1
10780 0
10781 2
10782 1
10783 0
10784 1
10785 2
10786 0
10787 1
10788 0
10789 0
10790 0
10791 1
10792 1
10793 0
10794 0
10795 1
10796 0
10797 0
10798 1
10799 1
10800 0
10801 1
10802 0
10803 0
10804 0
10805 1
10806 0
10807 0
10808 0
10809 0
10810 0
10811 0
10812 0
10813 2
10814 0
10815 1
10816 0
10817 0
10818 1
10819 0
10820 0
10821 1
10822 0
10823 0
10824 1
10825 0
10826 1
10827 1
10828 1
10829 0
10830 0
10831 0
10832 0
10833 0
10834 0
10835 1
10836 0
10837 0
10838 0
10839 1
10840 2
10841 1
10842 0
10843 0
10844 0
10845 0
10846 0
10847 0
10848 1
10849 0
10850 0
10851 1
10852 0
10853 0
10854 0
10855 0
10856 0
10857 0
10858 0
10859 1
10860 0
10861 0
10862 1
10863 1
10864 0
10865 1
10866 1
10867 1
10868 0
10869 0
10870 0
10871 0
10872 0
10873 0
10874 0
10875 0
10876 2
10877 0
10878 0
10879 1
10880 0
10881 0
10882 0
10883 0
10884 1
10885 1
10886 0
10887 0
10888 1
10889 0
10890 1
10891 0
10892 0
10893 1
10894 0
10895 0
10896 1
10897 1
10898 0
10899 0
10900 0
10901 2
10902 0
10903 1
10904 0
10905 1
10906 0
10907 1
10908 0
10909 0
10910 1
10911 0
10912 1
10913 0
10914 0
10915 0
10916 0
10917 0
10918 0
10919 0
10920 1
10921 0
10922 0
10923 1
10924 0
10925 2
10926 1
10927 0
10928 2
10929 0
10930 0
10931 0
10932 1
10933 0
10934 0
10935 0
10936 0
10937 0
10938 0
10939 1
10940 0
10941 0
10942 0
10943 0
10944 0
10945 1
10946 0
10947 0
10948 1
10949 0
10950 1
10951 0
10952 1
10953 0
10954 0
10955 1
10956 1
10957 0
10958 0
10959 0
10960 1
10961 0
10962 1
10963 0
10964 0
10965 1
10966 0
10967 0
10968 0
10969 0
10970 1
10971 0
10972 1
10973 0
10974 2
10975 0
10976 0
10977 0
10978 0
10979 0
10980 0
10981 1
10982 0
10983 1
10984 0
10985 0
10986 0
10987 0
10988 0
10989 0
10990 0
10991 3
10992 0
10993 0
10994 0
10995 0
10996 0
10997 0
10998 0
10999 2
11000 0
11001 0
11002 0
11003 1
11004 0
11005 2
11006 1
11007 1
11008 0
11009 1
11010 1
11011 1
11012 0
11013 0
11014 0
11015 0
11016 0
11017 0
11018 0
11019 0
11020 1
11021 0
11022 0
11023 0
11024 0
11025 0
11026 0
11027 0
11028 0
11029 0
11030 0
11031 0
11032 1
11033 1
11034 1
11035 0
11036 0
11037 0
11038 1
11039 0
11040 1
11041 0
11042 0
11043 0
11044 0
11045 0
11046 0
11047 0
11048 0
11049 0
11050 0
11051 0
11052 0
11053 1
11054 0
11055 0
11056 0
11057 0
11058 0
11059 1
11060 0
11061 0
11062 1
11063 0
11064 0
11065 0
11066 0
11067 0
11068 1
11069 0
11070 1
11071 0
11072 0
11073 0
11074 0
11075 1
11076 0
11077 0
11078 0
11079 0
11080 0
11081 0
11082 0
11083 1
11084 1
11085 1
11086 0
11087 2
11088 0
11089 1
11090 0
11091 0
11092 0
11093 1
11094 2
11095 0
11096 0
11097 1
11098 0
11099 1
11100 0
11101 0
11102 0
11103 0
11104 0
11105 0
11106 0
11107 1
11108 0
11109 1
11110 0
11111 0
11112 0
11113 0
11114 0
11115 0
11116 0
11117 0
11118 0
11119 0
11120 1
11121 0
11122 0
11123 0
11124 0
11125 1
11126 0
11127 0
11128 1
11129 1
11130 1
11131 1
11132 1
11133 1
11134 0
11135 0
11136 0
11137 0
11138 0
11139 0
11140 0
11141 0
11142 0
11143 0
11144 0
11145 0
11146 0
11147 2
11148 0
11149 0
11150 0
11151 0
11152 0
11153 0
11154 0
11155 2
11156 0
11157 0
11158 0
11159 0
11160 1
11161 0
11162 0
11163 0
11164 2
11165 0
11166 0
11167 2
11168 0
11169 0
11170 2
11171 0
11172 0
11173 0
11174 0
11175 1
11176 2
11177 1
11178 0
11179 0
11180 0
11181 0
11182 0
11183 0
11184 0
11185 0
11186 0
11187 0
11188 0
11189 0
11190 0
11191 0
11192 0
11193 0
11194 1
11195 0
11196 0
11197 1
11198 0
11199 1
11200 0
11201 1
11202 0
11203 2
11204 0
11205 0
11206 0
11207 1
11208 0
11209 0
11210 0
11211 1
11212 0
11213 0
11214 0
11215 0
11216 1
11217 0
11218 0
11219 0
11220 2
11221 0
11222 1
11223 0
11224 0
11225 1
11226 2
11227 1
11228 0
11229 0
11230 1
11231 0
11232 0
11233 0
11234 0
11235 0
11236 0
11237 0
11238 0
11239 1
11240 0
11241 1
11242 0
11243 0
11244 0
11245 1
11246 1
11247 0
11248 1
11249 0
11250 0
11251 0
11252 0
11253 0
11254 1
11255 0
11256 1
11257 0
11258 0
11259 0
11260 1
11261 0
11262 0
11263 0
11264 0
11265 0
11266 0
11267 1
11268 0
11269 1
11270 0
11271 1
11272 0
11273 0
11274 0
11275 1
11276 0
11277 0
11278 0
11279 0
11280 0
11281 0
11282 0
11283 0
11284 1
11285 0
11286 1
11287 1
11288 0
11289 0
11290 0
11291 0
11292 0
11293 0
11294 1
11295 0
11296 0
11297 1
11298 1
11299 0
11300 0
11301 1
11302 0
11303 0
11304 0
11305 0
11306 0
11307 0
11308 1
11309 0
11310 0
11311 1
11312 1
11313 0
11314 1
11315 0
11316 0
11317 0
11318 1
11319 0
11320 0
11321 0
11322 0
11323 1
11324 0
11325 0
11326 2
11327 0
11328 1
11329 0
11330 0
11331 0
11332 1
11333 0
11334 1
11335 1
11336 0
11337 0
11338 0
11339 0
11340 1
11341 0
11342 1
11343 1
11344 0
11345 0
11346 0
11347 1
11348 0
11349 0
11350 1
11351 0
11352 1
11353 0
11354 0
11355 0
11356 0
11357 0
11358 0
11359 1
11360 0
11361 0
11362 0
11363 0
11364 0
11365 0
11366 1
11367 1
11368 1
11369 1
11370 0
11371 1
11372 0
11373 0
11374 0
11375 0
11376 0
11377 0
11378 0
11379 0
11380 1
11381 0
11382 0
11383 0
11384 1
11385 0
11386 0
11387 0
11388 0
11389 0
11390 0
11391 0
11392 1
11393 0
11394 0
11395 1
11396 1
11397 2
11398 0
11399 0
11400 0
11401 0
11402 0
11403 0
11404 0
11405 0
11406 0
11407 0
11408 0
11409 0
11410 1
11411 0
11412 0
11413 0
11414 0
11415 0
11416 0
11417 2
11418 0
11419 0
11420 1
11421 2
11422 0
11423 0
11424 1
11425 0
11426 1
11427 0
11428 0
11429 1
11430 0
11431 0
11432 1
11433 0
11434 0
11435 1
11436 0
11437 0
11438 1
11439 0
11440 0
11441 1
11442 0
11443 2
11444 0
11445 0
11446 0
11447 0
11448 0
11449 1
11450 1
11451 0
11452 0
11453 1
11454 0
11455 0
11456 1
11457 1
11458 0
11459 0
11460 0
11461 0
11462 0
11463 0
11464 0
11465 0
11466 2
11467 1
11468 0
11469 1
11470 0
11471 0
11472 2
11473 0
11474 0
11475 0
11476 0
11477 1
11478 0
11479 0
11480 0
11481 1
11482 0
11483 0
11484 0
11485 0
11486 0
11487 1
11488 0
11489 1
11490 0
11491 0
11492 0
11493 0
11494 0
11495 0
11496 0
11497 0
11498 0
11499 0
11500 0
11501 0
11502 0
11503 1
11504 0
11505 0
11506 0
11507 1
11508 0
11509 1
11510 0
11511 0
11512 0
11513 0
11514 1
11515 0
11516 0
11517 0
11518 0
11519 0
11520 0
11521 0
11522 0
11523 1
11524 0
11525 0
11526 1
11527 1
11528 0
11529 2
11530 1
11531 0
11532 0
11533 0
11534 0
11535 0
11536 2
11537 0
11538 0
11539 1
11540 0
11541 0
11542 0
11543 0
11544 1
11545 0
11546 0
11547 1
11548 1
11549 0
11550 0
11551 0
11552 1
11553 1
11554 1
11555 0
11556 0
11557 0
11558 1
11559 0
11560 0
11561 2
11562 1
11563 1
11564 1
11565 0
11566 0
11567 0
11568 0
11569 0
11570 1
11571 0
11572 1
11573 2
11574 0
11575 0
11576 0
11577 0
11578 0
11579 0
11580 0
11581 0
11582 0
11583 1
11584 2
11585 0
11586 0
11587 1
11588 0
11589 0
11590 0
11591 0
11592 1
11593 0
11594 0
11595 0
11596 0
11597 0
11598 1
11599 0
11600 0
11601 0
11602 0
11603 0
11604 0
11605 0
11606 0
11607 0
11608 0
11609 1
11610 1
11611 0
11612 0
11613 1
11614 0
11615 1
11616 0
11617 0
11618 1
11619 0
11620 1
11621 0
11622 1
11623 0
11624 0
11625 0
11626 0
11627 0
11628 1
11629 1
11630 0
11631 0
11632 0
11633 0
11634 0
11635 1
11636 0
11637 0
11638 0
11639 0
11640 0
11641 0
11642 0
11643 0
11644 0
11645 0
11646 1
11647 1
11648 1
11649 0
11650 1
11651 0
11652 0
11653 0
11654 0
11655 0
11656 0
11657 0
11658 1
11659 0
11660 0
11661 0
11662 0
11663 0
11664 2
11665 1
11666 2
11667 0
11668 1
11669 0
11670 0
11671 0
11672 0
11673 0
11674 1
11675 0
11676 1
11677 0
11678 0
11679 0
11680 0
11681 0
11682 0
11683 0
11684 0
11685 0
11686 1
11687 0
11688 1
11689 0
11690 0
11691 0
11692 0
11693 0
11694 0
11695 0
11696 0
11697 1
11698 0
11699 0
11700 0
11701 1
11702 0
11703 0
11704 1
11705 1
11706 0
11707 0
11708 0
11709 0
11710 0
11711 1
11712 0
11713 1
11714 0
11715 0
11716 0
11717 0
11718 1
11719 0
11720 0
11721 0
11722 0
11723 0
11724 0
11725 0
11726 0
11727 0
11728 1
11729 2
11730 1
11731 0
11732 0
11733 0
11734 0
11735 0
11736 1
11737 0
11738 0
11739 0
11740 0
11741 0
11742 0
11743 0
11744 1
11745 1
11746 0
11747 1
11748 0
11749 0
11750 1
11751 1
11752 0
11753 0
11754 0
11755 2
11756 0
11757 0
11758 0
11759 0
11760 0
11761 0
11762 0
11763 0
11764 0
11765 0
11766 0
11767 0
11768 0
11769 1
11770 0
11771 1
11772 0
11773 0
11774 0
11775 0
11776 0
11777 1
11778 0
11779 0
11780 1
11781 0
11782 0
11783 0
11784 0
11785 1
11786 0
11787 0
11788 0
11789 0
11790 0
11791 0
11792 1
11793 0
11794 0
11795 1
11796 1
11797 1
11798 0
11799 0
11800 2
11801 1
11802 0
11803 0
11804 1
11805 0
11806 0
11807 0
11808 0
11809 0
11810 1
11811 1
11812 0
11813 0
11814 0
11815 0
11816 0
11817 0
11818 0
11819 0
11820 1
11821 1
11822 0
11823 0
11824 0
11825 0
11826 1
11827 0
11828 0
11829 0
11830 0
11831 0
11832 1
11833 0
11834 0
11835 0
11836 0
11837 0
11838 1
11839 0
11840 0
11841 0
11842 0
11843 1
11844 0
11845 0
11846 1
11847 0
11848 1
11849 0
11850 0
11851 0
11852 0
11853 0
11854 1
11855 0
11856 2
11857 1
11858 2
11859 0
11860 0
11861 0
11862 1
11863 0
11864 1
11865 0
11866 1
11867 0
11868 2
11869 0
11870 1
11871 0
11872 1
11873 0
11874 0
11875 1
11876 0
11877 1
11878 0
11879 0
11880 0
11881 1
11882 0
11883 1
11884 1
11885 1
11886 0
11887 0
11888 0
11889 0
11890 0
11891 1
11892 0
11893 0
11894 0
11895 0
11896 0
11897 0
11898 0
11899 0
11900 0
11901 1
11902 0
11903 1
11904 0
11905 0
11906 0
11907 0
11908 1
11909 0
11910 1
11911 0
11912 0
11913 0
11914 0
11915 0
11916 0
11917 0
11918 0
11919 0
11920 0
11921 0
11922 0
11923 0
11924 0
11925 2
11926 0
11927 0
11928 0
11929 0
11930 0
11931 0
11932 0
11933 0
11934 0
11935 1
11936 0
11937 0
11938 0
11939 2
11940 0
11941 1
11942 0
11943 2
11944 0
11945 0
11946 0
11947 1
11948 0
11949 0
11950 0
11951 1
11952 0
11953 1
11954 0
11955 4
11956 0
11957 0
11958 0
11959 1
11960 0
11961 0
11962 1
11963 0
11964 0
11965 1
11966 1
11967 0
11968 0
11969 0
11970 0
11971 1
11972 0
11973 1
11974 0
11975 1
11976 1
11977 0
11978 0
11979 0
11980 1
11981 0
11982 0
11983 0
11984 0
11985 0
11986 0
11987 1
11988 0
11989 1
11990 0
11991 0
11992 0
11993 0
11994 1
11995 1
11996 0
11997 1
11998 2
11999 0
12000 0
12001 1
12002 2
12003 0
12004 0
12005 0
12006 0
12007 0
12008 1
12009 0
12010 0
12011 0
12012 0
12013 1
12014 0
12015 0
12016 1
12017 0
12018 1
12019 0
12020 1
12021 0
12022 0
12023 0
12024 0
12025 1
12026 0
12027 0
12028 0
12029 0
12030 0
12031 0
12032 1
12033 0
12034 1
12035 0
12036 0
12037 0
12038 0
12039 1
12040 1
12041 0
12042 1
12043 0
12044 0
12045 0
12046 2
12047 1
12048 0
12049 1
12050 0
12051 0
12052 1
12053 0
12054 1
12055 0
12056 1
12057 2
12058 1
12059 0
12060 0
12061 1
12062 0
12063 0
12064 0
12065 0
12066 0
12067 1
12068 0
12069 1
12070 0
12071 1
12072 1
12073 0
12074 1
12075 2
12076 0
12077 0
12078 2
12079 0
12080 0
12081 0
12082 0
12083 2
12084 4
12085 0
12086 1
12087 2
12088 1
12089 1
12090 2
12091 1
12092 3
12093 0
12094 1
12095 0
12096 0
12097 1
12098 3
12099 1
12100 0
12101 0
12102 1
12103 1
12104 0
12105 0
12106 1
12107 0
12108 0
12109 2
12110 0
12111 3
12112 0
12113 0
12114 0
12115 2
12116 0
12117 0
12118 0
12119 0
12120 0
12121 0
12122 1
12123 0
12124 0
12125 0
12126 0
12127 0
12128 0
12129 0
12130 0
12131 0
12132 0
12133 1
12134 1
12135 0
12136 1
12137 0
12138 0
12139 0
12140 1
12141 2
12142 1
12143 1
12144 1
12145 0
12146 1
12147 1
12148 0
12149 1
12150 0
12151 2
12152 0
12153 0
12154 0
12155 0
12156 0
12157 0
12158 0
12159 0
12160 1
12161 1
12162 1
12163 0
12164 0
12165 1
12166 0
12167 0
12168 0
12169 0
12170 1
12171 0
12172 0
12173 0
12174 1
12175 2
12176 0
12177 0
12178 0
12179 0
12180 0
12181 0
12182 0
12183 0
12184 0
12185 1
12186 0
12187 2
12188 0
12189 0
12190 0
12191 1
12192 1
12193 0
12194 0
12195 0
12196 0
12197 0
12198 0
12199 1
12200 1
12201 0
12202 2
12203 0
12204 0
12205 0
12206 0
12207 0
12208 0
12209 0
12210 1
12211 0
12212 0
12213 0
12214 0
12215 0
12216 0
12217 0
12218 0
12219 0
12220 0
12221 0
12222 1
12223 0
12224 0
12225 1
12226 0
12227 0
12228 0
12229 0
12230 0
12231 0
12232 0
12233 1
12234 1
12235 0
12236 0
12237 0
12238 2
12239 0
12240 0
12241 1
12242 0
12243 0
12244 0
12245 0
12246 0
12247 0
12248 0
12249 1
12250 0
12251 0
12252 1
12253 1
12254 0
12255 0
12256 0
12257 1
12258 2
12259 0
12260 0
12261 0
12262 0
12263 1
12264 0
12265 0
12266 3
12267 0
12268 0
12269 0
12270 1
12271 0
12272 1
12273 0
12274 0
12275 0
12276 1
12277 0
12278 0
12279 0
12280 1
12281 1
12282 0
12283 2
12284 1
12285 1
12286 1
12287 0
12288 0
12289 0
12290 0
12291 0
12292 0
12293 0
12294 0
12295 1
12296 0
12297 0
12298 0
12299 1
12300 0
12301 0
12302 0
12303 0
12304 0
12305 0
12306 0
12307 0
12308 1
12309 0
12310 0
12311 0
12312 0
12313 0
12314 0
12315 0
12316 1
12317 0
12318 0
12319 0
12320 0
12321 1
12322 2
12323 0
12324 0
12325 0
12326 1
12327 0
12328 0
12329 0
12330 0
12331 0
12332 0
12333 0
12334 0
12335 0
12336 0
12337 0
12338 0
12339 2
12340 0
12341 1
12342 0
12343 0
12344 0
12345 0
12346 0
12347 0
12348 0
12349 3
12350 0
12351 2
12352 1
12353 0
12354 0
12355 1
12356 0
12357 0
12358 1
12359 0
12360 1
12361 1
12362 0
12363 0
12364 1
12365 0
12366 1
12367 1
12368 2
12369 1
12370 0
12371 1
12372 0
12373 0
12374 2
12375 3
12376 1
12377 0
12378 0
12379 0
12380 0
12381 0
12382 0
12383 0
12384 0
12385 0
12386 0
12387 0
12388 0
12389 0
12390 1
12391 1
12392 0
12393 0
12394 0
12395 1
12396 1
12397 1
12398 0
12399 0
12400 1
12401 1
12402 0
12403 1
12404 1
12405 0
12406 0
12407 1
12408 3
12409 1
12410 1
12411 0
12412 0
12413 0
12414 1
12415 1
12416 0
12417 0
12418 0
12419 0
12420 0
12421 0
12422 0
12423 0
12424 0
12425 1
12426 0
12427 0
12428 0
12429 0
12430 0
12431 0
12432 0
12433 0
12434 0
12435 0
12436 0
12437 2
12438 1
12439 0
12440 0
12441 0
12442 0
12443 1
12444 1
12445 0
12446 0
12447 0
12448 1
12449 0
12450 1
12451 1
12452 0
12453 0
12454 1
12455 0
12456 0
12457 0
12458 0
12459 0
12460 0
12461 0
12462 0
12463 0
12464 1
12465 1
12466 0
12467 1
12468 0
12469 0
12470 0
12471 0
12472 0
12473 1
12474 1
12475 1
12476 0
12477 0
12478 0
12479 0
12480 1
12481 0
12482 0
12483 0
12484 0
12485 0
12486 0
12487 0
12488 0
12489 0
12490 0
12491 0
12492 0
12493 0
12494 0
12495 0
12496 0
12497 0
12498 0
12499 0
12500 0
12501 0
12502 0
12503 1
12504 0
12505 0
12506 0
12507 0
12508 0
12509 0
12510 0
12511 1
12512 1
12513 0
12514 1
12515 1
12516 0
12517 0
12518 0
12519 0
12520 2
12521 0
12522 0
12523 0
12524 0
12525 1
12526 1
12527 1
12528 0
12529 1
12530 1
12531 0
12532 0
12533 1
12534 1
12535 0
12536 0
12537 0
12538 0
12539 0
12540 0
12541 0
12542 1
12543 0
12544 2
12545 2
12546 0
12547 3
12548 0
12549 0
12550 1
12551 0
12552 0
12553 0
12554 1
12555 0
12556 0
12557 0
12558 0
12559 0
12560 0
12561 0
12562 1
12563 0
12564 0
12565 2
12566 0
12567 0
12568 0
12569 1
12570 0
12571 0
12572 1
12573 0
12574 0
12575 1
12576 1
12577 0
12578 0
12579 0
12580 0
12581 1
12582 0
12583 0
12584 0
12585 0
12586 1
12587 0
12588 0
12589 0
12590 0
12591 1
12592 0
12593 1
12594 0
12595 0
12596 1
12597 0
12598 0
12599 0
12600 0
12601 0
12602 1
12603 0
12604 0
12605 0
12606 0
12607 0
12608 0
12609 0
12610 0
12611 0
12612 0
12613 0
12614 0
12615 0
12616 2
12617 0
12618 0
12619 0
12620 0
12621 1
12622 0
12623 0
12624 1
12625 0
12626 0
12627 1
12628 0
12629 0
12630 0
12631 0
12632 0
12633 0
12634 0
12635 0
12636 0
12637 0
12638 0
12639 1
12640 0
12641 0
12642 0
12643 0
12644 0
12645 0
12646 0
12647 0
12648 1
12649 0
12650 0
12651 0
12652 0
12653 0
12654 1
12655 1
12656 1
12657 1
12658 0
12659 1
12660 0
12661 0
12662 0
12663 1
12664 0
12665 2
12666 0
12667 0
12668 1
12669 0
12670 0
12671 0
12672 0
12673 1
12674 1
12675 0
12676 0
12677 0
12678 2
12679 0
12680 0
12681 0
12682 1
12683 0
12684 0
12685 0
12686 0
12687 0
12688 0
12689 0
12690 0
12691 1
12692 0
12693 0
12694 0
12695 0
12696 0
12697 0
12698 0
12699 1
12700 1
12701 1
12702 0
12703 0
12704 0
12705 0
12706 1
12707 0
12708 0
12709 0
12710 0
12711 1
12712 0
12713 0
12714 0
12715 0
12716 0
12717 0
12718 0
12719 1
12720 0
12721 0
12722 0
12723 0
12724 0
12725 0
12726 0
12727 1
12728 1
12729 0
12730 1
12731 1
12732 0
12733 1
12734 0
12735 0
12736 1
12737 1
12738 1
12739 0
12740 1
12741 0
12742 1
12743 0
12744 1
12745 0
12746 0
12747 0
12748 0
12749 0
12750 0
12751 0
12752 1
12753 0
12754 0
12755 0
12756 0
12757 0
12758 0
12759 1
12760 1
12761 1
12762 0
12763 0
12764 0
12765 2
12766 0
12767 0
12768 1
12769 0
12770 2
12771 2
12772 0
12773 1
12774 1
12775 0
12776 1
12777 0
12778 0
12779 0
12780 0
12781 0
12782 0
12783 0
12784 1
12785 1
12786 1
12787 2
12788 0
12789 0
12790 0
12791 0
12792 0
12793 0
12794 0
12795 0
12796 0
12797 1
12798 0
12799 0
12800 0
12801 0
12802 0
12803 0
12804 0
12805 0
12806 1
12807 0
12808 0
12809 1
12810 0
12811 0
12812 0
12813 0
12814 2
12815 0
12816 2
12817 1
12818 3
12819 0
12820 1
12821 0
12822 0
12823 0
12824 0
12825 0
12826 1
12827 1
12828 0
12829 0
12830 1
12831 0
12832 0
12833 0
12834 0
12835 0
12836 0
12837 1
12838 0
12839 0
12840 0
12841 1
12842 1
12843 0
12844 0
12845 0
12846 0
12847 0
12848 0
12849 0
12850 0
12851 0
12852 0
12853 0
12854 0
12855 1
12856 0
12857 0
12858 0
12859 0
12860 0
12861 0
12862 0
12863 0
12864 1
12865 1
12866 2
12867 0
12868 0
12869 0
12870 0
12871 0
12872 1
12873 0
12874 0
12875 0
12876 2
12877 1
12878 0
12879 0
12880 0
12881 1
12882 0
12883 0
12884 0
12885 0
12886 1
12887 0
12888 0
12889 0
12890 1
12891 1
12892 0
12893 0
12894 0
12895 0
12896 0
12897 0
12898 0
12899 0
12900 0
12901 0
12902 1
12903 0
12904 0
12905 1
12906 0
12907 2
12908 0
12909 0
12910 1
12911 1
12912 1
12913 0
12914 0
12915 1
12916 1
12917 0
12918 0
12919 0
12920 0
12921 0
12922 0
12923 0
12924 1
12925 0
12926 0
12927 0
12928 0
12929 1
12930 0
12931 0
12932 0
12933 0
12934 1
12935 1
12936 1
12937 0
12938 2
12939 1
12940 0
12941 1
12942 0
12943 0
12944 1
12945 0
12946 0
12947 0
12948 0
12949 0
12950 1
12951 1
12952 1
12953 0
12954 1
12955 0
12956 0
12957 0
12958 0
12959 0
12960 2
12961 2
12962 0
12963 0
12964 0
12965 0
12966 0
12967 0
12968 0
12969 0
12970 2
12971 0
12972 0
12973 1
12974 0
12975 1
12976 0
12977 0
12978 0
12979 0
12980 1
12981 0
12982 0
12983 0
12984 0
12985 0
12986 0
12987 0
12988 0
12989 1
12990 1
12991 0
12992 1
12993 0
12994 1
12995 0
12996 1
12997 0
12998 0
12999 0
13000 1
13001 0
13002 1
13003 0
13004 0
13005 0
13006 0
13007 0
13008 1
13009 0
13010 2
13011 1
13012 0
13013 0
13014 0
13015 0
13016 0
13017 0
13018 0
13019 0
13020 0
13021 3
13022 0
13023 0
13024 1
13025 1
13026 0
13027 2
13028 0
13029 2
13030 0
13031 0
13032 0
13033 0
13034 0
13035 0
13036 0
13037 0
13038 0
13039 0
13040 1
13041 0
13042 0
13043 3
13044 2
13045 0
13046 0
13047 1
13048 1
13049 0
13050 0
13051 0
13052 1
13053 0
13054 0
13055 0
13056 0
13057 0
13058 0
13059 1
13060 0
13061 0
13062 0
13063 0
13064 0
13065 0
13066 0
13067 0
13068 0
13069 0
13070 0
13071 1
13072 1
13073 0
13074 1
13075 0
13076 1
13077 0
13078 0
13079 1
13080 1
13081 0
13082 1
13083 0
13084 0
13085 0
13086 0
13087 1
13088 2
13089 1
13090 0
13091 1
13092 1
13093 0
13094 0
13095 0
13096 0
13097 0
13098 0
13099 0
13100 1
13101 1
13102 1
13103 0
13104 0
13105 0
13106 0
13107 0
13108 1
13109 0
13110 1
13111 0
13112 0
13113 0
13114 0
13115 1
13116 1
13117 0
13118 0
13119 0
13120 2
13121 0
13122 0
13123 0
13124 1
13125 0
13126 1
13127 0
13128 0
13129 0
13130 0
13131 0
13132 0
13133 0
13134 2
13135 0
13136 0
13137 2
13138 0
13139 0
13140 1
13141 2
13142 2
13143 0
13144 0
13145 0
13146 0
13147 1
13148 1
13149 0
13150 0
13151 0
13152 0
13153 0
13154 0
13155 0
13156 1
13157 0
13158 0
13159 1
13160 0
13161 1
13162 0
13163 0
13164 0
13165 0
13166 0
13167 2
13168 0
13169 0
13170 0
13171 0
13172 0
13173 0
13174 0
13175 0
13176 0
13177 0
13178 1
13179 1
13180 0
13181 0
13182 1
13183 0
13184 1
13185 1
13186 0
13187 1
13188 0
13189 0
13190 0
13191 0
13192 0
13193 2
13194 1
13195 0
13196 1
13197 1
13198 0
13199 0
13200 1
13201 0
13202 0
13203 1
13204 0
13205 0
13206 1
13207 3
13208 0
13209 0
13210 0
13211 1
13212 0
13213 0
13214 0
13215 0
13216 0
13217 0
13218 1
13219 0
13220 1
13221 0
13222 0
13223 1
13224 0
13225 1
13226 2
13227 0
13228 0
13229 0
13230 0
13231 0
13232 0
13233 0
13234 1
13235 1
13236 0
13237 1
13238 1
13239 0
13240 0
13241 0
13242 0
13243 0
13244 1
13245 1
13246 0
13247 0
13248 0
13249 0
13250 0
13251 0
13252 0
13253 0
13254 0
13255 0
13256 0
13257 0
13258 0
13259 1
13260 0
13261 1
13262 0
13263 1
13264 0
13265 0
13266 0
13267 0
13268 1
13269 0
13270 0
13271 1
13272 0
13273 1
13274 0
13275 1
13276 0
13277 1
13278 1
13279 0
13280 0
13281 1
13282 0
13283 0
13284 0
13285 0
13286 0
13287 2
13288 1
13289 1
13290 0
13291 0
13292 0
13293 0
13294 1
13295 0
13296 0
13297 0
13298 1
13299 1
13300 0
13301 0
13302 1
13303 1
13304 0
13305 1
13306 0
13307 0
13308 0
13309 2
13310 0
13311 0
13312 1
13313 0
13314 0
13315 0
13316 0
13317 0
13318 1
13319 2
13320 0
13321 0
13322 1
13323 0
13324 0
13325 0
13326 1
13327 1
13328 0
13329 0
13330 0
13331 1
13332 0
13333 0
13334 2
13335 0
13336 0
13337 2
13338 0
13339 0
13340 1
13341 2
13342 0
13343 0
13344 0
13345 0
13346 0
13347 0
13348 1
13349 0
13350 1
13351 2
13352 1
13353 1
13354 0
13355 1
13356 0
13357 0
13358 1
13359 0
13360 0
13361 2
13362 1
13363 0
13364 0
13365 1
13366 0
13367 0
13368 0
13369 0
13370 1
13371 1
13372 0
13373 1
13374 0
13375 0
13376 0
13377 0
13378 0
13379 1
13380 0
13381 0
13382 1
13383 1
13384 0
13385 0
13386 0
13387 0
13388 0
13389 1
13390 1
13391 0
13392 0
13393 1
13394 1
13395 0
13396 0
13397 0
13398 1
13399 0
13400 0
13401 0
13402 0
13403 0
13404 0
13405 0
13406 0
13407 1
13408 0
13409 0
13410 0
13411 1
13412 0
13413 0
13414 0
13415 1
13416 1
13417 0
13418 0
13419 0
13420 1
13421 0
13422 1
13423 1
13424 0
13425 0
13426 0
13427 0
13428 0
13429 0
13430 0
13431 0
13432 0
13433 0
13434 1
13435 0
13436 2
13437 0
13438 0
13439 0
13440 0
13441 1
13442 0
13443 0
13444 0
13445 1
13446 0
13447 0
13448 0
13449 0
13450 0
13451 0
13452 0
13453 1
13454 2
13455 0
13456 0
13457 3
13458 0
13459 0
13460 2
13461 0
13462 0
13463 0
13464 0
13465 0
13466 0
13467 0
13468 0
13469 2
13470 0
13471 0
13472 1
13473 0
13474 0
13475 0
13476 0
13477 0
13478 2
13479 0
13480 0
13481 0
13482 0
13483 1
13484 0
13485 0
13486 0
13487 0
13488 0
13489 0
13490 1
13491 0
13492 0
13493 0
13494 0
13495 0
13496 0
13497 0
13498 1
13499 0
13500 0
13501 0
13502 0
13503 1
13504 0
13505 2
13506 0
13507 0
13508 0
13509 0
13510 0
13511 0
13512 0
13513 1
13514 0
13515 1
13516 0
13517 1
13518 0
13519 0
13520 0
13521 0
13522 2
13523 0
13524 0
13525 0
13526 0
13527 0
13528 0
13529 0
13530 2
13531 0
13532 0
13533 0
13534 0
13535 0
13536 0
13537 0
13538 0
13539 1
13540 0
13541 1
13542 0
13543 0
13544 0
13545 0
13546 1
13547 0
13548 0
13549 0
13550 0
13551 0
13552 0
13553 0
13554 0
13555 0
13556 0
13557 0
13558 0
13559 0
13560 0
13561 1
13562 2
13563 2
13564 0
13565 2
13566 0
13567 0
13568 0
13569 0
13570 1
13571 0
13572 0
13573 0
13574 0
13575 0
13576 0
13577 1
13578 0
13579 0
13580 0
13581 0
13582 0
13583 2
13584 0
13585 0
13586 1
13587 0
13588 0
13589 0
13590 0
13591 1
13592 0
13593 1
13594 0
13595 0
13596 0
13597 0
13598 0
13599 0
13600 0
13601 0
13602 1
13603 0
13604 0
13605 0
13606 0
13607 0
13608 0
13609 0
13610 0
13611 0
13612 0
13613 0
13614 1
13615 0
13616 0
13617 0
13618 0
13619 0
13620 0
13621 0
13622 0
13623 0
13624 0
13625 0
13626 0
13627 0
13628 0
13629 0
13630 0
13631 0
13632 0
13633 0
13634 0
13635 0
13636 0
13637 1
13638 1
13639 0
13640 0
13641 1
13642 0
13643 0
13644 2
13645 0
13646 0
13647 0
13648 0
13649 0
13650 0
13651 0
13652 0
13653 0
13654 0
13655 1
13656 0
13657 0
13658 0
13659 0
13660 0
13661 0
13662 0
13663 2
13664 1
13665 1
13666 0
13667 0
13668 2
13669 0
13670 0
13671 1
13672 0
13673 0
13674 1
13675 0
13676 0
13677 0
13678 0
13679 0
13680 0
13681 0
13682 1
13683 0
13684 1
13685 0
13686 0
13687 0
13688 0
13689 0
13690 0
13691 1
13692 0
13693 0
13694 2
13695 0
13696 1
13697 1
13698 0
13699 0
13700 1
13701 1
13702 2
13703 0
13704 0
13705 0
13706 0
13707 0
13708 0
13709 0
13710 0
13711 0
13712 0
13713 0
13714 0
13715 0
13716 0
13717 0
13718 0
13719 1
13720 0
13721 0
13722 0
13723 1
13724 0
13725 0
13726 0
13727 1
13728 0
13729 0
13730 0
13731 0
13732 0
13733 0
13734 1
13735 1
13736 1
13737 0
13738 0
13739 0
13740 0
13741 0
13742 0
13743 0
13744 1
13745 0
13746 0
13747 1
13748 0
13749 0
13750 0
13751 0
13752 0
13753 0
13754 0
13755 0
13756 0
13757 0
13758 1
13759 0
13760 0
13761 0
13762 0
13763 0
13764 0
13765 0
13766 0
13767 0
13768 0
13769 0
13770 0
13771 0
13772 0
13773 0
13774 0
13775 1
13776 0
13777 0
13778 0
13779 0
13780 1
13781 0
13782 0
13783 0
13784 2
13785 0
13786 0
13787 1
13788 1
13789 0
13790 0
13791 3
13792 0
13793 0
13794 0
13795 0
13796 1
13797 1
13798 0
13799 0
13800 1
13801 0
13802 0
13803 0
13804 0
13805 1
13806 1
13807 0
13808 0
13809 0
13810 1
13811 0
13812 0
13813 0
13814 0
13815 2
13816 0
13817 0
13818 0
13819 0
13820 0
13821 0
13822 3
13823 0
13824 0
13825 2
13826 1
13827 0
13828 0
13829 2
13830 1
13831 0
13832 0
13833 0
13834 0
13835 0
13836 0
13837 0
13838 1
13839 0
13840 0
13841 0
13842 0
13843 0
13844 0
13845 0
13846 1
13847 0
13848 0
13849 0
13850 0
13851 0
13852 0
13853 0
13854 0
13855 0
13856 0
13857 0
13858 0
13859 0
13860 0
13861 0
13862 0
13863 0
13864 0
13865 1
13866 0
13867 0
13868 0
13869 0
13870 0
13871 0
13872 0
13873 0
13874 1
13875 0
13876 0
13877 1
13878 1
13879 0
13880 0
13881 0
13882 0
13883 0
13884 0
13885 0
13886 0
13887 0
13888 0
13889 0
13890 0
13891 0
13892 0
13893 1
13894 0
13895 0
13896 0
13897 2
13898 0
13899 0
13900 1
13901 0
13902 0
13903 0
13904 1
13905 0
13906 0
13907 2
13908 0
13909 0
13910 0
13911 2
13912 0
13913 0
13914 0
13915 1
13916 1
13917 0
13918 0
13919 0
13920 1
13921 1
13922 1
13923 0
13924 0
13925 1
13926 0
13927 0
13928 0
13929 0
13930 2
13931 0
13932 1
13933 1
13934 0
13935 0
13936 0
13937 1
13938 0
13939 0
13940 0
13941 0
13942 0
13943 0
13944 0
13945 0
13946 0
13947 0
13948 1
13949 0
13950 1
13951 0
13952 1
13953 0
13954 1
13955 0
13956 0
13957 0
13958 0
13959 0
13960 0
13961 0
13962 1
13963 1
13964 0
13965 0
13966 0
13967 1
13968 0
13969 0
13970 0
13971 1
13972 0
13973 0
13974 0
13975 1
13976 0
13977 0
13978 0
13979 0
13980 1
13981 0
13982 0
13983 2
13984 0
13985 0
13986 0
13987 0
13988 0
13989 0
13990 1
13991 1
13992 0
13993 0
13994 0
13995 0
13996 1
13997 0
13998 0
13999 0
14000 0
14001 0
14002 0
14003 0
14004 1
14005 0
14006 1
14007 0
14008 0
14009 0
14010 0
14011 0
14012 0
14013 0
14014 0
14015 0
14016 0
14017 0
14018 0
14019 0
14020 0
14021 0
14022 0
14023 0
14024 0
14025 0
14026 0
14027 1
14028 0
14029 1
14030 0
14031 0
14032 0
14033 0
14034 0
14035 1
14036 0
14037 1
14038 0
14039 0
14040 1
14041 0
14042 0
14043 1
14044 0
14045 0
14046 0
14047 0
14048 0
14049 0
14050 2
14051 0
14052 0
14053 1
14054 0
14055 0
14056 0
14057 0
14058 0
14059 0
14060 0
14061 0
14062 0
14063 0
14064 0
14065 0
14066 0
14067 0
14068 0
14069 0
14070 0
14071 2
14072 0
14073 0
14074 0
14075 0
14076 0
14077 0
14078 0
14079 0
14080 0
14081 0
14082 0
14083 0
14084 0
14085 0
14086 0
14087 0
14088 0
14089 0
14090 0
14091 0
14092 0
14093 0
14094 1
14095 0
14096 0
14097 0
14098 1
14099 0
14100 0
14101 0
14102 0
14103 0
14104 0
14105 0
14106 1
14107 0
14108 1
14109 0
14110 1
14111 1
14112 0
14113 0
14114 0
14115 1
14116 0
14117 0
14118 0
14119 0
14120 0
14121 1
14122 0
14123 0
14124 0
14125 1
14126 0
14127 0
14128 0
14129 0
14130 0
14131 0
14132 0
14133 0
14134 1
14135 0
14136 1
14137 0
14138 0
14139 0
14140 0
14141 0
14142 0
14143 0
14144 0
14145 0
14146 0
14147 0
14148 0
14149 1
14150 1
14151 0
14152 0
14153 0
14154 0
14155 0
14156 0
14157 0
14158 0
14159 1
14160 0
14161 0
14162 2
14163 0
14164 0
14165 0
14166 1
14167 0
14168 0
14169 0
14170 0
14171 0
14172 0
14173 0
14174 1
14175 0
14176 0
14177 0
14178 1
14179 0
14180 1
14181 0
14182 0
14183 0
14184 0
14185 0
14186 0
14187 0
14188 0
14189 0
14190 0
14191 0
14192 0
14193 0
14194 0
14195 0
14196 0
14197 0
14198 0
14199 0
14200 0
14201 0
14202 0
14203 0
14204 0
14205 0
14206 0
14207 0
14208 0
14209 0
14210 0
14211 1
14212 0
14213 0
14214 1
14215 1
14216 0
14217 0
14218 0
14219 0
14220 0
14221 1
14222 1
14223 0
14224 0
14225 0
14226 0
14227 0
14228 0
14229 0
14230 0
14231 1
14232 0
14233 0
14234 2
14235 0
14236 0
14237 0
14238 0
14239 0
14240 0
14241 0
14242 1
14243 0
14244 1
14245 1
14246 0
14247 0
14248 0
14249 0
14250 0
14251 0
14252 0
14253 0
14254 0
14255 0
14256 0
14257 1
14258 0
14259 0
14260 1
14261 0
14262 0
14263 0
14264 1
14265 0
14266 0
14267 0
14268 0
14269 0
14270 0
14271 0
14272 1
14273 0
14274 0
14275 0
14276 0
14277 0
14278 0
14279 0
14280 0
14281 0
14282 0
14283 0
14284 0
14285 1
14286 0
14287 0
14288 0
14289 0
14290 0
14291 0
14292 0
14293 0
14294 0
14295 0
14296 0
14297 0
14298 0
14299 0
14300 1
14301 0
14302 0
14303 0
14304 0
14305 0
14306 0
14307 0
14308 0
14309 0
14310 0
14311 0
14312 1
14313 0
14314 1
14315 0
14316 0
14317 0
14318 0
14319 0
14320 0
14321 0
14322 0
14323 0
14324 0
14325 0
14326 0
14327 0
14328 0
14329 0
14330 0
14331 0
14332 0
14333 1
14334 0
14335 0
14336 0
14337 0
14338 0
14339 0
14340 1
14341 0
14342 0
14343 0
14344 0
14345 0
14346 0
14347 0
14348 0
14349 0
14350 1
14351 1
14352 0
14353 0
14354 0
14355 0
14356 0
14357 0
14358 0
14359 0
14360 0
14361 0
14362 0
14363 0
14364 1
14365 1
14366 0
14367 0
14368 1
14369 0
14370 0
14371 0
14372 0
14373 1
14374 1
14375 0
14376 0
14377 0
14378 0
14379 0
14380 0
14381 0
14382 0
14383 0
14384 0
14385 1
14386 0
14387 0
14388 0
14389 0
14390 0
14391 0
14392 1
14393 0
14394 0
14395 0
14396 0
14397 0
14398 0
14399 1
14400 0
14401 0
14402 0
14403 0
14404 0
14405 1
14406 0
14407 0
14408 0
14409 0
14410 0
14411 0
14412 1
14413 0
14414 0
14415 0
14416 0
14417 1
14418 0
14419 0
14420 0
14421 0
14422 0
14423 1
14424 0
14425 0
14426 0
14427 0
14428 0
14429 0
14430 0
14431 0
14432 0
14433 0
14434 0
14435 1
14436 0
14437 0
14438 1
14439 0
14440 0
14441 1
14442 1
14443 0
14444 0
14445 0
14446 0
14447 0
14448 0
14449 0
14450 0
14451 0
14452 0
14453 0
14454 1
14455 0
14456 0
14457 0
14458 0
14459 0
14460 0
14461 0
14462 0
14463 0
14464 0
14465 0
14466 0
14467 0
14468 0
14469 0
14470 0
14471 0
14472 0
14473 0
14474 0
14475 0
14476 0
14477 1
14478 0
14479 0
14480 0
14481 0
14482 0
14483 0
14484 0
14485 0
14486 0
14487 0
14488 0
14489 0
14490 0
14491 0
14492 0
14493 0
14494 0
14495 0
14496 0
14497 0
14498 1
14499 0
14500 0
14501 0
14502 0
14503 0
14504 0
14505 0
14506 0
14507 1
14508 0
14509 0
14510 0
14511 0
14512 0
14513 0
14514 0
14515 0
14516 0
14517 0
14518 0
14519 0
14520 1
14521 0
14522 1
14523 0
14524 0
14525 0
14526 0
14527 0
14528 0
14529 0
14530 0
14531 0
14532 0
14533 0
14534 0
14535 0
14536 0
14537 1
14538 0
14539 1
14540 1
14541 0
14542 0
14543 0
14544 0
14545 1
14546 1
14547 0
14548 0
14549 1
14550 0
14551 0
14552 0
14553 0
14554 0
14555 0
14556 0
14557 0
14558 0
14559 0
14560 0
14561 0
14562 0
14563 0
14564 0
14565 0
14566 0
14567 1
14568 0
14569 0
14570 0
14571 0
14572 0
14573 1
14574 0
14575 0
14576 0
14577 0
14578 0
14579 0
14580 0
14581 0
14582 0
14583 0
14584 0
14585 0
14586 0
14587 0
14588 1
14589 0
14590 0
14591 0
14592 0
14593 0
14594 0
14595 0
14596 0
14597 0
14598 0
14599 0
14600 0
14601 0
14602 0
14603 0
14604 1
14605 0
14606 0
14607 0
14608 0
14609 0
14610 0
14611 0
14612 0
14613 0
14614 0
14615 0
14616 0
14617 0
14618 0
14619 0
14620 0
14621 0
14622 0
14623 0
14624 0
14625 0
14626 0
14627 0
14628 0
14629 0
14630 0
14631 0
14632 0
14633 0
14634 0
14635 0
14636 0
14637 0
14638 0
14639 0
14640 0
14641 0
14642 0
14643 0
14644 0
14645 0
14646 0
14647 0
14648 0
14649 0
14650 0
14651 0
14652 0
14653 0
14654 1
14655 0
14656 0
14657 0
14658 1
14659 0
14660 0
14661 0
14662 0
14663 1
14664 0
14665 0
14666 1
14667 0
14668 0
14669 1
14670 0
14671 0
14672 0
14673 0
14674 0
14675 0
14676 0
14677 0
14678 0
14679 0
14680 0
14681 0
14682 0
14683 0
14684 0
14685 0
14686 0
14687 0
14688 0
14689 0
14690 0
14691 0
14692 0
14693 1
14694 0
14695 1
14696 0
14697 1
14698 0
14699 1
14700 1
14701 0
14702 0
14703 1
14704 0
14705 0
14706 0
14707 0
14708 0
14709 1
14710 0
14711 0
14712 0
14713 0
14714 0
14715 0
14716 0
14717 1
14718 0
14719 1
14720 0
14721 0
14722 0
14723 0
14724 0
14725 0
14726 0
14727 0
14728 0
14729 0
14730 0
14731 0
14732 0
14733 0
14734 0
14735 0
14736 0
14737 0
14738 0
14739 1
14740 0
14741 0
14742 0
14743 0
14744 0
14745 0
14746 0
14747 0
14748 0
14749 0
14750 0
14751 0
14752 0
14753 0
14754 0
14755 0
14756 0
14757 0
14758 0
14759 0
14760 0
14761 0
14762 0
14763 0
14764 0
14765 2
14766 0
14767 0
14768 0
14769 1
14770 0
14771 0
14772 0
14773 0
14774 0
14775 0
14776 0
14777 1
14778 0
14779 0
14780 0
14781 0
14782 0
14783 0
14784 0
14785 0
14786 0
14787 0
14788 0
14789 1
14790 0
14791 0
14792 0
14793 0
14794 0
14795 0
14796 0
14797 0
14798 0
14799 0
14800 0
14801 0
14802 1
14803 0
14804 0
14805 0
14806 0
14807 0
14808 0
14809 0
14810 1
14811 0
14812 0
14813 0
14814 0
14815 0
14816 1
14817 0
14818 0
14819 1
14820 0
14821 0
14822 0
14823 0
14824 0
14825 0
14826 0
14827 0
14828 0
14829 1
14830 0
14831 0
14832 0
14833 0
14834 0
14835 0
14836 0
14837 0
14838 0
14839 0
14840 0
14841 0
14842 1
14843 1
14844 1
14845 0
14846 0
14847 0
14848 0
14849 0
14850 0
14851 0
14852 0
14853 1
14854 0
14855 0
14856 0
14857 0
14858 1
14859 0
14860 0
14861 0
14862 0
14863 0
14864 1
14865 0
14866 0
14867 0
14868 0
14869 1
14870 0
14871 1
14872 0
14873 0
14874 0
14875 0
14876 0
14877 1
14878 0
14879 0
14880 0
14881 0
14882 0
14883 0
14884 0
14885 0
14886 0
14887 0
14888 0
14889 0
14890 0
14891 0
14892 0
14893 0
14894 0
14895 0
14896 0
14897 0
14898 1
14899 0
14900 0
14901 0
14902 0
14903 0
14904 1
14905 0
14906 0
14907 0
14908 0
14909 0
14910 0
14911 1
14912 0
14913 0
14914 0
14915 0
14916 0
14917 0
14918 1
14919 0
14920 0
14921 0
14922 0
14923 0
14924 0
14925 0
14926 0
14927 0
14928 0
14929 0
14930 0
14931 0
14932 1
14933 0
14934 0
14935 0
14936 0
14937 0
14938 1
14939 0
14940 0
14941 0
14942 0
14943 0
14944 0
14945 1
14946 0
14947 0
14948 0
14949 0
14950 0
14951 0
14952 1
14953 0
14954 0
14955 0
14956 0
14957 0
14958 0
14959 0
14960 0
14961 0
14962 0
14963 0
14964 1
14965 0
14966 0
14967 0
14968 0
14969 0
14970 0
14971 1
14972 0
14973 0
14974 0
14975 0
14976 0
14977 0
14978 1
14979 0
14980 0
14981 0
14982 0
14983 0
14984 0
14985 0
14986 1
14987 0
14988 0
14989 0
14990 0
14991 0
14992 1
14993 0
14994 0
14995 0
14996 0
14997 0
14998 0
14999 1
15000 0
15001 0
15002 0
15003 0
15004 0
15005 0
15006 0
15007 0
15008 0
15009 0
15010 0
15011 0
15012 0
15013 0
15014 0
15015 0
15016 0
15017 0
15018 0
15019 0
15020 0
15021 0
15022 0
15023 0
15024 0
15025 1
15026 0
15027 0
15028 0
15029 0
15030 0
15031 0
15032 0
15033 0
15034 0
15035 0
15036 0
15037 0
15038 0
15039 0
15040 0
15041 0
15042 0
15043 0
15044 0
15045 0
15046 0
15047 1
15048 0
15049 1
15050 0
15051 0
15052 0
15053 0
15054 0
15055 0
15056 0
15057 0
15058 0
15059 0
15060 0
15061 0
15062 1
15063 1
15064 0
15065 0
15066 0
15067 0
15068 0
15069 0
15070 0
15071 0
15072 0
15073 0
15074 0
15075 0
15076 0
15077 0
15078 0
15079 1
15080 0
15081 0
15082 1
15083 0
15084 0
15085 0
15086 0
15087 0
15088 0
15089 0
15090 0
15091 0
15092 0
15093 0
15094 0
15095 0
15096 0
15097 0
15098 0
15099 0
15100 0
15101 0
15102 0
15103 0
15104 0
15105 0
15106 0
15107 0
15108 0
15109 0
15110 0
15111 0
15112 0
15113 0
15114 0
15115 0
15116 0
15117 0
15118 0
15119 0
15120 0
15121 0
15122 0
15123 0
15124 0
15125 0
15126 0
15127 1
15128 0
15129 0
15130 0
15131 0
15132 0
15133 0
15134 0
15135 0
15136 1
15137 0
15138 0
15139 0
15140 0
15141 0
15142 0
15143 0
15144 0
15145 0
15146 0
15147 0
15148 0
15149 0
15150 0
15151 0
15152 0
15153 0
15154 0
15155 0
15156 0
15157 0
15158 1
15159 0
15160 0
15161 1
15162 0
15163 0
15164 0
15165 0
15166 0
15167 1
15168 0
15169 0
15170 0
15171 0
15172 0
15173 1
15174 0
15175 0
15176 0
15177 0
15178 0
15179 0
15180 0
15181 1
15182 0
15183 0
15184 0
15185 1
15186 1
15187 1
15188 0
15189 0
15190 1
15191 0
15192 0
15193 1
15194 1
15195 0
15196 0
15197 0
15198 0
15199 0
15200 0
15201 0
15202 0
15203 0
15204 0
15205 2
15206 0
15207 0
15208 0
15209 0
15210 0
15211 0
15212 0
15213 0
15214 1
15215 0
15216 0
15217 0
15218 0
15219 0
15220 0
15221 0
15222 0
15223 0
15224 0
15225 0
15226 0
15227 0
15228 0
15229 0
15230 0
15231 0
15232 0
15233 0
15234 0
15235 0
15236 0
15237 0
15238 0
15239 0
15240 0
15241 0
15242 1
15243 0
15244 0
15245 1
15246 0
15247 0
15248 0
15249 0
15250 0
15251 0
15252 1
15253 0
15254 0
15255 0
15256 0
15257 0
15258 0
15259 0
15260 0
15261 1
15262 0
15263 0
15264 0
15265 0
15266 0
15267 0
15268 0
15269 0
15270 0
15271 0
15272 1
15273 0
15274 0
15275 1
15276 0
15277 0
15278 0
15279 0
15280 0
15281 0
15282 0
15283 0
15284 0
15285 0
15286 0
15287 0
15288 0
15289 0
15290 0
15291 0
15292 0
15293 0
15294 0
15295 0
15296 0
15297 0
15298 2
15299 0
15300 0
15301 0
15302 0
15303 0
15304 0
15305 0
15306 0
15307 0
15308 0
15309 0
15310 0
15311 0
15312 0
15313 0
15314 0
15315 0
15316 0
15317 0
15318 0
15319 0
15320 0
15321 0
15322 0
15323 0
15324 0
15325 0
15326 0
15327 0
15328 0
15329 0
15330 0
15331 1
15332 0
15333 0
15334 0
15335 0
15336 0
15337 0
15338 0
15339 0
15340 0
15341 0
15342 0
15343 0
15344 0
15345 0
15346 0
15347 1
15348 1
15349 0
15350 0
15351 0
15352 0
15353 0
15354 0
15355 0
15356 0
15357 0
15358 0
15359 0
15360 0
15361 0
15362 0
15363 0
15364 0
15365 0
15366 0
15367 0
15368 0
15369 0
15370 1
15371 0
15372 0
15373 0
15374 0
15375 0
15376 0
15377 1
15378 0
15379 0
15380 0
15381 0
15382 0
15383 0
15384 0
15385 0
15386 0
15387 1
15388 0
15389 0
15390 0
15391 2
15392 0
15393 0
15394 0
15395 0
15396 0
15397 0
15398 0
15399 0
15400 0
15401 1
15402 0
15403 0
15404 0
15405 0
15406 0
15407 0
15408 0
15409 0
15410 0
15411 1
15412 0
15413 0
15414 0
15415 0
15416 0
15417 0
15418 0
15419 0
15420 0
15421 2
15422 1
15423 0
15424 1
15425 0
15426 0
15427 1
15428 0
15429 0
15430 1
15431 0
15432 0
15433 1
15434 0
15435 0
15436 0
15437 0
15438 0
15439 0
15440 0
15441 0
15442 0
15443 0
15444 0
15445 0
15446 0
15447 0
15448 1
15449 0
15450 0
15451 0
15452 0
15453 1
15454 0
15455 1
15456 0
15457 0
15458 1
15459 0
15460 0
15461 0
15462 0
15463 0
15464 1
15465 0
15466 0
15467 0
15468 0
15469 0
15470 0
15471 0
15472 0
15473 0
15474 0
15475 0
15476 0
15477 0
15478 0
15479 0
15480 0
15481 0
15482 0
15483 0
15484 0
15485 1
15486 0
15487 0
15488 0
15489 0
15490 0
15491 0
15492 0
15493 0
15494 0
15495 0
15496 0
15497 1
15498 0
15499 0
15500 0
15501 0
15502 0
15503 0
15504 0
15505 0
15506 0
15507 0
15508 0
15509 0
15510 0
15511 1
15512 1
15513 0
15514 0
15515 0
15516 0
15517 0
15518 0
15519 0
15520 0
15521 0
15522 0
15523 0
15524 0
15525 1
15526 0
15527 0
15528 0
15529 0
15530 0
15531 1
15532 0
15533 0
15534 0
15535 0
15536 0
15537 0
15538 0
15539 0
15540 0
15541 0
15542 0
15543 0
15544 0
15545 0
15546 1
15547 0
15548 0
15549 0
15550 0
15551 0
15552 0
15553 0
15554 0
15555 0
15556 0
15557 0
15558 0
15559 0
15560 0
15561 0
15562 0
15563 0
15564 0
15565 0
15566 0
15567 1
15568 0
15569 0
15570 1
15571 0
15572 0
15573 0
15574 0
15575 0
15576 0
15577 0
15578 0
15579 0
15580 0
15581 0
15582 0
15583 0
15584 0
15585 0
15586 0
15587 0
15588 0
15589 0
15590 0
15591 0
15592 0
15593 0
15594 0
15595 0
15596 0
15597 0
15598 0
15599 0
15600 0
15601 0
15602 0
15603 0
15604 0
15605 0
15606 1
15607 0
15608 0
15609 0
15610 0
15611 0
15612 0
15613 0
15614 0
15615 0
15616 0
15617 0
15618 1
15619 0
15620 0
15621 0
15622 0
15623 0
15624 0
15625 0
15626 0
15627 0
15628 1
15629 0
15630 0
15631 0
15632 0
15633 0
15634 1
15635 0
15636 0
15637 0
15638 0
15639 0
15640 2
15641 0
15642 0
15643 0
15644 0
15645 0
15646 0
15647 1
15648 1
15649 0
15650 1
15651 0
15652 0
15653 0
15654 0
15655 0
15656 0
15657 0
15658 0
15659 0
15660 0
15661 0
15662 0
15663 0
15664 0
15665 0
15666 0
15667 0
15668 0
15669 0
15670 0
15671 1
15672 0
15673 0
15674 0
15675 0
15676 0
15677 0
15678 0
15679 1
15680 0
15681 0
15682 0
15683 0
15684 0
15685 0
15686 0
15687 0
15688 0
15689 0
15690 0
15691 1
15692 0
15693 0
15694 0
15695 0
15696 0
15697 0
15698 1
15699 0
15700 0
15701 0
15702 0
15703 0
15704 0
15705 0
15706 0
15707 0
15708 0
15709 0
15710 1
15711 0
15712 0
15713 0
15714 0
15715 0
15716 2
15717 0
15718 0
15719 0
15720 0
15721 0
15722 0
15723 0
15724 0
15725 0
15726 1
15727 0
15728 2
15729 0
15730 0
15731 0
15732 0
15733 0
15734 2
15735 1
15736 1
15737 1
15738 3
15739 1
15740 1
15741 1
15742 3
15743 1
15744 3
15745 4
15746 4
15747 2
15748 4
15749 6
15750 6
15751 4
15752 6
15753 4
15754 3
15755 12
15756 10
15757 7
15758 16
15759 16
15760 9
15761 8
15762 16
15763 14
15764 12
15765 11
15766 7
15767 15
15768 10
15769 12
15770 10
15771 4
15772 7
15773 7
15774 7
15775 11
15776 7
15777 3
15778 8
15779 3
15780 3
15781 4
15782 0
15783 0
15784 0
15785 0
15786 1
15787 0
15788 0
15789 1
15790 0
15791 0
15792 1
15793 0
15794 0
15795 0
15796 0
15797 0
15798 1
15799 1
15800 0
15801 0
15802 0
15803 0
15804 0
15805 0
15806 0
15807 0
15808 0
15809 0
15810 0
15811 0
15812 0
15813 0
15814 0
15815 0
15816 0
15817 0
15818 0
15819 0
15820 0
15821 0
15822 0
15823 0
15824 0
15825 0
15826 1
15827 0
15828 0
15829 0
15830 0
15831 0
15832 0
15833 0
15834 1
15835 0
15836 0
15837 0
15838 0
15839 0
15840 0
15841 1
15842 0
15843 0
15844 0
15845 0
15846 0
15847 0
15848 0
15849 0
15850 0
15851 0
15852 0
15853 1
15854 0
15855 0
15856 0
15857 0
15858 0
15859 0
15860 0
15861 0
15862 0
15863 0
15864 0
15865 0
15866 1
15867 0
15868 0
15869 0
15870 0
15871 0
15872 0
15873 0
15874 0
15875 0
15876 0
15877 0
15878 0
15879 0
15880 0
15881 0
15882 0
15883 0
15884 0
15885 0
15886 0
15887 0
15888 0
15889 0
15890 1
15891 1
15892 0
15893 1
15894 1
15895 0
15896 0
15897 0
15898 0
15899 0
15900 0
15901 0
15902 0
15903 0
15904 0
15905 0
15906 0
15907 0
15908 0
15909 0
15910 0
15911 0
15912 0
15913 0
15914 0
15915 0
15916 0
15917 0
15918 0
15919 0
15920 0
15921 1
15922 0
15923 0
15924 0
15925 0
15926 0
15927 0
15928 0
15929 0
15930 0
15931 0
15932 0
15933 0
15934 1
15935 0
15936 0
15937 0
15938 1
15939 0
15940 0
15941 0
15942 0
15943 1
15944 0
15945 0
15946 0
15947 0
15948 0
15949 0
15950 0
15951 1
15952 0
15953 0
15954 0
15955 0
15956 0
15957 0
15958 0
15959 0
15960 0
15961 0
15962 0
15963 0
15964 1
15965 0
15966 0
15967 0
15968 0
15969 0
15970 1
15971 0
15972 0
15973 0
15974 0
15975 0
15976 0
15977 0
15978 0
15979 0
15980 0
15981 0
15982 1
15983 0
15984 0
15985 0
15986 0
15987 0
15988 0
15989 0
15990 0
15991 1
15992 0
15993 0
15994 0
15995 0
15996 0
15997 0
15998 0
15999 0
16000 0
16001 0
16002 0
16003 0
16004 0
16005 0
16006 0
16007 0
16008 0
16009 0
16010 0
16011 0
16012 0
16013 0
16014 0
16015 0
16016 0
16017 0
16018 0
16019 0
16020 0
16021 0
16022 0
16023 0
16024 0
16025 0
16026 0
16027 0
16028 0
16029 0
16030 0
16031 1
16032 0
16033 0
16034 0
16035 0
16036 0
16037 1
16038 0
16039 0
16040 0
16041 0
16042 0
16043 0
16044 0
16045 0
16046 0
16047 0
16048 1
16049 0
16050 0
16051 0
16052 0
16053 1
16054 0
16055 0
16056 0
16057 0
16058 0
16059 0
16060 1
16061 0
16062 0
16063 0
16064 0
16065 0
16066 0
16067 0
16068 0
16069 0
16070 0
16071 0
16072 0
16073 0
16074 1
16075 0
16076 0
16077 0
16078 0
16079 0
16080 0
16081 0
16082 0
16083 0
16084 0
16085 0
16086 0
16087 0
16088 0
16089 0
16090 0
16091 2
16092 0
16093 0
16094 0
16095 0
16096 0
16097 0
16098 1
16099 0
16100 0
16101 1
16102 0
16103 0
16104 0
16105 0
16106 0
16107 1
16108 0
16109 0
16110 0
16111 0
16112 0
16113 0
16114 0
16115 0
16116 0
16117 0
16118 0
16119 0
16120 0
16121 0
16122 0
16123 0
16124 1
16125 0
16126 0
16127 0
16128 0
16129 0
16130 0
16131 0
16132 0
16133 0
16134 0
16135 0
16136 0
16137 0
16138 0
16139 0
16140 0
16141 0
16142 0
16143 1
16144 0
16145 1
16146 0
16147 0
16148 0
16149 1
16150 0
16151 0
16152 0
16153 2
16154 0
16155 0
16156 0
16157 0
16158 0
16159 0
16160 0
16161 0
16162 0
16163 0
16164 1
16165 0
16166 0
16167 0
16168 0
16169 0
16170 0
16171 0
16172 0
16173 0
16174 0
16175 1
16176 0
16177 0
16178 0
16179 0
16180 0
16181 0
16182 0
16183 0
16184 0
16185 0
16186 0
16187 0
16188 0
16189 0
16190 0
16191 0
16192 0
16193 1
16194 1
16195 0
16196 0
16197 0
16198 0
16199 0
16200 1
16201 0
16202 0
16203 0
16204 0
16205 0
16206 0
16207 0
16208 0
16209 0
16210 0
16211 0
16212 0
16213 0
16214 0
16215 0
16216 0
16217 0
16218 1
16219 0
16220 0
16221 1
16222 1
16223 0
16224 0
16225 0
16226 1
16227 0
16228 0
16229 0
16230 0
16231 0
16232 0
16233 0
16234 0
16235 0
16236 0
16237 0
16238 0
16239 0
16240 0
16241 0
16242 0
16243 0
16244 0
16245 0
16246 0
16247 0
16248 1
16249 0
16250 0
16251 0
16252 0
16253 0
16254 0
16255 1
16256 0
16257 0
16258 0
16259 0
16260 0
16261 0
16262 0
16263 0
16264 0
16265 0
16266 0
16267 0
16268 0
16269 0
16270 0
16271 1
16272 0
16273 0
16274 0
16275 0
16276 0
16277 2
16278 0
16279 0
16280 0
16281 0
16282 0
16283 0
16284 0
16285 0
16286 0
16287 0
16288 0
16289 0
16290 0
16291 0
16292 0
16293 0
16294 1
16295 0
16296 0
16297 0
16298 0
16299 0
16300 0
16301 0
16302 1
16303 0
16304 0
16305 0
16306 0
16307 0
16308 0
16309 0
16310 0
16311 0
16312 0
16313 0
16314 0
16315 0
16316 0
16317 0
16318 0
16319 0
16320 0
16321 0
16322 0
16323 0
16324 0
16325 0
16326 0
16327 0
16328 0
16329 0
16330 1
16331 0
16332 0
16333 0
16334 0
16335 0
16336 0
16337 0
16338 0
16339 1
16340 0
16341 0
16342 0
16343 1
16344 0
16345 0
16346 0
16347 0
16348 0
16349 0
16350 0
16351 0
16352 0
16353 0
16354 0
16355 0
16356 0
16357 0
16358 0
16359 0
16360 0
16361 0
16362 0
16363 0
16364 0
16365 0
16366 0
16367 0
16368 0
16369 0
16370 0
16371 0
16372 0
16373 0
16374 0
16375 0
16376 0
16377 0
16378 0
16379 0
16380 0
16381 0
16382 0
16383 396
