[s],CH1[V]
-4.1200E-07,3.100E-02
-4.1150E-07,2.700E-02
-4.1100E-07,3.300E-02
-4.1050E-07,3.100E-02
-4.1000E-07,2.700E-02
-4.0950E-07,2.900E-02
-4.0900E-07,2.900E-02
-4.0850E-07,3.500E-02
-4.0800E-07,2.900E-02
-4.0750E-07,2.900E-02
-4.0700E-07,3.100E-02
-4.0650E-07,2.700E-02
-4.0600E-07,3.300E-02
-4.0550E-07,2.900E-02
-4.0500E-07,2.900E-02
-4.0450E-07,3.100E-02
-4.0400E-07,2.900E-02
-4.0350E-07,3.100E-02
-4.0300E-07,2.700E-02
-4.0250E-07,3.100E-02
-4.0200E-07,2.900E-02
-4.0150E-07,2.900E-02
-4.0100E-07,2.900E-02
-4.0050E-07,2.700E-02
-4.0000E-07,3.300E-02
-3.9950E-07,2.900E-02
-3.9900E-07,3.100E-02
-3.9850E-07,2.900E-02
-3.9800E-07,3.100E-02
-3.9750E-07,2.900E-02
-3.9700E-07,3.500E-02
-3.9650E-07,2.900E-02
-3.9600E-07,2.900E-02
-3.9550E-07,2.900E-02
-3.9500E-07,2.900E-02
-3.9450E-07,2.700E-02
-3.9400E-07,2.900E-02
-3.9350E-07,3.100E-02
-3.9300E-07,2.900E-02
-3.9250E-07,3.300E-02
-3.9200E-07,2.900E-02
-3.9150E-07,2.900E-02
-3.9100E-07,3.100E-02
-3.9050E-07,2.700E-02
-3.9000E-07,2.900E-02
-3.8950E-07,2.900E-02
-3.8900E-07,3.100E-02
-3.8850E-07,3.100E-02
-3.8800E-07,2.700E-02
-3.8750E-07,2.900E-02
-3.8700E-07,3.100E-02
-3.8650E-07,2.900E-02
-3.8600E-07,2.900E-02
-3.8550E-07,2.700E-02
-3.8500E-07,2.900E-02
-3.8450E-07,2.900E-02
-3.8400E-07,2.900E-02
-3.8350E-07,2.900E-02
-3.8300E-07,2.700E-02
-3.8250E-07,3.100E-02
-3.8200E-07,3.100E-02
-3.8150E-07,3.100E-02
-3.8100E-07,3.100E-02
-3.8050E-07,2.900E-02
-3.8000E-07,3.100E-02
-3.7950E-07,2.500E-02
-3.7900E-07,3.100E-02
-3.7850E-07,2.900E-02
-3.7800E-07,2.900E-02
-3.7750E-07,2.900E-02
-3.7700E-07,3.100E-02
-3.7650E-07,2.900E-02
-3.7600E-07,3.100E-02
-3.7550E-07,2.900E-02
-3.7500E-07,2.900E-02
-3.7450E-07,2.900E-02
-3.7400E-07,3.100E-02
-3.7350E-07,2.700E-02
-3.7300E-07,2.700E-02
-3.7250E-07,3.100E-02
-3.7200E-07,3.100E-02
-3.7150E-07,3.300E-02
-3.7100E-07,2.900E-02
-3.7050E-07,3.100E-02
-3.7000E-07,2.900E-02
-3.6950E-07,2.900E-02
-3.6900E-07,2.900E-02
-3.6850E-07,2.900E-02
-3.6800E-07,3.100E-02
-3.6750E-07,2.700E-02
-3.6700E-07,3.100E-02
-3.6650E-07,3.100E-02
-3.6600E-07,3.300E-02
-3.6550E-07,2.500E-02
-3.6500E-07,2.900E-02
-3.6450E-07,2.900E-02
-3.6400E-07,2.700E-02
-3.6350E-07,2.900E-02
-3.6300E-07,3.100E-02
-3.6250E-07,3.100E-02
-3.6200E-07,2.900E-02
-3.6150E-07,3.100E-02
-3.6100E-07,2.700E-02
-3.6050E-07,2.700E-02
-3.6000E-07,2.900E-02
-3.5950E-07,2.700E-02
-3.5900E-07,3.100E-02
-3.5850E-07,2.700E-02
-3.5800E-07,3.300E-02
-3.5750E-07,2.900E-02
-3.5700E-07,2.700E-02
-3.5650E-07,2.700E-02
-3.5600E-07,3.100E-02
-3.5550E-07,3.100E-02
-3.5500E-07,2.900E-02
-3.5450E-07,3.100E-02
-3.5400E-07,3.100E-02
-3.5350E-07,3.100E-02
-3.5300E-07,2.900E-02
-3.5250E-07,3.100E-02
-3.5200E-07,3.100E-02
-3.5150E-07,2.700E-02
-3.5100E-07,3.300E-02
-3.5050E-07,2.900E-02
-3.5000E-07,2.900E-02
-3.4950E-07,2.900E-02
-3.4900E-07,2.900E-02
-3.4850E-07,2.900E-02
-3.4800E-07,2.900E-02
-3.4750E-07,3.100E-02
-3.4700E-07,2.900E-02
-3.4650E-07,2.700E-02
-3.4600E-07,3.100E-02
-3.4550E-07,2.900E-02
-3.4500E-07,3.100E-02
-3.4450E-07,2.700E-02
-3.4400E-07,2.900E-02
-3.4350E-07,2.900E-02
-3.4300E-07,2.900E-02
-3.4250E-07,2.700E-02
-3.4200E-07,2.900E-02
-3.4150E-07,3.100E-02
-3.4100E-07,2.900E-02
-3.4050E-07,3.100E-02
-3.4000E-07,3.100E-02
-3.3950E-07,3.100E-02
-3.3900E-07,3.100E-02
-3.3850E-07,2.900E-02
-3.3800E-07,3.100E-02
-3.3750E-07,2.900E-02
-3.3700E-07,2.900E-02
-3.3650E-07,2.900E-02
-3.3600E-07,3.500E-02
-3.3550E-07,2.900E-02
-3.3500E-07,3.100E-02
-3.3450E-07,3.300E-02
-3.3400E-07,2.900E-02
-3.3350E-07,3.100E-02
-3.3300E-07,2.900E-02
-3.3250E-07,2.900E-02
-3.3200E-07,3.100E-02
-3.3150E-07,2.900E-02
-3.3100E-07,2.900E-02
-3.3050E-07,3.100E-02
-3.3000E-07,2.700E-02
-3.2950E-07,2.700E-02
-3.2900E-07,2.900E-02
-3.2850E-07,2.900E-02
-3.2800E-07,2.700E-02
-3.2750E-07,2.700E-02
-3.2700E-07,3.100E-02
-3.2650E-07,3.100E-02
-3.2600E-07,2.900E-02
-3.2550E-07,2.700E-02
-3.2500E-07,3.100E-02
-3.2450E-07,3.100E-02
-3.2400E-07,2.900E-02
-3.2350E-07,2.900E-02
-3.2300E-07,3.100E-02
-3.2250E-07,2.900E-02
-3.2200E-07,2.700E-02
-3.2150E-07,3.100E-02
-3.2100E-07,2.900E-02
-3.2050E-07,3.100E-02
-3.2000E-07,2.700E-02
-3.1950E-07,2.900E-02
-3.1900E-07,3.100E-02
-3.1850E-07,2.900E-02
-3.1800E-07,3.100E-02
-3.1750E-07,3.100E-02
-3.1700E-07,2.900E-02
-3.1650E-07,3.100E-02
-3.1600E-07,2.900E-02
-3.1550E-07,2.900E-02
-3.1500E-07,2.700E-02
-3.1450E-07,2.900E-02
-3.1400E-07,3.100E-02
-3.1350E-07,2.900E-02
-3.1300E-07,3.100E-02
-3.1250E-07,2.700E-02
-3.1200E-07,2.900E-02
-3.1150E-07,2.700E-02
-3.1100E-07,3.100E-02
-3.1050E-07,2.700E-02
-3.1000E-07,2.900E-02
-3.0950E-07,3.100E-02
-3.0900E-07,3.100E-02
-3.0850E-07,2.700E-02
-3.0800E-07,2.900E-02
-3.0750E-07,2.700E-02
-3.0700E-07,2.900E-02
-3.0650E-07,3.100E-02
-3.0600E-07,2.900E-02
-3.0550E-07,3.100E-02
-3.0500E-07,2.900E-02
-3.0450E-07,3.100E-02
-3.0400E-07,3.300E-02
-3.0350E-07,2.700E-02
-3.0300E-07,2.900E-02
-3.0250E-07,3.100E-02
-3.0200E-07,2.900E-02
-3.0150E-07,3.100E-02
-3.0100E-07,3.100E-02
-3.0050E-07,2.900E-02
-3.0000E-07,2.900E-02
-2.9950E-07,2.700E-02
-2.9900E-07,2.900E-02
-2.9850E-07,2.900E-02
-2.9800E-07,2.900E-02
-2.9750E-07,2.900E-02
-2.9700E-07,3.100E-02
-2.9650E-07,2.900E-02
-2.9600E-07,3.100E-02
-2.9550E-07,2.900E-02
-2.9500E-07,2.900E-02
-2.9450E-07,3.100E-02
-2.9400E-07,2.900E-02
-2.9350E-07,3.100E-02
-2.9300E-07,3.100E-02
-2.9250E-07,3.100E-02
-2.9200E-07,2.700E-02
-2.9150E-07,2.900E-02
-2.9100E-07,2.900E-02
-2.9050E-07,3.100E-02
-2.9000E-07,2.700E-02
-2.8950E-07,2.700E-02
-2.8900E-07,2.900E-02
-2.8850E-07,3.100E-02
-2.8800E-07,3.100E-02
-2.8750E-07,3.100E-02
-2.8700E-07,2.700E-02
-2.8650E-07,3.100E-02
-2.8600E-07,2.900E-02
-2.8550E-07,3.100E-02
-2.8500E-07,2.900E-02
-2.8450E-07,2.900E-02
-2.8400E-07,2.900E-02
-2.8350E-07,2.900E-02
-2.8300E-07,3.100E-02
-2.8250E-07,2.700E-02
-2.8200E-07,2.900E-02
-2.8150E-07,2.900E-02
-2.8100E-07,2.900E-02
-2.8050E-07,3.100E-02
-2.8000E-07,2.900E-02
-2.7950E-07,2.700E-02
-2.7900E-07,2.900E-02
-2.7850E-07,3.100E-02
-2.7800E-07,2.900E-02
-2.7750E-07,2.700E-02
-2.7700E-07,2.900E-02
-2.7650E-07,2.900E-02
-2.7600E-07,2.900E-02
-2.7550E-07,2.900E-02
-2.7500E-07,3.100E-02
-2.7450E-07,2.900E-02
-2.7400E-07,2.900E-02
-2.7350E-07,3.100E-02
-2.7300E-07,2.700E-02
-2.7250E-07,2.900E-02
-2.7200E-07,3.100E-02
-2.7150E-07,3.100E-02
-2.7100E-07,2.900E-02
-2.7050E-07,2.700E-02
-2.7000E-07,2.700E-02
-2.6950E-07,3.100E-02
-2.6900E-07,2.900E-02
-2.6850E-07,2.900E-02
-2.6800E-07,2.900E-02
-2.6750E-07,3.100E-02
-2.6700E-07,2.900E-02
-2.6650E-07,2.900E-02
-2.6600E-07,3.100E-02
-2.6550E-07,2.900E-02
-2.6500E-07,2.900E-02
-2.6450E-07,2.900E-02
-2.6400E-07,3.300E-02
-2.6350E-07,2.900E-02
-2.6300E-07,3.100E-02
-2.6250E-07,2.900E-02
-2.6200E-07,3.100E-02
-2.6150E-07,2.900E-02
-2.6100E-07,2.900E-02
-2.6050E-07,2.900E-02
-2.6000E-07,2.900E-02
-2.5950E-07,2.900E-02
-2.5900E-07,3.100E-02
-2.5850E-07,3.100E-02
-2.5800E-07,2.700E-02
-2.5750E-07,2.900E-02
-2.5700E-07,3.100E-02
-2.5650E-07,2.900E-02
-2.5600E-07,2.900E-02
-2.5550E-07,2.900E-02
-2.5500E-07,2.700E-02
-2.5450E-07,2.900E-02
-2.5400E-07,2.900E-02
-2.5350E-07,2.900E-02
-2.5300E-07,2.900E-02
-2.5250E-07,2.700E-02
-2.5200E-07,2.900E-02
-2.5150E-07,2.900E-02
-2.5100E-07,2.700E-02
-2.5050E-07,2.700E-02
-2.5000E-07,2.900E-02
-2.4950E-07,3.300E-02
-2.4900E-07,2.700E-02
-2.4850E-07,2.900E-02
-2.4800E-07,2.900E-02
-2.4750E-07,2.900E-02
-2.4700E-07,2.700E-02
-2.4650E-07,2.700E-02
-2.4600E-07,2.900E-02
-2.4550E-07,2.700E-02
-2.4500E-07,2.900E-02
-2.4450E-07,3.100E-02
-2.4400E-07,2.900E-02
-2.4350E-07,2.900E-02
-2.4300E-07,2.700E-02
-2.4250E-07,3.100E-02
-2.4200E-07,2.900E-02
-2.4150E-07,2.900E-02
-2.4100E-07,3.100E-02
-2.4050E-07,3.100E-02
-2.4000E-07,2.700E-02
-2.3950E-07,2.700E-02
-2.3900E-07,3.100E-02
-2.3850E-07,2.900E-02
-2.3800E-07,2.900E-02
-2.3750E-07,2.900E-02
-2.3700E-07,2.700E-02
-2.3650E-07,3.500E-02
-2.3600E-07,2.900E-02
-2.3550E-07,2.700E-02
-2.3500E-07,3.100E-02
-2.3450E-07,2.900E-02
-2.3400E-07,2.700E-02
-2.3350E-07,2.900E-02
-2.3300E-07,2.700E-02
-2.3250E-07,3.100E-02
-2.3200E-07,2.900E-02
-2.3150E-07,2.900E-02
-2.3100E-07,2.900E-02
-2.3050E-07,2.700E-02
-2.3000E-07,2.900E-02
-2.2950E-07,2.700E-02
-2.2900E-07,3.300E-02
-2.2850E-07,2.900E-02
-2.2800E-07,2.700E-02
-2.2750E-07,2.900E-02
-2.2700E-07,3.100E-02
-2.2650E-07,3.100E-02
-2.2600E-07,3.100E-02
-2.2550E-07,2.700E-02
-2.2500E-07,2.900E-02
-2.2450E-07,3.300E-02
-2.2400E-07,3.100E-02
-2.2350E-07,2.900E-02
-2.2300E-07,2.900E-02
-2.2250E-07,2.900E-02
-2.2200E-07,3.300E-02
-2.2150E-07,3.100E-02
-2.2100E-07,2.700E-02
-2.2050E-07,2.900E-02
-2.2000E-07,3.300E-02
-2.1950E-07,2.700E-02
-2.1900E-07,2.900E-02
-2.1850E-07,2.900E-02
-2.1800E-07,3.100E-02
-2.1750E-07,2.700E-02
-2.1700E-07,2.900E-02
-2.1650E-07,3.100E-02
-2.1600E-07,2.900E-02
-2.1550E-07,2.900E-02
-2.1500E-07,3.100E-02
-2.1450E-07,3.100E-02
-2.1400E-07,3.100E-02
-2.1350E-07,3.100E-02
-2.1300E-07,2.700E-02
-2.1250E-07,2.900E-02
-2.1200E-07,2.700E-02
-2.1150E-07,2.900E-02
-2.1100E-07,3.300E-02
-2.1050E-07,2.900E-02
-2.1000E-07,2.900E-02
-2.0950E-07,3.100E-02
-2.0900E-07,2.900E-02
-2.0850E-07,3.100E-02
-2.0800E-07,3.300E-02
-2.0750E-07,2.900E-02
-2.0700E-07,3.100E-02
-2.0650E-07,2.700E-02
-2.0600E-07,3.100E-02
-2.0550E-07,2.900E-02
-2.0500E-07,3.100E-02
-2.0450E-07,2.900E-02
-2.0400E-07,3.100E-02
-2.0350E-07,2.900E-02
-2.0300E-07,2.900E-02
-2.0250E-07,3.100E-02
-2.0200E-07,2.900E-02
-2.0150E-07,2.900E-02
-2.0100E-07,2.900E-02
-2.0050E-07,2.700E-02
-2.0000E-07,2.900E-02
-1.9950E-07,2.900E-02
-1.9900E-07,3.100E-02
-1.9850E-07,2.900E-02
-1.9800E-07,2.900E-02
-1.9750E-07,2.900E-02
-1.9700E-07,3.100E-02
-1.9650E-07,2.900E-02
-1.9600E-07,2.900E-02
-1.9550E-07,2.900E-02
-1.9500E-07,3.100E-02
-1.9450E-07,2.900E-02
-1.9400E-07,2.900E-02
-1.9350E-07,3.100E-02
-1.9300E-07,2.900E-02
-1.9250E-07,2.700E-02
-1.9200E-07,2.900E-02
-1.9150E-07,3.100E-02
-1.9100E-07,3.100E-02
-1.9050E-07,2.900E-02
-1.9000E-07,3.100E-02
-1.8950E-07,2.900E-02
-1.8900E-07,3.100E-02
-1.8850E-07,2.900E-02
-1.8800E-07,2.900E-02
-1.8750E-07,2.700E-02
-1.8700E-07,3.100E-02
-1.8650E-07,3.100E-02
-1.8600E-07,2.900E-02
-1.8550E-07,2.900E-02
-1.8500E-07,2.900E-02
-1.8450E-07,2.900E-02
-1.8400E-07,2.900E-02
-1.8350E-07,2.900E-02
-1.8300E-07,3.100E-02
-1.8250E-07,2.900E-02
-1.8200E-07,3.100E-02
-1.8150E-07,2.900E-02
-1.8100E-07,2.700E-02
-1.8050E-07,3.100E-02
-1.8000E-07,2.900E-02
-1.7950E-07,3.100E-02
-1.7900E-07,2.900E-02
-1.7850E-07,2.900E-02
-1.7800E-07,3.100E-02
-1.7750E-07,2.700E-02
-1.7700E-07,2.900E-02
-1.7650E-07,3.100E-02
-1.7600E-07,3.100E-02
-1.7550E-07,2.900E-02
-1.7500E-07,2.900E-02
-1.7450E-07,2.700E-02
-1.7400E-07,2.900E-02
-1.7350E-07,3.100E-02
-1.7300E-07,2.900E-02
-1.7250E-07,2.700E-02
-1.7200E-07,2.900E-02
-1.7150E-07,2.700E-02
-1.7100E-07,2.700E-02
-1.7050E-07,3.100E-02
-1.7000E-07,3.100E-02
-1.6950E-07,2.900E-02
-1.6900E-07,3.300E-02
-1.6850E-07,2.900E-02
-1.6800E-07,3.100E-02
-1.6750E-07,2.900E-02
-1.6700E-07,2.900E-02
-1.6650E-07,3.100E-02
-1.6600E-07,2.700E-02
-1.6550E-07,2.900E-02
-1.6500E-07,2.900E-02
-1.6450E-07,3.100E-02
-1.6400E-07,2.900E-02
-1.6350E-07,2.900E-02
-1.6300E-07,2.700E-02
-1.6250E-07,3.100E-02
-1.6200E-07,2.900E-02
-1.6150E-07,2.700E-02
-1.6100E-07,2.700E-02
-1.6050E-07,2.700E-02
-1.6000E-07,2.700E-02
-1.5950E-07,2.900E-02
-1.5900E-07,3.100E-02
-1.5850E-07,2.900E-02
-1.5800E-07,3.100E-02
-1.5750E-07,2.900E-02
-1.5700E-07,2.900E-02
-1.5650E-07,2.700E-02
-1.5600E-07,2.700E-02
-1.5550E-07,2.900E-02
-1.5500E-07,3.300E-02
-1.5450E-07,2.700E-02
-1.5400E-07,2.700E-02
-1.5350E-07,3.100E-02
-1.5300E-07,3.100E-02
-1.5250E-07,2.700E-02
-1.5200E-07,3.100E-02
-1.5150E-07,2.700E-02
-1.5100E-07,3.100E-02
-1.5050E-07,2.900E-02
-1.5000E-07,2.700E-02
-1.4950E-07,2.500E-02
-1.4900E-07,3.100E-02
-1.4850E-07,2.900E-02
-1.4800E-07,2.900E-02
-1.4750E-07,2.700E-02
-1.4700E-07,3.100E-02
-1.4650E-07,3.100E-02
-1.4600E-07,3.100E-02
-1.4550E-07,2.900E-02
-1.4500E-07,2.900E-02
-1.4450E-07,2.900E-02
-1.4400E-07,2.900E-02
-1.4350E-07,2.900E-02
-1.4300E-07,2.700E-02
-1.4250E-07,2.900E-02
-1.4200E-07,3.300E-02
-1.4150E-07,2.900E-02
-1.4100E-07,2.900E-02
-1.4050E-07,3.100E-02
-1.4000E-07,3.100E-02
-1.3950E-07,2.900E-02
-1.3900E-07,2.900E-02
-1.3850E-07,2.900E-02
-1.3800E-07,2.700E-02
-1.3750E-07,2.900E-02
-1.3700E-07,2.900E-02
-1.3650E-07,2.900E-02
-1.3600E-07,2.900E-02
-1.3550E-07,2.700E-02
-1.3500E-07,2.700E-02
-1.3450E-07,2.700E-02
-1.3400E-07,2.900E-02
-1.3350E-07,2.700E-02
-1.3300E-07,2.700E-02
-1.3250E-07,2.700E-02
-1.3200E-07,2.700E-02
-1.3150E-07,3.100E-02
-1.3100E-07,2.900E-02
-1.3050E-07,3.100E-02
-1.3000E-07,2.700E-02
-1.2950E-07,2.900E-02
-1.2900E-07,2.900E-02
-1.2850E-07,3.100E-02
-1.2800E-07,2.700E-02
-1.2750E-07,2.900E-02
-1.2700E-07,3.300E-02
-1.2650E-07,2.700E-02
-1.2600E-07,3.100E-02
-1.2550E-07,3.100E-02
-1.2500E-07,3.100E-02
-1.2450E-07,2.900E-02
-1.2400E-07,3.300E-02
-1.2350E-07,2.700E-02
-1.2300E-07,3.500E-02
-1.2250E-07,3.100E-02
-1.2200E-07,2.900E-02
-1.2150E-07,2.700E-02
-1.2100E-07,2.900E-02
-1.2050E-07,2.900E-02
-1.2000E-07,3.100E-02
-1.1950E-07,3.100E-02
-1.1900E-07,2.700E-02
-1.1850E-07,2.700E-02
-1.1800E-07,2.900E-02
-1.1750E-07,3.100E-02
-1.1700E-07,2.900E-02
-1.1650E-07,3.100E-02
-1.1600E-07,2.900E-02
-1.1550E-07,2.700E-02
-1.1500E-07,2.900E-02
-1.1450E-07,2.700E-02
-1.1400E-07,2.900E-02
-1.1350E-07,2.700E-02
-1.1300E-07,3.100E-02
-1.1250E-07,3.100E-02
-1.1200E-07,3.100E-02
-1.1150E-07,2.900E-02
-1.1100E-07,2.900E-02
-1.1050E-07,2.900E-02
-1.1000E-07,3.100E-02
-1.0950E-07,2.900E-02
-1.0900E-07,2.700E-02
-1.0850E-07,2.900E-02
-1.0800E-07,2.900E-02
-1.0750E-07,2.900E-02
-1.0700E-07,2.700E-02
-1.0650E-07,2.900E-02
-1.0600E-07,2.900E-02
-1.0550E-07,2.900E-02
-1.0500E-07,2.700E-02
-1.0450E-07,2.900E-02
-1.0400E-07,2.700E-02
-1.0350E-07,2.900E-02
-1.0300E-07,2.900E-02
-1.0250E-07,3.100E-02
-1.0200E-07,2.900E-02
-1.0150E-07,2.900E-02
-1.0100E-07,3.100E-02
-1.0050E-07,3.100E-02
-1.0000E-07,3.100E-02
-9.9500E-08,2.900E-02
-9.9000E-08,3.100E-02
-9.8500E-08,2.900E-02
-9.8000E-08,2.500E-02
-9.7500E-08,2.900E-02
-9.7000E-08,2.700E-02
-9.6500E-08,2.900E-02
-9.6000E-08,3.100E-02
-9.5500E-08,2.900E-02
-9.5000E-08,2.900E-02
-9.4500E-08,2.700E-02
-9.4000E-08,3.100E-02
-9.3500E-08,2.500E-02
-9.3000E-08,2.700E-02
-9.2500E-08,2.900E-02
-9.2000E-08,2.900E-02
-9.1500E-08,2.700E-02
-9.1000E-08,3.100E-02
-9.0500E-08,2.700E-02
-9.0000E-08,3.100E-02
-8.9500E-08,2.900E-02
-8.9000E-08,2.900E-02
-8.8500E-08,2.700E-02
-8.8000E-08,2.900E-02
-8.7500E-08,2.900E-02
-8.7000E-08,2.900E-02
-8.6500E-08,2.700E-02
-8.6000E-08,3.100E-02
-8.5500E-08,3.100E-02
-8.5000E-08,2.900E-02
-8.4500E-08,2.700E-02
-8.4000E-08,2.700E-02
-8.3500E-08,2.900E-02
-8.3000E-08,2.500E-02
-8.2500E-08,2.900E-02
-8.2000E-08,2.900E-02
-8.1500E-08,2.900E-02
-8.1000E-08,2.700E-02
-8.0500E-08,2.700E-02
-8.0000E-08,3.100E-02
-7.9500E-08,3.300E-02
-7.9000E-08,2.900E-02
-7.8500E-08,2.700E-02
-7.8000E-08,3.300E-02
-7.7500E-08,2.900E-02
-7.7000E-08,2.700E-02
-7.6500E-08,2.900E-02
-7.6000E-08,2.900E-02
-7.5500E-08,2.900E-02
-7.5000E-08,3.100E-02
-7.4500E-08,2.900E-02
-7.4000E-08,2.700E-02
-7.3500E-08,2.700E-02
-7.3000E-08,2.900E-02
-7.2500E-08,2.900E-02
-7.2000E-08,2.900E-02
-7.1500E-08,2.900E-02
-7.1000E-08,2.900E-02
-7.0500E-08,2.900E-02
-7.0000E-08,2.900E-02
-6.9500E-08,2.700E-02
-6.9000E-08,2.900E-02
-6.8500E-08,3.100E-02
-6.8000E-08,2.900E-02
-6.7500E-08,2.900E-02
-6.7000E-08,2.900E-02
-6.6500E-08,3.100E-02
-6.6000E-08,2.900E-02
-6.5500E-08,2.700E-02
-6.5000E-08,2.700E-02
-6.4500E-08,2.900E-02
-6.4000E-08,2.700E-02
-6.3500E-08,2.700E-02
-6.3000E-08,2.900E-02
-6.2500E-08,2.900E-02
-6.2000E-08,3.300E-02
-6.1500E-08,2.700E-02
-6.1000E-08,2.900E-02
-6.0500E-08,2.700E-02
-6.0000E-08,2.900E-02
-5.9500E-08,2.900E-02
-5.9000E-08,3.100E-02
-5.8500E-08,2.700E-02
-5.8000E-08,2.900E-02
-5.7500E-08,2.900E-02
-5.7000E-08,2.900E-02
-5.6500E-08,2.900E-02
-5.6000E-08,2.900E-02
-5.5500E-08,3.100E-02
-5.5000E-08,3.100E-02
-5.4500E-08,3.100E-02
-5.4000E-08,2.700E-02
-5.3500E-08,2.900E-02
-5.3000E-08,3.100E-02
-5.2500E-08,2.900E-02
-5.2000E-08,3.100E-02
-5.1500E-08,2.700E-02
-5.1000E-08,2.700E-02
-5.0500E-08,2.900E-02
-5.0000E-08,3.100E-02
-4.9500E-08,2.900E-02
-4.9000E-08,2.900E-02
-4.8500E-08,3.100E-02
-4.8000E-08,2.700E-02
-4.7500E-08,3.100E-02
-4.7000E-08,2.900E-02
-4.6500E-08,2.900E-02
-4.6000E-08,3.100E-02
-4.5500E-08,2.900E-02
-4.5000E-08,2.700E-02
-4.4500E-08,2.700E-02
-4.4000E-08,3.100E-02
-4.3500E-08,2.900E-02
-4.3000E-08,2.900E-02
-4.2500E-08,3.100E-02
-4.2000E-08,3.100E-02
-4.1500E-08,2.900E-02
-4.1000E-08,2.900E-02
-4.0500E-08,2.900E-02
-4.0000E-08,2.900E-02
-3.9500E-08,2.900E-02
-3.9000E-08,2.900E-02
-3.8500E-08,2.900E-02
-3.8000E-08,2.700E-02
-3.7500E-08,2.900E-02
-3.7000E-08,3.100E-02
-3.6500E-08,2.900E-02
-3.6000E-08,2.700E-02
-3.5500E-08,3.100E-02
-3.5000E-08,2.900E-02
-3.4500E-08,2.700E-02
-3.4000E-08,2.700E-02
-3.3500E-08,3.100E-02
-3.3000E-08,3.100E-02
-3.2500E-08,2.900E-02
-3.2000E-08,2.900E-02
-3.1500E-08,2.700E-02
-3.1000E-08,2.900E-02
-3.0500E-08,3.100E-02
-3.0000E-08,2.900E-02
-2.9500E-08,2.900E-02
-2.9000E-08,2.900E-02
-2.8500E-08,3.100E-02
-2.8000E-08,2.700E-02
-2.7500E-08,2.900E-02
-2.7000E-08,3.100E-02
-2.6500E-08,2.700E-02
-2.6000E-08,2.900E-02
-2.5500E-08,3.100E-02
-2.5000E-08,2.700E-02
-2.4500E-08,2.900E-02
-2.4000E-08,2.700E-02
-2.3500E-08,2.700E-02
-2.3000E-08,2.900E-02
-2.2500E-08,2.900E-02
-2.2000E-08,2.900E-02
-2.1500E-08,2.700E-02
-2.1000E-08,2.900E-02
-2.0500E-08,2.900E-02
-2.0000E-08,2.900E-02
-1.9500E-08,3.100E-02
-1.9000E-08,2.700E-02
-1.8500E-08,2.900E-02
-1.8000E-08,2.900E-02
-1.7500E-08,2.900E-02
-1.7000E-08,2.700E-02
-1.6500E-08,2.700E-02
-1.6000E-08,2.700E-02
-1.5500E-08,2.700E-02
-1.5000E-08,3.100E-02
-1.4500E-08,2.900E-02
-1.4000E-08,2.900E-02
-1.3500E-08,2.900E-02
-1.3000E-08,2.700E-02
-1.2500E-08,3.100E-02
-1.2000E-08,2.700E-02
-1.1500E-08,2.900E-02
-1.1000E-08,3.100E-02
-1.0500E-08,3.100E-02
-1.0000E-08,2.900E-02
-9.5000E-09,2.900E-02
-9.0000E-09,2.900E-02
-8.5000E-09,2.900E-02
-8.0000E-09,3.100E-02
-7.5000E-09,2.900E-02
-7.0000E-09,2.700E-02
-6.5000E-09,3.100E-02
-6.0000E-09,2.500E-02
-5.5000E-09,3.100E-02
-5.0000E-09,2.900E-02
-4.5000E-09,3.100E-02
-4.0000E-09,2.700E-02
-3.5000E-09,2.900E-02
-3.0000E-09,2.900E-02
-2.5000E-09,2.700E-02
-2.0000E-09,3.100E-02
-1.5000E-09,3.100E-02
-1.0000E-09,3.100E-02
-5.0000E-10,3.300E-02
1.8195E-20,3.100E-02
5.0000E-10,3.100E-02
1.0000E-09,2.900E-02
1.5000E-09,3.100E-02
2.0000E-09,3.100E-02
2.5000E-09,3.100E-02
3.0000E-09,2.900E-02
3.5000E-09,3.100E-02
4.0000E-09,3.100E-02
4.5000E-09,2.900E-02
5.0000E-09,2.900E-02
5.5000E-09,2.900E-02
6.0000E-09,3.300E-02
6.5000E-09,3.100E-02
7.0000E-09,3.100E-02
7.5000E-09,3.300E-02
8.0000E-09,3.300E-02
8.5000E-09,3.100E-02
9.0000E-09,3.300E-02
9.5000E-09,3.500E-02
1.0000E-08,3.100E-02
1.0500E-08,2.900E-02
1.1000E-08,3.100E-02
1.1500E-08,2.900E-02
1.2000E-08,3.100E-02
1.2500E-08,3.500E-02
1.3000E-08,3.100E-02
1.3500E-08,3.100E-02
1.4000E-08,3.100E-02
1.4500E-08,3.500E-02
1.5000E-08,3.300E-02
1.5500E-08,3.300E-02
1.6000E-08,3.100E-02
1.6500E-08,3.300E-02
1.7000E-08,3.300E-02
1.7500E-08,3.500E-02
1.8000E-08,3.300E-02
1.8500E-08,3.300E-02
1.9000E-08,3.500E-02
1.9500E-08,3.300E-02
2.0000E-08,3.500E-02
2.0500E-08,3.100E-02
2.1000E-08,3.300E-02
2.1500E-08,3.300E-02
2.2000E-08,3.300E-02
2.2500E-08,3.100E-02
2.3000E-08,3.100E-02
2.3500E-08,3.300E-02
2.4000E-08,3.500E-02
2.4500E-08,3.500E-02
2.5000E-08,3.500E-02
2.5500E-08,3.100E-02
2.6000E-08,3.500E-02
2.6500E-08,3.500E-02
2.7000E-08,3.700E-02
2.7500E-08,3.300E-02
2.8000E-08,3.500E-02
2.8500E-08,3.300E-02
2.9000E-08,3.500E-02
2.9500E-08,3.700E-02
3.0000E-08,3.300E-02
3.0500E-08,3.700E-02
3.1000E-08,3.500E-02
3.1500E-08,3.500E-02
3.2000E-08,3.700E-02
3.2500E-08,3.500E-02
3.3000E-08,3.500E-02
3.3500E-08,3.500E-02
3.4000E-08,3.700E-02
3.4500E-08,3.700E-02
3.5000E-08,3.700E-02
3.5500E-08,3.500E-02
3.6000E-08,3.700E-02
3.6500E-08,3.500E-02
3.7000E-08,3.900E-02
3.7500E-08,4.100E-02
3.8000E-08,3.700E-02
3.8500E-08,3.700E-02
3.9000E-08,3.500E-02
3.9500E-08,3.700E-02
4.0000E-08,3.900E-02
4.0500E-08,3.900E-02
4.1000E-08,3.900E-02
4.1500E-08,3.700E-02
4.2000E-08,3.900E-02
4.2500E-08,3.900E-02
4.3000E-08,3.700E-02
4.3500E-08,3.900E-02
4.4000E-08,3.700E-02
4.4500E-08,3.900E-02
4.5000E-08,3.900E-02
4.5500E-08,3.900E-02
4.6000E-08,4.100E-02
4.6500E-08,3.500E-02
4.7000E-08,4.300E-02
4.7500E-08,3.700E-02
4.8000E-08,4.100E-02
4.8500E-08,3.900E-02
4.9000E-08,4.100E-02
4.9500E-08,4.300E-02
5.0000E-08,4.300E-02
5.0500E-08,4.100E-02
5.1000E-08,4.100E-02
5.1500E-08,4.100E-02
5.2000E-08,4.100E-02
5.2500E-08,3.900E-02
5.3000E-08,4.100E-02
5.3500E-08,4.300E-02
5.4000E-08,3.900E-02
5.4500E-08,4.100E-02
5.5000E-08,4.300E-02
5.5500E-08,3.900E-02
5.6000E-08,4.300E-02
5.6500E-08,4.100E-02
5.7000E-08,4.500E-02
5.7500E-08,4.300E-02
5.8000E-08,4.500E-02
5.8500E-08,4.100E-02
5.9000E-08,4.500E-02
5.9500E-08,4.300E-02
6.0000E-08,4.500E-02
6.0500E-08,4.100E-02
6.1000E-08,4.300E-02
6.1500E-08,4.300E-02
6.2000E-08,4.500E-02
6.2500E-08,4.500E-02
6.3000E-08,4.300E-02
6.3500E-08,4.300E-02
6.4000E-08,4.300E-02
6.4500E-08,4.300E-02
6.5000E-08,4.700E-02
6.5500E-08,4.300E-02
6.6000E-08,4.700E-02
6.6500E-08,4.300E-02
6.7000E-08,4.700E-02
6.7500E-08,4.500E-02
6.8000E-08,4.500E-02
6.8500E-08,4.300E-02
6.9000E-08,4.500E-02
6.9500E-08,4.500E-02
7.0000E-08,4.500E-02
7.0500E-08,4.300E-02
7.1000E-08,4.500E-02
7.1500E-08,4.900E-02
7.2000E-08,4.700E-02
7.2500E-08,4.300E-02
7.3000E-08,4.900E-02
7.3500E-08,4.500E-02
7.4000E-08,4.500E-02
7.4500E-08,4.500E-02
7.5000E-08,4.700E-02
7.5500E-08,4.700E-02
7.6000E-08,4.700E-02
7.6500E-08,4.500E-02
7.7000E-08,4.700E-02
7.7500E-08,4.500E-02
7.8000E-08,4.700E-02
7.8500E-08,4.700E-02
7.9000E-08,4.700E-02
7.9500E-08,4.900E-02
8.0000E-08,4.900E-02
8.0500E-08,4.900E-02
8.1000E-08,4.900E-02
8.1500E-08,4.700E-02
8.2000E-08,5.100E-02
8.2500E-08,4.700E-02
8.3000E-08,5.100E-02
8.3500E-08,4.700E-02
8.4000E-08,4.900E-02
8.4500E-08,4.700E-02
8.5000E-08,5.100E-02
8.5500E-08,4.900E-02
8.6000E-08,5.300E-02
8.6500E-08,4.700E-02
8.7000E-08,5.100E-02
8.7500E-08,4.900E-02
8.8000E-08,5.100E-02
8.8500E-08,4.900E-02
8.9000E-08,5.500E-02
8.9500E-08,5.100E-02
9.0000E-08,4.900E-02
9.0500E-08,4.900E-02
9.1000E-08,5.100E-02
9.1500E-08,5.300E-02
9.2000E-08,4.900E-02
9.2500E-08,5.300E-02
9.3000E-08,4.900E-02
9.3500E-08,4.900E-02
9.4000E-08,5.100E-02
9.4500E-08,5.300E-02
9.5000E-08,4.900E-02
9.5500E-08,5.300E-02
9.6000E-08,5.100E-02
9.6500E-08,5.100E-02
9.7000E-08,5.100E-02
9.7500E-08,5.500E-02
9.8000E-08,5.300E-02
9.8500E-08,5.500E-02
9.9000E-08,5.100E-02
9.9500E-08,5.300E-02
1.0000E-07,5.100E-02
1.0050E-07,5.500E-02
1.0100E-07,5.500E-02
1.0150E-07,4.900E-02
1.0200E-07,5.500E-02
1.0250E-07,5.500E-02
1.0300E-07,5.300E-02
1.0350E-07,5.500E-02
1.0400E-07,5.500E-02
1.0450E-07,5.100E-02
1.0500E-07,5.300E-02
1.0550E-07,5.300E-02
1.0600E-07,5.500E-02
1.0650E-07,5.500E-02
1.0700E-07,5.300E-02
1.0750E-07,5.500E-02
1.0800E-07,5.300E-02
1.0850E-07,5.300E-02
1.0900E-07,5.700E-02
1.0950E-07,5.500E-02
1.1000E-07,5.300E-02
1.1050E-07,5.700E-02
1.1100E-07,5.900E-02
1.1150E-07,5.500E-02
1.1200E-07,5.300E-02
1.1250E-07,5.900E-02
1.1300E-07,5.700E-02
1.1350E-07,5.500E-02
1.1400E-07,5.500E-02
1.1450E-07,5.500E-02
1.1500E-07,5.700E-02
1.1550E-07,5.900E-02
1.1600E-07,5.900E-02
1.1650E-07,5.500E-02
1.1700E-07,6.100E-02
1.1750E-07,5.500E-02
1.1800E-07,5.900E-02
1.1850E-07,6.100E-02
1.1900E-07,5.700E-02
1.1950E-07,5.500E-02
1.2000E-07,5.900E-02
1.2050E-07,5.900E-02
1.2100E-07,5.700E-02
1.2150E-07,5.900E-02
1.2200E-07,5.900E-02
1.2250E-07,5.300E-02
1.2300E-07,6.300E-02
1.2350E-07,6.100E-02
1.2400E-07,5.900E-02
1.2450E-07,5.700E-02
1.2500E-07,6.100E-02
1.2550E-07,6.100E-02
1.2600E-07,5.900E-02
1.2650E-07,6.100E-02
1.2700E-07,5.900E-02
1.2750E-07,5.900E-02
1.2800E-07,6.300E-02
1.2850E-07,6.100E-02
1.2900E-07,5.900E-02
1.2950E-07,6.100E-02
1.3000E-07,5.700E-02
1.3050E-07,6.100E-02
1.3100E-07,6.100E-02
1.3150E-07,6.100E-02
1.3200E-07,6.300E-02
1.3250E-07,6.100E-02
1.3300E-07,6.300E-02
1.3350E-07,6.100E-02
1.3400E-07,6.300E-02
1.3450E-07,6.300E-02
1.3500E-07,6.100E-02
1.3550E-07,6.100E-02
1.3600E-07,6.100E-02
1.3650E-07,5.900E-02
1.3700E-07,6.300E-02
1.3750E-07,6.300E-02
1.3800E-07,5.700E-02
1.3850E-07,6.300E-02
1.3900E-07,6.100E-02
1.3950E-07,6.100E-02
1.4000E-07,6.300E-02
1.4050E-07,6.100E-02
1.4100E-07,6.100E-02
1.4150E-07,6.500E-02
1.4200E-07,6.500E-02
1.4250E-07,6.500E-02
1.4300E-07,6.300E-02
1.4350E-07,6.100E-02
1.4400E-07,6.300E-02
1.4450E-07,6.300E-02
1.4500E-07,6.500E-02
1.4550E-07,6.500E-02
1.4600E-07,6.700E-02
1.4650E-07,6.500E-02
1.4700E-07,6.300E-02
1.4750E-07,6.300E-02
1.4800E-07,6.300E-02
1.4850E-07,6.300E-02
1.4900E-07,6.100E-02
1.4950E-07,6.700E-02
1.5000E-07,6.100E-02
1.5050E-07,6.500E-02
1.5100E-07,6.700E-02
1.5150E-07,6.500E-02
1.5200E-07,6.700E-02
1.5250E-07,6.100E-02
1.5300E-07,6.500E-02
1.5350E-07,6.500E-02
1.5400E-07,6.300E-02
1.5450E-07,6.900E-02
1.5500E-07,6.500E-02
1.5550E-07,6.700E-02
1.5600E-07,6.700E-02
1.5650E-07,6.500E-02
1.5700E-07,6.700E-02
1.5750E-07,6.700E-02
1.5800E-07,6.500E-02
1.5850E-07,6.700E-02
1.5900E-07,6.700E-02
1.5950E-07,6.900E-02
1.6000E-07,6.500E-02
1.6050E-07,6.300E-02
1.6100E-07,6.500E-02
1.6150E-07,6.900E-02
1.6200E-07,6.700E-02
1.6250E-07,6.500E-02
1.6300E-07,7.100E-02
1.6350E-07,6.300E-02
1.6400E-07,7.100E-02
1.6450E-07,6.500E-02
1.6500E-07,6.900E-02
1.6550E-07,6.700E-02
1.6600E-07,6.900E-02
1.6650E-07,6.900E-02
1.6700E-07,6.500E-02
1.6750E-07,6.700E-02
1.6800E-07,6.700E-02
1.6850E-07,7.100E-02
1.6900E-07,6.900E-02
1.6950E-07,6.700E-02
1.7000E-07,6.900E-02
1.7050E-07,6.900E-02
1.7100E-07,6.900E-02
1.7150E-07,6.500E-02
1.7200E-07,6.700E-02
1.7250E-07,7.100E-02
1.7300E-07,6.700E-02
1.7350E-07,7.100E-02
1.7400E-07,6.900E-02
1.7450E-07,6.900E-02
1.7500E-07,7.100E-02
1.7550E-07,7.100E-02
1.7600E-07,7.100E-02
1.7650E-07,7.100E-02
1.7700E-07,6.900E-02
1.7750E-07,7.100E-02
1.7800E-07,6.900E-02
1.7850E-07,7.100E-02
1.7900E-07,6.900E-02
1.7950E-07,6.900E-02
1.8000E-07,7.100E-02
1.8050E-07,7.100E-02
1.8100E-07,6.900E-02
1.8150E-07,7.100E-02
1.8200E-07,6.700E-02
1.8250E-07,7.100E-02
1.8300E-07,7.100E-02
1.8350E-07,6.900E-02
1.8400E-07,7.100E-02
1.8450E-07,7.100E-02
1.8500E-07,7.100E-02
1.8550E-07,7.300E-02
1.8600E-07,7.100E-02
1.8650E-07,6.900E-02
1.8700E-07,7.100E-02
1.8750E-07,7.100E-02
1.8800E-07,7.100E-02
1.8850E-07,7.100E-02
1.8900E-07,7.100E-02
1.8950E-07,7.500E-02
1.9000E-07,7.300E-02
1.9050E-07,7.300E-02
1.9100E-07,7.300E-02
1.9150E-07,7.300E-02
1.9200E-07,7.100E-02
1.9250E-07,7.300E-02
1.9300E-07,7.700E-02
1.9350E-07,7.100E-02
1.9400E-07,7.300E-02
1.9450E-07,7.300E-02
1.9500E-07,7.300E-02
1.9550E-07,7.500E-02
1.9600E-07,7.300E-02
1.9650E-07,7.500E-02
1.9700E-07,7.300E-02
1.9750E-07,7.300E-02
1.9800E-07,7.300E-02
1.9850E-07,7.500E-02
1.9900E-07,7.500E-02
1.9950E-07,7.300E-02
2.0000E-07,7.500E-02
2.0050E-07,7.500E-02
2.0100E-07,7.300E-02
2.0150E-07,7.500E-02
2.0200E-07,7.100E-02
2.0250E-07,7.500E-02
2.0300E-07,7.700E-02
2.0350E-07,7.500E-02
2.0400E-07,7.300E-02
2.0450E-07,7.300E-02
2.0500E-07,7.500E-02
2.0550E-07,7.300E-02
2.0600E-07,7.300E-02
2.0650E-07,7.500E-02
2.0700E-07,7.500E-02
2.0750E-07,7.700E-02
2.0800E-07,7.500E-02
2.0850E-07,7.300E-02
2.0900E-07,7.700E-02
2.0950E-07,7.300E-02
2.1000E-07,7.500E-02
2.1050E-07,7.500E-02
2.1100E-07,7.500E-02
2.1150E-07,7.700E-02
2.1200E-07,7.700E-02
2.1250E-07,7.500E-02
2.1300E-07,7.500E-02
2.1350E-07,7.300E-02
2.1400E-07,8.100E-02
2.1450E-07,7.900E-02
2.1500E-07,7.700E-02
2.1550E-07,7.500E-02
2.1600E-07,7.700E-02
2.1650E-07,7.700E-02
2.1700E-07,7.900E-02
2.1750E-07,7.700E-02
2.1800E-07,7.900E-02
2.1850E-07,7.900E-02
2.1900E-07,7.700E-02
2.1950E-07,7.700E-02
2.2000E-07,8.100E-02
2.2050E-07,7.900E-02
2.2100E-07,7.700E-02
2.2150E-07,7.500E-02
2.2200E-07,7.300E-02
2.2250E-07,7.500E-02
2.2300E-07,7.700E-02
2.2350E-07,7.700E-02
2.2400E-07,7.700E-02
2.2450E-07,8.100E-02
2.2500E-07,7.700E-02
2.2550E-07,7.500E-02
2.2600E-07,7.700E-02
2.2650E-07,7.700E-02
2.2700E-07,7.500E-02
2.2750E-07,8.100E-02
2.2800E-07,7.500E-02
2.2850E-07,7.900E-02
2.2900E-07,7.700E-02
2.2950E-07,7.900E-02
2.3000E-07,7.900E-02
2.3050E-07,7.700E-02
2.3100E-07,7.500E-02
2.3150E-07,7.700E-02
2.3200E-07,7.700E-02
2.3250E-07,7.700E-02
2.3300E-07,8.100E-02
2.3350E-07,7.500E-02
2.3400E-07,8.300E-02
2.3450E-07,8.100E-02
2.3500E-07,7.700E-02
2.3550E-07,8.300E-02
2.3600E-07,8.100E-02
2.3650E-07,7.900E-02
2.3700E-07,8.500E-02
2.3750E-07,8.100E-02
2.3800E-07,8.300E-02
2.3850E-07,8.100E-02
2.3900E-07,8.300E-02
2.3950E-07,8.100E-02
2.4000E-07,8.100E-02
2.4050E-07,7.700E-02
2.4100E-07,8.300E-02
2.4150E-07,8.100E-02
2.4200E-07,8.100E-02
2.4250E-07,8.300E-02
2.4300E-07,8.100E-02
2.4350E-07,8.100E-02
2.4400E-07,8.100E-02
2.4450E-07,8.100E-02
2.4500E-07,8.100E-02
2.4550E-07,8.300E-02
2.4600E-07,8.100E-02
2.4650E-07,8.300E-02
2.4700E-07,8.500E-02
2.4750E-07,7.900E-02
2.4800E-07,8.500E-02
2.4850E-07,8.100E-02
2.4900E-07,8.100E-02
2.4950E-07,8.100E-02
2.5000E-07,7.700E-02
2.5050E-07,8.500E-02
2.5100E-07,7.900E-02
2.5150E-07,7.900E-02
2.5200E-07,8.100E-02
2.5250E-07,7.900E-02
2.5300E-07,8.100E-02
2.5350E-07,8.100E-02
2.5400E-07,7.700E-02
2.5450E-07,8.100E-02
2.5500E-07,8.100E-02
2.5550E-07,8.100E-02
2.5600E-07,8.300E-02
2.5650E-07,7.900E-02
2.5700E-07,8.300E-02
2.5750E-07,8.300E-02
2.5800E-07,8.300E-02
2.5850E-07,8.300E-02
2.5900E-07,8.700E-02
2.5950E-07,8.300E-02
2.6000E-07,8.300E-02
2.6050E-07,8.300E-02
2.6100E-07,8.500E-02
2.6150E-07,8.500E-02
2.6200E-07,8.300E-02
2.6250E-07,8.300E-02
2.6300E-07,8.500E-02
2.6350E-07,8.300E-02
2.6400E-07,8.700E-02
2.6450E-07,8.100E-02
2.6500E-07,8.100E-02
2.6550E-07,8.300E-02
2.6600E-07,8.700E-02
2.6650E-07,8.500E-02
2.6700E-07,8.500E-02
2.6750E-07,8.100E-02
2.6800E-07,8.900E-02
2.6850E-07,8.500E-02
2.6900E-07,8.500E-02
2.6950E-07,8.300E-02
2.7000E-07,8.300E-02
2.7050E-07,8.300E-02
2.7100E-07,8.300E-02
2.7150E-07,8.300E-02
2.7200E-07,8.500E-02
2.7250E-07,8.100E-02
2.7300E-07,8.500E-02
2.7350E-07,8.100E-02
2.7400E-07,8.500E-02
2.7450E-07,8.300E-02
2.7500E-07,8.500E-02
2.7550E-07,8.500E-02
2.7600E-07,8.700E-02
2.7650E-07,8.500E-02
2.7700E-07,8.300E-02
2.7750E-07,8.500E-02
2.7800E-07,8.700E-02
2.7850E-07,8.300E-02
2.7900E-07,8.500E-02
2.7950E-07,8.700E-02
2.8000E-07,8.500E-02
2.8050E-07,8.500E-02
2.8100E-07,8.500E-02
2.8150E-07,8.300E-02
2.8200E-07,8.500E-02
2.8250E-07,8.100E-02
2.8300E-07,8.500E-02
2.8350E-07,8.700E-02
2.8400E-07,8.500E-02
2.8450E-07,8.700E-02
2.8500E-07,8.900E-02
2.8550E-07,8.500E-02
2.8600E-07,8.500E-02
2.8650E-07,8.900E-02
2.8700E-07,8.700E-02
2.8750E-07,8.700E-02
2.8800E-07,8.700E-02
2.8850E-07,8.700E-02
2.8900E-07,9.100E-02
2.8950E-07,8.500E-02
2.9000E-07,8.900E-02
2.9050E-07,8.900E-02
2.9100E-07,8.500E-02
2.9150E-07,8.900E-02
2.9200E-07,8.700E-02
2.9250E-07,8.900E-02
2.9300E-07,9.100E-02
2.9350E-07,8.900E-02
2.9400E-07,8.500E-02
2.9450E-07,8.900E-02
2.9500E-07,9.100E-02
2.9550E-07,9.100E-02
2.9600E-07,8.700E-02
2.9650E-07,8.700E-02
2.9700E-07,8.900E-02
2.9750E-07,8.700E-02
2.9800E-07,8.900E-02
2.9850E-07,8.700E-02
2.9900E-07,8.700E-02
2.9950E-07,8.900E-02
3.0000E-07,8.700E-02
3.0050E-07,8.900E-02
3.0100E-07,8.900E-02
3.0150E-07,8.500E-02
3.0200E-07,8.700E-02
3.0250E-07,8.300E-02
3.0300E-07,8.500E-02
3.0350E-07,8.500E-02
3.0400E-07,8.700E-02
3.0450E-07,8.500E-02
3.0500E-07,8.900E-02
3.0550E-07,8.900E-02
3.0600E-07,8.500E-02
3.0650E-07,8.900E-02
3.0700E-07,8.900E-02
3.0750E-07,8.700E-02
3.0800E-07,8.900E-02
3.0850E-07,8.700E-02
3.0900E-07,9.100E-02
3.0950E-07,8.500E-02
3.1000E-07,9.100E-02
3.1050E-07,9.100E-02
3.1100E-07,8.700E-02
3.1150E-07,9.100E-02
3.1200E-07,9.100E-02
3.1250E-07,8.500E-02
3.1300E-07,8.900E-02
3.1350E-07,8.900E-02
3.1400E-07,9.100E-02
3.1450E-07,8.700E-02
3.1500E-07,8.900E-02
3.1550E-07,8.900E-02
3.1600E-07,9.300E-02
3.1650E-07,9.100E-02
3.1700E-07,9.100E-02
3.1750E-07,8.900E-02
3.1800E-07,9.100E-02
3.1850E-07,9.100E-02
3.1900E-07,8.900E-02
3.1950E-07,8.900E-02
3.2000E-07,9.100E-02
3.2050E-07,9.300E-02
3.2100E-07,8.700E-02
3.2150E-07,9.100E-02
3.2200E-07,8.900E-02
3.2250E-07,8.900E-02
3.2300E-07,9.100E-02
3.2350E-07,8.700E-02
3.2400E-07,9.100E-02
3.2450E-07,9.100E-02
3.2500E-07,8.900E-02
3.2550E-07,8.900E-02
3.2600E-07,9.100E-02
3.2650E-07,8.900E-02
3.2700E-07,9.100E-02
3.2750E-07,9.500E-02
3.2800E-07,9.100E-02
3.2850E-07,9.100E-02
3.2900E-07,9.100E-02
3.2950E-07,8.900E-02
3.3000E-07,9.100E-02
3.3050E-07,9.100E-02
3.3100E-07,8.900E-02
3.3150E-07,8.900E-02
3.3200E-07,8.900E-02
3.3250E-07,8.900E-02
3.3300E-07,9.300E-02
3.3350E-07,9.100E-02
3.3400E-07,8.700E-02
3.3450E-07,9.300E-02
3.3500E-07,8.900E-02
3.3550E-07,8.900E-02
3.3600E-07,9.300E-02
3.3650E-07,9.100E-02
3.3700E-07,8.900E-02
3.3750E-07,9.100E-02
3.3800E-07,9.300E-02
3.3850E-07,9.100E-02
3.3900E-07,9.100E-02
3.3950E-07,9.100E-02
3.4000E-07,9.300E-02
3.4050E-07,9.500E-02
3.4100E-07,9.100E-02
3.4150E-07,9.300E-02
3.4200E-07,9.300E-02
3.4250E-07,9.100E-02
3.4300E-07,9.300E-02
3.4350E-07,9.300E-02
3.4400E-07,9.300E-02
3.4450E-07,9.300E-02
3.4500E-07,9.100E-02
3.4550E-07,9.100E-02
3.4600E-07,9.300E-02
3.4650E-07,9.100E-02
3.4700E-07,9.300E-02
3.4750E-07,9.100E-02
3.4800E-07,9.500E-02
3.4850E-07,8.900E-02
3.4900E-07,9.700E-02
3.4950E-07,9.100E-02
3.5000E-07,9.300E-02
3.5050E-07,9.300E-02
3.5100E-07,9.500E-02
3.5150E-07,9.100E-02
3.5200E-07,9.500E-02
3.5250E-07,9.300E-02
3.5300E-07,9.500E-02
3.5350E-07,9.700E-02
3.5400E-07,9.100E-02
3.5450E-07,9.300E-02
3.5500E-07,9.300E-02
3.5550E-07,9.300E-02
3.5600E-07,9.300E-02
3.5650E-07,9.100E-02
3.5700E-07,9.300E-02
3.5750E-07,9.300E-02
3.5800E-07,9.300E-02
3.5850E-07,9.500E-02
3.5900E-07,9.100E-02
3.5950E-07,9.300E-02
3.6000E-07,9.500E-02
3.6050E-07,9.300E-02
3.6100E-07,9.300E-02
3.6150E-07,8.900E-02
3.6200E-07,9.100E-02
3.6250E-07,9.300E-02
3.6300E-07,9.300E-02
3.6350E-07,9.500E-02
3.6400E-07,9.500E-02
3.6450E-07,9.100E-02
3.6500E-07,9.500E-02
3.6550E-07,9.300E-02
3.6600E-07,9.300E-02
3.6650E-07,9.100E-02
3.6700E-07,9.500E-02
3.6750E-07,9.100E-02
3.6800E-07,9.900E-02
3.6850E-07,9.100E-02
3.6900E-07,9.500E-02
3.6950E-07,9.300E-02
3.7000E-07,9.500E-02
3.7050E-07,9.300E-02
3.7100E-07,9.500E-02
3.7150E-07,9.500E-02
3.7200E-07,9.500E-02
3.7250E-07,9.500E-02
3.7300E-07,9.500E-02
3.7350E-07,9.300E-02
3.7400E-07,9.500E-02
3.7450E-07,9.300E-02
3.7500E-07,9.300E-02
3.7550E-07,9.300E-02
3.7600E-07,9.300E-02
3.7650E-07,9.100E-02
3.7700E-07,9.700E-02
3.7750E-07,9.300E-02
3.7800E-07,9.500E-02
3.7850E-07,9.300E-02
3.7900E-07,9.500E-02
3.7950E-07,9.700E-02
3.8000E-07,9.300E-02
3.8050E-07,9.300E-02
3.8100E-07,9.700E-02
3.8150E-07,9.100E-02
3.8200E-07,9.300E-02
3.8250E-07,9.300E-02
3.8300E-07,9.300E-02
3.8350E-07,9.100E-02
3.8400E-07,9.700E-02
3.8450E-07,9.500E-02
3.8500E-07,9.300E-02
3.8550E-07,9.900E-02
3.8600E-07,9.100E-02
3.8650E-07,9.500E-02
3.8700E-07,9.300E-02
3.8750E-07,9.500E-02
3.8800E-07,9.700E-02
3.8850E-07,9.500E-02
3.8900E-07,9.900E-02
3.8950E-07,9.700E-02
3.9000E-07,9.700E-02
3.9050E-07,9.700E-02
3.9100E-07,9.500E-02
3.9150E-07,9.500E-02
3.9200E-07,9.300E-02
3.9250E-07,9.500E-02
3.9300E-07,9.900E-02
3.9350E-07,9.300E-02
3.9400E-07,9.700E-02
3.9450E-07,9.900E-02
3.9500E-07,9.500E-02
3.9550E-07,9.700E-02
3.9600E-07,9.500E-02
3.9650E-07,9.300E-02
3.9700E-07,9.900E-02
3.9750E-07,9.300E-02
3.9800E-07,9.700E-02
3.9850E-07,9.700E-02
3.9900E-07,9.500E-02
3.9950E-07,9.300E-02
4.0000E-07,9.300E-02
4.0050E-07,9.500E-02
4.0100E-07,9.700E-02
4.0150E-07,9.500E-02
4.0200E-07,9.500E-02
4.0250E-07,9.700E-02
4.0300E-07,9.700E-02
4.0350E-07,9.900E-02
4.0400E-07,9.500E-02
4.0450E-07,9.500E-02
4.0500E-07,9.900E-02
4.0550E-07,9.700E-02
4.0600E-07,9.500E-02
4.0650E-07,9.700E-02
4.0700E-07,9.500E-02
4.0750E-07,9.500E-02
4.0800E-07,9.700E-02
4.0850E-07,9.500E-02
4.0900E-07,9.900E-02
4.0950E-07,9.700E-02
4.1000E-07,9.700E-02
4.1050E-07,9.700E-02
4.1100E-07,9.700E-02
4.1150E-07,9.900E-02
4.1200E-07,9.700E-02
4.1250E-07,9.700E-02
4.1300E-07,9.700E-02
4.1350E-07,9.700E-02
4.1400E-07,9.500E-02
4.1450E-07,9.300E-02
4.1500E-07,9.700E-02
4.1550E-07,9.500E-02
4.1600E-07,9.500E-02
4.1650E-07,9.300E-02
4.1700E-07,9.900E-02
4.1750E-07,9.500E-02
4.1800E-07,9.700E-02
4.1850E-07,9.900E-02
4.1900E-07,9.500E-02
4.1950E-07,9.700E-02
4.2000E-07,9.700E-02
4.2050E-07,9.900E-02
4.2100E-07,9.500E-02
4.2150E-07,9.500E-02
4.2200E-07,9.900E-02
4.2250E-07,9.900E-02
4.2300E-07,9.900E-02
4.2350E-07,9.900E-02
4.2400E-07,9.700E-02
4.2450E-07,9.700E-02
4.2500E-07,9.700E-02
4.2550E-07,9.700E-02
4.2600E-07,9.900E-02
4.2650E-07,9.900E-02
4.2700E-07,9.900E-02
4.2750E-07,9.700E-02
4.2800E-07,9.700E-02
4.2850E-07,9.700E-02
4.2900E-07,9.700E-02
4.2950E-07,9.700E-02
4.3000E-07,9.900E-02
4.3050E-07,9.900E-02
4.3100E-07,9.900E-02
4.3150E-07,9.500E-02
4.3200E-07,9.500E-02
4.3250E-07,9.700E-02
4.3300E-07,9.900E-02
4.3350E-07,9.900E-02
4.3400E-07,9.900E-02
4.3450E-07,9.700E-02
4.3500E-07,9.500E-02
4.3550E-07,9.900E-02
4.3600E-07,9.900E-02
4.3650E-07,9.500E-02
4.3700E-07,1.010E-01
4.3750E-07,9.700E-02
4.3800E-07,1.010E-01
4.3850E-07,9.300E-02
4.3900E-07,9.700E-02
4.3950E-07,9.900E-02
4.4000E-07,9.900E-02
4.4050E-07,9.700E-02
4.4100E-07,9.700E-02
4.4150E-07,9.900E-02
4.4200E-07,9.900E-02
4.4250E-07,9.900E-02
4.4300E-07,9.700E-02
4.4350E-07,1.010E-01
4.4400E-07,9.900E-02
4.4450E-07,9.300E-02
4.4500E-07,1.010E-01
4.4550E-07,9.900E-02
4.4600E-07,9.700E-02
4.4650E-07,1.010E-01
4.4700E-07,9.900E-02
4.4750E-07,9.900E-02
4.4800E-07,9.900E-02
4.4850E-07,9.500E-02
4.4900E-07,9.700E-02
4.4950E-07,9.700E-02
4.5000E-07,9.900E-02
4.5050E-07,9.900E-02
4.5100E-07,9.900E-02
4.5150E-07,1.010E-01
4.5200E-07,9.900E-02
4.5250E-07,9.700E-02
4.5300E-07,9.900E-02
4.5350E-07,1.010E-01
4.5400E-07,9.700E-02
4.5450E-07,9.900E-02
4.5500E-07,9.900E-02
4.5550E-07,9.900E-02
4.5600E-07,9.900E-02
4.5650E-07,9.900E-02
4.5700E-07,9.900E-02
4.5750E-07,1.010E-01
4.5800E-07,9.700E-02
4.5850E-07,9.900E-02
4.5900E-07,9.900E-02
4.5950E-07,9.900E-02
4.6000E-07,1.010E-01
4.6050E-07,9.700E-02
4.6100E-07,1.010E-01
4.6150E-07,9.900E-02
4.6200E-07,1.010E-01
4.6250E-07,9.700E-02
4.6300E-07,9.900E-02
4.6350E-07,1.010E-01
4.6400E-07,9.900E-02
4.6450E-07,9.700E-02
4.6500E-07,1.030E-01
4.6550E-07,9.900E-02
4.6600E-07,9.900E-02
4.6650E-07,9.700E-02
4.6700E-07,1.010E-01
4.6750E-07,9.900E-02
4.6800E-07,9.900E-02
4.6850E-07,9.900E-02
4.6900E-07,1.010E-01
4.6950E-07,1.010E-01
4.7000E-07,9.900E-02
4.7050E-07,9.900E-02
4.7100E-07,9.900E-02
4.7150E-07,9.900E-02
4.7200E-07,1.010E-01
4.7250E-07,9.700E-02
4.7300E-07,1.010E-01
4.7350E-07,9.700E-02
4.7400E-07,9.900E-02
4.7450E-07,1.010E-01
4.7500E-07,1.030E-01
4.7550E-07,9.700E-02
4.7600E-07,1.010E-01
4.7650E-07,9.900E-02
4.7700E-07,1.010E-01
4.7750E-07,1.010E-01
4.7800E-07,1.010E-01
4.7850E-07,9.900E-02
4.7900E-07,9.900E-02
4.7950E-07,1.010E-01
4.8000E-07,1.010E-01
4.8050E-07,9.900E-02
4.8100E-07,9.900E-02
4.8150E-07,9.900E-02
4.8200E-07,9.900E-02
4.8250E-07,1.030E-01
4.8300E-07,9.900E-02
4.8350E-07,1.010E-01
4.8400E-07,1.010E-01
4.8450E-07,1.010E-01
4.8500E-07,9.900E-02
4.8550E-07,9.900E-02
4.8600E-07,1.030E-01
4.8650E-07,1.050E-01
4.8700E-07,1.030E-01
4.8750E-07,9.900E-02
4.8800E-07,1.010E-01
4.8850E-07,1.010E-01
4.8900E-07,1.010E-01
4.8950E-07,1.010E-01
4.9000E-07,9.900E-02
4.9050E-07,1.010E-01
4.9100E-07,9.900E-02
4.9150E-07,1.010E-01
4.9200E-07,1.030E-01
4.9250E-07,9.900E-02
4.9300E-07,1.030E-01
4.9350E-07,9.700E-02
4.9400E-07,9.900E-02
4.9450E-07,1.010E-01
4.9500E-07,1.010E-01
4.9550E-07,1.010E-01
4.9600E-07,9.900E-02
4.9650E-07,9.700E-02
4.9700E-07,1.010E-01
4.9750E-07,1.030E-01
4.9800E-07,1.030E-01
4.9850E-07,1.030E-01
4.9900E-07,1.010E-01
4.9950E-07,1.010E-01
5.0000E-07,9.900E-02
5.0050E-07,1.010E-01
5.0100E-07,1.010E-01
5.0150E-07,1.010E-01
5.0200E-07,1.010E-01
5.0250E-07,1.030E-01
5.0300E-07,1.010E-01
5.0350E-07,9.900E-02
5.0400E-07,9.900E-02
5.0450E-07,9.700E-02
5.0500E-07,1.010E-01
5.0550E-07,1.010E-01
5.0600E-07,1.010E-01
5.0650E-07,9.900E-02
5.0700E-07,1.030E-01
5.0750E-07,1.010E-01
5.0800E-07,1.030E-01
5.0850E-07,9.900E-02
5.0900E-07,1.010E-01
5.0950E-07,9.900E-02
5.1000E-07,1.010E-01
5.1050E-07,9.900E-02
5.1100E-07,9.900E-02
5.1150E-07,9.900E-02
5.1200E-07,1.010E-01
5.1250E-07,9.900E-02
5.1300E-07,1.010E-01
5.1350E-07,1.010E-01
5.1400E-07,1.010E-01
5.1450E-07,9.900E-02
5.1500E-07,1.010E-01
5.1550E-07,9.900E-02
5.1600E-07,1.010E-01
5.1650E-07,9.900E-02
5.1700E-07,1.010E-01
5.1750E-07,9.900E-02
5.1800E-07,1.030E-01
5.1850E-07,1.010E-01
5.1900E-07,1.010E-01
5.1950E-07,1.010E-01
5.2000E-07,1.030E-01
5.2050E-07,1.010E-01
5.2100E-07,1.030E-01
5.2150E-07,1.010E-01
5.2200E-07,9.900E-02
5.2250E-07,1.030E-01
5.2300E-07,1.010E-01
5.2350E-07,9.900E-02
5.2400E-07,1.010E-01
5.2450E-07,1.030E-01
5.2500E-07,1.010E-01
5.2550E-07,1.030E-01
5.2600E-07,1.010E-01
5.2650E-07,1.010E-01
5.2700E-07,1.010E-01
5.2750E-07,9.900E-02
5.2800E-07,1.030E-01
5.2850E-07,1.030E-01
5.2900E-07,9.900E-02
5.2950E-07,1.010E-01
5.3000E-07,1.030E-01
5.3050E-07,1.010E-01
5.3100E-07,1.070E-01
5.3150E-07,1.010E-01
5.3200E-07,1.010E-01
5.3250E-07,1.010E-01
5.3300E-07,1.010E-01
5.3350E-07,1.010E-01
5.3400E-07,1.010E-01
5.3450E-07,1.010E-01
5.3500E-07,1.030E-01
5.3550E-07,9.900E-02
5.3600E-07,1.030E-01
5.3650E-07,9.900E-02
5.3700E-07,1.030E-01
5.3750E-07,1.030E-01
5.3800E-07,1.010E-01
5.3850E-07,9.900E-02
5.3900E-07,1.010E-01
5.3950E-07,1.010E-01
5.4000E-07,1.010E-01
5.4050E-07,9.900E-02
5.4100E-07,1.030E-01
5.4150E-07,1.010E-01
5.4200E-07,1.030E-01
5.4250E-07,1.030E-01
5.4300E-07,1.030E-01
5.4350E-07,1.010E-01
5.4400E-07,1.030E-01
5.4450E-07,1.010E-01
5.4500E-07,1.030E-01
5.4550E-07,1.030E-01
5.4600E-07,1.030E-01
5.4650E-07,1.010E-01
5.4700E-07,1.050E-01
5.4750E-07,9.900E-02
5.4800E-07,1.030E-01
5.4850E-07,1.010E-01
5.4900E-07,1.030E-01
5.4950E-07,1.050E-01
5.5000E-07,1.010E-01
5.5050E-07,1.030E-01
5.5100E-07,1.030E-01
5.5150E-07,1.010E-01
5.5200E-07,1.010E-01
5.5250E-07,1.030E-01
5.5300E-07,9.900E-02
5.5350E-07,1.010E-01
5.5400E-07,1.050E-01
5.5450E-07,1.030E-01
5.5500E-07,1.030E-01
5.5550E-07,9.700E-02
5.5600E-07,1.050E-01
5.5650E-07,1.030E-01
5.5700E-07,1.050E-01
5.5750E-07,1.030E-01
5.5800E-07,1.010E-01
5.5850E-07,1.010E-01
5.5900E-07,1.030E-01
5.5950E-07,1.030E-01
5.6000E-07,1.050E-01
5.6050E-07,1.010E-01
5.6100E-07,1.030E-01
5.6150E-07,1.010E-01
5.6200E-07,1.030E-01
5.6250E-07,1.010E-01
5.6300E-07,9.900E-02
5.6350E-07,1.030E-01
5.6400E-07,1.070E-01
5.6450E-07,1.030E-01
5.6500E-07,1.050E-01
5.6550E-07,1.030E-01
5.6600E-07,1.030E-01
5.6650E-07,1.030E-01
5.6700E-07,1.010E-01
5.6750E-07,1.030E-01
5.6800E-07,1.030E-01
5.6850E-07,1.010E-01
5.6900E-07,1.030E-01
5.6950E-07,1.030E-01
5.7000E-07,1.050E-01
5.7050E-07,1.010E-01
5.7100E-07,1.050E-01
5.7150E-07,1.010E-01
5.7200E-07,1.010E-01
5.7250E-07,1.030E-01
5.7300E-07,1.010E-01
5.7350E-07,1.010E-01
5.7400E-07,1.010E-01
5.7450E-07,1.050E-01
5.7500E-07,1.070E-01
5.7550E-07,1.030E-01
5.7600E-07,1.010E-01
5.7650E-07,1.030E-01
5.7700E-07,1.030E-01
5.7750E-07,1.050E-01
5.7800E-07,1.010E-01
5.7850E-07,1.030E-01
5.7900E-07,1.050E-01
5.7950E-07,1.050E-01
5.8000E-07,1.030E-01
5.8050E-07,1.010E-01
5.8100E-07,1.010E-01
5.8150E-07,1.010E-01
5.8200E-07,1.050E-01
5.8250E-07,1.030E-01
5.8300E-07,1.030E-01
5.8350E-07,1.050E-01
5.8400E-07,1.030E-01
5.8450E-07,1.010E-01
5.8500E-07,1.030E-01
5.8550E-07,1.050E-01
5.8600E-07,1.010E-01
5.8650E-07,1.010E-01
5.8700E-07,1.030E-01
5.8750E-07,1.050E-01
5.8800E-07,1.030E-01
5.8850E-07,1.030E-01
5.8900E-07,1.030E-01
5.8950E-07,1.030E-01
5.9000E-07,1.030E-01
5.9050E-07,1.050E-01
5.9100E-07,1.050E-01
5.9150E-07,1.030E-01
5.9200E-07,1.050E-01
5.9250E-07,1.070E-01
5.9300E-07,1.010E-01
5.9350E-07,1.010E-01
5.9400E-07,1.010E-01
5.9450E-07,1.050E-01
5.9500E-07,1.050E-01
5.9550E-07,1.030E-01
5.9600E-07,1.050E-01
5.9650E-07,1.030E-01
5.9700E-07,1.030E-01
5.9750E-07,1.010E-01
5.9800E-07,1.050E-01
5.9850E-07,1.030E-01
5.9900E-07,1.050E-01
5.9950E-07,1.010E-01
6.0000E-07,1.050E-01
6.0050E-07,1.050E-01
6.0100E-07,1.030E-01
6.0150E-07,1.030E-01
6.0200E-07,1.050E-01
6.0250E-07,1.050E-01
6.0300E-07,1.030E-01
6.0350E-07,1.010E-01
6.0400E-07,1.010E-01
6.0450E-07,1.050E-01
6.0500E-07,1.070E-01
6.0550E-07,1.050E-01
6.0600E-07,1.030E-01
6.0650E-07,1.010E-01
6.0700E-07,1.030E-01
6.0750E-07,1.030E-01
6.0800E-07,1.030E-01
6.0850E-07,1.050E-01
6.0900E-07,1.070E-01
6.0950E-07,1.030E-01
6.1000E-07,1.050E-01
6.1050E-07,1.050E-01
6.1100E-07,1.030E-01
6.1150E-07,1.010E-01
6.1200E-07,1.050E-01
6.1250E-07,1.010E-01
6.1300E-07,1.030E-01
6.1350E-07,1.010E-01
6.1400E-07,1.070E-01
6.1450E-07,1.030E-01
6.1500E-07,1.030E-01
6.1550E-07,1.050E-01
6.1600E-07,1.050E-01
6.1650E-07,1.030E-01
6.1700E-07,1.030E-01
6.1750E-07,1.050E-01
6.1800E-07,1.050E-01
6.1850E-07,1.050E-01
6.1900E-07,1.030E-01
6.1950E-07,1.030E-01
6.2000E-07,1.050E-01
6.2050E-07,1.070E-01
6.2100E-07,1.050E-01
6.2150E-07,1.030E-01
6.2200E-07,1.030E-01
6.2250E-07,1.030E-01
6.2300E-07,1.010E-01
6.2350E-07,1.030E-01
6.2400E-07,1.070E-01
6.2450E-07,1.010E-01
6.2500E-07,1.030E-01
6.2550E-07,1.050E-01
6.2600E-07,1.030E-01
6.2650E-07,1.050E-01
6.2700E-07,1.050E-01
6.2750E-07,1.050E-01
6.2800E-07,1.070E-01
6.2850E-07,1.030E-01
6.2900E-07,1.030E-01
6.2950E-07,1.050E-01
6.3000E-07,1.050E-01
6.3050E-07,1.030E-01
6.3100E-07,1.070E-01
6.3150E-07,1.050E-01
6.3200E-07,1.070E-01
6.3250E-07,1.050E-01
6.3300E-07,1.050E-01
6.3350E-07,1.010E-01
6.3400E-07,1.050E-01
6.3450E-07,1.110E-01
6.3500E-07,1.030E-01
6.3550E-07,1.030E-01
6.3600E-07,1.030E-01
6.3650E-07,1.010E-01
6.3700E-07,1.090E-01
6.3750E-07,1.010E-01
6.3800E-07,1.030E-01
6.3850E-07,1.030E-01
6.3900E-07,1.070E-01
6.3950E-07,1.070E-01
6.4000E-07,1.050E-01
6.4050E-07,1.050E-01
6.4100E-07,1.050E-01
6.4150E-07,1.050E-01
6.4200E-07,1.050E-01
6.4250E-07,1.050E-01
6.4300E-07,1.030E-01
6.4350E-07,1.050E-01
6.4400E-07,1.070E-01
6.4450E-07,1.050E-01
6.4500E-07,1.050E-01
6.4550E-07,1.030E-01
6.4600E-07,1.050E-01
6.4650E-07,1.070E-01
6.4700E-07,1.030E-01
6.4750E-07,1.030E-01
6.4800E-07,1.030E-01
6.4850E-07,1.030E-01
6.4900E-07,1.070E-01
6.4950E-07,1.030E-01
6.5000E-07,1.050E-01
6.5050E-07,1.030E-01
6.5100E-07,1.090E-01
6.5150E-07,1.070E-01
6.5200E-07,1.050E-01
6.5250E-07,1.030E-01
6.5300E-07,1.070E-01
6.5350E-07,1.050E-01
6.5400E-07,1.050E-01
6.5450E-07,1.050E-01
6.5500E-07,1.050E-01
6.5550E-07,1.050E-01
6.5600E-07,1.050E-01
6.5650E-07,1.050E-01
6.5700E-07,1.050E-01
6.5750E-07,1.050E-01
6.5800E-07,1.050E-01
6.5850E-07,1.050E-01
6.5900E-07,1.030E-01
6.5950E-07,1.050E-01
6.6000E-07,1.050E-01
6.6050E-07,1.090E-01
6.6100E-07,1.050E-01
6.6150E-07,1.050E-01
6.6200E-07,1.030E-01
6.6250E-07,1.050E-01
6.6300E-07,1.050E-01
6.6350E-07,1.030E-01
6.6400E-07,1.110E-01
6.6450E-07,1.010E-01
6.6500E-07,1.050E-01
6.6550E-07,1.050E-01
6.6600E-07,1.050E-01
6.6650E-07,1.030E-01
6.6700E-07,1.070E-01
6.6750E-07,1.070E-01
6.6800E-07,1.050E-01
6.6850E-07,1.030E-01
6.6900E-07,1.050E-01
6.6950E-07,1.030E-01
6.7000E-07,1.070E-01
6.7050E-07,1.050E-01
6.7100E-07,1.050E-01
6.7150E-07,1.050E-01
6.7200E-07,1.070E-01
6.7250E-07,1.050E-01
6.7300E-07,1.090E-01
6.7350E-07,1.030E-01
6.7400E-07,1.050E-01
6.7450E-07,1.050E-01
6.7500E-07,1.030E-01
6.7550E-07,1.030E-01
6.7600E-07,1.070E-01
6.7650E-07,1.050E-01
6.7700E-07,1.050E-01
6.7750E-07,1.030E-01
6.7800E-07,1.030E-01
6.7850E-07,1.050E-01
6.7900E-07,1.090E-01
6.7950E-07,1.070E-01
6.8000E-07,1.030E-01
6.8050E-07,1.030E-01
6.8100E-07,1.050E-01
6.8150E-07,1.050E-01
6.8200E-07,1.050E-01
6.8250E-07,1.050E-01
6.8300E-07,1.070E-01
6.8350E-07,1.050E-01
6.8400E-07,1.050E-01
6.8450E-07,1.050E-01
6.8500E-07,1.070E-01
6.8550E-07,1.050E-01
6.8600E-07,1.070E-01
6.8650E-07,1.070E-01
6.8700E-07,1.050E-01
6.8750E-07,1.070E-01
6.8800E-07,1.030E-01
6.8850E-07,1.070E-01
6.8900E-07,1.070E-01
6.8950E-07,1.050E-01
6.9000E-07,1.030E-01
6.9050E-07,1.050E-01
6.9100E-07,1.070E-01
6.9150E-07,1.030E-01
6.9200E-07,1.070E-01
6.9250E-07,1.030E-01
6.9300E-07,1.070E-01
6.9350E-07,1.050E-01
6.9400E-07,1.070E-01
6.9450E-07,1.090E-01
6.9500E-07,1.050E-01
6.9550E-07,1.050E-01
6.9600E-07,1.050E-01
6.9650E-07,1.090E-01
6.9700E-07,1.070E-01
6.9750E-07,1.010E-01
6.9800E-07,1.090E-01
6.9850E-07,1.050E-01
6.9900E-07,1.050E-01
6.9950E-07,1.010E-01
7.0000E-07,1.050E-01
7.0050E-07,1.070E-01
7.0100E-07,1.050E-01
7.0150E-07,1.070E-01
7.0200E-07,1.030E-01
7.0250E-07,1.050E-01
7.0300E-07,1.070E-01
7.0350E-07,1.070E-01
7.0400E-07,1.070E-01
7.0450E-07,1.050E-01
7.0500E-07,1.070E-01
7.0550E-07,1.030E-01
7.0600E-07,1.050E-01
7.0650E-07,1.050E-01
7.0700E-07,1.030E-01
7.0750E-07,1.030E-01
7.0800E-07,1.070E-01
7.0850E-07,1.030E-01
7.0900E-07,1.050E-01
7.0950E-07,1.050E-01
7.1000E-07,1.070E-01
7.1050E-07,1.070E-01
7.1100E-07,1.030E-01
7.1150E-07,1.050E-01
7.1200E-07,1.030E-01
7.1250E-07,1.030E-01
7.1300E-07,1.070E-01
7.1350E-07,1.070E-01
7.1400E-07,1.030E-01
7.1450E-07,1.050E-01
7.1500E-07,1.030E-01
7.1550E-07,1.050E-01
7.1600E-07,1.050E-01
7.1650E-07,1.070E-01
7.1700E-07,1.110E-01
7.1750E-07,1.050E-01
7.1800E-07,1.050E-01
7.1850E-07,1.070E-01
7.1900E-07,1.050E-01
7.1950E-07,1.050E-01
7.2000E-07,1.050E-01
7.2050E-07,1.070E-01
7.2100E-07,1.050E-01
7.2150E-07,1.070E-01
7.2200E-07,1.050E-01
7.2250E-07,1.050E-01
7.2300E-07,1.050E-01
7.2350E-07,1.050E-01
7.2400E-07,1.070E-01
7.2450E-07,1.050E-01
7.2500E-07,1.050E-01
7.2550E-07,1.070E-01
7.2600E-07,1.070E-01
7.2650E-07,1.090E-01
7.2700E-07,1.070E-01
7.2750E-07,1.070E-01
7.2800E-07,1.050E-01
7.2850E-07,1.050E-01
7.2900E-07,1.070E-01
7.2950E-07,1.010E-01
7.3000E-07,1.070E-01
7.3050E-07,1.030E-01
7.3100E-07,1.050E-01
7.3150E-07,1.050E-01
7.3200E-07,1.030E-01
7.3250E-07,1.050E-01
7.3300E-07,1.070E-01
7.3350E-07,1.050E-01
7.3400E-07,1.070E-01
7.3450E-07,1.070E-01
7.3500E-07,1.070E-01
7.3550E-07,1.070E-01
7.3600E-07,1.090E-01
7.3650E-07,1.050E-01
7.3700E-07,1.070E-01
7.3750E-07,1.070E-01
7.3800E-07,1.050E-01
7.3850E-07,1.050E-01
7.3900E-07,1.070E-01
7.3950E-07,1.070E-01
7.4000E-07,1.090E-01
7.4050E-07,1.050E-01
7.4100E-07,1.070E-01
7.4150E-07,1.050E-01
7.4200E-07,1.030E-01
7.4250E-07,1.070E-01
7.4300E-07,1.070E-01
7.4350E-07,1.050E-01
7.4400E-07,1.070E-01
7.4450E-07,1.090E-01
7.4500E-07,1.070E-01
7.4550E-07,1.090E-01
7.4600E-07,1.070E-01
7.4650E-07,1.090E-01
7.4700E-07,1.070E-01
7.4750E-07,1.050E-01
7.4800E-07,1.090E-01
7.4850E-07,1.010E-01
7.4900E-07,1.090E-01
7.4950E-07,1.070E-01
7.5000E-07,1.070E-01
7.5050E-07,1.050E-01
7.5100E-07,1.050E-01
7.5150E-07,1.090E-01
7.5200E-07,1.070E-01
7.5250E-07,1.070E-01
7.5300E-07,1.050E-01
7.5350E-07,1.070E-01
7.5400E-07,1.050E-01
7.5450E-07,1.090E-01
7.5500E-07,1.050E-01
7.5550E-07,1.050E-01
7.5600E-07,1.050E-01
7.5650E-07,1.070E-01
7.5700E-07,1.090E-01
7.5750E-07,1.030E-01
7.5800E-07,1.070E-01
7.5850E-07,1.070E-01
7.5900E-07,1.050E-01
7.5950E-07,1.030E-01
7.6000E-07,1.090E-01
7.6050E-07,1.050E-01
7.6100E-07,1.070E-01
7.6150E-07,1.070E-01
7.6200E-07,1.070E-01
7.6250E-07,1.090E-01
7.6300E-07,1.070E-01
7.6350E-07,1.070E-01
7.6400E-07,1.050E-01
7.6450E-07,1.030E-01
7.6500E-07,1.070E-01
7.6550E-07,1.070E-01
7.6600E-07,1.070E-01
7.6650E-07,1.090E-01
7.6700E-07,1.010E-01
7.6750E-07,1.050E-01
7.6800E-07,1.070E-01
7.6850E-07,1.070E-01
7.6900E-07,1.090E-01
7.6950E-07,1.050E-01
7.7000E-07,1.050E-01
7.7050E-07,1.090E-01
7.7100E-07,1.050E-01
7.7150E-07,1.030E-01
7.7200E-07,1.050E-01
7.7250E-07,1.030E-01
7.7300E-07,1.050E-01
7.7350E-07,1.050E-01
7.7400E-07,1.030E-01
7.7450E-07,1.070E-01
7.7500E-07,1.050E-01
7.7550E-07,1.050E-01
7.7600E-07,1.070E-01
7.7650E-07,1.030E-01
7.7700E-07,1.070E-01
7.7750E-07,1.050E-01
7.7800E-07,1.070E-01
7.7850E-07,1.050E-01
7.7900E-07,1.070E-01
7.7950E-07,1.070E-01
7.8000E-07,1.090E-01
7.8050E-07,1.050E-01
7.8100E-07,1.050E-01
7.8150E-07,1.050E-01
7.8200E-07,1.070E-01
7.8250E-07,1.090E-01
7.8300E-07,1.050E-01
7.8350E-07,1.090E-01
7.8400E-07,1.070E-01
7.8450E-07,1.010E-01
7.8500E-07,1.090E-01
7.8550E-07,1.050E-01
7.8600E-07,1.090E-01
7.8650E-07,1.030E-01
7.8700E-07,1.110E-01
7.8750E-07,1.070E-01
7.8800E-07,1.090E-01
7.8850E-07,1.050E-01
7.8900E-07,1.070E-01
7.8950E-07,1.070E-01
7.9000E-07,1.050E-01
7.9050E-07,1.090E-01
7.9100E-07,1.090E-01
7.9150E-07,1.050E-01
7.9200E-07,1.070E-01
7.9250E-07,1.070E-01
7.9300E-07,1.030E-01
7.9350E-07,1.070E-01
7.9400E-07,1.070E-01
7.9450E-07,1.070E-01
7.9500E-07,1.090E-01
7.9550E-07,1.030E-01
7.9600E-07,1.070E-01
7.9650E-07,1.030E-01
7.9700E-07,1.050E-01
7.9750E-07,1.050E-01
7.9800E-07,1.070E-01
7.9850E-07,1.070E-01
7.9900E-07,1.050E-01
7.9950E-07,1.070E-01
8.0000E-07,1.050E-01
8.0050E-07,1.050E-01
8.0100E-07,1.070E-01
8.0150E-07,1.070E-01
8.0200E-07,1.050E-01
8.0250E-07,1.050E-01
8.0300E-07,1.070E-01
8.0350E-07,1.050E-01
8.0400E-07,1.070E-01
8.0450E-07,1.050E-01
8.0500E-07,1.050E-01
8.0550E-07,1.090E-01
8.0600E-07,1.050E-01
8.0650E-07,1.070E-01
8.0700E-07,1.070E-01
8.0750E-07,1.030E-01
8.0800E-07,1.070E-01
8.0850E-07,1.090E-01
8.0900E-07,1.050E-01
8.0950E-07,1.090E-01
8.1000E-07,1.030E-01
8.1050E-07,1.070E-01
8.1100E-07,1.050E-01
8.1150E-07,1.090E-01
8.1200E-07,1.090E-01
8.1250E-07,1.050E-01
8.1300E-07,1.090E-01
8.1350E-07,1.090E-01
8.1400E-07,1.050E-01
8.1450E-07,1.070E-01
8.1500E-07,1.070E-01
8.1550E-07,1.050E-01
8.1600E-07,1.070E-01
8.1650E-07,1.050E-01
8.1700E-07,1.070E-01
8.1750E-07,1.050E-01
8.1800E-07,1.070E-01
8.1850E-07,1.070E-01
8.1900E-07,1.110E-01
8.1950E-07,1.070E-01
8.2000E-07,1.030E-01
8.2050E-07,1.070E-01
8.2100E-07,1.110E-01
8.2150E-07,1.050E-01
8.2200E-07,1.070E-01
8.2250E-07,1.050E-01
8.2300E-07,1.050E-01
8.2350E-07,1.090E-01
8.2400E-07,1.090E-01
8.2450E-07,1.050E-01
8.2500E-07,1.090E-01
8.2550E-07,1.050E-01
8.2600E-07,1.070E-01
8.2650E-07,1.090E-01
8.2700E-07,1.050E-01
8.2750E-07,1.070E-01
8.2800E-07,1.090E-01
8.2850E-07,1.070E-01
8.2900E-07,1.070E-01
8.2950E-07,1.070E-01
8.3000E-07,1.070E-01
8.3050E-07,1.070E-01
8.3100E-07,1.070E-01
8.3150E-07,1.050E-01
8.3200E-07,1.050E-01
8.3250E-07,1.090E-01
8.3300E-07,1.070E-01
8.3350E-07,1.050E-01
8.3400E-07,1.070E-01
8.3450E-07,1.070E-01
8.3500E-07,1.070E-01
8.3550E-07,1.090E-01
8.3600E-07,1.070E-01
8.3650E-07,1.030E-01
8.3700E-07,1.070E-01
8.3750E-07,1.030E-01
8.3800E-07,1.090E-01
8.3850E-07,1.070E-01
8.3900E-07,1.030E-01
8.3950E-07,1.090E-01
8.4000E-07,1.050E-01
8.4050E-07,1.070E-01
8.4100E-07,1.090E-01
8.4150E-07,1.050E-01
8.4200E-07,1.050E-01
8.4250E-07,1.070E-01
8.4300E-07,1.050E-01
8.4350E-07,1.090E-01
8.4400E-07,1.090E-01
8.4450E-07,1.030E-01
8.4500E-07,1.050E-01
8.4550E-07,1.050E-01
8.4600E-07,1.110E-01
8.4650E-07,1.070E-01
8.4700E-07,1.070E-01
8.4750E-07,1.070E-01
8.4800E-07,1.110E-01
8.4850E-07,1.030E-01
8.4900E-07,1.070E-01
8.4950E-07,1.070E-01
8.5000E-07,1.050E-01
8.5050E-07,1.090E-01
8.5100E-07,1.070E-01
8.5150E-07,1.070E-01
8.5200E-07,1.050E-01
8.5250E-07,1.090E-01
8.5300E-07,1.070E-01
8.5350E-07,1.070E-01
8.5400E-07,1.070E-01
8.5450E-07,1.090E-01
8.5500E-07,1.070E-01
8.5550E-07,1.070E-01
8.5600E-07,1.090E-01
8.5650E-07,1.050E-01
8.5700E-07,1.070E-01
8.5750E-07,1.070E-01
8.5800E-07,1.070E-01
8.5850E-07,1.090E-01
8.5900E-07,1.070E-01
8.5950E-07,1.070E-01
8.6000E-07,1.070E-01
8.6050E-07,1.050E-01
8.6100E-07,1.050E-01
8.6150E-07,1.090E-01
8.6200E-07,1.070E-01
8.6250E-07,1.090E-01
8.6300E-07,1.070E-01
8.6350E-07,1.030E-01
8.6400E-07,1.090E-01
8.6450E-07,1.030E-01
8.6500E-07,1.090E-01
8.6550E-07,1.090E-01
8.6600E-07,1.050E-01
8.6650E-07,1.030E-01
8.6700E-07,1.070E-01
8.6750E-07,1.070E-01
8.6800E-07,1.050E-01
8.6850E-07,1.090E-01
8.6900E-07,1.090E-01
8.6950E-07,1.050E-01
8.7000E-07,1.110E-01
8.7050E-07,1.050E-01
8.7100E-07,1.090E-01
8.7150E-07,1.050E-01
8.7200E-07,1.070E-01
8.7250E-07,1.050E-01
8.7300E-07,1.110E-01
8.7350E-07,1.050E-01
8.7400E-07,1.050E-01
8.7450E-07,1.090E-01
8.7500E-07,1.090E-01
8.7550E-07,1.070E-01
8.7600E-07,1.090E-01
8.7650E-07,1.070E-01
8.7700E-07,1.070E-01
8.7750E-07,1.050E-01
8.7800E-07,1.090E-01
8.7850E-07,1.050E-01
8.7900E-07,1.070E-01
8.7950E-07,1.090E-01
8.8000E-07,1.070E-01
8.8050E-07,1.050E-01
8.8100E-07,1.070E-01
8.8150E-07,1.070E-01
8.8200E-07,1.070E-01
8.8250E-07,1.090E-01
8.8300E-07,1.050E-01
8.8350E-07,1.070E-01
8.8400E-07,1.050E-01
8.8450E-07,1.070E-01
8.8500E-07,1.090E-01
8.8550E-07,1.070E-01
8.8600E-07,1.070E-01
8.8650E-07,1.050E-01
8.8700E-07,1.090E-01
8.8750E-07,1.070E-01
8.8800E-07,1.030E-01
8.8850E-07,1.070E-01
8.8900E-07,1.070E-01
8.8950E-07,1.070E-01
8.9000E-07,1.070E-01
8.9050E-07,1.050E-01
8.9100E-07,1.070E-01
8.9150E-07,1.070E-01
8.9200E-07,1.070E-01
8.9250E-07,1.050E-01
8.9300E-07,1.070E-01
8.9350E-07,1.070E-01
8.9400E-07,1.070E-01
8.9450E-07,1.070E-01
8.9500E-07,1.050E-01
8.9550E-07,1.090E-01
8.9600E-07,1.070E-01
8.9650E-07,1.050E-01
8.9700E-07,1.070E-01
8.9750E-07,1.030E-01
8.9800E-07,1.070E-01
8.9850E-07,1.070E-01
8.9900E-07,1.090E-01
8.9950E-07,1.050E-01
9.0000E-07,1.070E-01
9.0050E-07,1.070E-01
9.0100E-07,1.090E-01
9.0150E-07,1.050E-01
9.0200E-07,1.070E-01
9.0250E-07,1.070E-01
9.0300E-07,1.050E-01
9.0350E-07,1.070E-01
9.0400E-07,1.050E-01
9.0450E-07,1.050E-01
9.0500E-07,1.070E-01
9.0550E-07,1.050E-01
9.0600E-07,1.070E-01
9.0650E-07,1.070E-01
9.0700E-07,1.110E-01
9.0750E-07,1.050E-01
9.0800E-07,1.110E-01
9.0850E-07,1.090E-01
9.0900E-07,1.110E-01
9.0950E-07,1.050E-01
9.1000E-07,1.070E-01
9.1050E-07,1.070E-01
9.1100E-07,1.070E-01
9.1150E-07,1.050E-01
9.1200E-07,1.070E-01
9.1250E-07,1.070E-01
9.1300E-07,1.070E-01
9.1350E-07,1.090E-01
9.1400E-07,1.050E-01
9.1450E-07,1.070E-01
9.1500E-07,1.110E-01
9.1550E-07,1.070E-01
9.1600E-07,1.070E-01
9.1650E-07,1.050E-01
9.1700E-07,1.090E-01
9.1750E-07,1.050E-01
9.1800E-07,1.090E-01
9.1850E-07,1.090E-01
9.1900E-07,1.070E-01
9.1950E-07,1.070E-01
9.2000E-07,1.090E-01
9.2050E-07,1.070E-01
9.2100E-07,1.070E-01
9.2150E-07,1.030E-01
9.2200E-07,1.070E-01
9.2250E-07,1.050E-01
9.2300E-07,1.070E-01
9.2350E-07,1.070E-01
9.2400E-07,1.090E-01
9.2450E-07,1.070E-01
9.2500E-07,1.070E-01
9.2550E-07,1.070E-01
9.2600E-07,1.090E-01
9.2650E-07,1.050E-01
9.2700E-07,1.070E-01
9.2750E-07,1.050E-01
9.2800E-07,1.050E-01
9.2850E-07,1.050E-01
9.2900E-07,1.070E-01
9.2950E-07,1.070E-01
9.3000E-07,1.070E-01
9.3050E-07,1.070E-01
9.3100E-07,1.070E-01
9.3150E-07,1.050E-01
9.3200E-07,1.070E-01
9.3250E-07,1.070E-01
9.3300E-07,1.090E-01
9.3350E-07,1.050E-01
9.3400E-07,1.070E-01
9.3450E-07,1.070E-01
9.3500E-07,1.090E-01
9.3550E-07,1.050E-01
9.3600E-07,1.070E-01
9.3650E-07,1.090E-01
9.3700E-07,1.070E-01
9.3750E-07,1.090E-01
9.3800E-07,1.070E-01
9.3850E-07,1.070E-01
9.3900E-07,1.070E-01
9.3950E-07,1.030E-01
9.4000E-07,1.090E-01
9.4050E-07,1.050E-01
9.4100E-07,1.050E-01
9.4150E-07,1.050E-01
9.4200E-07,1.070E-01
9.4250E-07,1.070E-01
9.4300E-07,1.070E-01
9.4350E-07,1.090E-01
9.4400E-07,1.070E-01
9.4450E-07,1.090E-01
9.4500E-07,1.090E-01
9.4550E-07,1.050E-01
9.4600E-07,1.110E-01
9.4650E-07,1.090E-01
9.4700E-07,1.110E-01
9.4750E-07,1.050E-01
9.4800E-07,1.110E-01
9.4850E-07,1.050E-01
9.4900E-07,1.070E-01
9.4950E-07,1.070E-01
9.5000E-07,1.070E-01
9.5050E-07,1.070E-01
9.5100E-07,1.090E-01
9.5150E-07,1.110E-01
9.5200E-07,1.090E-01
9.5250E-07,1.070E-01
9.5300E-07,1.090E-01
9.5350E-07,1.050E-01
9.5400E-07,1.070E-01
9.5450E-07,1.070E-01
9.5500E-07,1.090E-01
9.5550E-07,1.090E-01
9.5600E-07,1.050E-01
9.5650E-07,1.050E-01
9.5700E-07,1.070E-01
9.5750E-07,1.050E-01
9.5800E-07,1.070E-01
9.5850E-07,1.050E-01
9.5900E-07,1.090E-01
9.5950E-07,1.070E-01
9.6000E-07,1.070E-01
9.6050E-07,1.050E-01
9.6100E-07,1.070E-01
9.6150E-07,1.090E-01
9.6200E-07,1.090E-01
9.6250E-07,1.070E-01
9.6300E-07,1.010E-01
9.6350E-07,1.070E-01
9.6400E-07,1.090E-01
9.6450E-07,1.070E-01
9.6500E-07,1.070E-01
9.6550E-07,1.090E-01
9.6600E-07,1.070E-01
9.6650E-07,1.070E-01
9.6700E-07,1.070E-01
9.6750E-07,1.070E-01
9.6800E-07,1.070E-01
9.6850E-07,1.050E-01
9.6900E-07,1.090E-01
9.6950E-07,1.050E-01
9.7000E-07,1.070E-01
9.7050E-07,1.030E-01
9.7100E-07,1.070E-01
9.7150E-07,1.070E-01
9.7200E-07,1.110E-01
9.7250E-07,1.070E-01
9.7300E-07,1.090E-01
9.7350E-07,1.090E-01
9.7400E-07,1.050E-01
9.7450E-07,1.090E-01
9.7500E-07,1.090E-01
9.7550E-07,1.070E-01
9.7600E-07,1.070E-01
9.7650E-07,1.070E-01
9.7700E-07,1.070E-01
9.7750E-07,1.070E-01
9.7800E-07,1.050E-01
9.7850E-07,1.070E-01
9.7900E-07,1.070E-01
9.7950E-07,1.050E-01
9.8000E-07,1.090E-01
9.8050E-07,1.070E-01
9.8100E-07,1.070E-01
9.8150E-07,1.070E-01
9.8200E-07,1.090E-01
9.8250E-07,1.090E-01
9.8300E-07,1.070E-01
9.8350E-07,1.090E-01
9.8400E-07,1.110E-01
9.8450E-07,1.030E-01
9.8500E-07,1.110E-01
9.8550E-07,1.050E-01
9.8600E-07,1.070E-01
9.8650E-07,1.050E-01
9.8700E-07,1.070E-01
9.8750E-07,1.070E-01
9.8800E-07,1.090E-01
9.8850E-07,1.030E-01
9.8900E-07,1.070E-01
9.8950E-07,1.070E-01
9.9000E-07,1.030E-01
9.9050E-07,1.090E-01
9.9100E-07,1.070E-01
9.9150E-07,1.090E-01
9.9200E-07,1.070E-01
9.9250E-07,1.050E-01
9.9300E-07,1.070E-01
9.9350E-07,1.070E-01
9.9400E-07,1.090E-01
9.9450E-07,1.050E-01
9.9500E-07,1.090E-01
9.9550E-07,1.090E-01
9.9600E-07,1.090E-01
9.9650E-07,1.050E-01
9.9700E-07,1.090E-01
9.9750E-07,1.030E-01
9.9800E-07,1.090E-01
9.9850E-07,1.070E-01
9.9900E-07,1.050E-01
9.9950E-07,1.050E-01
1.0000E-06,1.050E-01
1.0005E-06,1.070E-01
1.0010E-06,1.090E-01
1.0015E-06,1.030E-01
1.0020E-06,1.090E-01
1.0025E-06,1.070E-01
1.0030E-06,1.070E-01
1.0035E-06,1.050E-01
1.0040E-06,1.090E-01
1.0045E-06,1.050E-01
1.0050E-06,1.090E-01
1.0055E-06,1.070E-01
1.0060E-06,1.030E-01
1.0065E-06,1.090E-01
1.0070E-06,1.050E-01
1.0075E-06,1.070E-01
1.0080E-06,1.070E-01
1.0085E-06,1.050E-01
1.0090E-06,1.090E-01
1.0095E-06,1.070E-01
1.0100E-06,1.090E-01
1.0105E-06,1.090E-01
1.0110E-06,1.070E-01
1.0115E-06,1.070E-01
1.0120E-06,1.070E-01
1.0125E-06,1.050E-01
1.0130E-06,1.090E-01
1.0135E-06,1.070E-01
1.0140E-06,1.090E-01
1.0145E-06,1.090E-01
1.0150E-06,1.070E-01
1.0155E-06,1.090E-01
1.0160E-06,1.110E-01
1.0165E-06,1.070E-01
1.0170E-06,1.110E-01
1.0175E-06,1.050E-01
1.0180E-06,1.050E-01
1.0185E-06,1.070E-01
1.0190E-06,1.050E-01
1.0195E-06,1.030E-01
1.0200E-06,1.050E-01
1.0205E-06,1.070E-01
1.0210E-06,1.070E-01
1.0215E-06,1.050E-01
1.0220E-06,1.090E-01
1.0225E-06,1.070E-01
1.0230E-06,1.070E-01
1.0235E-06,1.070E-01
1.0240E-06,1.050E-01
1.0245E-06,1.070E-01
1.0250E-06,1.090E-01
1.0255E-06,1.030E-01
1.0260E-06,1.070E-01
1.0265E-06,1.050E-01
1.0270E-06,1.070E-01
1.0275E-06,1.090E-01
1.0280E-06,1.070E-01
1.0285E-06,1.070E-01
1.0290E-06,1.090E-01
1.0295E-06,1.070E-01
1.0300E-06,1.050E-01
1.0305E-06,1.070E-01
1.0310E-06,1.110E-01
1.0315E-06,1.050E-01
1.0320E-06,1.050E-01
1.0325E-06,1.090E-01
1.0330E-06,1.070E-01
1.0335E-06,1.070E-01
1.0340E-06,1.070E-01
1.0345E-06,1.090E-01
1.0350E-06,1.070E-01
1.0355E-06,1.070E-01
1.0360E-06,1.090E-01
1.0365E-06,1.070E-01
1.0370E-06,1.090E-01
1.0375E-06,1.050E-01
1.0380E-06,1.090E-01
1.0385E-06,1.050E-01
1.0390E-06,1.070E-01
1.0395E-06,1.070E-01
1.0400E-06,1.070E-01
1.0405E-06,1.050E-01
1.0410E-06,1.070E-01
1.0415E-06,1.070E-01
1.0420E-06,1.050E-01
1.0425E-06,1.050E-01
1.0430E-06,1.090E-01
1.0435E-06,1.070E-01
1.0440E-06,1.070E-01
1.0445E-06,1.050E-01
1.0450E-06,1.090E-01
1.0455E-06,1.030E-01
1.0460E-06,1.090E-01
1.0465E-06,1.070E-01
1.0470E-06,1.070E-01
1.0475E-06,1.070E-01
1.0480E-06,1.070E-01
1.0485E-06,1.050E-01
1.0490E-06,1.050E-01
1.0495E-06,1.090E-01
1.0500E-06,1.070E-01
1.0505E-06,1.030E-01
1.0510E-06,1.070E-01
1.0515E-06,1.070E-01
1.0520E-06,1.070E-01
1.0525E-06,1.070E-01
1.0530E-06,1.090E-01
1.0535E-06,1.070E-01
1.0540E-06,1.070E-01
1.0545E-06,1.090E-01
1.0550E-06,1.070E-01
1.0555E-06,1.050E-01
1.0560E-06,1.090E-01
1.0565E-06,1.070E-01
1.0570E-06,1.070E-01
1.0575E-06,1.070E-01
1.0580E-06,1.090E-01
1.0585E-06,1.070E-01
1.0590E-06,1.110E-01
1.0595E-06,1.070E-01
1.0600E-06,1.050E-01
1.0605E-06,1.050E-01
1.0610E-06,1.090E-01
1.0615E-06,1.050E-01
1.0620E-06,1.070E-01
1.0625E-06,1.070E-01
1.0630E-06,1.070E-01
1.0635E-06,1.070E-01
1.0640E-06,1.090E-01
1.0645E-06,1.070E-01
1.0650E-06,1.070E-01
1.0655E-06,1.050E-01
1.0660E-06,1.070E-01
1.0665E-06,1.070E-01
1.0670E-06,1.090E-01
1.0675E-06,1.070E-01
1.0680E-06,1.070E-01
1.0685E-06,1.070E-01
1.0690E-06,1.090E-01
1.0695E-06,1.070E-01
1.0700E-06,1.030E-01
1.0705E-06,1.070E-01
1.0710E-06,1.070E-01
1.0715E-06,1.070E-01
1.0720E-06,1.070E-01
1.0725E-06,1.070E-01
1.0730E-06,1.070E-01
1.0735E-06,1.070E-01
1.0740E-06,1.090E-01
1.0745E-06,1.050E-01
1.0750E-06,1.110E-01
1.0755E-06,1.070E-01
1.0760E-06,1.070E-01
1.0765E-06,1.070E-01
1.0770E-06,1.070E-01
1.0775E-06,1.070E-01
1.0780E-06,1.090E-01
1.0785E-06,1.090E-01
1.0790E-06,1.070E-01
1.0795E-06,1.050E-01
1.0800E-06,1.070E-01
1.0805E-06,1.050E-01
1.0810E-06,1.070E-01
1.0815E-06,1.090E-01
1.0820E-06,1.050E-01
1.0825E-06,1.070E-01
1.0830E-06,1.070E-01
1.0835E-06,1.070E-01
1.0840E-06,1.090E-01
1.0845E-06,1.070E-01
1.0850E-06,1.090E-01
1.0855E-06,1.110E-01
1.0860E-06,1.090E-01
1.0865E-06,1.070E-01
1.0870E-06,1.070E-01
1.0875E-06,1.070E-01
1.0880E-06,1.050E-01
1.0885E-06,1.070E-01
1.0890E-06,1.090E-01
1.0895E-06,1.050E-01
1.0900E-06,1.070E-01
1.0905E-06,1.090E-01
1.0910E-06,1.090E-01
1.0915E-06,1.050E-01
1.0920E-06,1.070E-01
1.0925E-06,1.070E-01
1.0930E-06,1.090E-01
1.0935E-06,1.070E-01
1.0940E-06,1.070E-01
1.0945E-06,1.070E-01
1.0950E-06,1.090E-01
1.0955E-06,1.070E-01
1.0960E-06,1.070E-01
1.0965E-06,1.030E-01
1.0970E-06,1.070E-01
1.0975E-06,1.090E-01
1.0980E-06,1.090E-01
1.0985E-06,1.070E-01
1.0990E-06,1.110E-01
1.0995E-06,1.070E-01
1.1000E-06,1.070E-01
1.1005E-06,1.070E-01
1.1010E-06,1.070E-01
1.1015E-06,1.090E-01
1.1020E-06,1.090E-01
1.1025E-06,1.050E-01
1.1030E-06,1.070E-01
1.1035E-06,1.050E-01
1.1040E-06,1.090E-01
1.1045E-06,1.050E-01
1.1050E-06,1.110E-01
1.1055E-06,1.070E-01
1.1060E-06,1.070E-01
1.1065E-06,1.090E-01
1.1070E-06,1.070E-01
1.1075E-06,1.050E-01
1.1080E-06,1.050E-01
1.1085E-06,1.070E-01
1.1090E-06,1.070E-01
1.1095E-06,1.050E-01
1.1100E-06,1.070E-01
1.1105E-06,1.070E-01
1.1110E-06,1.090E-01
1.1115E-06,1.070E-01
1.1120E-06,1.110E-01
1.1125E-06,1.090E-01
1.1130E-06,1.090E-01
1.1135E-06,1.090E-01
1.1140E-06,1.090E-01
1.1145E-06,1.070E-01
1.1150E-06,1.070E-01
1.1155E-06,1.110E-01
1.1160E-06,1.050E-01
1.1165E-06,1.070E-01
1.1170E-06,1.090E-01
1.1175E-06,1.050E-01
1.1180E-06,1.070E-01
1.1185E-06,1.090E-01
1.1190E-06,1.070E-01
1.1195E-06,1.070E-01
1.1200E-06,1.070E-01
1.1205E-06,1.050E-01
1.1210E-06,1.050E-01
1.1215E-06,1.050E-01
1.1220E-06,1.050E-01
1.1225E-06,1.050E-01
1.1230E-06,1.070E-01
1.1235E-06,1.070E-01
1.1240E-06,1.090E-01
1.1245E-06,1.070E-01
1.1250E-06,1.070E-01
1.1255E-06,1.070E-01
1.1260E-06,1.070E-01
1.1265E-06,1.090E-01
1.1270E-06,1.050E-01
1.1275E-06,1.070E-01
1.1280E-06,1.070E-01
1.1285E-06,1.070E-01
1.1290E-06,1.070E-01
1.1295E-06,1.090E-01
1.1300E-06,1.070E-01
1.1305E-06,1.070E-01
1.1310E-06,1.070E-01
1.1315E-06,1.110E-01
1.1320E-06,1.050E-01
1.1325E-06,1.070E-01
1.1330E-06,1.070E-01
1.1335E-06,1.090E-01
1.1340E-06,1.050E-01
1.1345E-06,1.090E-01
1.1350E-06,1.090E-01
1.1355E-06,1.070E-01
1.1360E-06,1.090E-01
1.1365E-06,1.090E-01
1.1370E-06,1.090E-01
1.1375E-06,1.050E-01
1.1380E-06,1.090E-01
1.1385E-06,1.070E-01
1.1390E-06,1.070E-01
1.1395E-06,1.090E-01
1.1400E-06,1.070E-01
1.1405E-06,1.050E-01
1.1410E-06,1.050E-01
1.1415E-06,1.070E-01
1.1420E-06,1.070E-01
1.1425E-06,1.070E-01
1.1430E-06,1.050E-01
1.1435E-06,1.070E-01
1.1440E-06,1.090E-01
1.1445E-06,1.030E-01
1.1450E-06,1.090E-01
1.1455E-06,1.070E-01
1.1460E-06,1.070E-01
1.1465E-06,1.090E-01
1.1470E-06,1.050E-01
1.1475E-06,1.070E-01
1.1480E-06,1.090E-01
1.1485E-06,1.050E-01
1.1490E-06,1.090E-01
1.1495E-06,1.090E-01
1.1500E-06,1.070E-01
1.1505E-06,1.090E-01
1.1510E-06,1.090E-01
1.1515E-06,1.110E-01
1.1520E-06,1.050E-01
1.1525E-06,1.070E-01
1.1530E-06,1.070E-01
1.1535E-06,1.090E-01
1.1540E-06,1.090E-01
1.1545E-06,1.070E-01
1.1550E-06,1.070E-01
1.1555E-06,1.090E-01
1.1560E-06,1.090E-01
1.1565E-06,1.050E-01
1.1570E-06,1.070E-01
1.1575E-06,1.050E-01
1.1580E-06,1.090E-01
1.1585E-06,1.070E-01
1.1590E-06,1.090E-01
1.1595E-06,1.090E-01
1.1600E-06,1.050E-01
1.1605E-06,1.050E-01
1.1610E-06,1.070E-01
1.1615E-06,1.090E-01
1.1620E-06,1.090E-01
1.1625E-06,1.050E-01
1.1630E-06,1.070E-01
1.1635E-06,1.090E-01
1.1640E-06,1.070E-01
1.1645E-06,1.070E-01
1.1650E-06,1.090E-01
1.1655E-06,1.090E-01
1.1660E-06,1.030E-01
1.1665E-06,1.090E-01
1.1670E-06,1.090E-01
1.1675E-06,1.070E-01
1.1680E-06,1.050E-01
1.1685E-06,1.050E-01
1.1690E-06,1.070E-01
1.1695E-06,1.050E-01
1.1700E-06,1.090E-01
1.1705E-06,1.070E-01
1.1710E-06,1.070E-01
1.1715E-06,1.070E-01
1.1720E-06,1.090E-01
1.1725E-06,1.050E-01
1.1730E-06,1.090E-01
1.1735E-06,1.070E-01
1.1740E-06,1.070E-01
1.1745E-06,1.070E-01
1.1750E-06,1.070E-01
1.1755E-06,1.070E-01
1.1760E-06,1.090E-01
1.1765E-06,1.030E-01
1.1770E-06,1.090E-01
1.1775E-06,1.070E-01
1.1780E-06,1.090E-01
1.1785E-06,1.090E-01
1.1790E-06,1.070E-01
1.1795E-06,1.070E-01
1.1800E-06,1.090E-01
1.1805E-06,1.050E-01
1.1810E-06,1.090E-01
1.1815E-06,1.070E-01
1.1820E-06,1.090E-01
1.1825E-06,1.090E-01
1.1830E-06,1.070E-01
1.1835E-06,1.070E-01
1.1840E-06,1.090E-01
1.1845E-06,1.030E-01
1.1850E-06,1.070E-01
1.1855E-06,1.090E-01
1.1860E-06,1.090E-01
1.1865E-06,1.070E-01
1.1870E-06,1.070E-01
1.1875E-06,1.050E-01
1.1880E-06,1.130E-01
1.1885E-06,1.070E-01
1.1890E-06,1.030E-01
1.1895E-06,1.070E-01
1.1900E-06,1.070E-01
1.1905E-06,1.070E-01
1.1910E-06,1.110E-01
1.1915E-06,1.050E-01
1.1920E-06,1.150E-01
1.1925E-06,1.090E-01
1.1930E-06,1.070E-01
1.1935E-06,1.070E-01
1.1940E-06,1.070E-01
1.1945E-06,1.050E-01
1.1950E-06,1.070E-01
1.1955E-06,1.070E-01
1.1960E-06,1.090E-01
1.1965E-06,1.090E-01
1.1970E-06,1.110E-01
1.1975E-06,1.070E-01
1.1980E-06,1.070E-01
1.1985E-06,1.070E-01
1.1990E-06,1.090E-01
1.1995E-06,1.090E-01
1.2000E-06,1.110E-01
1.2005E-06,1.050E-01
1.2010E-06,1.090E-01
1.2015E-06,1.050E-01
1.2020E-06,1.050E-01
1.2025E-06,1.090E-01
1.2030E-06,1.070E-01
1.2035E-06,1.110E-01
1.2040E-06,1.090E-01
1.2045E-06,1.030E-01
1.2050E-06,1.090E-01
1.2055E-06,1.030E-01
1.2060E-06,1.090E-01
1.2065E-06,1.070E-01
1.2070E-06,1.070E-01
1.2075E-06,1.050E-01
1.2080E-06,1.070E-01
1.2085E-06,1.050E-01
1.2090E-06,1.070E-01
1.2095E-06,1.050E-01
1.2100E-06,1.070E-01
1.2105E-06,1.090E-01
1.2110E-06,1.070E-01
1.2115E-06,1.070E-01
1.2120E-06,1.070E-01
1.2125E-06,1.070E-01
1.2130E-06,1.090E-01
1.2135E-06,1.050E-01
1.2140E-06,1.070E-01
1.2145E-06,1.090E-01
1.2150E-06,1.050E-01
1.2155E-06,1.090E-01
1.2160E-06,1.090E-01
1.2165E-06,1.050E-01
1.2170E-06,1.090E-01
1.2175E-06,1.050E-01
1.2180E-06,1.110E-01
1.2185E-06,1.070E-01
1.2190E-06,1.070E-01
1.2195E-06,1.070E-01
1.2200E-06,1.070E-01
1.2205E-06,1.090E-01
1.2210E-06,1.090E-01
1.2215E-06,1.050E-01
1.2220E-06,1.090E-01
1.2225E-06,1.070E-01
1.2230E-06,1.090E-01
1.2235E-06,1.070E-01
1.2240E-06,1.090E-01
1.2245E-06,1.070E-01
1.2250E-06,1.070E-01
1.2255E-06,1.070E-01
1.2260E-06,1.070E-01
1.2265E-06,1.070E-01
1.2270E-06,1.050E-01
1.2275E-06,1.050E-01
1.2280E-06,1.110E-01
1.2285E-06,1.050E-01
1.2290E-06,1.070E-01
1.2295E-06,1.070E-01
1.2300E-06,1.030E-01
1.2305E-06,1.070E-01
1.2310E-06,1.070E-01
1.2315E-06,1.070E-01
1.2320E-06,1.070E-01
1.2325E-06,1.050E-01
1.2330E-06,1.050E-01
1.2335E-06,1.050E-01
1.2340E-06,1.090E-01
1.2345E-06,1.050E-01
1.2350E-06,1.070E-01
1.2355E-06,1.050E-01
1.2360E-06,1.070E-01
1.2365E-06,1.070E-01
1.2370E-06,1.090E-01
1.2375E-06,1.090E-01
1.2380E-06,1.070E-01
1.2385E-06,1.090E-01
1.2390E-06,1.070E-01
1.2395E-06,1.070E-01
1.2400E-06,1.050E-01
1.2405E-06,1.070E-01
1.2410E-06,1.090E-01
1.2415E-06,1.050E-01
1.2420E-06,1.090E-01
1.2425E-06,1.070E-01
1.2430E-06,1.110E-01
1.2435E-06,1.070E-01
1.2440E-06,1.050E-01
1.2445E-06,1.050E-01
1.2450E-06,1.110E-01
1.2455E-06,1.070E-01
1.2460E-06,1.050E-01
1.2465E-06,1.070E-01
1.2470E-06,1.090E-01
1.2475E-06,1.030E-01
1.2480E-06,1.090E-01
1.2485E-06,1.070E-01
1.2490E-06,1.070E-01
1.2495E-06,1.070E-01
1.2500E-06,1.090E-01
1.2505E-06,1.070E-01
1.2510E-06,1.070E-01
1.2515E-06,1.070E-01
1.2520E-06,1.090E-01
1.2525E-06,1.050E-01
1.2530E-06,1.110E-01
1.2535E-06,1.050E-01
1.2540E-06,1.110E-01
1.2545E-06,1.090E-01
1.2550E-06,1.070E-01
1.2555E-06,1.070E-01
1.2560E-06,1.070E-01
1.2565E-06,1.070E-01
1.2570E-06,1.070E-01
1.2575E-06,1.070E-01
1.2580E-06,1.070E-01
1.2585E-06,1.070E-01
1.2590E-06,1.050E-01
1.2595E-06,1.090E-01
1.2600E-06,1.070E-01
1.2605E-06,1.090E-01
1.2610E-06,1.050E-01
1.2615E-06,1.070E-01
1.2620E-06,1.090E-01
1.2625E-06,1.090E-01
1.2630E-06,1.070E-01
1.2635E-06,1.090E-01
1.2640E-06,1.050E-01
1.2645E-06,1.070E-01
1.2650E-06,1.050E-01
1.2655E-06,1.070E-01
1.2660E-06,1.070E-01
1.2665E-06,1.050E-01
1.2670E-06,1.090E-01
1.2675E-06,1.090E-01
1.2680E-06,1.090E-01
1.2685E-06,1.070E-01
1.2690E-06,1.050E-01
1.2695E-06,1.030E-01
1.2700E-06,1.070E-01
1.2705E-06,1.070E-01
1.2710E-06,1.050E-01
1.2715E-06,1.070E-01
1.2720E-06,1.070E-01
1.2725E-06,1.050E-01
1.2730E-06,1.090E-01
1.2735E-06,1.090E-01
1.2740E-06,1.090E-01
1.2745E-06,1.090E-01
1.2750E-06,1.090E-01
1.2755E-06,1.070E-01
1.2760E-06,1.090E-01
1.2765E-06,1.050E-01
1.2770E-06,1.090E-01
1.2775E-06,1.030E-01
1.2780E-06,1.070E-01
1.2785E-06,1.070E-01
1.2790E-06,1.070E-01
1.2795E-06,1.090E-01
1.2800E-06,1.090E-01
1.2805E-06,1.070E-01
1.2810E-06,1.050E-01
1.2815E-06,1.090E-01
1.2820E-06,1.090E-01
1.2825E-06,1.050E-01
1.2830E-06,1.050E-01
1.2835E-06,1.070E-01
1.2840E-06,1.070E-01
1.2845E-06,1.050E-01
1.2850E-06,1.070E-01
1.2855E-06,1.070E-01
1.2860E-06,1.050E-01
1.2865E-06,1.070E-01
1.2870E-06,1.070E-01
1.2875E-06,1.050E-01
1.2880E-06,1.090E-01
1.2885E-06,1.070E-01
1.2890E-06,1.070E-01
1.2895E-06,1.070E-01
1.2900E-06,1.090E-01
1.2905E-06,1.090E-01
1.2910E-06,1.070E-01
1.2915E-06,1.090E-01
1.2920E-06,1.090E-01
1.2925E-06,1.070E-01
1.2930E-06,1.070E-01
1.2935E-06,1.030E-01
1.2940E-06,1.090E-01
1.2945E-06,1.090E-01
1.2950E-06,1.070E-01
1.2955E-06,1.090E-01
1.2960E-06,1.070E-01
1.2965E-06,1.070E-01
1.2970E-06,1.090E-01
1.2975E-06,1.070E-01
1.2980E-06,1.070E-01
1.2985E-06,1.050E-01
1.2990E-06,1.090E-01
1.2995E-06,1.070E-01
1.3000E-06,1.070E-01
1.3005E-06,1.050E-01
1.3010E-06,1.070E-01
1.3015E-06,1.050E-01
1.3020E-06,1.110E-01
1.3025E-06,1.070E-01
1.3030E-06,1.070E-01
1.3035E-06,1.070E-01
1.3040E-06,1.090E-01
1.3045E-06,1.070E-01
1.3050E-06,1.070E-01
1.3055E-06,1.050E-01
1.3060E-06,1.110E-01
1.3065E-06,1.070E-01
1.3070E-06,1.110E-01
1.3075E-06,1.050E-01
1.3080E-06,1.050E-01
1.3085E-06,1.090E-01
1.3090E-06,1.070E-01
1.3095E-06,1.050E-01
1.3100E-06,1.070E-01
1.3105E-06,1.070E-01
1.3110E-06,1.070E-01
1.3115E-06,1.070E-01
1.3120E-06,1.090E-01
1.3125E-06,1.070E-01
1.3130E-06,1.050E-01
1.3135E-06,1.070E-01
1.3140E-06,1.070E-01
1.3145E-06,1.110E-01
1.3150E-06,1.090E-01
1.3155E-06,1.070E-01
1.3160E-06,1.070E-01
1.3165E-06,1.070E-01
1.3170E-06,1.090E-01
1.3175E-06,1.030E-01
1.3180E-06,1.090E-01
1.3185E-06,1.050E-01
1.3190E-06,1.070E-01
1.3195E-06,1.070E-01
1.3200E-06,1.090E-01
1.3205E-06,1.070E-01
1.3210E-06,1.070E-01
1.3215E-06,1.070E-01
1.3220E-06,1.050E-01
1.3225E-06,1.050E-01
1.3230E-06,1.050E-01
1.3235E-06,1.070E-01
1.3240E-06,1.090E-01
1.3245E-06,1.030E-01
1.3250E-06,1.090E-01
1.3255E-06,1.070E-01
1.3260E-06,1.050E-01
1.3265E-06,1.050E-01
1.3270E-06,1.090E-01
1.3275E-06,1.070E-01
1.3280E-06,1.050E-01
1.3285E-06,1.070E-01
1.3290E-06,1.070E-01
1.3295E-06,1.050E-01
1.3300E-06,1.070E-01
1.3305E-06,1.070E-01
1.3310E-06,1.070E-01
1.3315E-06,1.110E-01
1.3320E-06,1.070E-01
1.3325E-06,1.070E-01
1.3330E-06,1.110E-01
1.3335E-06,1.070E-01
1.3340E-06,1.090E-01
1.3345E-06,1.090E-01
1.3350E-06,1.050E-01
1.3355E-06,1.070E-01
1.3360E-06,1.070E-01
1.3365E-06,1.070E-01
1.3370E-06,1.110E-01
1.3375E-06,1.050E-01
1.3380E-06,1.090E-01
1.3385E-06,1.070E-01
1.3390E-06,1.050E-01
1.3395E-06,1.070E-01
1.3400E-06,1.090E-01
1.3405E-06,1.070E-01
1.3410E-06,1.050E-01
1.3415E-06,1.070E-01
1.3420E-06,1.070E-01
1.3425E-06,1.070E-01
1.3430E-06,1.070E-01
1.3435E-06,1.070E-01
1.3440E-06,1.090E-01
1.3445E-06,1.050E-01
1.3450E-06,1.090E-01
1.3455E-06,1.070E-01
1.3460E-06,1.050E-01
1.3465E-06,1.070E-01
1.3470E-06,1.090E-01
1.3475E-06,1.070E-01
1.3480E-06,1.050E-01
1.3485E-06,1.070E-01
1.3490E-06,1.050E-01
1.3495E-06,1.070E-01
1.3500E-06,1.050E-01
1.3505E-06,1.090E-01
1.3510E-06,1.070E-01
1.3515E-06,1.070E-01
1.3520E-06,1.110E-01
1.3525E-06,1.050E-01
1.3530E-06,1.090E-01
1.3535E-06,1.050E-01
1.3540E-06,1.070E-01
1.3545E-06,1.070E-01
1.3550E-06,1.070E-01
1.3555E-06,1.090E-01
1.3560E-06,1.090E-01
1.3565E-06,1.070E-01
1.3570E-06,1.070E-01
1.3575E-06,1.050E-01
1.3580E-06,1.050E-01
1.3585E-06,1.070E-01
1.3590E-06,1.070E-01
1.3595E-06,1.050E-01
1.3600E-06,1.070E-01
1.3605E-06,1.050E-01
1.3610E-06,1.050E-01
1.3615E-06,1.090E-01
1.3620E-06,1.050E-01
1.3625E-06,1.050E-01
1.3630E-06,1.070E-01
1.3635E-06,1.070E-01
1.3640E-06,1.090E-01
1.3645E-06,1.050E-01
1.3650E-06,1.090E-01
1.3655E-06,1.050E-01
1.3660E-06,1.090E-01
1.3665E-06,1.070E-01
1.3670E-06,1.070E-01
1.3675E-06,1.070E-01
1.3680E-06,1.090E-01
1.3685E-06,1.050E-01
1.3690E-06,1.070E-01
1.3695E-06,1.050E-01
1.3700E-06,1.070E-01
1.3705E-06,1.070E-01
1.3710E-06,1.070E-01
1.3715E-06,1.070E-01
1.3720E-06,1.050E-01
1.3725E-06,1.050E-01
1.3730E-06,1.070E-01
1.3735E-06,1.070E-01
1.3740E-06,1.050E-01
1.3745E-06,1.090E-01
1.3750E-06,1.070E-01
1.3755E-06,1.070E-01
1.3760E-06,1.090E-01
1.3765E-06,1.090E-01
1.3770E-06,1.070E-01
1.3775E-06,1.070E-01
1.3780E-06,1.030E-01
1.3785E-06,1.050E-01
1.3790E-06,1.070E-01
1.3795E-06,1.070E-01
1.3800E-06,1.070E-01
1.3805E-06,1.070E-01
1.3810E-06,1.110E-01
1.3815E-06,1.070E-01
1.3820E-06,1.050E-01
1.3825E-06,1.110E-01
1.3830E-06,1.070E-01
1.3835E-06,1.070E-01
1.3840E-06,1.050E-01
1.3845E-06,1.070E-01
1.3850E-06,1.070E-01
1.3855E-06,1.070E-01
1.3860E-06,1.070E-01
1.3865E-06,1.050E-01
1.3870E-06,1.070E-01
1.3875E-06,1.090E-01
1.3880E-06,1.090E-01
1.3885E-06,1.090E-01
1.3890E-06,1.070E-01
1.3895E-06,1.050E-01
1.3900E-06,1.070E-01
1.3905E-06,1.110E-01
1.3910E-06,1.070E-01
1.3915E-06,1.070E-01
1.3920E-06,1.070E-01
1.3925E-06,1.090E-01
1.3930E-06,1.090E-01
1.3935E-06,1.050E-01
1.3940E-06,1.090E-01
1.3945E-06,1.070E-01
1.3950E-06,1.090E-01
1.3955E-06,1.090E-01
1.3960E-06,1.070E-01
1.3965E-06,1.090E-01
1.3970E-06,1.050E-01
1.3975E-06,1.070E-01
1.3980E-06,1.070E-01
1.3985E-06,1.090E-01
1.3990E-06,1.070E-01
1.3995E-06,1.050E-01
1.4000E-06,1.070E-01
1.4005E-06,1.030E-01
1.4010E-06,1.070E-01
1.4015E-06,1.090E-01
1.4020E-06,1.070E-01
1.4025E-06,1.030E-01
1.4030E-06,1.050E-01
1.4035E-06,1.050E-01
1.4040E-06,1.070E-01
1.4045E-06,1.070E-01
1.4050E-06,1.090E-01
1.4055E-06,1.050E-01
1.4060E-06,1.070E-01
1.4065E-06,1.090E-01
1.4070E-06,1.050E-01
1.4075E-06,1.050E-01
1.4080E-06,1.050E-01
1.4085E-06,1.070E-01
1.4090E-06,1.090E-01
1.4095E-06,1.090E-01
1.4100E-06,1.090E-01
1.4105E-06,1.090E-01
1.4110E-06,1.050E-01
1.4115E-06,1.070E-01
1.4120E-06,1.070E-01
1.4125E-06,1.030E-01
1.4130E-06,1.050E-01
1.4135E-06,1.050E-01
1.4140E-06,1.090E-01
1.4145E-06,1.050E-01
1.4150E-06,1.090E-01
1.4155E-06,1.070E-01
1.4160E-06,1.030E-01
1.4165E-06,1.070E-01
1.4170E-06,1.070E-01
1.4175E-06,1.090E-01
1.4180E-06,1.070E-01
1.4185E-06,1.090E-01
1.4190E-06,1.070E-01
1.4195E-06,1.070E-01
1.4200E-06,1.050E-01
1.4205E-06,1.070E-01
1.4210E-06,1.070E-01
1.4215E-06,1.070E-01
1.4220E-06,1.070E-01
1.4225E-06,1.070E-01
1.4230E-06,1.090E-01
1.4235E-06,1.090E-01
1.4240E-06,1.050E-01
1.4245E-06,1.070E-01
1.4250E-06,1.070E-01
1.4255E-06,1.050E-01
1.4260E-06,1.050E-01
1.4265E-06,1.030E-01
1.4270E-06,1.050E-01
1.4275E-06,1.070E-01
1.4280E-06,1.090E-01
1.4285E-06,1.090E-01
1.4290E-06,1.090E-01
1.4295E-06,1.070E-01
1.4300E-06,1.070E-01
1.4305E-06,1.090E-01
1.4310E-06,1.090E-01
1.4315E-06,1.090E-01
1.4320E-06,1.090E-01
1.4325E-06,1.050E-01
1.4330E-06,1.070E-01
1.4335E-06,1.090E-01
1.4340E-06,1.090E-01
1.4345E-06,1.070E-01
1.4350E-06,1.110E-01
1.4355E-06,1.070E-01
1.4360E-06,1.070E-01
1.4365E-06,1.050E-01
1.4370E-06,1.090E-01
1.4375E-06,1.030E-01
1.4380E-06,1.030E-01
1.4385E-06,1.070E-01
1.4390E-06,1.070E-01
1.4395E-06,1.070E-01
1.4400E-06,1.050E-01
1.4405E-06,1.070E-01
1.4410E-06,1.070E-01
1.4415E-06,1.070E-01
1.4420E-06,1.070E-01
1.4425E-06,1.070E-01
1.4430E-06,1.070E-01
1.4435E-06,1.090E-01
1.4440E-06,1.050E-01
1.4445E-06,1.050E-01
1.4450E-06,1.090E-01
1.4455E-06,1.070E-01
1.4460E-06,1.110E-01
1.4465E-06,1.050E-01
1.4470E-06,1.050E-01
1.4475E-06,1.050E-01
1.4480E-06,1.090E-01
1.4485E-06,1.070E-01
1.4490E-06,1.070E-01
1.4495E-06,1.070E-01
1.4500E-06,1.050E-01
1.4505E-06,1.050E-01
1.4510E-06,1.070E-01
1.4515E-06,1.070E-01
1.4520E-06,1.050E-01
1.4525E-06,1.050E-01
1.4530E-06,1.090E-01
1.4535E-06,1.050E-01
1.4540E-06,1.090E-01
1.4545E-06,1.050E-01
1.4550E-06,1.070E-01
1.4555E-06,1.050E-01
1.4560E-06,1.070E-01
1.4565E-06,1.070E-01
1.4570E-06,1.070E-01
1.4575E-06,1.070E-01
1.4580E-06,1.090E-01
1.4585E-06,1.070E-01
1.4590E-06,1.070E-01
1.4595E-06,1.090E-01
1.4600E-06,1.110E-01
1.4605E-06,1.050E-01
1.4610E-06,1.070E-01
1.4615E-06,1.070E-01
1.4620E-06,1.070E-01
1.4625E-06,1.090E-01
1.4630E-06,1.070E-01
1.4635E-06,1.050E-01
1.4640E-06,1.050E-01
1.4645E-06,1.090E-01
1.4650E-06,1.070E-01
1.4655E-06,1.050E-01
1.4660E-06,1.090E-01
1.4665E-06,1.090E-01
1.4670E-06,1.050E-01
1.4675E-06,1.070E-01
1.4680E-06,1.070E-01
1.4685E-06,1.070E-01
1.4690E-06,1.070E-01
1.4695E-06,1.090E-01
1.4700E-06,1.070E-01
1.4705E-06,1.050E-01
1.4710E-06,1.050E-01
1.4715E-06,1.090E-01
1.4720E-06,1.050E-01
1.4725E-06,1.070E-01
1.4730E-06,1.090E-01
1.4735E-06,1.090E-01
1.4740E-06,1.070E-01
1.4745E-06,1.070E-01
1.4750E-06,1.070E-01
1.4755E-06,1.090E-01
1.4760E-06,1.050E-01
1.4765E-06,1.090E-01
1.4770E-06,1.110E-01
1.4775E-06,1.030E-01
1.4780E-06,1.050E-01
1.4785E-06,1.070E-01
1.4790E-06,1.050E-01
1.4795E-06,1.070E-01
1.4800E-06,1.050E-01
1.4805E-06,1.050E-01
1.4810E-06,1.070E-01
1.4815E-06,1.090E-01
1.4820E-06,1.030E-01
1.4825E-06,1.090E-01
1.4830E-06,1.070E-01
1.4835E-06,1.030E-01
1.4840E-06,1.050E-01
1.4845E-06,1.090E-01
1.4850E-06,1.070E-01
1.4855E-06,1.030E-01
1.4860E-06,1.030E-01
1.4865E-06,1.090E-01
1.4870E-06,1.070E-01
1.4875E-06,1.090E-01
1.4880E-06,1.050E-01
1.4885E-06,1.070E-01
1.4890E-06,1.070E-01
1.4895E-06,1.050E-01
1.4900E-06,1.090E-01
1.4905E-06,1.050E-01
1.4910E-06,1.070E-01
1.4915E-06,1.070E-01
1.4920E-06,1.090E-01
1.4925E-06,1.090E-01
1.4930E-06,1.070E-01
1.4935E-06,1.030E-01
1.4940E-06,1.070E-01
1.4945E-06,1.050E-01
1.4950E-06,1.090E-01
1.4955E-06,1.070E-01
1.4960E-06,1.030E-01
1.4965E-06,1.090E-01
1.4970E-06,1.070E-01
1.4975E-06,1.050E-01
1.4980E-06,1.090E-01
1.4985E-06,1.030E-01
1.4990E-06,1.090E-01
1.4995E-06,1.050E-01
1.5000E-06,1.050E-01
1.5005E-06,1.050E-01
1.5010E-06,1.090E-01
1.5015E-06,1.050E-01
1.5020E-06,1.050E-01
1.5025E-06,1.050E-01
1.5030E-06,1.090E-01
1.5035E-06,1.050E-01
1.5040E-06,1.070E-01
1.5045E-06,1.050E-01
1.5050E-06,1.090E-01
1.5055E-06,1.070E-01
1.5060E-06,1.070E-01
1.5065E-06,1.050E-01
1.5070E-06,1.070E-01
1.5075E-06,1.070E-01
1.5080E-06,1.070E-01
1.5085E-06,1.090E-01
1.5090E-06,1.070E-01
1.5095E-06,1.050E-01
1.5100E-06,1.030E-01
1.5105E-06,1.070E-01
1.5110E-06,1.090E-01
1.5115E-06,1.030E-01
1.5120E-06,1.110E-01
1.5125E-06,1.010E-01
1.5130E-06,1.070E-01
1.5135E-06,1.070E-01
1.5140E-06,1.070E-01
1.5145E-06,1.070E-01
1.5150E-06,1.050E-01
1.5155E-06,1.050E-01
1.5160E-06,1.070E-01
1.5165E-06,1.050E-01
1.5170E-06,1.070E-01
1.5175E-06,1.070E-01
1.5180E-06,1.050E-01
1.5185E-06,1.070E-01
1.5190E-06,1.090E-01
1.5195E-06,1.070E-01
1.5200E-06,1.050E-01
1.5205E-06,1.030E-01
1.5210E-06,1.090E-01
1.5215E-06,1.050E-01
1.5220E-06,1.050E-01
1.5225E-06,1.070E-01
1.5230E-06,1.050E-01
1.5235E-06,1.050E-01
1.5240E-06,1.070E-01
1.5245E-06,1.070E-01
1.5250E-06,1.070E-01
1.5255E-06,1.070E-01
1.5260E-06,1.070E-01
1.5265E-06,1.050E-01
1.5270E-06,1.090E-01
1.5275E-06,1.050E-01
1.5280E-06,1.070E-01
1.5285E-06,1.070E-01
1.5290E-06,1.070E-01
1.5295E-06,1.050E-01
1.5300E-06,1.050E-01
1.5305E-06,1.090E-01
1.5310E-06,1.070E-01
1.5315E-06,1.050E-01
1.5320E-06,1.070E-01
1.5325E-06,1.070E-01
1.5330E-06,1.090E-01
1.5335E-06,1.050E-01
1.5340E-06,1.050E-01
1.5345E-06,1.050E-01
1.5350E-06,1.070E-01
1.5355E-06,1.070E-01
1.5360E-06,1.070E-01
1.5365E-06,1.050E-01
1.5370E-06,1.070E-01
1.5375E-06,1.090E-01
1.5380E-06,1.030E-01
1.5385E-06,1.090E-01
1.5390E-06,1.050E-01
1.5395E-06,1.070E-01
1.5400E-06,1.070E-01
1.5405E-06,1.050E-01
1.5410E-06,1.090E-01
1.5415E-06,1.050E-01
1.5420E-06,1.090E-01
1.5425E-06,1.050E-01
1.5430E-06,1.050E-01
1.5435E-06,1.050E-01
1.5440E-06,1.070E-01
1.5445E-06,1.050E-01
1.5450E-06,1.070E-01
1.5455E-06,1.050E-01
1.5460E-06,1.070E-01
1.5465E-06,1.050E-01
1.5470E-06,1.050E-01
1.5475E-06,1.050E-01
1.5480E-06,1.050E-01
1.5485E-06,1.050E-01
1.5490E-06,1.070E-01
1.5495E-06,1.070E-01
1.5500E-06,1.070E-01
1.5505E-06,1.070E-01
1.5510E-06,1.070E-01
1.5515E-06,1.050E-01
1.5520E-06,1.070E-01
1.5525E-06,1.050E-01
1.5530E-06,1.050E-01
1.5535E-06,1.050E-01
1.5540E-06,1.070E-01
1.5545E-06,1.050E-01
1.5550E-06,1.030E-01
1.5555E-06,1.050E-01
1.5560E-06,1.010E-01
1.5565E-06,1.070E-01
1.5570E-06,1.050E-01
1.5575E-06,1.050E-01
1.5580E-06,1.050E-01
1.5585E-06,1.050E-01
1.5590E-06,1.070E-01
1.5595E-06,1.050E-01
1.5600E-06,1.030E-01
1.5605E-06,1.070E-01
1.5610E-06,1.090E-01
1.5615E-06,1.030E-01
1.5620E-06,1.070E-01
1.5625E-06,1.030E-01
1.5630E-06,1.090E-01
1.5635E-06,1.050E-01
1.5640E-06,1.070E-01
1.5645E-06,1.050E-01
1.5650E-06,1.070E-01
1.5655E-06,1.070E-01
1.5660E-06,1.070E-01
1.5665E-06,1.050E-01
1.5670E-06,1.070E-01
1.5675E-06,1.070E-01
1.5680E-06,1.070E-01
1.5685E-06,1.070E-01
1.5690E-06,1.090E-01
1.5695E-06,1.070E-01
1.5700E-06,1.070E-01
1.5705E-06,1.050E-01
1.5710E-06,1.070E-01
1.5715E-06,1.070E-01
1.5720E-06,1.070E-01
1.5725E-06,1.070E-01
1.5730E-06,1.070E-01
1.5735E-06,1.090E-01
1.5740E-06,1.070E-01
1.5745E-06,1.030E-01
1.5750E-06,1.070E-01
1.5755E-06,1.090E-01
1.5760E-06,1.070E-01
1.5765E-06,1.050E-01
1.5770E-06,1.050E-01
1.5775E-06,1.030E-01
1.5780E-06,1.070E-01
1.5785E-06,1.070E-01
1.5790E-06,1.070E-01
1.5795E-06,1.050E-01
1.5800E-06,1.050E-01
1.5805E-06,1.090E-01
1.5810E-06,1.070E-01
1.5815E-06,1.050E-01
1.5820E-06,1.070E-01
1.5825E-06,1.070E-01
1.5830E-06,1.070E-01
1.5835E-06,1.070E-01
1.5840E-06,1.070E-01
1.5845E-06,1.070E-01
1.5850E-06,1.070E-01
1.5855E-06,1.050E-01
1.5860E-06,1.110E-01
1.5865E-06,1.070E-01
1.5870E-06,1.070E-01
1.5875E-06,1.050E-01
1.5880E-06,1.030E-01
1.5885E-06,1.070E-01
1.5890E-06,1.070E-01
1.5895E-06,1.050E-01
1.5900E-06,1.050E-01
1.5905E-06,1.090E-01
1.5910E-06,1.050E-01
1.5915E-06,1.030E-01
1.5920E-06,1.050E-01
1.5925E-06,1.050E-01
1.5930E-06,1.050E-01
1.5935E-06,1.070E-01
1.5940E-06,1.070E-01
1.5945E-06,1.070E-01
1.5950E-06,1.050E-01
1.5955E-06,1.090E-01
1.5960E-06,1.090E-01
1.5965E-06,1.050E-01
1.5970E-06,1.070E-01
1.5975E-06,1.030E-01
1.5980E-06,1.070E-01
1.5985E-06,1.070E-01
1.5990E-06,1.070E-01
1.5995E-06,1.070E-01
1.6000E-06,1.050E-01
1.6005E-06,1.070E-01
1.6010E-06,1.090E-01
1.6015E-06,1.050E-01
1.6020E-06,1.050E-01
1.6025E-06,1.090E-01
1.6030E-06,1.070E-01
1.6035E-06,1.050E-01
1.6040E-06,1.070E-01
1.6045E-06,1.070E-01
1.6050E-06,1.070E-01
1.6055E-06,1.030E-01
1.6060E-06,1.050E-01
1.6065E-06,1.070E-01
1.6070E-06,1.070E-01
1.6075E-06,1.070E-01
1.6080E-06,1.050E-01
1.6085E-06,1.070E-01
1.6090E-06,1.070E-01
1.6095E-06,1.070E-01
1.6100E-06,1.050E-01
1.6105E-06,1.050E-01
1.6110E-06,1.050E-01
1.6115E-06,1.070E-01
1.6120E-06,1.050E-01
1.6125E-06,1.070E-01
1.6130E-06,1.070E-01
1.6135E-06,1.090E-01
1.6140E-06,1.050E-01
1.6145E-06,1.070E-01
1.6150E-06,1.050E-01
1.6155E-06,1.090E-01
1.6160E-06,1.070E-01
1.6165E-06,1.090E-01
1.6170E-06,1.070E-01
1.6175E-06,1.050E-01
1.6180E-06,1.050E-01
1.6185E-06,1.070E-01
1.6190E-06,1.070E-01
1.6195E-06,1.070E-01
1.6200E-06,1.070E-01
1.6205E-06,1.050E-01
1.6210E-06,1.090E-01
1.6215E-06,1.070E-01
1.6220E-06,1.070E-01
1.6225E-06,1.070E-01
1.6230E-06,1.090E-01
1.6235E-06,1.030E-01
1.6240E-06,1.070E-01
1.6245E-06,1.030E-01
1.6250E-06,1.090E-01
1.6255E-06,1.070E-01
1.6260E-06,1.070E-01
1.6265E-06,1.030E-01
1.6270E-06,1.050E-01
1.6275E-06,1.030E-01
1.6280E-06,1.090E-01
1.6285E-06,1.070E-01
1.6290E-06,1.030E-01
1.6295E-06,1.090E-01
1.6300E-06,1.050E-01
1.6305E-06,1.070E-01
1.6310E-06,1.090E-01
1.6315E-06,1.050E-01
1.6320E-06,1.090E-01
1.6325E-06,1.050E-01
1.6330E-06,1.070E-01
1.6335E-06,1.070E-01
1.6340E-06,1.050E-01
1.6345E-06,1.050E-01
1.6350E-06,1.050E-01
1.6355E-06,1.070E-01
1.6360E-06,1.070E-01
1.6365E-06,1.070E-01
1.6370E-06,1.070E-01
1.6375E-06,1.070E-01
1.6380E-06,1.070E-01
1.6385E-06,1.090E-01
1.6390E-06,1.030E-01
1.6395E-06,1.070E-01
1.6400E-06,1.050E-01
1.6405E-06,1.070E-01
1.6410E-06,1.070E-01
1.6415E-06,1.050E-01
1.6420E-06,1.070E-01
1.6425E-06,1.030E-01
1.6430E-06,1.070E-01
1.6435E-06,1.070E-01
1.6440E-06,1.070E-01
1.6445E-06,1.090E-01
1.6450E-06,1.070E-01
1.6455E-06,1.070E-01
1.6460E-06,1.070E-01
1.6465E-06,1.070E-01
1.6470E-06,1.050E-01
1.6475E-06,1.050E-01
1.6480E-06,1.050E-01
1.6485E-06,1.070E-01
1.6490E-06,1.050E-01
1.6495E-06,1.050E-01
1.6500E-06,1.070E-01
1.6505E-06,1.070E-01
1.6510E-06,1.050E-01
1.6515E-06,1.050E-01
1.6520E-06,1.070E-01
1.6525E-06,1.070E-01
1.6530E-06,1.050E-01
1.6535E-06,1.050E-01
1.6540E-06,1.050E-01
1.6545E-06,1.070E-01
1.6550E-06,1.070E-01
1.6555E-06,1.070E-01
1.6560E-06,1.050E-01
1.6565E-06,1.070E-01
1.6570E-06,1.090E-01
1.6575E-06,1.070E-01
1.6580E-06,1.090E-01
1.6585E-06,1.050E-01
1.6590E-06,1.070E-01
1.6595E-06,1.050E-01
1.6600E-06,1.050E-01
1.6605E-06,1.050E-01
1.6610E-06,1.070E-01
1.6615E-06,1.010E-01
1.6620E-06,1.090E-01
1.6625E-06,1.090E-01
1.6630E-06,1.070E-01
1.6635E-06,1.050E-01
1.6640E-06,1.070E-01
1.6645E-06,1.030E-01
1.6650E-06,1.050E-01
1.6655E-06,1.070E-01
1.6660E-06,1.070E-01
1.6665E-06,1.030E-01
1.6670E-06,1.030E-01
1.6675E-06,1.050E-01
1.6680E-06,1.070E-01
1.6685E-06,1.070E-01
1.6690E-06,1.090E-01
1.6695E-06,1.050E-01
1.6700E-06,1.050E-01
1.6705E-06,1.090E-01
1.6710E-06,1.050E-01
1.6715E-06,1.070E-01
1.6720E-06,1.030E-01
1.6725E-06,1.050E-01
1.6730E-06,1.070E-01
1.6735E-06,1.050E-01
1.6740E-06,1.050E-01
1.6745E-06,1.050E-01
1.6750E-06,1.070E-01
1.6755E-06,1.050E-01
1.6760E-06,1.050E-01
1.6765E-06,1.050E-01
1.6770E-06,1.070E-01
1.6775E-06,1.070E-01
1.6780E-06,1.030E-01
1.6785E-06,1.050E-01
1.6790E-06,1.070E-01
1.6795E-06,1.070E-01
1.6800E-06,1.050E-01
1.6805E-06,1.050E-01
1.6810E-06,1.050E-01
1.6815E-06,1.030E-01
1.6820E-06,1.090E-01
1.6825E-06,1.050E-01
1.6830E-06,1.050E-01
1.6835E-06,1.030E-01
1.6840E-06,1.090E-01
1.6845E-06,1.030E-01
1.6850E-06,1.070E-01
1.6855E-06,1.090E-01
1.6860E-06,1.030E-01
1.6865E-06,1.070E-01
1.6870E-06,1.030E-01
1.6875E-06,1.050E-01
1.6880E-06,1.050E-01
1.6885E-06,1.050E-01
1.6890E-06,1.070E-01
1.6895E-06,1.050E-01
1.6900E-06,1.070E-01
1.6905E-06,1.050E-01
1.6910E-06,1.050E-01
1.6915E-06,1.070E-01
1.6920E-06,1.030E-01
1.6925E-06,1.030E-01
1.6930E-06,1.050E-01
1.6935E-06,1.030E-01
1.6940E-06,1.050E-01
1.6945E-06,1.070E-01
1.6950E-06,1.050E-01
1.6955E-06,1.070E-01
1.6960E-06,1.070E-01
1.6965E-06,1.030E-01
1.6970E-06,1.070E-01
1.6975E-06,1.030E-01
1.6980E-06,1.050E-01
1.6985E-06,1.070E-01
1.6990E-06,1.050E-01
1.6995E-06,1.050E-01
1.7000E-06,1.070E-01
1.7005E-06,1.070E-01
1.7010E-06,1.030E-01
1.7015E-06,1.090E-01
1.7020E-06,1.030E-01
1.7025E-06,1.050E-01
1.7030E-06,1.050E-01
1.7035E-06,1.050E-01
1.7040E-06,1.070E-01
1.7045E-06,1.070E-01
1.7050E-06,1.030E-01
1.7055E-06,1.050E-01
1.7060E-06,1.070E-01
1.7065E-06,1.050E-01
1.7070E-06,1.050E-01
1.7075E-06,1.050E-01
1.7080E-06,1.070E-01
1.7085E-06,1.070E-01
1.7090E-06,1.050E-01
1.7095E-06,1.070E-01
1.7100E-06,1.070E-01
1.7105E-06,1.030E-01
1.7110E-06,1.050E-01
1.7115E-06,1.030E-01
1.7120E-06,1.070E-01
1.7125E-06,1.070E-01
1.7130E-06,1.030E-01
1.7135E-06,1.050E-01
1.7140E-06,1.070E-01
1.7145E-06,1.050E-01
1.7150E-06,1.050E-01
1.7155E-06,1.030E-01
1.7160E-06,1.090E-01
1.7165E-06,1.050E-01
1.7170E-06,1.050E-01
1.7175E-06,1.050E-01
1.7180E-06,1.050E-01
1.7185E-06,1.070E-01
1.7190E-06,1.050E-01
1.7195E-06,1.050E-01
1.7200E-06,1.070E-01
1.7205E-06,1.030E-01
1.7210E-06,1.090E-01
1.7215E-06,1.070E-01
1.7220E-06,1.050E-01
1.7225E-06,1.030E-01
1.7230E-06,1.070E-01
1.7235E-06,1.050E-01
1.7240E-06,1.070E-01
1.7245E-06,1.030E-01
1.7250E-06,1.090E-01
1.7255E-06,1.050E-01
1.7260E-06,1.070E-01
1.7265E-06,1.070E-01
1.7270E-06,1.030E-01
1.7275E-06,1.050E-01
1.7280E-06,1.090E-01
1.7285E-06,1.030E-01
1.7290E-06,1.070E-01
1.7295E-06,1.070E-01
1.7300E-06,1.070E-01
1.7305E-06,1.070E-01
1.7310E-06,1.070E-01
1.7315E-06,1.030E-01
1.7320E-06,1.050E-01
1.7325E-06,1.050E-01
1.7330E-06,1.090E-01
1.7335E-06,1.050E-01
1.7340E-06,1.070E-01
1.7345E-06,1.050E-01
1.7350E-06,1.070E-01
1.7355E-06,1.050E-01
1.7360E-06,1.070E-01
1.7365E-06,1.030E-01
1.7370E-06,1.070E-01
1.7375E-06,1.050E-01
1.7380E-06,1.070E-01
1.7385E-06,1.050E-01
1.7390E-06,1.050E-01
1.7395E-06,1.050E-01
1.7400E-06,1.070E-01
1.7405E-06,1.050E-01
1.7410E-06,1.090E-01
1.7415E-06,1.050E-01
1.7420E-06,1.010E-01
1.7425E-06,1.070E-01
1.7430E-06,1.030E-01
1.7435E-06,1.050E-01
1.7440E-06,1.070E-01
1.7445E-06,1.070E-01
1.7450E-06,1.070E-01
1.7455E-06,1.030E-01
1.7460E-06,1.070E-01
1.7465E-06,1.070E-01
1.7470E-06,1.050E-01
1.7475E-06,1.050E-01
1.7480E-06,1.070E-01
1.7485E-06,1.030E-01
1.7490E-06,1.030E-01
1.7495E-06,1.050E-01
1.7500E-06,1.050E-01
1.7505E-06,1.050E-01
1.7510E-06,1.050E-01
1.7515E-06,1.070E-01
1.7520E-06,1.070E-01
1.7525E-06,1.070E-01
1.7530E-06,1.090E-01
1.7535E-06,1.010E-01
1.7540E-06,1.070E-01
1.7545E-06,1.050E-01
1.7550E-06,1.070E-01
1.7555E-06,1.050E-01
1.7560E-06,1.070E-01
1.7565E-06,1.050E-01
1.7570E-06,1.050E-01
1.7575E-06,1.070E-01
1.7580E-06,1.050E-01
1.7585E-06,1.050E-01
1.7590E-06,1.070E-01
1.7595E-06,1.050E-01
1.7600E-06,1.050E-01
1.7605E-06,1.050E-01
1.7610E-06,1.050E-01
1.7615E-06,1.050E-01
1.7620E-06,1.070E-01
1.7625E-06,1.070E-01
1.7630E-06,1.050E-01
1.7635E-06,1.050E-01
1.7640E-06,1.070E-01
1.7645E-06,1.070E-01
1.7650E-06,1.070E-01
1.7655E-06,1.110E-01
1.7660E-06,1.090E-01
1.7665E-06,1.050E-01
1.7670E-06,1.070E-01
1.7675E-06,1.070E-01
1.7680E-06,1.050E-01
1.7685E-06,1.030E-01
1.7690E-06,1.090E-01
1.7695E-06,1.030E-01
1.7700E-06,1.070E-01
1.7705E-06,1.090E-01
1.7710E-06,1.030E-01
1.7715E-06,1.090E-01
1.7720E-06,1.090E-01
1.7725E-06,1.030E-01
1.7730E-06,1.050E-01
1.7735E-06,1.050E-01
1.7740E-06,1.070E-01
1.7745E-06,1.050E-01
1.7750E-06,1.050E-01
1.7755E-06,1.070E-01
1.7760E-06,1.070E-01
1.7765E-06,1.050E-01
1.7770E-06,1.050E-01
1.7775E-06,1.070E-01
1.7780E-06,1.030E-01
1.7785E-06,1.050E-01
1.7790E-06,1.070E-01
1.7795E-06,1.030E-01
1.7800E-06,1.050E-01
1.7805E-06,1.030E-01
1.7810E-06,1.050E-01
1.7815E-06,1.070E-01
1.7820E-06,1.070E-01
1.7825E-06,1.050E-01
1.7830E-06,1.090E-01
1.7835E-06,1.070E-01
1.7840E-06,1.070E-01
1.7845E-06,1.050E-01
1.7850E-06,1.050E-01
1.7855E-06,1.070E-01
1.7860E-06,1.050E-01
1.7865E-06,1.030E-01
1.7870E-06,1.030E-01
1.7875E-06,1.030E-01
1.7880E-06,1.050E-01
1.7885E-06,1.030E-01
1.7890E-06,1.090E-01
1.7895E-06,1.050E-01
1.7900E-06,1.050E-01
1.7905E-06,1.050E-01
1.7910E-06,1.090E-01
1.7915E-06,1.050E-01
1.7920E-06,1.090E-01
1.7925E-06,1.050E-01
1.7930E-06,1.050E-01
1.7935E-06,1.050E-01
1.7940E-06,1.070E-01
1.7945E-06,1.050E-01
1.7950E-06,1.050E-01
1.7955E-06,1.070E-01
1.7960E-06,1.030E-01
1.7965E-06,1.050E-01
1.7970E-06,1.070E-01
1.7975E-06,1.050E-01
1.7980E-06,1.050E-01
1.7985E-06,1.030E-01
1.7990E-06,1.070E-01
1.7995E-06,1.050E-01
1.8000E-06,1.050E-01
1.8005E-06,1.070E-01
1.8010E-06,1.050E-01
1.8015E-06,1.070E-01
1.8020E-06,1.050E-01
1.8025E-06,1.070E-01
1.8030E-06,1.030E-01
1.8035E-06,1.070E-01
1.8040E-06,1.070E-01
1.8045E-06,1.050E-01
1.8050E-06,1.070E-01
1.8055E-06,1.070E-01
1.8060E-06,1.090E-01
1.8065E-06,1.010E-01
1.8070E-06,1.050E-01
1.8075E-06,1.050E-01
1.8080E-06,1.090E-01
1.8085E-06,1.050E-01
1.8090E-06,1.030E-01
1.8095E-06,1.070E-01
1.8100E-06,1.050E-01
1.8105E-06,1.070E-01
1.8110E-06,1.010E-01
1.8115E-06,1.070E-01
1.8120E-06,1.070E-01
1.8125E-06,1.050E-01
1.8130E-06,1.070E-01
1.8135E-06,1.070E-01
1.8140E-06,1.030E-01
1.8145E-06,1.070E-01
1.8150E-06,1.050E-01
1.8155E-06,1.070E-01
1.8160E-06,1.070E-01
1.8165E-06,1.030E-01
1.8170E-06,1.070E-01
1.8175E-06,1.050E-01
1.8180E-06,1.090E-01
1.8185E-06,1.030E-01
1.8190E-06,1.050E-01
1.8195E-06,1.050E-01
1.8200E-06,1.090E-01
1.8205E-06,1.010E-01
1.8210E-06,1.070E-01
1.8215E-06,1.050E-01
1.8220E-06,1.050E-01
1.8225E-06,1.070E-01
1.8230E-06,1.050E-01
1.8235E-06,1.070E-01
1.8240E-06,1.030E-01
1.8245E-06,1.030E-01
1.8250E-06,1.050E-01
1.8255E-06,1.070E-01
1.8260E-06,1.050E-01
1.8265E-06,1.050E-01
1.8270E-06,1.090E-01
1.8275E-06,1.030E-01
1.8280E-06,1.070E-01
1.8285E-06,1.010E-01
1.8290E-06,1.050E-01
1.8295E-06,1.050E-01
1.8300E-06,1.050E-01
1.8305E-06,1.030E-01
1.8310E-06,1.030E-01
1.8315E-06,1.070E-01
1.8320E-06,1.070E-01
1.8325E-06,1.030E-01
1.8330E-06,1.030E-01
1.8335E-06,1.050E-01
1.8340E-06,1.070E-01
1.8345E-06,1.030E-01
1.8350E-06,1.110E-01
1.8355E-06,1.070E-01
1.8360E-06,1.070E-01
1.8365E-06,1.030E-01
1.8370E-06,1.030E-01
1.8375E-06,1.050E-01
1.8380E-06,1.070E-01
1.8385E-06,1.050E-01
1.8390E-06,1.010E-01
1.8395E-06,1.050E-01
1.8400E-06,1.050E-01
1.8405E-06,1.050E-01
1.8410E-06,1.050E-01
1.8415E-06,1.050E-01
1.8420E-06,1.070E-01
1.8425E-06,1.050E-01
1.8430E-06,1.070E-01
1.8435E-06,1.050E-01
1.8440E-06,1.050E-01
1.8445E-06,1.050E-01
1.8450E-06,1.030E-01
1.8455E-06,1.050E-01
1.8460E-06,1.050E-01
1.8465E-06,1.070E-01
1.8470E-06,1.030E-01
1.8475E-06,1.030E-01
1.8480E-06,1.070E-01
1.8485E-06,1.070E-01
1.8490E-06,1.070E-01
1.8495E-06,1.010E-01
1.8500E-06,1.070E-01
1.8505E-06,1.050E-01
1.8510E-06,1.070E-01
1.8515E-06,1.050E-01
1.8520E-06,1.050E-01
1.8525E-06,1.050E-01
1.8530E-06,1.050E-01
1.8535E-06,1.050E-01
1.8540E-06,1.070E-01
1.8545E-06,1.050E-01
1.8550E-06,1.070E-01
1.8555E-06,1.050E-01
1.8560E-06,1.070E-01
1.8565E-06,1.050E-01
1.8570E-06,1.070E-01
1.8575E-06,1.050E-01
1.8580E-06,1.070E-01
1.8585E-06,1.050E-01
1.8590E-06,1.070E-01
1.8595E-06,1.030E-01
1.8600E-06,1.050E-01
1.8605E-06,1.050E-01
1.8610E-06,1.030E-01
1.8615E-06,1.030E-01
1.8620E-06,1.070E-01
1.8625E-06,1.070E-01
1.8630E-06,1.050E-01
1.8635E-06,1.030E-01
1.8640E-06,1.050E-01
1.8645E-06,1.050E-01
1.8650E-06,1.090E-01
1.8655E-06,1.050E-01
1.8660E-06,1.070E-01
1.8665E-06,1.010E-01
1.8670E-06,1.070E-01
1.8675E-06,1.070E-01
1.8680E-06,1.050E-01
1.8685E-06,1.030E-01
1.8690E-06,1.090E-01
1.8695E-06,1.070E-01
1.8700E-06,1.070E-01
1.8705E-06,1.050E-01
1.8710E-06,1.030E-01
1.8715E-06,1.070E-01
1.8720E-06,1.090E-01
1.8725E-06,1.090E-01
1.8730E-06,1.070E-01
1.8735E-06,1.030E-01
1.8740E-06,1.050E-01
1.8745E-06,1.030E-01
1.8750E-06,1.050E-01
1.8755E-06,1.050E-01
1.8760E-06,1.050E-01
1.8765E-06,1.070E-01
1.8770E-06,1.030E-01
1.8775E-06,1.070E-01
1.8780E-06,1.050E-01
1.8785E-06,1.070E-01
1.8790E-06,1.050E-01
1.8795E-06,1.050E-01
1.8800E-06,1.070E-01
1.8805E-06,1.050E-01
1.8810E-06,1.070E-01
1.8815E-06,1.050E-01
1.8820E-06,1.090E-01
1.8825E-06,1.070E-01
1.8830E-06,1.030E-01
1.8835E-06,1.090E-01
1.8840E-06,1.050E-01
1.8845E-06,1.050E-01
1.8850E-06,1.070E-01
1.8855E-06,1.050E-01
1.8860E-06,1.050E-01
1.8865E-06,1.050E-01
1.8870E-06,1.050E-01
1.8875E-06,1.050E-01
1.8880E-06,1.050E-01
1.8885E-06,1.030E-01
1.8890E-06,1.030E-01
1.8895E-06,1.030E-01
1.8900E-06,1.050E-01
1.8905E-06,1.030E-01
1.8910E-06,1.070E-01
1.8915E-06,1.070E-01
1.8920E-06,1.070E-01
1.8925E-06,1.050E-01
1.8930E-06,1.030E-01
1.8935E-06,1.030E-01
1.8940E-06,1.090E-01
1.8945E-06,1.050E-01
1.8950E-06,1.070E-01
1.8955E-06,1.050E-01
1.8960E-06,1.030E-01
1.8965E-06,1.030E-01
1.8970E-06,1.070E-01
1.8975E-06,1.030E-01
1.8980E-06,1.070E-01
1.8985E-06,1.030E-01
1.8990E-06,1.030E-01
1.8995E-06,1.030E-01
1.9000E-06,1.050E-01
1.9005E-06,1.050E-01
1.9010E-06,1.050E-01
1.9015E-06,1.070E-01
1.9020E-06,1.030E-01
1.9025E-06,1.050E-01
1.9030E-06,1.050E-01
1.9035E-06,1.070E-01
1.9040E-06,1.070E-01
1.9045E-06,1.010E-01
1.9050E-06,1.050E-01
1.9055E-06,1.030E-01
1.9060E-06,1.070E-01
1.9065E-06,1.050E-01
1.9070E-06,1.050E-01
1.9075E-06,1.070E-01
1.9080E-06,1.050E-01
1.9085E-06,1.030E-01
1.9090E-06,1.090E-01
1.9095E-06,1.050E-01
1.9100E-06,1.050E-01
1.9105E-06,1.050E-01
1.9110E-06,1.030E-01
1.9115E-06,1.050E-01
1.9120E-06,1.050E-01
1.9125E-06,1.050E-01
1.9130E-06,1.050E-01
1.9135E-06,1.050E-01
1.9140E-06,1.070E-01
1.9145E-06,1.050E-01
1.9150E-06,1.070E-01
1.9155E-06,1.050E-01
1.9160E-06,1.070E-01
1.9165E-06,1.030E-01
1.9170E-06,1.070E-01
1.9175E-06,1.030E-01
1.9180E-06,1.030E-01
1.9185E-06,1.090E-01
1.9190E-06,1.010E-01
1.9195E-06,1.070E-01
1.9200E-06,1.030E-01
1.9205E-06,1.050E-01
1.9210E-06,1.070E-01
1.9215E-06,1.050E-01
1.9220E-06,1.050E-01
1.9225E-06,1.030E-01
1.9230E-06,1.070E-01
1.9235E-06,1.050E-01
1.9240E-06,1.050E-01
1.9245E-06,1.050E-01
1.9250E-06,1.030E-01
1.9255E-06,1.050E-01
1.9260E-06,1.050E-01
1.9265E-06,1.050E-01
1.9270E-06,1.030E-01
1.9275E-06,1.030E-01
1.9280E-06,1.050E-01
1.9285E-06,1.010E-01
1.9290E-06,1.090E-01
1.9295E-06,1.050E-01
1.9300E-06,1.050E-01
1.9305E-06,1.030E-01
1.9310E-06,1.070E-01
1.9315E-06,1.050E-01
1.9320E-06,1.050E-01
1.9325E-06,1.030E-01
1.9330E-06,1.090E-01
1.9335E-06,1.010E-01
1.9340E-06,1.050E-01
1.9345E-06,1.050E-01
1.9350E-06,1.030E-01
1.9355E-06,1.050E-01
1.9360E-06,1.050E-01
1.9365E-06,1.030E-01
1.9370E-06,1.070E-01
1.9375E-06,1.010E-01
1.9380E-06,1.030E-01
1.9385E-06,1.050E-01
1.9390E-06,1.030E-01
1.9395E-06,1.030E-01
1.9400E-06,1.090E-01
1.9405E-06,1.050E-01
1.9410E-06,1.030E-01
1.9415E-06,1.030E-01
1.9420E-06,1.030E-01
1.9425E-06,1.030E-01
1.9430E-06,1.050E-01
1.9435E-06,1.030E-01
1.9440E-06,1.050E-01
1.9445E-06,1.050E-01
1.9450E-06,1.070E-01
1.9455E-06,1.010E-01
1.9460E-06,1.070E-01
1.9465E-06,1.050E-01
1.9470E-06,1.050E-01
1.9475E-06,1.050E-01
1.9480E-06,1.070E-01
1.9485E-06,1.030E-01
1.9490E-06,1.070E-01
1.9495E-06,1.050E-01
1.9500E-06,1.050E-01
1.9505E-06,1.070E-01
1.9510E-06,1.030E-01
1.9515E-06,1.050E-01
1.9520E-06,1.050E-01
1.9525E-06,1.030E-01
1.9530E-06,1.030E-01
1.9535E-06,1.050E-01
1.9540E-06,1.070E-01
1.9545E-06,1.030E-01
1.9550E-06,1.050E-01
1.9555E-06,1.070E-01
1.9560E-06,1.050E-01
1.9565E-06,1.050E-01
1.9570E-06,1.030E-01
1.9575E-06,1.030E-01
1.9580E-06,1.070E-01
1.9585E-06,1.070E-01
1.9590E-06,1.070E-01
1.9595E-06,1.030E-01
1.9600E-06,1.030E-01
1.9605E-06,1.030E-01
1.9610E-06,1.070E-01
1.9615E-06,1.030E-01
1.9620E-06,1.090E-01
1.9625E-06,1.050E-01
1.9630E-06,1.050E-01
1.9635E-06,1.050E-01
1.9640E-06,1.070E-01
1.9645E-06,1.050E-01
1.9650E-06,1.030E-01
1.9655E-06,1.050E-01
1.9660E-06,1.050E-01
1.9665E-06,1.050E-01
1.9670E-06,1.070E-01
1.9675E-06,1.050E-01
1.9680E-06,1.070E-01
1.9685E-06,1.050E-01
1.9690E-06,1.050E-01
1.9695E-06,1.030E-01
1.9700E-06,1.030E-01
1.9705E-06,1.070E-01
1.9710E-06,1.070E-01
1.9715E-06,1.070E-01
1.9720E-06,1.030E-01
1.9725E-06,1.050E-01
1.9730E-06,1.050E-01
1.9735E-06,1.050E-01
1.9740E-06,1.030E-01
1.9745E-06,1.050E-01
1.9750E-06,1.050E-01
1.9755E-06,1.050E-01
1.9760E-06,1.030E-01
1.9765E-06,1.070E-01
1.9770E-06,1.050E-01
1.9775E-06,1.010E-01
1.9780E-06,1.070E-01
1.9785E-06,1.050E-01
1.9790E-06,1.030E-01
1.9795E-06,1.010E-01
1.9800E-06,1.050E-01
1.9805E-06,1.070E-01
1.9810E-06,1.070E-01
1.9815E-06,1.050E-01
1.9820E-06,1.070E-01
1.9825E-06,1.070E-01
1.9830E-06,1.050E-01
1.9835E-06,1.070E-01
1.9840E-06,1.070E-01
1.9845E-06,1.050E-01
1.9850E-06,1.030E-01
1.9855E-06,1.030E-01
1.9860E-06,1.050E-01
1.9865E-06,1.010E-01
1.9870E-06,1.050E-01
1.9875E-06,1.050E-01
