[s],CH1[V],CH2[V]
-1.2000E-01,-5.900E+00,2.400E-01
-1.1996E-01,-5.900E+00,2.400E-01
-1.1992E-01,-6.100E+00,8.000E-02
-1.1988E-01,-5.900E+00,8.000E-02
-1.1984E-01,-5.900E+00,8.000E-02
-1.1980E-01,-5.900E+00,8.000E-02
-1.1976E-01,-6.100E+00,2.191E-14
-1.1972E-01,-6.100E+00,2.191E-14
-1.1968E-01,-5.900E+00,8.000E-02
-1.1964E-01,-5.900E+00,2.191E-14
-1.1960E-01,-6.100E+00,2.191E-14
-1.1956E-01,-5.700E+00,8.000E-02
-1.1952E-01,-5.900E+00,2.400E-01
-1.1948E-01,-5.900E+00,2.400E-01
-1.1944E-01,-5.900E+00,2.191E-14
-1.1940E-01,-5.900E+00,8.000E-02
-1.1936E-01,-5.900E+00,2.191E-14
-1.1932E-01,-5.900E+00,8.000E-02
-1.1928E-01,-6.100E+00,2.191E-14
-1.1924E-01,-5.700E+00,8.000E-02
-1.1920E-01,-5.900E+00,8.000E-02
-1.1916E-01,-5.900E+00,8.000E-02
-1.1912E-01,-5.900E+00,8.000E-02
-1.1908E-01,-5.900E+00,8.000E-02
-1.1904E-01,-5.900E+00,8.000E-02
-1.1900E-01,-5.900E+00,8.000E-02
-1.1896E-01,-5.900E+00,8.000E-02
-1.1892E-01,-6.100E+00,8.000E-02
-1.1888E-01,-5.900E+00,8.000E-02
-1.1884E-01,-5.700E+00,8.000E-02
-1.1880E-01,-5.900E+00,8.000E-02
-1.1876E-01,-5.900E+00,2.191E-14
-1.1872E-01,-5.700E+00,1.600E-01
-1.1868E-01,-5.900E+00,8.000E-02
-1.1864E-01,-5.900E+00,2.191E-14
-1.1860E-01,-5.900E+00,1.600E-01
-1.1856E-01,-5.900E+00,8.000E-02
-1.1852E-01,-6.100E+00,1.600E-01
-1.1848E-01,-5.900E+00,8.000E-02
-1.1844E-01,-5.900E+00,1.600E-01
-1.1840E-01,-5.900E+00,2.191E-14
-1.1836E-01,-5.900E+00,8.000E-02
-1.1832E-01,-6.100E+00,8.000E-02
-1.1828E-01,-6.100E+00,1.600E-01
-1.1824E-01,-5.900E+00,-8.000E-02
-1.1820E-01,-5.900E+00,8.000E-02
-1.1816E-01,-5.900E+00,2.191E-14
-1.1812E-01,-5.900E+00,8.000E-02
-1.1808E-01,-5.700E+00,2.191E-14
-1.1804E-01,-5.900E+00,8.000E-02
-1.1800E-01,-5.900E+00,2.191E-14
-1.1796E-01,-5.700E+00,2.191E-14
-1.1792E-01,-5.900E+00,8.000E-02
-1.1788E-01,-5.900E+00,2.400E-01
-1.1784E-01,-6.100E+00,8.000E-02
-1.1780E-01,-5.900E+00,8.000E-02
-1.1776E-01,-6.100E+00,8.000E-02
-1.1772E-01,-5.900E+00,8.000E-02
-1.1768E-01,-5.900E+00,2.191E-14
-1.1764E-01,-5.900E+00,8.000E-02
-1.1760E-01,-5.900E+00,8.000E-02
-1.1756E-01,-5.900E+00,-8.000E-02
-1.1752E-01,-6.100E+00,8.000E-02
-1.1748E-01,-5.900E+00,2.191E-14
-1.1744E-01,-6.100E+00,8.000E-02
-1.1740E-01,-5.900E+00,8.000E-02
-1.1736E-01,-5.900E+00,8.000E-02
-1.1732E-01,-5.900E+00,8.000E-02
-1.1728E-01,-5.900E+00,8.000E-02
-1.1724E-01,-5.700E+00,1.600E-01
-1.1720E-01,-5.700E+00,2.191E-14
-1.1716E-01,-5.900E+00,8.000E-02
-1.1712E-01,-5.900E+00,2.191E-14
-1.1708E-01,-5.900E+00,8.000E-02
-1.1704E-01,-6.100E+00,1.600E-01
-1.1700E-01,-5.700E+00,2.191E-14
-1.1696E-01,-5.900E+00,1.600E-01
-1.1692E-01,-5.900E+00,8.000E-02
-1.1688E-01,-5.900E+00,1.600E-01
-1.1684E-01,-5.900E+00,1.600E-01
-1.1680E-01,-5.900E+00,2.191E-14
-1.1676E-01,-5.900E+00,8.000E-02
-1.1672E-01,-6.100E+00,8.000E-02
-1.1668E-01,-6.100E+00,1.600E-01
-1.1664E-01,-6.100E+00,8.000E-02
-1.1660E-01,-5.900E+00,8.000E-02
-1.1656E-01,-5.900E+00,2.191E-14
-1.1652E-01,-5.900E+00,8.000E-02
-1.1648E-01,-6.100E+00,8.000E-02
-1.1644E-01,-5.900E+00,8.000E-02
-1.1640E-01,-6.100E+00,8.000E-02
-1.1636E-01,-5.900E+00,8.000E-02
-1.1632E-01,-6.100E+00,8.000E-02
-1.1628E-01,-5.900E+00,1.600E-01
-1.1624E-01,-5.700E+00,8.000E-02
-1.1620E-01,-5.700E+00,8.000E-02
-1.1616E-01,-5.700E+00,8.000E-02
-1.1612E-01,-5.900E+00,8.000E-02
-1.1608E-01,-5.900E+00,8.000E-02
-1.1604E-01,-6.100E+00,8.000E-02
-1.1600E-01,-5.900E+00,8.000E-02
-1.1596E-01,-5.900E+00,1.600E-01
-1.1592E-01,-6.100E+00,8.000E-02
-1.1588E-01,-5.700E+00,8.000E-02
-1.1584E-01,-6.100E+00,8.000E-02
-1.1580E-01,-5.700E+00,1.600E-01
-1.1576E-01,-5.900E+00,8.000E-02
-1.1572E-01,-5.900E+00,-8.000E-02
-1.1568E-01,-5.900E+00,2.191E-14
-1.1564E-01,-5.900E+00,2.191E-14
-1.1560E-01,-5.900E+00,1.600E-01
-1.1556E-01,-6.100E+00,8.000E-02
-1.1552E-01,-5.900E+00,1.600E-01
-1.1548E-01,-5.700E+00,2.191E-14
-1.1544E-01,-5.700E+00,2.191E-14
-1.1540E-01,-5.700E+00,2.191E-14
-1.1536E-01,-5.900E+00,1.600E-01
-1.1532E-01,-6.100E+00,8.000E-02
-1.1528E-01,-5.900E+00,2.191E-14
-1.1524E-01,-6.100E+00,2.191E-14
-1.1520E-01,-6.100E+00,2.191E-14
-1.1516E-01,-5.900E+00,8.000E-02
-1.1512E-01,-5.900E+00,8.000E-02
-1.1508E-01,-5.900E+00,1.600E-01
-1.1504E-01,-5.900E+00,8.000E-02
-1.1500E-01,-5.900E+00,8.000E-02
-1.1496E-01,-5.900E+00,8.000E-02
-1.1492E-01,-5.900E+00,2.191E-14
-1.1488E-01,-6.100E+00,1.600E-01
-1.1484E-01,-5.900E+00,8.000E-02
-1.1480E-01,-5.900E+00,2.191E-14
-1.1476E-01,-5.700E+00,1.600E-01
-1.1472E-01,-5.900E+00,1.600E-01
-1.1468E-01,-5.700E+00,2.191E-14
-1.1464E-01,-5.900E+00,8.000E-02
-1.1460E-01,-5.900E+00,2.191E-14
-1.1456E-01,-6.100E+00,8.000E-02
-1.1452E-01,-5.900E+00,8.000E-02
-1.1448E-01,-6.100E+00,2.191E-14
-1.1444E-01,-5.900E+00,2.191E-14
-1.1440E-01,-6.100E+00,8.000E-02
-1.1436E-01,-5.700E+00,1.600E-01
-1.1432E-01,-5.900E+00,8.000E-02
-1.1428E-01,-5.700E+00,2.191E-14
-1.1424E-01,-5.900E+00,8.000E-02
-1.1420E-01,-5.700E+00,8.000E-02
-1.1416E-01,-5.900E+00,2.191E-14
-1.1412E-01,-5.900E+00,2.191E-14
-1.1408E-01,-6.100E+00,2.191E-14
-1.1404E-01,-5.900E+00,8.000E-02
-1.1400E-01,-5.900E+00,8.000E-02
-1.1396E-01,-5.900E+00,2.191E-14
-1.1392E-01,-5.900E+00,2.191E-14
-1.1388E-01,-5.900E+00,8.000E-02
-1.1384E-01,-5.900E+00,2.191E-14
-1.1380E-01,-6.100E+00,2.191E-14
-1.1376E-01,-6.100E+00,8.000E-02
-1.1372E-01,-5.900E+00,2.191E-14
-1.1368E-01,-5.900E+00,1.600E-01
-1.1364E-01,-5.900E+00,1.600E-01
-1.1360E-01,-5.900E+00,2.191E-14
-1.1356E-01,-5.700E+00,2.191E-14
-1.1352E-01,-5.700E+00,2.191E-14
-1.1348E-01,-5.900E+00,8.000E-02
-1.1344E-01,-5.900E+00,1.600E-01
-1.1340E-01,-5.900E+00,8.000E-02
-1.1336E-01,-6.100E+00,8.000E-02
-1.1332E-01,-6.100E+00,2.191E-14
-1.1328E-01,-5.900E+00,2.191E-14
-1.1324E-01,-5.700E+00,8.000E-02
-1.1320E-01,-5.900E+00,8.000E-02
-1.1316E-01,-6.100E+00,8.000E-02
-1.1312E-01,-6.100E+00,2.191E-14
-1.1308E-01,-5.900E+00,2.191E-14
-1.1304E-01,-5.900E+00,2.191E-14
-1.1300E-01,-5.900E+00,8.000E-02
-1.1296E-01,-6.100E+00,1.600E-01
-1.1292E-01,-5.900E+00,1.600E-01
-1.1288E-01,-5.900E+00,8.000E-02
-1.1284E-01,-5.900E+00,1.600E-01
-1.1280E-01,-5.900E+00,1.600E-01
-1.1276E-01,-5.900E+00,2.191E-14
-1.1272E-01,-5.900E+00,8.000E-02
-1.1268E-01,-5.900E+00,8.000E-02
-1.1264E-01,-6.100E+00,8.000E-02
-1.1260E-01,-6.100E+00,1.600E-01
-1.1256E-01,-5.900E+00,1.600E-01
-1.1252E-01,-5.900E+00,1.600E-01
-1.1248E-01,-5.900E+00,2.191E-14
-1.1244E-01,-5.900E+00,8.000E-02
-1.1240E-01,-5.700E+00,8.000E-02
-1.1236E-01,-5.900E+00,8.000E-02
-1.1232E-01,-5.900E+00,1.600E-01
-1.1228E-01,-5.900E+00,8.000E-02
-1.1224E-01,-5.900E+00,8.000E-02
-1.1220E-01,-5.700E+00,8.000E-02
-1.1216E-01,-5.700E+00,8.000E-02
-1.1212E-01,-5.900E+00,2.191E-14
-1.1208E-01,-5.900E+00,8.000E-02
-1.1204E-01,-5.700E+00,8.000E-02
-1.1200E-01,-5.900E+00,8.000E-02
-1.1196E-01,-5.900E+00,8.000E-02
-1.1192E-01,-5.900E+00,8.000E-02
-1.1188E-01,-6.100E+00,8.000E-02
-1.1184E-01,-6.100E+00,1.600E-01
-1.1180E-01,-5.900E+00,8.000E-02
-1.1176E-01,-5.900E+00,-8.000E-02
-1.1172E-01,-5.900E+00,1.600E-01
-1.1168E-01,-5.900E+00,8.000E-02
-1.1164E-01,-5.900E+00,8.000E-02
-1.1160E-01,-5.900E+00,2.191E-14
-1.1156E-01,-5.900E+00,8.000E-02
-1.1152E-01,-5.900E+00,1.600E-01
-1.1148E-01,-5.900E+00,8.000E-02
-1.1144E-01,-5.700E+00,8.000E-02
-1.1140E-01,-5.700E+00,8.000E-02
-1.1136E-01,-5.900E+00,8.000E-02
-1.1132E-01,-5.900E+00,8.000E-02
-1.1128E-01,-5.900E+00,8.000E-02
-1.1124E-01,-5.900E+00,2.191E-14
-1.1120E-01,-5.900E+00,2.191E-14
-1.1116E-01,-5.900E+00,8.000E-02
-1.1112E-01,-6.100E+00,2.191E-14
-1.1108E-01,-5.900E+00,2.191E-14
-1.1104E-01,-5.900E+00,8.000E-02
-1.1100E-01,-5.700E+00,2.191E-14
-1.1096E-01,-5.900E+00,8.000E-02
-1.1092E-01,-5.900E+00,1.600E-01
-1.1088E-01,-5.900E+00,8.000E-02
-1.1084E-01,-6.100E+00,1.600E-01
-1.1080E-01,-6.100E+00,2.191E-14
-1.1076E-01,-6.100E+00,2.191E-14
-1.1072E-01,-6.100E+00,1.600E-01
-1.1068E-01,-5.900E+00,1.600E-01
-1.1064E-01,-5.900E+00,2.191E-14
-1.1060E-01,-5.700E+00,2.191E-14
-1.1056E-01,-5.900E+00,8.000E-02
-1.1052E-01,-5.900E+00,1.600E-01
-1.1048E-01,-6.100E+00,8.000E-02
-1.1044E-01,-5.900E+00,1.600E-01
-1.1040E-01,-5.900E+00,1.600E-01
-1.1036E-01,-6.100E+00,2.191E-14
-1.1032E-01,-5.900E+00,8.000E-02
-1.1028E-01,-5.700E+00,1.600E-01
-1.1024E-01,-6.100E+00,8.000E-02
-1.1020E-01,-5.900E+00,8.000E-02
-1.1016E-01,-5.900E+00,1.600E-01
-1.1012E-01,-5.900E+00,8.000E-02
-1.1008E-01,-5.900E+00,8.000E-02
-1.1004E-01,-5.900E+00,8.000E-02
-1.1000E-01,-6.100E+00,8.000E-02
-1.0995E-01,-5.900E+00,8.000E-02
-1.0991E-01,-5.900E+00,1.600E-01
-1.0987E-01,-5.900E+00,8.000E-02
-1.0983E-01,-5.900E+00,8.000E-02
-1.0979E-01,-6.100E+00,2.191E-14
-1.0975E-01,-5.900E+00,1.600E-01
-1.0971E-01,-5.900E+00,1.600E-01
-1.0967E-01,-5.900E+00,8.000E-02
-1.0963E-01,-5.900E+00,1.600E-01
-1.0959E-01,-5.900E+00,8.000E-02
-1.0955E-01,-5.700E+00,1.600E-01
-1.0951E-01,-5.900E+00,2.191E-14
-1.0947E-01,-5.900E+00,8.000E-02
-1.0943E-01,-5.900E+00,1.600E-01
-1.0939E-01,-5.900E+00,2.191E-14
-1.0935E-01,-5.900E+00,8.000E-02
-1.0931E-01,-6.100E+00,2.191E-14
-1.0927E-01,-5.900E+00,2.191E-14
-1.0923E-01,-6.100E+00,-8.000E-02
-1.0919E-01,-5.700E+00,1.600E-01
-1.0915E-01,-5.900E+00,8.000E-02
-1.0911E-01,-5.900E+00,2.191E-14
-1.0907E-01,-5.900E+00,1.600E-01
-1.0903E-01,-5.900E+00,2.191E-14
-1.0899E-01,-5.900E+00,2.400E-01
-1.0895E-01,-5.900E+00,1.600E-01
-1.0891E-01,-5.900E+00,8.000E-02
-1.0887E-01,-6.100E+00,8.000E-02
-1.0883E-01,-6.100E+00,8.000E-02
-1.0879E-01,-5.700E+00,1.600E-01
-1.0875E-01,-5.700E+00,8.000E-02
-1.0871E-01,-5.900E+00,8.000E-02
-1.0867E-01,-5.900E+00,8.000E-02
-1.0863E-01,-5.900E+00,8.000E-02
-1.0859E-01,-5.900E+00,1.600E-01
-1.0855E-01,-5.900E+00,8.000E-02
-1.0851E-01,-6.100E+00,8.000E-02
-1.0847E-01,-5.900E+00,8.000E-02
-1.0843E-01,-5.900E+00,8.000E-02
-1.0839E-01,-5.900E+00,2.191E-14
-1.0835E-01,-5.900E+00,-8.000E-02
-1.0831E-01,-5.900E+00,2.191E-14
-1.0827E-01,-5.900E+00,8.000E-02
-1.0823E-01,-5.900E+00,2.191E-14
-1.0819E-01,-6.100E+00,1.600E-01
-1.0815E-01,-5.900E+00,1.600E-01
-1.0811E-01,-5.900E+00,1.600E-01
-1.0807E-01,-5.900E+00,2.191E-14
-1.0803E-01,-5.900E+00,8.000E-02
-1.0799E-01,-5.900E+00,8.000E-02
-1.0795E-01,-5.900E+00,2.400E-01
-1.0791E-01,-5.900E+00,-8.000E-02
-1.0787E-01,-5.900E+00,8.000E-02
-1.0783E-01,-5.900E+00,8.000E-02
-1.0779E-01,-5.900E+00,1.600E-01
-1.0775E-01,-6.100E+00,8.000E-02
-1.0771E-01,-5.900E+00,1.600E-01
-1.0767E-01,-5.700E+00,8.000E-02
-1.0763E-01,-5.700E+00,8.000E-02
-1.0759E-01,-5.900E+00,2.191E-14
-1.0755E-01,-5.900E+00,8.000E-02
-1.0751E-01,-5.900E+00,1.600E-01
-1.0747E-01,-6.100E+00,1.600E-01
-1.0743E-01,-5.900E+00,1.600E-01
-1.0739E-01,-6.100E+00,8.000E-02
-1.0735E-01,-6.100E+00,2.191E-14
-1.0731E-01,-5.700E+00,8.000E-02
-1.0727E-01,-5.700E+00,2.191E-14
-1.0723E-01,-5.700E+00,8.000E-02
-1.0719E-01,-5.900E+00,8.000E-02
-1.0715E-01,-5.900E+00,8.000E-02
-1.0711E-01,-5.900E+00,2.191E-14
-1.0707E-01,-5.900E+00,8.000E-02
-1.0703E-01,-6.100E+00,8.000E-02
-1.0699E-01,-5.900E+00,8.000E-02
-1.0695E-01,-5.900E+00,8.000E-02
-1.0691E-01,-6.100E+00,8.000E-02
-1.0687E-01,-5.700E+00,8.000E-02
-1.0683E-01,-5.900E+00,8.000E-02
-1.0679E-01,-5.900E+00,1.600E-01
-1.0675E-01,-6.100E+00,8.000E-02
-1.0671E-01,-5.900E+00,-8.000E-02
-1.0667E-01,-5.900E+00,1.600E-01
-1.0663E-01,-5.900E+00,2.191E-14
-1.0659E-01,-5.700E+00,2.191E-14
-1.0655E-01,-5.900E+00,8.000E-02
-1.0651E-01,-5.900E+00,2.191E-14
-1.0647E-01,-5.900E+00,1.600E-01
-1.0643E-01,-5.900E+00,1.600E-01
-1.0639E-01,-5.900E+00,8.000E-02
-1.0635E-01,-6.100E+00,8.000E-02
-1.0631E-01,-5.900E+00,1.600E-01
-1.0627E-01,-5.900E+00,8.000E-02
-1.0623E-01,-5.900E+00,8.000E-02
-1.0619E-01,-5.700E+00,8.000E-02
-1.0615E-01,-5.900E+00,8.000E-02
-1.0611E-01,-5.900E+00,1.600E-01
-1.0607E-01,-6.100E+00,1.600E-01
-1.0603E-01,-6.100E+00,2.191E-14
-1.0599E-01,-6.100E+00,8.000E-02
-1.0595E-01,-5.900E+00,8.000E-02
-1.0591E-01,-5.900E+00,1.600E-01
-1.0587E-01,-6.100E+00,8.000E-02
-1.0583E-01,-5.900E+00,8.000E-02
-1.0579E-01,-5.700E+00,1.600E-01
-1.0575E-01,-5.900E+00,8.000E-02
-1.0571E-01,-5.700E+00,8.000E-02
-1.0567E-01,-5.900E+00,8.000E-02
-1.0563E-01,-6.100E+00,1.600E-01
-1.0559E-01,-5.900E+00,8.000E-02
-1.0555E-01,-5.900E+00,8.000E-02
-1.0551E-01,-5.900E+00,8.000E-02
-1.0547E-01,-5.900E+00,1.600E-01
-1.0543E-01,-5.900E+00,8.000E-02
-1.0539E-01,-5.700E+00,8.000E-02
-1.0535E-01,-5.900E+00,8.000E-02
-1.0531E-01,-5.900E+00,8.000E-02
-1.0527E-01,-5.900E+00,8.000E-02
-1.0523E-01,-5.900E+00,8.000E-02
-1.0519E-01,-5.900E+00,2.191E-14
-1.0515E-01,-6.100E+00,8.000E-02
-1.0511E-01,-5.900E+00,8.000E-02
-1.0507E-01,-5.700E+00,1.600E-01
-1.0503E-01,-5.700E+00,8.000E-02
-1.0499E-01,-5.900E+00,8.000E-02
-1.0495E-01,-5.900E+00,2.191E-14
-1.0491E-01,-5.900E+00,8.000E-02
-1.0487E-01,-6.100E+00,8.000E-02
-1.0483E-01,-5.900E+00,8.000E-02
-1.0479E-01,-6.100E+00,8.000E-02
-1.0475E-01,-6.100E+00,2.191E-14
-1.0471E-01,-6.100E+00,2.191E-14
-1.0467E-01,-5.700E+00,8.000E-02
-1.0463E-01,-5.900E+00,1.600E-01
-1.0459E-01,-5.900E+00,1.600E-01
-1.0455E-01,-5.900E+00,2.191E-14
-1.0451E-01,-5.900E+00,1.600E-01
-1.0447E-01,-5.900E+00,2.191E-14
-1.0443E-01,-6.100E+00,8.000E-02
-1.0439E-01,-6.100E+00,2.191E-14
-1.0435E-01,-6.100E+00,-8.000E-02
-1.0431E-01,-6.100E+00,1.600E-01
-1.0427E-01,-5.900E+00,8.000E-02
-1.0423E-01,-5.900E+00,8.000E-02
-1.0419E-01,-5.900E+00,2.191E-14
-1.0415E-01,-5.900E+00,1.600E-01
-1.0411E-01,-6.100E+00,8.000E-02
-1.0407E-01,-6.100E+00,1.600E-01
-1.0403E-01,-6.100E+00,1.600E-01
-1.0399E-01,-6.100E+00,2.191E-14
-1.0395E-01,-5.900E+00,1.600E-01
-1.0391E-01,-5.900E+00,1.600E-01
-1.0387E-01,-5.900E+00,2.191E-14
-1.0383E-01,-5.700E+00,8.000E-02
-1.0379E-01,-5.900E+00,8.000E-02
-1.0375E-01,-6.100E+00,1.600E-01
-1.0371E-01,-6.100E+00,1.600E-01
-1.0367E-01,-5.900E+00,-8.000E-02
-1.0363E-01,-6.100E+00,1.600E-01
-1.0359E-01,-5.900E+00,1.600E-01
-1.0355E-01,-5.700E+00,8.000E-02
-1.0351E-01,-6.100E+00,2.191E-14
-1.0347E-01,-5.900E+00,2.191E-14
-1.0343E-01,-5.900E+00,8.000E-02
-1.0339E-01,-5.900E+00,2.191E-14
-1.0335E-01,-5.900E+00,8.000E-02
-1.0331E-01,-6.100E+00,8.000E-02
-1.0327E-01,-6.100E+00,8.000E-02
-1.0323E-01,-5.900E+00,1.600E-01
-1.0319E-01,-5.900E+00,8.000E-02
-1.0315E-01,-5.900E+00,1.600E-01
-1.0311E-01,-5.900E+00,8.000E-02
-1.0307E-01,-5.900E+00,8.000E-02
-1.0303E-01,-5.900E+00,8.000E-02
-1.0299E-01,-5.900E+00,1.600E-01
-1.0295E-01,-5.900E+00,1.600E-01
-1.0291E-01,-5.900E+00,2.191E-14
-1.0287E-01,-5.900E+00,8.000E-02
-1.0283E-01,-5.900E+00,8.000E-02
-1.0279E-01,-5.900E+00,8.000E-02
-1.0275E-01,-5.900E+00,8.000E-02
-1.0271E-01,-6.100E+00,8.000E-02
-1.0267E-01,-5.900E+00,8.000E-02
-1.0263E-01,-5.900E+00,1.600E-01
-1.0259E-01,-5.900E+00,8.000E-02
-1.0255E-01,-5.900E+00,1.600E-01
-1.0251E-01,-6.100E+00,8.000E-02
-1.0247E-01,-5.900E+00,8.000E-02
-1.0243E-01,-5.900E+00,8.000E-02
-1.0239E-01,-5.900E+00,1.600E-01
-1.0235E-01,-5.900E+00,2.400E-01
-1.0231E-01,-5.900E+00,2.191E-14
-1.0227E-01,-5.900E+00,2.191E-14
-1.0223E-01,-6.100E+00,1.600E-01
-1.0219E-01,-6.100E+00,2.191E-14
-1.0215E-01,-5.900E+00,8.000E-02
-1.0211E-01,-6.100E+00,1.600E-01
-1.0207E-01,-5.700E+00,8.000E-02
-1.0203E-01,-5.900E+00,1.600E-01
-1.0199E-01,-5.900E+00,8.000E-02
-1.0195E-01,-5.900E+00,8.000E-02
-1.0191E-01,-6.100E+00,8.000E-02
-1.0187E-01,-6.100E+00,1.600E-01
-1.0183E-01,-6.100E+00,8.000E-02
-1.0179E-01,-6.100E+00,8.000E-02
-1.0175E-01,-5.900E+00,2.191E-14
-1.0171E-01,-5.900E+00,8.000E-02
-1.0167E-01,-5.900E+00,2.191E-14
-1.0163E-01,-5.900E+00,8.000E-02
-1.0159E-01,-5.900E+00,2.400E-01
-1.0155E-01,-6.100E+00,2.191E-14
-1.0151E-01,-5.900E+00,8.000E-02
-1.0147E-01,-5.900E+00,8.000E-02
-1.0143E-01,-6.100E+00,8.000E-02
-1.0139E-01,-5.900E+00,1.600E-01
-1.0135E-01,-5.900E+00,8.000E-02
-1.0131E-01,-5.700E+00,2.191E-14
-1.0127E-01,-5.700E+00,1.600E-01
-1.0123E-01,-5.900E+00,2.191E-14
-1.0119E-01,-6.100E+00,8.000E-02
-1.0115E-01,-6.100E+00,8.000E-02
-1.0111E-01,-5.900E+00,1.600E-01
-1.0107E-01,-6.100E+00,2.191E-14
-1.0103E-01,-6.100E+00,8.000E-02
-1.0099E-01,-6.100E+00,1.600E-01
-1.0095E-01,-5.900E+00,8.000E-02
-1.0091E-01,-5.900E+00,8.000E-02
-1.0087E-01,-5.900E+00,2.191E-14
-1.0083E-01,-5.900E+00,1.600E-01
-1.0079E-01,-5.900E+00,1.600E-01
-1.0075E-01,-5.900E+00,8.000E-02
-1.0071E-01,-6.100E+00,8.000E-02
-1.0067E-01,-5.900E+00,8.000E-02
-1.0063E-01,-6.100E+00,8.000E-02
-1.0059E-01,-5.900E+00,8.000E-02
-1.0055E-01,-5.900E+00,2.400E-01
-1.0051E-01,-5.700E+00,1.600E-01
-1.0047E-01,-5.900E+00,8.000E-02
-1.0043E-01,-5.900E+00,1.600E-01
-1.0039E-01,-5.900E+00,1.600E-01
-1.0035E-01,-6.100E+00,8.000E-02
-1.0031E-01,-5.900E+00,2.191E-14
-1.0027E-01,-6.100E+00,8.000E-02
-1.0023E-01,-5.900E+00,1.600E-01
-1.0019E-01,-5.900E+00,8.000E-02
-1.0015E-01,-5.700E+00,8.000E-02
-1.0011E-01,-5.900E+00,2.191E-14
-1.0007E-01,-5.900E+00,1.600E-01
-1.0003E-01,-5.900E+00,2.191E-14
-9.9990E-02,-5.900E+00,8.000E-02
-9.9950E-02,-5.900E+00,1.600E-01
-9.9910E-02,-5.900E+00,2.191E-14
-9.9870E-02,-5.900E+00,8.000E-02
-9.9830E-02,-5.700E+00,2.400E-01
-9.9790E-02,-5.900E+00,1.600E-01
-9.9750E-02,-6.100E+00,1.600E-01
-9.9710E-02,-5.900E+00,1.600E-01
-9.9670E-02,-5.700E+00,1.600E-01
-9.9630E-02,-5.900E+00,1.600E-01
-9.9590E-02,-6.100E+00,2.191E-14
-9.9550E-02,-5.900E+00,1.600E-01
-9.9510E-02,-6.100E+00,8.000E-02
-9.9470E-02,-5.900E+00,1.600E-01
-9.9430E-02,-5.900E+00,2.191E-14
-9.9390E-02,-5.700E+00,1.600E-01
-9.9350E-02,-5.900E+00,8.000E-02
-9.9310E-02,-5.900E+00,8.000E-02
-9.9270E-02,-5.900E+00,2.191E-14
-9.9230E-02,-5.900E+00,2.191E-14
-9.9190E-02,-5.900E+00,1.600E-01
-9.9150E-02,-6.100E+00,2.191E-14
-9.9110E-02,-5.700E+00,2.191E-14
-9.9070E-02,-5.900E+00,2.191E-14
-9.9030E-02,-5.900E+00,8.000E-02
-9.8990E-02,-5.700E+00,8.000E-02
-9.8949E-02,-5.900E+00,8.000E-02
-9.8909E-02,-5.900E+00,1.600E-01
-9.8869E-02,-6.100E+00,8.000E-02
-9.8829E-02,-6.100E+00,8.000E-02
-9.8789E-02,-5.900E+00,-8.000E-02
-9.8749E-02,-5.900E+00,8.000E-02
-9.8709E-02,-5.700E+00,1.600E-01
-9.8669E-02,-5.900E+00,8.000E-02
-9.8629E-02,-5.900E+00,8.000E-02
-9.8589E-02,-5.700E+00,2.191E-14
-9.8549E-02,-6.100E+00,8.000E-02
-9.8509E-02,-6.100E+00,2.191E-14
-9.8469E-02,-5.900E+00,1.600E-01
-9.8429E-02,-5.900E+00,8.000E-02
-9.8389E-02,-5.900E+00,2.191E-14
-9.8349E-02,-5.700E+00,8.000E-02
-9.8309E-02,-5.900E+00,2.191E-14
-9.8269E-02,-6.100E+00,8.000E-02
-9.8229E-02,-5.900E+00,8.000E-02
-9.8189E-02,-6.100E+00,8.000E-02
-9.8149E-02,-6.100E+00,8.000E-02
-9.8109E-02,-5.900E+00,2.191E-14
-9.8069E-02,-5.900E+00,8.000E-02
-9.8029E-02,-5.900E+00,1.600E-01
-9.7989E-02,-5.700E+00,8.000E-02
-9.7949E-02,-5.900E+00,1.600E-01
-9.7909E-02,-5.900E+00,8.000E-02
-9.7869E-02,-5.900E+00,8.000E-02
-9.7829E-02,-5.900E+00,8.000E-02
-9.7789E-02,-5.900E+00,8.000E-02
-9.7749E-02,-6.100E+00,3.200E-01
-9.7709E-02,-5.900E+00,8.000E-02
-9.7669E-02,-6.100E+00,1.600E-01
-9.7629E-02,-5.900E+00,1.600E-01
-9.7589E-02,-5.700E+00,1.600E-01
-9.7549E-02,-5.900E+00,8.000E-02
-9.7509E-02,-5.700E+00,2.191E-14
-9.7469E-02,-6.100E+00,1.600E-01
-9.7429E-02,-5.900E+00,8.000E-02
-9.7389E-02,-5.900E+00,8.000E-02
-9.7349E-02,-6.100E+00,8.000E-02
-9.7309E-02,-6.100E+00,2.191E-14
-9.7269E-02,-5.900E+00,1.600E-01
-9.7229E-02,-5.700E+00,8.000E-02
-9.7189E-02,-5.900E+00,8.000E-02
-9.7149E-02,-5.700E+00,8.000E-02
-9.7109E-02,-5.900E+00,2.191E-14
-9.7069E-02,-6.100E+00,1.600E-01
-9.7029E-02,-5.900E+00,2.191E-14
-9.6989E-02,-5.900E+00,2.191E-14
-9.6948E-02,-6.100E+00,1.600E-01
-9.6908E-02,-5.700E+00,1.600E-01
-9.6868E-02,-5.900E+00,8.000E-02
-9.6828E-02,-5.900E+00,8.000E-02
-9.6788E-02,-5.900E+00,8.000E-02
-9.6748E-02,-5.700E+00,8.000E-02
-9.6708E-02,-5.700E+00,8.000E-02
-9.6668E-02,-5.900E+00,8.000E-02
-9.6628E-02,-5.900E+00,8.000E-02
-9.6588E-02,-6.100E+00,2.191E-14
-9.6548E-02,-5.900E+00,8.000E-02
-9.6508E-02,-5.700E+00,8.000E-02
-9.6468E-02,-5.900E+00,2.191E-14
-9.6428E-02,-5.900E+00,8.000E-02
-9.6388E-02,-5.900E+00,2.191E-14
-9.6348E-02,-5.900E+00,8.000E-02
-9.6308E-02,-5.900E+00,2.191E-14
-9.6268E-02,-5.900E+00,2.191E-14
-9.6228E-02,-6.100E+00,-1.600E-01
-9.6188E-02,-5.900E+00,2.191E-14
-9.6148E-02,-5.900E+00,-8.000E-02
-9.6108E-02,-5.700E+00,1.600E-01
-9.6068E-02,-5.700E+00,2.191E-14
-9.6028E-02,-5.900E+00,8.000E-02
-9.5988E-02,-5.900E+00,2.191E-14
-9.5948E-02,-5.900E+00,1.600E-01
-9.5908E-02,-6.100E+00,8.000E-02
-9.5868E-02,-6.100E+00,2.191E-14
-9.5828E-02,-6.100E+00,1.600E-01
-9.5788E-02,-5.900E+00,8.000E-02
-9.5748E-02,-5.900E+00,8.000E-02
-9.5708E-02,-5.900E+00,1.600E-01
-9.5668E-02,-5.900E+00,2.191E-14
-9.5628E-02,-5.700E+00,2.191E-14
-9.5588E-02,-5.900E+00,8.000E-02
-9.5548E-02,-6.100E+00,8.000E-02
-9.5508E-02,-5.900E+00,8.000E-02
-9.5468E-02,-5.900E+00,8.000E-02
-9.5428E-02,-6.100E+00,8.000E-02
-9.5388E-02,-5.700E+00,8.000E-02
-9.5348E-02,-5.700E+00,2.400E-01
-9.5308E-02,-5.700E+00,1.600E-01
-9.5268E-02,-5.900E+00,8.000E-02
-9.5228E-02,-5.900E+00,8.000E-02
-9.5188E-02,-5.900E+00,2.400E-01
-9.5148E-02,-5.900E+00,2.191E-14
-9.5108E-02,-5.900E+00,8.000E-02
-9.5068E-02,-6.100E+00,8.000E-02
-9.5028E-02,-5.900E+00,1.600E-01
-9.4988E-02,-5.700E+00,8.000E-02
-9.4947E-02,-5.900E+00,2.191E-14
-9.4907E-02,-5.700E+00,8.000E-02
-9.4867E-02,-5.900E+00,1.600E-01
-9.4827E-02,-5.900E+00,8.000E-02
-9.4787E-02,-5.900E+00,8.000E-02
-9.4747E-02,-5.900E+00,2.191E-14
-9.4707E-02,-5.900E+00,8.000E-02
-9.4667E-02,-5.700E+00,8.000E-02
-9.4627E-02,-5.900E+00,8.000E-02
-9.4587E-02,-5.900E+00,8.000E-02
-9.4547E-02,-5.900E+00,2.400E-01
-9.4507E-02,-5.900E+00,1.600E-01
-9.4467E-02,-5.900E+00,8.000E-02
-9.4427E-02,-5.900E+00,1.600E-01
-9.4387E-02,-5.900E+00,2.191E-14
-9.4347E-02,-6.100E+00,8.000E-02
-9.4307E-02,-5.900E+00,1.600E-01
-9.4267E-02,-5.900E+00,8.000E-02
-9.4227E-02,-5.900E+00,2.191E-14
-9.4187E-02,-5.700E+00,2.191E-14
-9.4147E-02,-6.100E+00,8.000E-02
-9.4107E-02,-5.900E+00,1.600E-01
-9.4067E-02,-6.100E+00,8.000E-02
-9.4027E-02,-5.900E+00,8.000E-02
-9.3987E-02,-6.100E+00,-8.000E-02
-9.3947E-02,-5.900E+00,-8.000E-02
-9.3907E-02,-5.900E+00,2.400E-01
-9.3867E-02,-5.700E+00,2.400E-01
-9.3827E-02,-5.900E+00,2.191E-14
-9.3787E-02,-5.900E+00,8.000E-02
-9.3747E-02,-5.900E+00,1.600E-01
-9.3707E-02,-6.100E+00,1.600E-01
-9.3667E-02,-6.300E+00,8.000E-02
-9.3627E-02,-6.100E+00,8.000E-02
-9.3587E-02,-5.900E+00,2.191E-14
-9.3547E-02,-5.900E+00,8.000E-02
-9.3507E-02,-5.700E+00,2.191E-14
-9.3467E-02,-5.700E+00,8.000E-02
-9.3427E-02,-5.700E+00,8.000E-02
-9.3387E-02,-5.900E+00,8.000E-02
-9.3347E-02,-5.900E+00,8.000E-02
-9.3307E-02,-6.100E+00,1.600E-01
-9.3267E-02,-5.900E+00,1.600E-01
-9.3227E-02,-5.900E+00,8.000E-02
-9.3187E-02,-5.900E+00,8.000E-02
-9.3147E-02,-5.900E+00,8.000E-02
-9.3107E-02,-5.900E+00,8.000E-02
-9.3067E-02,-5.900E+00,1.600E-01
-9.3027E-02,-5.900E+00,1.600E-01
-9.2987E-02,-5.900E+00,1.600E-01
-9.2946E-02,-5.900E+00,8.000E-02
-9.2906E-02,-5.900E+00,8.000E-02
-9.2866E-02,-5.900E+00,-8.000E-02
-9.2826E-02,-5.900E+00,8.000E-02
-9.2786E-02,-5.900E+00,8.000E-02
-9.2746E-02,-5.700E+00,1.600E-01
-9.2706E-02,-6.100E+00,8.000E-02
-9.2666E-02,-5.900E+00,2.191E-14
-9.2626E-02,-5.900E+00,8.000E-02
-9.2586E-02,-5.900E+00,-8.000E-02
-9.2546E-02,-5.900E+00,8.000E-02
-9.2506E-02,-5.900E+00,2.191E-14
-9.2466E-02,-6.100E+00,1.600E-01
-9.2426E-02,-5.700E+00,8.000E-02
-9.2386E-02,-5.900E+00,8.000E-02
-9.2346E-02,-5.700E+00,8.000E-02
-9.2306E-02,-6.100E+00,-8.000E-02
-9.2266E-02,-6.100E+00,-8.000E-02
-9.2226E-02,-6.100E+00,8.000E-02
-9.2186E-02,-6.100E+00,1.600E-01
-9.2146E-02,-6.100E+00,2.191E-14
-9.2106E-02,-6.100E+00,8.000E-02
-9.2066E-02,-5.900E+00,2.191E-14
-9.2026E-02,-6.100E+00,8.000E-02
-9.1986E-02,-5.700E+00,8.000E-02
-9.1946E-02,-5.900E+00,8.000E-02
-9.1906E-02,-5.900E+00,1.600E-01
-9.1866E-02,-5.900E+00,8.000E-02
-9.1826E-02,-6.100E+00,1.600E-01
-9.1786E-02,-5.900E+00,2.191E-14
-9.1746E-02,-6.100E+00,8.000E-02
-9.1706E-02,-5.900E+00,8.000E-02
-9.1666E-02,-5.900E+00,1.600E-01
-9.1626E-02,-5.900E+00,2.191E-14
-9.1586E-02,-5.900E+00,8.000E-02
-9.1546E-02,-5.900E+00,2.400E-01
-9.1506E-02,-5.900E+00,8.000E-02
-9.1466E-02,-5.900E+00,8.000E-02
-9.1426E-02,-6.100E+00,8.000E-02
-9.1386E-02,-6.100E+00,1.600E-01
-9.1346E-02,-5.900E+00,8.000E-02
-9.1306E-02,-5.900E+00,2.191E-14
-9.1266E-02,-6.100E+00,8.000E-02
-9.1226E-02,-5.900E+00,8.000E-02
-9.1186E-02,-5.900E+00,8.000E-02
-9.1146E-02,-6.100E+00,2.191E-14
-9.1106E-02,-5.900E+00,1.600E-01
-9.1066E-02,-5.900E+00,8.000E-02
-9.1026E-02,-6.100E+00,8.000E-02
-9.0986E-02,-5.900E+00,1.600E-01
-9.0945E-02,-5.900E+00,2.191E-14
-9.0905E-02,-5.900E+00,1.600E-01
-9.0865E-02,-5.900E+00,1.600E-01
-9.0825E-02,-6.100E+00,8.000E-02
-9.0785E-02,-5.900E+00,-8.000E-02
-9.0745E-02,-5.900E+00,8.000E-02
-9.0705E-02,-6.100E+00,2.400E-01
-9.0665E-02,-5.900E+00,8.000E-02
-9.0625E-02,-5.900E+00,8.000E-02
-9.0585E-02,-5.900E+00,1.600E-01
-9.0545E-02,-5.900E+00,8.000E-02
-9.0505E-02,-5.900E+00,8.000E-02
-9.0465E-02,-5.900E+00,8.000E-02
-9.0425E-02,-5.900E+00,8.000E-02
-9.0385E-02,-5.700E+00,2.191E-14
-9.0345E-02,-5.900E+00,8.000E-02
-9.0305E-02,-5.900E+00,2.191E-14
-9.0265E-02,-5.900E+00,1.600E-01
-9.0225E-02,-6.100E+00,1.600E-01
-9.0185E-02,-5.700E+00,2.191E-14
-9.0145E-02,-5.900E+00,2.191E-14
-9.0105E-02,-5.700E+00,8.000E-02
-9.0065E-02,-5.700E+00,8.000E-02
-9.0025E-02,-5.900E+00,1.600E-01
-8.9985E-02,-6.100E+00,8.000E-02
-8.9945E-02,-6.100E+00,8.000E-02
-8.9905E-02,-5.900E+00,8.000E-02
-8.9865E-02,-5.900E+00,2.191E-14
-8.9825E-02,-5.900E+00,2.191E-14
-8.9785E-02,-5.900E+00,8.000E-02
-8.9745E-02,-5.900E+00,8.000E-02
-8.9705E-02,-5.900E+00,1.600E-01
-8.9665E-02,-5.900E+00,2.191E-14
-8.9625E-02,-5.900E+00,8.000E-02
-8.9585E-02,-5.900E+00,2.191E-14
-8.9545E-02,-6.100E+00,8.000E-02
-8.9505E-02,-5.900E+00,8.000E-02
-8.9465E-02,-5.900E+00,1.600E-01
-8.9425E-02,-5.700E+00,1.600E-01
-8.9385E-02,-5.900E+00,8.000E-02
-8.9345E-02,-5.900E+00,-8.000E-02
-8.9305E-02,-5.900E+00,2.191E-14
-8.9265E-02,-5.900E+00,1.600E-01
-8.9225E-02,-5.900E+00,8.000E-02
-8.9185E-02,-6.100E+00,8.000E-02
-8.9145E-02,-6.100E+00,2.191E-14
-8.9105E-02,-5.900E+00,8.000E-02
-8.9065E-02,-5.900E+00,8.000E-02
-8.9025E-02,-5.900E+00,8.000E-02
-8.8985E-02,-5.900E+00,8.000E-02
-8.8944E-02,-5.900E+00,1.600E-01
-8.8904E-02,-5.900E+00,2.191E-14
-8.8864E-02,-5.900E+00,2.191E-14
-8.8824E-02,-5.900E+00,8.000E-02
-8.8784E-02,-5.900E+00,8.000E-02
-8.8744E-02,-5.900E+00,1.600E-01
-8.8704E-02,-5.700E+00,2.191E-14
-8.8664E-02,-5.900E+00,8.000E-02
-8.8624E-02,-5.700E+00,1.600E-01
-8.8584E-02,-6.100E+00,1.600E-01
-8.8544E-02,-5.900E+00,8.000E-02
-8.8504E-02,-5.900E+00,8.000E-02
-8.8464E-02,-5.900E+00,1.600E-01
-8.8424E-02,-5.900E+00,8.000E-02
-8.8384E-02,-6.100E+00,2.191E-14
-8.8344E-02,-5.900E+00,2.191E-14
-8.8304E-02,-5.900E+00,1.600E-01
-8.8264E-02,-5.900E+00,8.000E-02
-8.8224E-02,-5.900E+00,8.000E-02
-8.8184E-02,-5.900E+00,8.000E-02
-8.8144E-02,-5.900E+00,8.000E-02
-8.8104E-02,-6.100E+00,8.000E-02
-8.8064E-02,-5.900E+00,8.000E-02
-8.8024E-02,-5.900E+00,8.000E-02
-8.7984E-02,-5.900E+00,8.000E-02
-8.7944E-02,-5.900E+00,2.191E-14
-8.7904E-02,-5.700E+00,-8.000E-02
-8.7864E-02,-5.700E+00,2.191E-14
-8.7824E-02,-5.900E+00,8.000E-02
-8.7784E-02,-5.900E+00,8.000E-02
-8.7744E-02,-5.900E+00,8.000E-02
-8.7704E-02,-6.100E+00,8.000E-02
-8.7664E-02,-5.900E+00,1.600E-01
-8.7624E-02,-6.100E+00,1.600E-01
-8.7584E-02,-5.900E+00,8.000E-02
-8.7544E-02,-5.900E+00,8.000E-02
-8.7504E-02,-5.900E+00,8.000E-02
-8.7464E-02,-5.900E+00,8.000E-02
-8.7424E-02,-6.100E+00,2.191E-14
-8.7384E-02,-5.900E+00,8.000E-02
-8.7344E-02,-6.100E+00,2.191E-14
-8.7304E-02,-5.900E+00,8.000E-02
-8.7264E-02,-5.900E+00,8.000E-02
-8.7224E-02,-5.900E+00,8.000E-02
-8.7184E-02,-5.900E+00,8.000E-02
-8.7144E-02,-5.900E+00,8.000E-02
-8.7104E-02,-5.900E+00,1.600E-01
-8.7064E-02,-5.900E+00,1.600E-01
-8.7024E-02,-5.900E+00,8.000E-02
-8.6984E-02,-5.900E+00,2.400E-01
-8.6943E-02,-6.100E+00,2.191E-14
-8.6903E-02,-6.100E+00,8.000E-02
-8.6863E-02,-5.900E+00,8.000E-02
-8.6823E-02,-5.900E+00,8.000E-02
-8.6783E-02,-5.700E+00,2.191E-14
-8.6743E-02,-5.900E+00,8.000E-02
-8.6703E-02,-5.900E+00,8.000E-02
-8.6663E-02,-6.100E+00,8.000E-02
-8.6623E-02,-5.900E+00,1.600E-01
-8.6583E-02,-6.100E+00,8.000E-02
-8.6543E-02,-5.900E+00,8.000E-02
-8.6503E-02,-5.900E+00,1.600E-01
-8.6463E-02,-5.900E+00,1.600E-01
-8.6423E-02,-5.900E+00,1.600E-01
-8.6383E-02,-5.900E+00,8.000E-02
-8.6343E-02,-5.900E+00,1.600E-01
-8.6303E-02,-5.900E+00,8.000E-02
-8.6263E-02,-5.900E+00,1.600E-01
-8.6223E-02,-5.900E+00,8.000E-02
-8.6183E-02,-5.900E+00,1.600E-01
-8.6143E-02,-6.100E+00,8.000E-02
-8.6103E-02,-5.700E+00,2.191E-14
-8.6063E-02,-5.900E+00,8.000E-02
-8.6023E-02,-5.700E+00,8.000E-02
-8.5983E-02,-5.900E+00,2.191E-14
-8.5943E-02,-5.900E+00,1.600E-01
-8.5903E-02,-5.900E+00,1.600E-01
-8.5863E-02,-6.100E+00,8.000E-02
-8.5823E-02,-5.900E+00,-8.000E-02
-8.5783E-02,-6.100E+00,1.600E-01
-8.5743E-02,-5.900E+00,1.600E-01
-8.5703E-02,-5.900E+00,8.000E-02
-8.5663E-02,-5.900E+00,8.000E-02
-8.5623E-02,-5.900E+00,1.600E-01
-8.5583E-02,-5.900E+00,2.191E-14
-8.5543E-02,-5.700E+00,2.191E-14
-8.5503E-02,-5.900E+00,2.191E-14
-8.5463E-02,-5.900E+00,1.600E-01
-8.5423E-02,-5.900E+00,8.000E-02
-8.5383E-02,-6.100E+00,1.600E-01
-8.5343E-02,-5.900E+00,2.191E-14
-8.5303E-02,-5.900E+00,1.600E-01
-8.5263E-02,-5.900E+00,2.191E-14
-8.5223E-02,-5.900E+00,1.600E-01
-8.5183E-02,-5.900E+00,1.600E-01
-8.5143E-02,-5.900E+00,2.191E-14
-8.5103E-02,-5.700E+00,8.000E-02
-8.5063E-02,-5.900E+00,2.191E-14
-8.5023E-02,-6.100E+00,8.000E-02
-8.4983E-02,-5.900E+00,8.000E-02
-8.4942E-02,-5.900E+00,8.000E-02
-8.4902E-02,-5.900E+00,8.000E-02
-8.4862E-02,-5.900E+00,8.000E-02
-8.4822E-02,-5.900E+00,2.191E-14
-8.4782E-02,-5.900E+00,8.000E-02
-8.4742E-02,-5.900E+00,2.191E-14
-8.4702E-02,-6.100E+00,8.000E-02
-8.4662E-02,-5.900E+00,8.000E-02
-8.4622E-02,-5.900E+00,8.000E-02
-8.4582E-02,-5.900E+00,1.600E-01
-8.4542E-02,-5.700E+00,8.000E-02
-8.4502E-02,-5.900E+00,2.191E-14
-8.4462E-02,-5.900E+00,2.400E-01
-8.4422E-02,-5.900E+00,8.000E-02
-8.4382E-02,-5.900E+00,8.000E-02
-8.4342E-02,-6.100E+00,2.191E-14
-8.4302E-02,-6.100E+00,2.191E-14
-8.4262E-02,-5.900E+00,8.000E-02
-8.4222E-02,-5.700E+00,8.000E-02
-8.4182E-02,-5.700E+00,8.000E-02
-8.4142E-02,-5.900E+00,8.000E-02
-8.4102E-02,-5.900E+00,8.000E-02
-8.4062E-02,-6.100E+00,2.191E-14
-8.4022E-02,-5.900E+00,8.000E-02
-8.3982E-02,-5.900E+00,8.000E-02
-8.3942E-02,-5.900E+00,8.000E-02
-8.3902E-02,-6.100E+00,8.000E-02
-8.3862E-02,-5.900E+00,8.000E-02
-8.3822E-02,-5.700E+00,2.191E-14
-8.3782E-02,-5.700E+00,1.600E-01
-8.3742E-02,-5.900E+00,8.000E-02
-8.3702E-02,-5.700E+00,8.000E-02
-8.3662E-02,-5.900E+00,8.000E-02
-8.3622E-02,-5.700E+00,-8.000E-02
-8.3582E-02,-5.900E+00,8.000E-02
-8.3542E-02,-5.900E+00,1.600E-01
-8.3502E-02,-5.700E+00,2.191E-14
-8.3462E-02,-5.900E+00,8.000E-02
-8.3422E-02,-5.900E+00,1.600E-01
-8.3382E-02,-5.900E+00,8.000E-02
-8.3342E-02,-5.900E+00,1.600E-01
-8.3302E-02,-6.100E+00,1.600E-01
-8.3262E-02,-6.100E+00,2.191E-14
-8.3222E-02,-5.900E+00,2.191E-14
-8.3182E-02,-5.900E+00,1.600E-01
-8.3142E-02,-5.900E+00,2.191E-14
-8.3102E-02,-5.900E+00,2.191E-14
-8.3062E-02,-5.900E+00,8.000E-02
-8.3022E-02,-5.900E+00,8.000E-02
-8.2982E-02,-5.700E+00,8.000E-02
-8.2941E-02,-5.900E+00,8.000E-02
-8.2901E-02,-6.100E+00,1.600E-01
-8.2861E-02,-6.100E+00,2.191E-14
-8.2821E-02,-5.900E+00,8.000E-02
-8.2781E-02,-6.100E+00,8.000E-02
-8.2741E-02,-5.900E+00,8.000E-02
-8.2701E-02,-5.900E+00,1.600E-01
-8.2661E-02,-5.700E+00,8.000E-02
-8.2621E-02,-6.100E+00,2.191E-14
-8.2581E-02,-5.900E+00,8.000E-02
-8.2541E-02,-6.100E+00,1.600E-01
-8.2501E-02,-5.900E+00,8.000E-02
-8.2461E-02,-6.100E+00,8.000E-02
-8.2421E-02,-5.900E+00,8.000E-02
-8.2381E-02,-5.900E+00,1.600E-01
-8.2341E-02,-5.700E+00,1.600E-01
-8.2301E-02,-5.900E+00,8.000E-02
-8.2261E-02,-5.900E+00,-8.000E-02
-8.2221E-02,-5.700E+00,8.000E-02
-8.2181E-02,-5.900E+00,8.000E-02
-8.2141E-02,-5.900E+00,-8.000E-02
-8.2101E-02,-5.900E+00,8.000E-02
-8.2061E-02,-6.100E+00,1.600E-01
-8.2021E-02,-6.100E+00,8.000E-02
-8.1981E-02,-5.900E+00,8.000E-02
-8.1941E-02,-5.700E+00,2.191E-14
-8.1901E-02,-5.900E+00,1.600E-01
-8.1861E-02,-5.900E+00,1.600E-01
-8.1821E-02,-6.100E+00,1.600E-01
-8.1781E-02,-5.700E+00,1.600E-01
-8.1741E-02,-6.100E+00,8.000E-02
-8.1701E-02,-6.100E+00,8.000E-02
-8.1661E-02,-5.900E+00,2.191E-14
-8.1621E-02,-5.900E+00,2.400E-01
-8.1581E-02,-5.900E+00,1.600E-01
-8.1541E-02,-5.700E+00,-8.000E-02
-8.1501E-02,-5.900E+00,8.000E-02
-8.1461E-02,-5.900E+00,8.000E-02
-8.1421E-02,-6.100E+00,8.000E-02
-8.1381E-02,-5.900E+00,2.191E-14
-8.1341E-02,-5.900E+00,1.600E-01
-8.1301E-02,-6.100E+00,1.600E-01
-8.1261E-02,-5.900E+00,-1.600E-01
-8.1221E-02,-5.900E+00,2.191E-14
-8.1181E-02,-5.900E+00,8.000E-02
-8.1141E-02,-5.700E+00,2.191E-14
-8.1101E-02,-5.900E+00,8.000E-02
-8.1061E-02,-5.900E+00,1.600E-01
-8.1021E-02,-6.100E+00,2.191E-14
-8.0981E-02,-5.900E+00,2.191E-14
-8.0940E-02,-6.100E+00,2.191E-14
-8.0900E-02,-5.900E+00,8.000E-02
-8.0860E-02,-5.900E+00,8.000E-02
-8.0820E-02,-5.900E+00,1.600E-01
-8.0780E-02,-5.700E+00,8.000E-02
-8.0740E-02,-5.900E+00,1.600E-01
-8.0700E-02,-5.900E+00,2.191E-14
-8.0660E-02,-5.900E+00,8.000E-02
-8.0620E-02,-6.100E+00,2.191E-14
-8.0580E-02,-5.900E+00,8.000E-02
-8.0540E-02,-6.100E+00,8.000E-02
-8.0500E-02,-5.900E+00,8.000E-02
-8.0460E-02,-5.900E+00,1.600E-01
-8.0420E-02,-5.900E+00,2.191E-14
-8.0380E-02,-5.900E+00,8.000E-02
-8.0340E-02,-5.900E+00,1.600E-01
-8.0300E-02,-5.900E+00,8.000E-02
-8.0260E-02,-5.900E+00,2.191E-14
-8.0220E-02,-5.900E+00,8.000E-02
-8.0180E-02,-5.900E+00,8.000E-02
-8.0140E-02,-5.900E+00,1.600E-01
-8.0100E-02,-5.700E+00,2.191E-14
-8.0060E-02,-5.900E+00,-8.000E-02
-8.0020E-02,-5.900E+00,1.600E-01
-7.9980E-02,-5.900E+00,8.000E-02
-7.9940E-02,-5.900E+00,8.000E-02
-7.9900E-02,-5.900E+00,-8.000E-02
-7.9860E-02,-5.900E+00,2.400E-01
-7.9820E-02,-5.900E+00,-8.000E-02
-7.9780E-02,-5.900E+00,1.600E-01
-7.9740E-02,-5.900E+00,8.000E-02
-7.9700E-02,-5.700E+00,2.191E-14
-7.9660E-02,-5.700E+00,8.000E-02
-7.9620E-02,-5.900E+00,8.000E-02
-7.9580E-02,-6.100E+00,8.000E-02
-7.9540E-02,-5.900E+00,8.000E-02
-7.9500E-02,-6.100E+00,8.000E-02
-7.9460E-02,-6.100E+00,8.000E-02
-7.9420E-02,-5.900E+00,2.191E-14
-7.9380E-02,-5.900E+00,2.191E-14
-7.9340E-02,-5.900E+00,8.000E-02
-7.9300E-02,-5.900E+00,1.600E-01
-7.9260E-02,-5.900E+00,2.400E-01
-7.9220E-02,-5.700E+00,2.191E-14
-7.9180E-02,-5.900E+00,1.600E-01
-7.9140E-02,-5.900E+00,2.191E-14
-7.9100E-02,-6.100E+00,8.000E-02
-7.9060E-02,-6.100E+00,8.000E-02
-7.9020E-02,-5.900E+00,8.000E-02
-7.8980E-02,-6.100E+00,1.600E-01
-7.8939E-02,-6.100E+00,2.191E-14
-7.8899E-02,-5.700E+00,8.000E-02
-7.8859E-02,-5.900E+00,2.191E-14
-7.8819E-02,-5.900E+00,-8.000E-02
-7.8779E-02,-5.900E+00,8.000E-02
-7.8739E-02,-5.900E+00,1.600E-01
-7.8699E-02,-5.900E+00,8.000E-02
-7.8659E-02,-6.100E+00,8.000E-02
-7.8619E-02,-5.900E+00,2.191E-14
-7.8579E-02,-5.700E+00,2.191E-14
-7.8539E-02,-5.700E+00,8.000E-02
-7.8499E-02,-6.100E+00,8.000E-02
-7.8459E-02,-5.900E+00,8.000E-02
-7.8419E-02,-5.900E+00,8.000E-02
-7.8379E-02,-6.100E+00,1.600E-01
-7.8339E-02,-5.900E+00,8.000E-02
-7.8299E-02,-5.900E+00,8.000E-02
-7.8259E-02,-5.900E+00,2.191E-14
-7.8219E-02,-5.900E+00,1.600E-01
-7.8179E-02,-5.700E+00,2.191E-14
-7.8139E-02,-5.900E+00,2.191E-14
-7.8099E-02,-5.900E+00,2.191E-14
-7.8059E-02,-5.900E+00,-8.000E-02
-7.8019E-02,-5.900E+00,2.191E-14
-7.7979E-02,-5.900E+00,8.000E-02
-7.7939E-02,-5.900E+00,2.191E-14
-7.7899E-02,-5.900E+00,2.400E-01
-7.7859E-02,-5.900E+00,8.000E-02
-7.7819E-02,-5.700E+00,1.600E-01
-7.7779E-02,-5.900E+00,1.600E-01
-7.7739E-02,-5.900E+00,2.191E-14
-7.7699E-02,-5.900E+00,8.000E-02
-7.7659E-02,-5.900E+00,1.600E-01
-7.7619E-02,-5.900E+00,8.000E-02
-7.7579E-02,-6.100E+00,8.000E-02
-7.7539E-02,-6.100E+00,8.000E-02
-7.7499E-02,-5.900E+00,8.000E-02
-7.7459E-02,-5.700E+00,8.000E-02
-7.7419E-02,-5.700E+00,2.191E-14
-7.7379E-02,-5.900E+00,2.191E-14
-7.7339E-02,-5.900E+00,8.000E-02
-7.7299E-02,-5.900E+00,8.000E-02
-7.7259E-02,-5.900E+00,8.000E-02
-7.7219E-02,-5.900E+00,1.600E-01
-7.7179E-02,-6.100E+00,8.000E-02
-7.7139E-02,-5.900E+00,2.191E-14
-7.7099E-02,-5.900E+00,8.000E-02
-7.7059E-02,-5.900E+00,2.191E-14
-7.7019E-02,-5.900E+00,2.191E-14
-7.6979E-02,-5.900E+00,8.000E-02
-7.6938E-02,-5.900E+00,1.600E-01
-7.6898E-02,-6.100E+00,8.000E-02
-7.6858E-02,-5.900E+00,1.600E-01
-7.6818E-02,-6.100E+00,8.000E-02
-7.6778E-02,-5.900E+00,1.600E-01
-7.6738E-02,-5.700E+00,1.600E-01
-7.6698E-02,-5.900E+00,1.600E-01
-7.6658E-02,-5.700E+00,2.191E-14
-7.6618E-02,-5.900E+00,8.000E-02
-7.6578E-02,-6.100E+00,2.191E-14
-7.6538E-02,-6.100E+00,2.191E-14
-7.6498E-02,-5.900E+00,8.000E-02
-7.6458E-02,-6.100E+00,8.000E-02
-7.6418E-02,-5.900E+00,8.000E-02
-7.6378E-02,-5.700E+00,8.000E-02
-7.6338E-02,-5.900E+00,8.000E-02
-7.6298E-02,-6.100E+00,1.600E-01
-7.6258E-02,-6.100E+00,8.000E-02
-7.6218E-02,-5.900E+00,1.600E-01
-7.6178E-02,-5.900E+00,8.000E-02
-7.6138E-02,-5.900E+00,2.191E-14
-7.6098E-02,-5.900E+00,8.000E-02
-7.6058E-02,-6.100E+00,1.600E-01
-7.6018E-02,-6.100E+00,8.000E-02
-7.5978E-02,-5.900E+00,8.000E-02
-7.5938E-02,-5.900E+00,1.600E-01
-7.5898E-02,-5.900E+00,8.000E-02
-7.5858E-02,-5.900E+00,-8.000E-02
-7.5818E-02,-5.900E+00,2.191E-14
-7.5778E-02,-6.100E+00,8.000E-02
-7.5738E-02,-6.100E+00,2.400E-01
-7.5698E-02,-5.900E+00,8.000E-02
-7.5658E-02,-5.900E+00,1.600E-01
-7.5618E-02,-5.900E+00,2.191E-14
-7.5578E-02,-5.900E+00,8.000E-02
-7.5538E-02,-5.900E+00,8.000E-02
-7.5498E-02,-6.100E+00,1.600E-01
-7.5458E-02,-5.900E+00,1.600E-01
-7.5418E-02,-6.100E+00,8.000E-02
-7.5378E-02,-6.100E+00,2.400E-01
-7.5338E-02,-6.100E+00,2.191E-14
-7.5298E-02,-5.900E+00,8.000E-02
-7.5258E-02,-5.700E+00,2.191E-14
-7.5218E-02,-5.700E+00,8.000E-02
-7.5178E-02,-5.900E+00,2.191E-14
-7.5138E-02,-5.900E+00,8.000E-02
-7.5098E-02,-5.900E+00,8.000E-02
-7.5058E-02,-5.900E+00,1.600E-01
-7.5018E-02,-6.100E+00,1.600E-01
-7.4978E-02,-6.100E+00,1.600E-01
-7.4937E-02,-5.900E+00,8.000E-02
-7.4897E-02,-5.700E+00,1.600E-01
-7.4857E-02,-5.900E+00,8.000E-02
-7.4817E-02,-5.900E+00,8.000E-02
-7.4777E-02,-5.700E+00,1.600E-01
-7.4737E-02,-5.900E+00,1.600E-01
-7.4697E-02,-5.900E+00,8.000E-02
-7.4657E-02,-5.900E+00,2.191E-14
-7.4617E-02,-6.100E+00,2.191E-14
-7.4577E-02,-5.900E+00,8.000E-02
-7.4537E-02,-5.900E+00,1.600E-01
-7.4497E-02,-5.700E+00,1.600E-01
-7.4457E-02,-5.900E+00,8.000E-02
-7.4417E-02,-5.900E+00,1.600E-01
-7.4377E-02,-5.900E+00,8.000E-02
-7.4337E-02,-6.100E+00,8.000E-02
-7.4297E-02,-6.100E+00,2.191E-14
-7.4257E-02,-6.100E+00,8.000E-02
-7.4217E-02,-6.100E+00,-8.000E-02
-7.4177E-02,-5.900E+00,8.000E-02
-7.4137E-02,-5.900E+00,8.000E-02
-7.4097E-02,-6.100E+00,2.191E-14
-7.4057E-02,-5.900E+00,8.000E-02
-7.4017E-02,-5.900E+00,1.600E-01
-7.3977E-02,-5.900E+00,8.000E-02
-7.3937E-02,-5.900E+00,8.000E-02
-7.3897E-02,-5.900E+00,2.191E-14
-7.3857E-02,-5.900E+00,8.000E-02
-7.3817E-02,-5.900E+00,8.000E-02
-7.3777E-02,-5.700E+00,8.000E-02
-7.3737E-02,-5.900E+00,2.191E-14
-7.3697E-02,-5.900E+00,-8.000E-02
-7.3657E-02,-5.900E+00,1.600E-01
-7.3617E-02,-6.100E+00,8.000E-02
-7.3577E-02,-6.100E+00,1.600E-01
-7.3537E-02,-5.900E+00,8.000E-02
-7.3497E-02,-5.900E+00,8.000E-02
-7.3457E-02,-5.900E+00,1.600E-01
-7.3417E-02,-5.700E+00,8.000E-02
-7.3377E-02,-5.900E+00,1.600E-01
-7.3337E-02,-5.900E+00,1.600E-01
-7.3297E-02,-5.900E+00,1.600E-01
-7.3257E-02,-5.900E+00,1.600E-01
-7.3217E-02,-5.900E+00,8.000E-02
-7.3177E-02,-5.900E+00,8.000E-02
-7.3137E-02,-5.900E+00,1.600E-01
-7.3097E-02,-5.900E+00,8.000E-02
-7.3057E-02,-5.900E+00,1.600E-01
-7.3017E-02,-5.900E+00,8.000E-02
-7.2977E-02,-5.900E+00,8.000E-02
-7.2936E-02,-5.500E+00,2.400E-01
-7.2896E-02,-5.900E+00,8.000E-02
-7.2856E-02,-5.900E+00,1.600E-01
-7.2816E-02,-5.900E+00,2.191E-14
-7.2776E-02,-5.900E+00,2.191E-14
-7.2736E-02,-5.900E+00,8.000E-02
-7.2696E-02,-5.900E+00,1.600E-01
-7.2656E-02,-5.700E+00,8.000E-02
-7.2616E-02,-5.900E+00,8.000E-02
-7.2576E-02,-5.900E+00,1.600E-01
-7.2536E-02,-5.900E+00,8.000E-02
-7.2496E-02,-6.100E+00,8.000E-02
-7.2456E-02,-5.900E+00,2.191E-14
-7.2416E-02,-6.100E+00,8.000E-02
-7.2376E-02,-5.900E+00,2.191E-14
-7.2336E-02,-5.900E+00,1.600E-01
-7.2296E-02,-5.900E+00,1.600E-01
-7.2256E-02,-5.900E+00,2.400E-01
-7.2216E-02,-5.900E+00,8.000E-02
-7.2176E-02,-5.900E+00,8.000E-02
-7.2136E-02,-6.100E+00,2.191E-14
-7.2096E-02,-5.900E+00,1.600E-01
-7.2056E-02,-5.900E+00,2.191E-14
-7.2016E-02,-5.900E+00,2.191E-14
-7.1976E-02,-5.900E+00,8.000E-02
-7.1936E-02,-5.900E+00,2.191E-14
-7.1896E-02,-5.700E+00,8.000E-02
-7.1856E-02,-5.900E+00,8.000E-02
-7.1816E-02,-5.900E+00,1.600E-01
-7.1776E-02,-5.900E+00,8.000E-02
-7.1736E-02,-5.900E+00,2.191E-14
-7.1696E-02,-6.100E+00,-8.000E-02
-7.1656E-02,-5.900E+00,8.000E-02
-7.1616E-02,-5.900E+00,8.000E-02
-7.1576E-02,-5.900E+00,1.600E-01
-7.1536E-02,-5.700E+00,1.600E-01
-7.1496E-02,-5.700E+00,8.000E-02
-7.1456E-02,-6.100E+00,8.000E-02
-7.1416E-02,-5.900E+00,2.191E-14
-7.1376E-02,-6.100E+00,2.191E-14
-7.1336E-02,-6.100E+00,8.000E-02
-7.1296E-02,-6.100E+00,1.600E-01
-7.1256E-02,-6.100E+00,2.191E-14
-7.1216E-02,-5.700E+00,1.600E-01
-7.1176E-02,-6.100E+00,8.000E-02
-7.1136E-02,-5.900E+00,8.000E-02
-7.1096E-02,-5.900E+00,8.000E-02
-7.1056E-02,-5.900E+00,8.000E-02
-7.1016E-02,-6.100E+00,1.600E-01
-7.0976E-02,-5.900E+00,8.000E-02
-7.0935E-02,-5.900E+00,8.000E-02
-7.0895E-02,-6.100E+00,8.000E-02
-7.0855E-02,-5.900E+00,8.000E-02
-7.0815E-02,-5.900E+00,8.000E-02
-7.0775E-02,-5.900E+00,1.600E-01
-7.0735E-02,-6.100E+00,2.191E-14
-7.0695E-02,-5.900E+00,1.600E-01
-7.0655E-02,-5.900E+00,8.000E-02
-7.0615E-02,-6.100E+00,1.600E-01
-7.0575E-02,-5.900E+00,8.000E-02
-7.0535E-02,-5.900E+00,2.191E-14
-7.0495E-02,-6.100E+00,1.600E-01
-7.0455E-02,-5.900E+00,2.191E-14
-7.0415E-02,-6.100E+00,1.600E-01
-7.0375E-02,-5.700E+00,8.000E-02
-7.0335E-02,-5.900E+00,8.000E-02
-7.0295E-02,-5.900E+00,1.600E-01
-7.0255E-02,-5.700E+00,1.600E-01
-7.0215E-02,-6.100E+00,1.600E-01
-7.0175E-02,-5.900E+00,1.600E-01
-7.0135E-02,-6.100E+00,8.000E-02
-7.0095E-02,-5.900E+00,1.600E-01
-7.0055E-02,-5.900E+00,8.000E-02
-7.0015E-02,-5.900E+00,1.600E-01
-6.9975E-02,-5.900E+00,2.191E-14
-6.9935E-02,-5.900E+00,2.191E-14
-6.9895E-02,-6.100E+00,8.000E-02
-6.9855E-02,-5.900E+00,1.600E-01
-6.9815E-02,-6.100E+00,2.191E-14
-6.9775E-02,-5.900E+00,8.000E-02
-6.9735E-02,-6.100E+00,8.000E-02
-6.9695E-02,-5.900E+00,1.600E-01
-6.9655E-02,-5.700E+00,8.000E-02
-6.9615E-02,-5.900E+00,1.600E-01
-6.9575E-02,-6.100E+00,8.000E-02
-6.9535E-02,-6.100E+00,2.191E-14
-6.9495E-02,-5.900E+00,8.000E-02
-6.9455E-02,-6.100E+00,8.000E-02
-6.9415E-02,-5.900E+00,8.000E-02
-6.9375E-02,-6.100E+00,8.000E-02
-6.9335E-02,-5.900E+00,1.600E-01
-6.9295E-02,-5.900E+00,8.000E-02
-6.9255E-02,-5.900E+00,2.191E-14
-6.9215E-02,-5.700E+00,2.191E-14
-6.9175E-02,-5.900E+00,2.191E-14
-6.9135E-02,-5.900E+00,1.600E-01
-6.9095E-02,-6.100E+00,8.000E-02
-6.9055E-02,-5.900E+00,8.000E-02
-6.9015E-02,-6.100E+00,8.000E-02
-6.8975E-02,-5.900E+00,1.600E-01
-6.8934E-02,-5.900E+00,8.000E-02
-6.8894E-02,-5.700E+00,1.600E-01
-6.8854E-02,-5.900E+00,2.400E-01
-6.8814E-02,-6.100E+00,8.000E-02
-6.8774E-02,-5.900E+00,8.000E-02
-6.8734E-02,-5.900E+00,8.000E-02
-6.8694E-02,-5.900E+00,2.191E-14
-6.8654E-02,-6.100E+00,8.000E-02
-6.8614E-02,-5.900E+00,8.000E-02
-6.8574E-02,-5.900E+00,1.600E-01
-6.8534E-02,-5.900E+00,8.000E-02
-6.8494E-02,-5.900E+00,1.600E-01
-6.8454E-02,-5.900E+00,8.000E-02
-6.8414E-02,-5.900E+00,2.191E-14
-6.8374E-02,-5.900E+00,2.191E-14
-6.8334E-02,-5.900E+00,1.600E-01
-6.8294E-02,-6.100E+00,8.000E-02
-6.8254E-02,-6.100E+00,2.191E-14
-6.8214E-02,-5.900E+00,8.000E-02
-6.8174E-02,-5.900E+00,2.400E-01
-6.8134E-02,-6.100E+00,8.000E-02
-6.8094E-02,-5.900E+00,8.000E-02
-6.8054E-02,-6.100E+00,2.191E-14
-6.8014E-02,-5.900E+00,8.000E-02
-6.7974E-02,-6.100E+00,2.400E-01
-6.7934E-02,-5.900E+00,1.600E-01
-6.7894E-02,-6.100E+00,8.000E-02
-6.7854E-02,-5.700E+00,8.000E-02
-6.7814E-02,-5.900E+00,8.000E-02
-6.7774E-02,-5.900E+00,8.000E-02
-6.7734E-02,-5.900E+00,1.600E-01
-6.7694E-02,-5.900E+00,8.000E-02
-6.7654E-02,-5.900E+00,8.000E-02
-6.7614E-02,-5.900E+00,8.000E-02
-6.7574E-02,-6.100E+00,2.191E-14
-6.7534E-02,-5.900E+00,8.000E-02
-6.7494E-02,-5.900E+00,8.000E-02
-6.7454E-02,-5.900E+00,1.600E-01
-6.7414E-02,-5.900E+00,2.191E-14
-6.7374E-02,-5.900E+00,8.000E-02
-6.7334E-02,-6.100E+00,8.000E-02
-6.7294E-02,-5.900E+00,1.600E-01
-6.7254E-02,-6.100E+00,8.000E-02
-6.7214E-02,-5.900E+00,8.000E-02
-6.7174E-02,-6.100E+00,8.000E-02
-6.7134E-02,-5.900E+00,8.000E-02
-6.7094E-02,-5.700E+00,8.000E-02
-6.7054E-02,-5.900E+00,8.000E-02
-6.7014E-02,-5.700E+00,8.000E-02
-6.6974E-02,-5.900E+00,1.600E-01
-6.6933E-02,-5.900E+00,8.000E-02
-6.6893E-02,-6.100E+00,2.191E-14
-6.6853E-02,-6.100E+00,1.600E-01
-6.6813E-02,-6.100E+00,8.000E-02
-6.6773E-02,-6.100E+00,1.600E-01
-6.6733E-02,-5.900E+00,2.191E-14
-6.6693E-02,-5.900E+00,1.600E-01
-6.6653E-02,-5.900E+00,8.000E-02
-6.6613E-02,-5.700E+00,2.191E-14
-6.6573E-02,-5.700E+00,8.000E-02
-6.6533E-02,-5.900E+00,2.191E-14
-6.6493E-02,-5.900E+00,8.000E-02
-6.6453E-02,-5.900E+00,2.400E-01
-6.6413E-02,-5.900E+00,8.000E-02
-6.6373E-02,-6.100E+00,8.000E-02
-6.6333E-02,-5.900E+00,8.000E-02
-6.6293E-02,-5.700E+00,8.000E-02
-6.6253E-02,-5.700E+00,8.000E-02
-6.6213E-02,-5.900E+00,8.000E-02
-6.6173E-02,-5.900E+00,1.600E-01
-6.6133E-02,-5.900E+00,2.191E-14
-6.6093E-02,-5.900E+00,8.000E-02
-6.6053E-02,-6.100E+00,8.000E-02
-6.6013E-02,-5.900E+00,8.000E-02
-6.5973E-02,-5.700E+00,8.000E-02
-6.5933E-02,-5.700E+00,8.000E-02
-6.5893E-02,-5.900E+00,8.000E-02
-6.5853E-02,-5.900E+00,2.191E-14
-6.5813E-02,-5.900E+00,1.600E-01
-6.5773E-02,-5.900E+00,8.000E-02
-6.5733E-02,-5.900E+00,8.000E-02
-6.5693E-02,-5.900E+00,8.000E-02
-6.5653E-02,-5.900E+00,2.400E-01
-6.5613E-02,-5.900E+00,8.000E-02
-6.5573E-02,-5.900E+00,8.000E-02
-6.5533E-02,-5.700E+00,1.600E-01
-6.5493E-02,-5.900E+00,8.000E-02
-6.5453E-02,-5.900E+00,1.600E-01
-6.5413E-02,-6.100E+00,2.191E-14
-6.5373E-02,-6.100E+00,8.000E-02
-6.5333E-02,-6.100E+00,8.000E-02
-6.5293E-02,-6.100E+00,1.600E-01
-6.5253E-02,-5.900E+00,1.600E-01
-6.5213E-02,-5.700E+00,2.191E-14
-6.5173E-02,-5.900E+00,8.000E-02
-6.5133E-02,-5.900E+00,8.000E-02
-6.5093E-02,-5.900E+00,8.000E-02
-6.5053E-02,-6.100E+00,8.000E-02
-6.5013E-02,-5.900E+00,8.000E-02
-6.4973E-02,-5.900E+00,8.000E-02
-6.4932E-02,-5.900E+00,2.191E-14
-6.4892E-02,-5.900E+00,1.600E-01
-6.4852E-02,-5.900E+00,8.000E-02
-6.4812E-02,-5.900E+00,1.600E-01
-6.4772E-02,-5.900E+00,8.000E-02
-6.4732E-02,-5.900E+00,2.400E-01
-6.4692E-02,-5.900E+00,2.191E-14
-6.4652E-02,-5.900E+00,8.000E-02
-6.4612E-02,-5.900E+00,8.000E-02
-6.4572E-02,-5.900E+00,8.000E-02
-6.4532E-02,-5.900E+00,8.000E-02
-6.4492E-02,-5.900E+00,2.191E-14
-6.4452E-02,-5.700E+00,2.400E-01
-6.4412E-02,-5.700E+00,2.191E-14
-6.4372E-02,-6.100E+00,2.191E-14
-6.4332E-02,-5.900E+00,8.000E-02
-6.4292E-02,-5.900E+00,2.191E-14
-6.4252E-02,-5.900E+00,1.600E-01
-6.4212E-02,-6.100E+00,8.000E-02
-6.4172E-02,-6.100E+00,8.000E-02
-6.4132E-02,-5.900E+00,8.000E-02
-6.4092E-02,-5.900E+00,8.000E-02
-6.4052E-02,-5.900E+00,8.000E-02
-6.4012E-02,-5.900E+00,8.000E-02
-6.3972E-02,-5.900E+00,8.000E-02
-6.3932E-02,-6.100E+00,1.600E-01
-6.3892E-02,-6.100E+00,1.600E-01
-6.3852E-02,-6.100E+00,-1.600E-01
-6.3812E-02,-6.100E+00,2.191E-14
-6.3772E-02,-6.100E+00,2.191E-14
-6.3732E-02,-5.700E+00,1.600E-01
-6.3692E-02,-5.700E+00,8.000E-02
-6.3652E-02,-5.900E+00,8.000E-02
-6.3612E-02,-5.700E+00,8.000E-02
-6.3572E-02,-5.900E+00,8.000E-02
-6.3532E-02,-5.900E+00,1.600E-01
-6.3492E-02,-6.100E+00,1.600E-01
-6.3452E-02,-6.100E+00,2.191E-14
-6.3412E-02,-6.100E+00,8.000E-02
-6.3372E-02,-5.900E+00,2.191E-14
-6.3332E-02,-5.700E+00,2.191E-14
-6.3292E-02,-5.700E+00,2.191E-14
-6.3252E-02,-5.900E+00,-8.000E-02
-6.3212E-02,-5.700E+00,8.000E-02
-6.3172E-02,-6.100E+00,2.191E-14
-6.3132E-02,-5.900E+00,1.600E-01
-6.3092E-02,-6.100E+00,2.191E-14
-6.3052E-02,-5.900E+00,8.000E-02
-6.3012E-02,-5.700E+00,1.600E-01
-6.2972E-02,-5.700E+00,2.191E-14
-6.2931E-02,-5.700E+00,2.191E-14
-6.2891E-02,-5.900E+00,8.000E-02
-6.2851E-02,-5.900E+00,1.600E-01
-6.2811E-02,-5.700E+00,8.000E-02
-6.2771E-02,-5.900E+00,1.600E-01
-6.2731E-02,-5.900E+00,1.600E-01
-6.2691E-02,-6.100E+00,1.600E-01
-6.2651E-02,-6.100E+00,8.000E-02
-6.2611E-02,-5.900E+00,8.000E-02
-6.2571E-02,-5.900E+00,2.191E-14
-6.2531E-02,-5.700E+00,1.600E-01
-6.2491E-02,-5.900E+00,8.000E-02
-6.2451E-02,-6.100E+00,2.191E-14
-6.2411E-02,-5.900E+00,8.000E-02
-6.2371E-02,-5.900E+00,2.191E-14
-6.2331E-02,-6.100E+00,1.600E-01
-6.2291E-02,-5.900E+00,8.000E-02
-6.2251E-02,-5.900E+00,8.000E-02
-6.2211E-02,-5.900E+00,1.600E-01
-6.2171E-02,-5.900E+00,8.000E-02
-6.2131E-02,-5.900E+00,2.191E-14
-6.2091E-02,-5.900E+00,1.600E-01
-6.2051E-02,-5.900E+00,1.600E-01
-6.2011E-02,-6.100E+00,2.191E-14
-6.1971E-02,-6.100E+00,8.000E-02
-6.1931E-02,-6.100E+00,8.000E-02
-6.1891E-02,-5.900E+00,8.000E-02
-6.1851E-02,-5.900E+00,2.400E-01
-6.1811E-02,-5.900E+00,8.000E-02
-6.1771E-02,-5.700E+00,2.191E-14
-6.1731E-02,-5.900E+00,2.191E-14
-6.1691E-02,-5.900E+00,1.600E-01
-6.1651E-02,-5.900E+00,2.191E-14
-6.1611E-02,-5.900E+00,8.000E-02
-6.1571E-02,-6.100E+00,2.191E-14
-6.1531E-02,-5.900E+00,8.000E-02
-6.1491E-02,-6.100E+00,-8.000E-02
-6.1451E-02,-5.900E+00,2.191E-14
-6.1411E-02,-5.900E+00,2.191E-14
-6.1371E-02,-5.900E+00,8.000E-02
-6.1331E-02,-5.900E+00,1.600E-01
-6.1291E-02,-5.700E+00,1.600E-01
-6.1251E-02,-5.900E+00,8.000E-02
-6.1211E-02,-5.900E+00,8.000E-02
-6.1171E-02,-6.100E+00,1.600E-01
-6.1131E-02,-6.100E+00,8.000E-02
-6.1091E-02,-5.900E+00,8.000E-02
-6.1051E-02,-5.900E+00,8.000E-02
-6.1011E-02,-5.900E+00,1.600E-01
-6.0971E-02,-5.900E+00,2.400E-01
-6.0930E-02,-5.900E+00,1.600E-01
-6.0890E-02,-6.100E+00,2.400E-01
-6.0850E-02,-5.900E+00,2.191E-14
-6.0810E-02,-6.100E+00,8.000E-02
-6.0770E-02,-5.900E+00,8.000E-02
-6.0730E-02,-5.900E+00,2.191E-14
-6.0690E-02,-5.700E+00,2.191E-14
-6.0650E-02,-5.700E+00,1.600E-01
-6.0610E-02,-5.700E+00,2.191E-14
-6.0570E-02,-6.100E+00,1.600E-01
-6.0530E-02,-5.900E+00,2.191E-14
-6.0490E-02,-5.900E+00,8.000E-02
-6.0450E-02,-5.900E+00,8.000E-02
-6.0410E-02,-5.900E+00,8.000E-02
-6.0370E-02,-5.700E+00,8.000E-02
-6.0330E-02,-5.900E+00,8.000E-02
-6.0290E-02,-5.900E+00,8.000E-02
-6.0250E-02,-5.900E+00,2.191E-14
-6.0210E-02,-5.900E+00,8.000E-02
-6.0170E-02,-6.100E+00,2.191E-14
-6.0130E-02,-5.900E+00,1.600E-01
-6.0090E-02,-5.700E+00,1.600E-01
-6.0050E-02,-5.900E+00,1.600E-01
-6.0010E-02,-5.700E+00,8.000E-02
-5.9970E-02,-5.700E+00,8.000E-02
-5.9930E-02,-5.700E+00,8.000E-02
-5.9890E-02,-5.900E+00,2.191E-14
-5.9850E-02,-5.900E+00,8.000E-02
-5.9810E-02,-5.900E+00,8.000E-02
-5.9770E-02,-6.100E+00,8.000E-02
-5.9730E-02,-6.100E+00,8.000E-02
-5.9690E-02,-6.100E+00,1.600E-01
-5.9650E-02,-5.900E+00,2.191E-14
-5.9610E-02,-5.900E+00,8.000E-02
-5.9570E-02,-5.900E+00,8.000E-02
-5.9530E-02,-5.700E+00,2.191E-14
-5.9490E-02,-5.900E+00,1.600E-01
-5.9450E-02,-5.900E+00,8.000E-02
-5.9410E-02,-5.900E+00,2.191E-14
-5.9370E-02,-6.100E+00,2.191E-14
-5.9330E-02,-6.100E+00,8.000E-02
-5.9290E-02,-5.900E+00,2.191E-14
-5.9250E-02,-5.700E+00,8.000E-02
-5.9210E-02,-5.700E+00,8.000E-02
-5.9170E-02,-6.100E+00,8.000E-02
-5.9130E-02,-5.900E+00,8.000E-02
-5.9090E-02,-5.900E+00,8.000E-02
-5.9050E-02,-5.700E+00,8.000E-02
-5.9010E-02,-5.900E+00,8.000E-02
-5.8970E-02,-6.100E+00,8.000E-02
-5.8929E-02,-6.100E+00,8.000E-02
-5.8889E-02,-5.900E+00,8.000E-02
-5.8849E-02,-5.900E+00,1.600E-01
-5.8809E-02,-5.900E+00,1.600E-01
-5.8769E-02,-5.900E+00,2.191E-14
-5.8729E-02,-5.900E+00,1.600E-01
-5.8689E-02,-5.900E+00,8.000E-02
-5.8649E-02,-5.700E+00,1.600E-01
-5.8609E-02,-6.100E+00,1.600E-01
-5.8569E-02,-6.100E+00,2.400E-01
-5.8529E-02,-6.100E+00,2.191E-14
-5.8489E-02,-5.900E+00,1.600E-01
-5.8449E-02,-5.900E+00,2.191E-14
-5.8409E-02,-5.900E+00,8.000E-02
-5.8369E-02,-5.900E+00,1.600E-01
-5.8329E-02,-5.700E+00,1.600E-01
-5.8289E-02,-5.900E+00,2.191E-14
-5.8249E-02,-6.100E+00,8.000E-02
-5.8209E-02,-6.100E+00,8.000E-02
-5.8169E-02,-5.900E+00,2.191E-14
-5.8129E-02,-5.900E+00,8.000E-02
-5.8089E-02,-5.900E+00,8.000E-02
-5.8049E-02,-5.900E+00,8.000E-02
-5.8009E-02,-6.100E+00,8.000E-02
-5.7969E-02,-6.100E+00,1.600E-01
-5.7929E-02,-5.900E+00,8.000E-02
-5.7889E-02,-6.100E+00,1.600E-01
-5.7849E-02,-5.900E+00,2.400E-01
-5.7809E-02,-5.900E+00,8.000E-02
-5.7769E-02,-5.900E+00,2.191E-14
-5.7729E-02,-5.900E+00,8.000E-02
-5.7689E-02,-5.900E+00,1.600E-01
-5.7649E-02,-6.100E+00,-8.000E-02
-5.7609E-02,-5.900E+00,8.000E-02
-5.7569E-02,-5.900E+00,8.000E-02
-5.7529E-02,-5.700E+00,2.191E-14
-5.7489E-02,-6.100E+00,2.191E-14
-5.7449E-02,-5.900E+00,8.000E-02
-5.7409E-02,-5.900E+00,1.600E-01
-5.7369E-02,-5.900E+00,8.000E-02
-5.7329E-02,-5.900E+00,8.000E-02
-5.7289E-02,-5.900E+00,1.600E-01
-5.7249E-02,-5.900E+00,8.000E-02
-5.7209E-02,-5.700E+00,2.191E-14
-5.7169E-02,-5.900E+00,2.191E-14
-5.7129E-02,-5.900E+00,8.000E-02
-5.7089E-02,-5.900E+00,1.600E-01
-5.7049E-02,-5.900E+00,8.000E-02
-5.7009E-02,-5.900E+00,1.600E-01
-5.6969E-02,-5.900E+00,8.000E-02
-5.6928E-02,-5.900E+00,1.600E-01
-5.6888E-02,-5.900E+00,1.600E-01
-5.6848E-02,-5.900E+00,8.000E-02
-5.6808E-02,-5.900E+00,2.400E-01
-5.6768E-02,-5.900E+00,8.000E-02
-5.6728E-02,-6.100E+00,8.000E-02
-5.6688E-02,-5.900E+00,8.000E-02
-5.6648E-02,-6.100E+00,-8.000E-02
-5.6608E-02,-5.900E+00,2.400E-01
-5.6568E-02,-5.900E+00,1.600E-01
-5.6528E-02,-5.900E+00,8.000E-02
-5.6488E-02,-5.900E+00,8.000E-02
-5.6448E-02,-5.900E+00,8.000E-02
-5.6408E-02,-5.900E+00,2.191E-14
-5.6368E-02,-5.900E+00,2.191E-14
-5.6328E-02,-6.100E+00,2.191E-14
-5.6288E-02,-5.900E+00,8.000E-02
-5.6248E-02,-5.700E+00,2.191E-14
-5.6208E-02,-5.900E+00,-8.000E-02
-5.6168E-02,-6.100E+00,2.191E-14
-5.6128E-02,-5.900E+00,2.191E-14
-5.6088E-02,-6.100E+00,8.000E-02
-5.6048E-02,-6.100E+00,2.191E-14
-5.6008E-02,-5.900E+00,1.600E-01
-5.5968E-02,-5.900E+00,8.000E-02
-5.5928E-02,-5.900E+00,2.191E-14
-5.5888E-02,-5.700E+00,2.191E-14
-5.5848E-02,-5.700E+00,2.191E-14
-5.5808E-02,-5.700E+00,8.000E-02
-5.5768E-02,-5.900E+00,2.191E-14
-5.5728E-02,-5.900E+00,8.000E-02
-5.5688E-02,-5.900E+00,2.191E-14
-5.5648E-02,-6.100E+00,1.600E-01
-5.5608E-02,-5.900E+00,1.600E-01
-5.5568E-02,-6.100E+00,8.000E-02
-5.5528E-02,-5.700E+00,1.600E-01
-5.5488E-02,-5.900E+00,2.400E-01
-5.5448E-02,-5.900E+00,8.000E-02
-5.5408E-02,-5.900E+00,8.000E-02
-5.5368E-02,-5.900E+00,1.600E-01
-5.5328E-02,-6.100E+00,-8.000E-02
-5.5288E-02,-5.900E+00,8.000E-02
-5.5248E-02,-6.100E+00,1.600E-01
-5.5208E-02,-5.900E+00,2.191E-14
-5.5168E-02,-5.900E+00,8.000E-02
-5.5128E-02,-5.900E+00,8.000E-02
-5.5088E-02,-5.900E+00,1.600E-01
-5.5048E-02,-5.900E+00,8.000E-02
-5.5008E-02,-5.900E+00,1.600E-01
-5.4968E-02,-5.900E+00,1.600E-01
-5.4927E-02,-5.900E+00,2.191E-14
-5.4887E-02,-5.900E+00,8.000E-02
-5.4847E-02,-5.900E+00,8.000E-02
-5.4807E-02,-5.900E+00,8.000E-02
-5.4767E-02,-5.900E+00,8.000E-02
-5.4727E-02,-5.900E+00,1.600E-01
-5.4687E-02,-5.900E+00,8.000E-02
-5.4647E-02,-5.900E+00,8.000E-02
-5.4607E-02,-5.900E+00,2.191E-14
-5.4567E-02,-5.900E+00,8.000E-02
-5.4527E-02,-6.100E+00,2.191E-14
-5.4487E-02,-5.900E+00,8.000E-02
-5.4447E-02,-5.900E+00,2.191E-14
-5.4407E-02,-5.700E+00,8.000E-02
-5.4367E-02,-5.900E+00,8.000E-02
-5.4327E-02,-5.900E+00,8.000E-02
-5.4287E-02,-5.900E+00,2.191E-14
-5.4247E-02,-5.900E+00,8.000E-02
-5.4207E-02,-5.900E+00,1.600E-01
-5.4167E-02,-5.700E+00,8.000E-02
-5.4127E-02,-6.100E+00,8.000E-02
-5.4087E-02,-6.100E+00,8.000E-02
-5.4047E-02,-5.900E+00,8.000E-02
-5.4007E-02,-5.700E+00,8.000E-02
-5.3967E-02,-5.700E+00,1.600E-01
-5.3927E-02,-5.900E+00,8.000E-02
-5.3887E-02,-5.900E+00,8.000E-02
-5.3847E-02,-5.700E+00,8.000E-02
-5.3807E-02,-5.900E+00,8.000E-02
-5.3767E-02,-6.100E+00,8.000E-02
-5.3727E-02,-5.900E+00,1.600E-01
-5.3687E-02,-6.100E+00,8.000E-02
-5.3647E-02,-5.900E+00,2.191E-14
-5.3607E-02,-6.100E+00,2.191E-14
-5.3567E-02,-5.900E+00,2.191E-14
-5.3527E-02,-5.700E+00,2.191E-14
-5.3487E-02,-5.900E+00,2.191E-14
-5.3447E-02,-5.900E+00,2.191E-14
-5.3407E-02,-6.100E+00,8.000E-02
-5.3367E-02,-5.900E+00,8.000E-02
-5.3327E-02,-5.900E+00,8.000E-02
-5.3287E-02,-5.700E+00,2.191E-14
-5.3247E-02,-5.900E+00,8.000E-02
-5.3207E-02,-5.900E+00,1.600E-01
-5.3167E-02,-5.900E+00,1.600E-01
-5.3127E-02,-6.100E+00,2.191E-14
-5.3087E-02,-5.900E+00,8.000E-02
-5.3047E-02,-6.100E+00,8.000E-02
-5.3007E-02,-5.900E+00,2.191E-14
-5.2967E-02,-6.100E+00,1.600E-01
-5.2926E-02,-5.900E+00,8.000E-02
-5.2886E-02,-5.900E+00,2.191E-14
-5.2846E-02,-5.700E+00,8.000E-02
-5.2806E-02,-5.900E+00,8.000E-02
-5.2766E-02,-5.900E+00,8.000E-02
-5.2726E-02,-5.900E+00,2.191E-14
-5.2686E-02,-5.700E+00,2.191E-14
-5.2646E-02,-5.900E+00,8.000E-02
-5.2606E-02,-6.100E+00,8.000E-02
-5.2566E-02,-5.900E+00,2.400E-01
-5.2526E-02,-6.100E+00,8.000E-02
-5.2486E-02,-5.900E+00,2.191E-14
-5.2446E-02,-5.900E+00,1.600E-01
-5.2406E-02,-5.900E+00,8.000E-02
-5.2366E-02,-5.900E+00,8.000E-02
-5.2326E-02,-5.900E+00,8.000E-02
-5.2286E-02,-5.900E+00,8.000E-02
-5.2246E-02,-5.900E+00,1.600E-01
-5.2206E-02,-6.100E+00,2.191E-14
-5.2166E-02,-5.700E+00,1.600E-01
-5.2126E-02,-5.700E+00,1.600E-01
-5.2086E-02,-5.700E+00,1.600E-01
-5.2046E-02,-5.900E+00,1.600E-01
-5.2006E-02,-5.900E+00,1.600E-01
-5.1966E-02,-5.900E+00,1.600E-01
-5.1926E-02,-5.900E+00,8.000E-02
-5.1886E-02,-6.100E+00,8.000E-02
-5.1846E-02,-5.900E+00,1.600E-01
-5.1806E-02,-5.900E+00,2.191E-14
-5.1766E-02,-5.700E+00,8.000E-02
-5.1726E-02,-5.900E+00,2.191E-14
-5.1686E-02,-5.900E+00,8.000E-02
-5.1646E-02,-6.100E+00,8.000E-02
-5.1606E-02,-5.900E+00,8.000E-02
-5.1566E-02,-5.900E+00,2.191E-14
-5.1526E-02,-6.100E+00,1.600E-01
-5.1486E-02,-6.100E+00,2.191E-14
-5.1446E-02,-5.900E+00,8.000E-02
-5.1406E-02,-6.100E+00,1.600E-01
-5.1366E-02,-5.900E+00,8.000E-02
-5.1326E-02,-5.900E+00,8.000E-02
-5.1286E-02,-5.900E+00,2.191E-14
-5.1246E-02,-6.100E+00,8.000E-02
-5.1206E-02,-5.900E+00,2.191E-14
-5.1166E-02,-5.900E+00,1.600E-01
-5.1126E-02,-5.900E+00,8.000E-02
-5.1086E-02,-5.900E+00,1.600E-01
-5.1046E-02,-5.900E+00,1.600E-01
-5.1006E-02,-5.700E+00,1.600E-01
-5.0966E-02,-5.900E+00,8.000E-02
-5.0925E-02,-6.100E+00,-8.000E-02
-5.0885E-02,-6.100E+00,2.191E-14
-5.0845E-02,-5.900E+00,2.191E-14
-5.0805E-02,-5.900E+00,8.000E-02
-5.0765E-02,-6.100E+00,8.000E-02
-5.0725E-02,-5.700E+00,2.191E-14
-5.0685E-02,-5.900E+00,8.000E-02
-5.0645E-02,-5.900E+00,8.000E-02
-5.0605E-02,-5.900E+00,8.000E-02
-5.0565E-02,-5.900E+00,8.000E-02
-5.0525E-02,-5.900E+00,8.000E-02
-5.0485E-02,-6.100E+00,2.191E-14
-5.0445E-02,-6.100E+00,2.191E-14
-5.0405E-02,-5.900E+00,2.400E-01
-5.0365E-02,-5.900E+00,8.000E-02
-5.0325E-02,-5.700E+00,8.000E-02
-5.0285E-02,-6.100E+00,8.000E-02
-5.0245E-02,-5.900E+00,1.600E-01
-5.0205E-02,-5.900E+00,2.191E-14
-5.0165E-02,-5.900E+00,8.000E-02
-5.0125E-02,-5.700E+00,1.600E-01
-5.0085E-02,-5.900E+00,1.600E-01
-5.0045E-02,-5.900E+00,8.000E-02
-5.0005E-02,-5.900E+00,2.191E-14
-4.9965E-02,-5.900E+00,8.000E-02
-4.9925E-02,-5.900E+00,8.000E-02
-4.9885E-02,-5.700E+00,8.000E-02
-4.9845E-02,-5.700E+00,-8.000E-02
-4.9805E-02,-5.900E+00,8.000E-02
-4.9765E-02,-5.900E+00,2.191E-14
-4.9725E-02,-5.900E+00,8.000E-02
-4.9685E-02,-5.700E+00,1.600E-01
-4.9645E-02,-6.100E+00,8.000E-02
-4.9605E-02,-6.100E+00,2.400E-01
-4.9565E-02,-5.900E+00,8.000E-02
-4.9525E-02,-5.700E+00,8.000E-02
-4.9485E-02,-5.900E+00,1.600E-01
-4.9445E-02,-5.700E+00,2.191E-14
-4.9405E-02,-5.900E+00,2.191E-14
-4.9365E-02,-5.900E+00,8.000E-02
-4.9325E-02,-6.100E+00,2.191E-14
-4.9285E-02,-5.900E+00,1.600E-01
-4.9245E-02,-6.100E+00,-8.000E-02
-4.9205E-02,-5.900E+00,8.000E-02
-4.9165E-02,-5.900E+00,1.600E-01
-4.9125E-02,-5.900E+00,8.000E-02
-4.9085E-02,-6.100E+00,1.600E-01
-4.9045E-02,-5.900E+00,1.600E-01
-4.9005E-02,-5.900E+00,2.191E-14
-4.8965E-02,-6.100E+00,8.000E-02
-4.8924E-02,-6.100E+00,-8.000E-02
-4.8884E-02,-5.900E+00,1.600E-01
-4.8844E-02,-6.100E+00,2.191E-14
-4.8804E-02,-5.900E+00,8.000E-02
-4.8764E-02,-5.900E+00,8.000E-02
-4.8724E-02,-5.900E+00,2.191E-14
-4.8684E-02,-5.900E+00,8.000E-02
-4.8644E-02,-6.100E+00,1.600E-01
-4.8604E-02,-5.900E+00,2.191E-14
-4.8564E-02,-5.700E+00,8.000E-02
-4.8524E-02,-6.100E+00,2.191E-14
-4.8484E-02,-6.100E+00,8.000E-02
-4.8444E-02,-6.100E+00,-8.000E-02
-4.8404E-02,-5.700E+00,1.600E-01
-4.8364E-02,-5.900E+00,8.000E-02
-4.8324E-02,-5.900E+00,1.600E-01
-4.8284E-02,-5.900E+00,2.191E-14
-4.8244E-02,-5.900E+00,1.600E-01
-4.8204E-02,-6.100E+00,8.000E-02
-4.8164E-02,-5.900E+00,8.000E-02
-4.8124E-02,-6.100E+00,8.000E-02
-4.8084E-02,-5.900E+00,2.191E-14
-4.8044E-02,-5.900E+00,1.600E-01
-4.8004E-02,-5.900E+00,1.600E-01
-4.7964E-02,-5.700E+00,2.191E-14
-4.7924E-02,-5.900E+00,8.000E-02
-4.7884E-02,-5.900E+00,2.191E-14
-4.7844E-02,-5.900E+00,2.191E-14
-4.7804E-02,-5.900E+00,8.000E-02
-4.7764E-02,-5.900E+00,1.600E-01
-4.7724E-02,-5.900E+00,8.000E-02
-4.7684E-02,-5.900E+00,2.191E-14
-4.7644E-02,-5.700E+00,2.191E-14
-4.7604E-02,-5.900E+00,8.000E-02
-4.7564E-02,-5.900E+00,8.000E-02
-4.7524E-02,-5.700E+00,8.000E-02
-4.7484E-02,-6.100E+00,2.191E-14
-4.7444E-02,-5.900E+00,8.000E-02
-4.7404E-02,-6.100E+00,8.000E-02
-4.7364E-02,-6.100E+00,8.000E-02
-4.7324E-02,-5.900E+00,2.191E-14
-4.7284E-02,-5.700E+00,8.000E-02
-4.7244E-02,-5.900E+00,1.600E-01
-4.7204E-02,-6.100E+00,2.191E-14
-4.7164E-02,-5.900E+00,-8.000E-02
-4.7124E-02,-5.900E+00,2.191E-14
-4.7084E-02,-5.900E+00,1.600E-01
-4.7044E-02,-5.900E+00,8.000E-02
-4.7004E-02,-5.900E+00,8.000E-02
-4.6964E-02,-5.700E+00,2.191E-14
-4.6923E-02,-5.900E+00,-8.000E-02
-4.6883E-02,-5.900E+00,8.000E-02
-4.6843E-02,-5.900E+00,2.191E-14
-4.6803E-02,-5.900E+00,2.191E-14
-4.6763E-02,-5.900E+00,2.191E-14
-4.6723E-02,-6.100E+00,2.191E-14
-4.6683E-02,-5.900E+00,8.000E-02
-4.6643E-02,-5.900E+00,1.600E-01
-4.6603E-02,-5.900E+00,8.000E-02
-4.6563E-02,-5.700E+00,8.000E-02
-4.6523E-02,-5.900E+00,1.600E-01
-4.6483E-02,-5.900E+00,8.000E-02
-4.6443E-02,-6.100E+00,8.000E-02
-4.6403E-02,-5.900E+00,2.400E-01
-4.6363E-02,-5.900E+00,8.000E-02
-4.6323E-02,-6.100E+00,2.400E-01
-4.6283E-02,-5.900E+00,8.000E-02
-4.6243E-02,-5.900E+00,1.600E-01
-4.6203E-02,-5.700E+00,8.000E-02
-4.6163E-02,-5.700E+00,8.000E-02
-4.6123E-02,-6.100E+00,8.000E-02
-4.6083E-02,-6.100E+00,1.600E-01
-4.6043E-02,-5.900E+00,2.191E-14
-4.6003E-02,-5.900E+00,2.400E-01
-4.5963E-02,-5.900E+00,8.000E-02
-4.5923E-02,-5.900E+00,1.600E-01
-4.5883E-02,-5.900E+00,2.191E-14
-4.5843E-02,-5.900E+00,8.000E-02
-4.5803E-02,-5.900E+00,2.191E-14
-4.5763E-02,-5.900E+00,8.000E-02
-4.5723E-02,-5.700E+00,8.000E-02
-4.5683E-02,-5.700E+00,8.000E-02
-4.5643E-02,-5.900E+00,8.000E-02
-4.5603E-02,-5.900E+00,-8.000E-02
-4.5563E-02,-5.900E+00,1.600E-01
-4.5523E-02,-5.900E+00,2.400E-01
-4.5483E-02,-5.900E+00,8.000E-02
-4.5443E-02,-5.900E+00,8.000E-02
-4.5403E-02,-5.900E+00,2.191E-14
-4.5363E-02,-5.900E+00,8.000E-02
-4.5323E-02,-5.900E+00,8.000E-02
-4.5283E-02,-5.900E+00,1.600E-01
-4.5243E-02,-6.100E+00,2.191E-14
-4.5203E-02,-5.900E+00,1.600E-01
-4.5163E-02,-6.100E+00,2.191E-14
-4.5123E-02,-6.100E+00,2.400E-01
-4.5083E-02,-5.700E+00,2.191E-14
-4.5043E-02,-5.900E+00,8.000E-02
-4.5003E-02,-6.100E+00,2.191E-14
-4.4963E-02,-5.900E+00,8.000E-02
-4.4922E-02,-5.900E+00,1.600E-01
-4.4882E-02,-5.900E+00,8.000E-02
-4.4842E-02,-5.900E+00,2.191E-14
-4.4802E-02,-5.900E+00,2.191E-14
-4.4762E-02,-5.900E+00,2.191E-14
-4.4722E-02,-5.900E+00,1.600E-01
-4.4682E-02,-5.900E+00,2.191E-14
-4.4642E-02,-5.900E+00,2.191E-14
-4.4602E-02,-5.700E+00,8.000E-02
-4.4562E-02,-5.900E+00,8.000E-02
-4.4522E-02,-5.900E+00,1.600E-01
-4.4482E-02,-6.100E+00,2.191E-14
-4.4442E-02,-5.900E+00,8.000E-02
-4.4402E-02,-6.100E+00,8.000E-02
-4.4362E-02,-6.100E+00,8.000E-02
-4.4322E-02,-5.900E+00,8.000E-02
-4.4282E-02,-5.900E+00,1.600E-01
-4.4242E-02,-5.900E+00,8.000E-02
-4.4202E-02,-5.700E+00,2.191E-14
-4.4162E-02,-5.900E+00,1.600E-01
-4.4122E-02,-5.900E+00,8.000E-02
-4.4082E-02,-5.900E+00,8.000E-02
-4.4042E-02,-6.100E+00,1.600E-01
-4.4002E-02,-5.900E+00,8.000E-02
-4.3962E-02,-5.900E+00,1.600E-01
-4.3922E-02,-5.900E+00,2.191E-14
-4.3882E-02,-5.900E+00,8.000E-02
-4.3842E-02,-5.900E+00,8.000E-02
-4.3802E-02,-5.900E+00,8.000E-02
-4.3762E-02,-5.900E+00,8.000E-02
-4.3722E-02,-5.900E+00,8.000E-02
-4.3682E-02,-5.900E+00,2.191E-14
-4.3642E-02,-6.100E+00,8.000E-02
-4.3602E-02,-5.900E+00,2.191E-14
-4.3562E-02,-5.700E+00,2.191E-14
-4.3522E-02,-5.900E+00,2.191E-14
-4.3482E-02,-5.900E+00,8.000E-02
-4.3442E-02,-6.100E+00,8.000E-02
-4.3402E-02,-5.700E+00,2.191E-14
-4.3362E-02,-6.100E+00,8.000E-02
-4.3322E-02,-5.900E+00,2.191E-14
-4.3282E-02,-5.900E+00,8.000E-02
-4.3242E-02,-5.900E+00,2.191E-14
-4.3202E-02,-5.700E+00,8.000E-02
-4.3162E-02,-5.900E+00,8.000E-02
-4.3122E-02,-5.900E+00,8.000E-02
-4.3082E-02,-5.900E+00,8.000E-02
-4.3042E-02,-5.900E+00,1.600E-01
-4.3002E-02,-6.100E+00,2.191E-14
-4.2962E-02,-5.900E+00,1.600E-01
-4.2921E-02,-5.900E+00,8.000E-02
-4.2881E-02,-5.900E+00,8.000E-02
-4.2841E-02,-5.900E+00,8.000E-02
-4.2801E-02,-5.900E+00,8.000E-02
-4.2761E-02,-5.900E+00,8.000E-02
-4.2721E-02,-5.900E+00,2.191E-14
-4.2681E-02,-5.900E+00,1.600E-01
-4.2641E-02,-5.900E+00,8.000E-02
-4.2601E-02,-6.100E+00,8.000E-02
-4.2561E-02,-5.900E+00,1.600E-01
-4.2521E-02,-5.900E+00,2.191E-14
-4.2481E-02,-5.700E+00,1.600E-01
-4.2441E-02,-5.700E+00,8.000E-02
-4.2401E-02,-5.900E+00,8.000E-02
-4.2361E-02,-5.900E+00,8.000E-02
-4.2321E-02,-6.100E+00,8.000E-02
-4.2281E-02,-5.900E+00,2.191E-14
-4.2241E-02,-6.100E+00,8.000E-02
-4.2201E-02,-5.900E+00,8.000E-02
-4.2161E-02,-6.100E+00,8.000E-02
-4.2121E-02,-5.900E+00,8.000E-02
-4.2081E-02,-5.900E+00,8.000E-02
-4.2041E-02,-5.700E+00,8.000E-02
-4.2001E-02,-5.900E+00,8.000E-02
-4.1961E-02,-5.900E+00,1.600E-01
-4.1921E-02,-6.100E+00,1.600E-01
-4.1881E-02,-5.900E+00,1.600E-01
-4.1841E-02,-5.900E+00,8.000E-02
-4.1801E-02,-5.900E+00,2.191E-14
-4.1761E-02,-5.900E+00,1.600E-01
-4.1721E-02,-5.700E+00,8.000E-02
-4.1681E-02,-5.900E+00,8.000E-02
-4.1641E-02,-5.900E+00,2.191E-14
-4.1601E-02,-5.700E+00,2.191E-14
-4.1561E-02,-5.900E+00,8.000E-02
-4.1521E-02,-5.900E+00,1.600E-01
-4.1481E-02,-6.100E+00,8.000E-02
-4.1441E-02,-5.900E+00,2.191E-14
-4.1401E-02,-6.100E+00,2.400E-01
-4.1361E-02,-5.900E+00,2.191E-14
-4.1321E-02,-5.900E+00,8.000E-02
-4.1281E-02,-5.900E+00,8.000E-02
-4.1241E-02,-5.900E+00,8.000E-02
-4.1201E-02,-5.900E+00,2.191E-14
-4.1161E-02,-5.900E+00,8.000E-02
-4.1121E-02,-5.900E+00,1.600E-01
-4.1081E-02,-6.100E+00,8.000E-02
-4.1041E-02,-6.100E+00,1.600E-01
-4.1001E-02,-5.900E+00,8.000E-02
-4.0961E-02,-5.900E+00,8.000E-02
-4.0920E-02,-5.900E+00,1.600E-01
-4.0880E-02,-5.900E+00,1.600E-01
-4.0840E-02,-6.100E+00,8.000E-02
-4.0800E-02,-5.900E+00,1.600E-01
-4.0760E-02,-5.900E+00,1.600E-01
-4.0720E-02,-5.900E+00,2.400E-01
-4.0680E-02,-6.100E+00,8.000E-02
-4.0640E-02,-5.900E+00,8.000E-02
-4.0600E-02,-5.900E+00,2.191E-14
-4.0560E-02,-5.900E+00,2.191E-14
-4.0520E-02,-5.700E+00,2.191E-14
-4.0480E-02,-6.100E+00,8.000E-02
-4.0440E-02,-5.900E+00,2.191E-14
-4.0400E-02,-5.700E+00,8.000E-02
-4.0360E-02,-6.100E+00,8.000E-02
-4.0320E-02,-6.100E+00,8.000E-02
-4.0280E-02,-5.900E+00,1.600E-01
-4.0240E-02,-5.700E+00,1.600E-01
-4.0200E-02,-5.700E+00,1.600E-01
-4.0160E-02,-5.900E+00,8.000E-02
-4.0120E-02,-5.700E+00,8.000E-02
-4.0080E-02,-5.900E+00,2.191E-14
-4.0040E-02,-6.100E+00,8.000E-02
-4.0000E-02,-6.100E+00,8.000E-02
-3.9960E-02,-5.900E+00,2.191E-14
-3.9920E-02,-6.100E+00,-8.000E-02
-3.9880E-02,-6.100E+00,2.191E-14
-3.9840E-02,-5.900E+00,8.000E-02
-3.9800E-02,-6.100E+00,8.000E-02
-3.9760E-02,-5.900E+00,8.000E-02
-3.9720E-02,-5.700E+00,1.600E-01
-3.9680E-02,-5.900E+00,8.000E-02
-3.9640E-02,-5.900E+00,1.600E-01
-3.9600E-02,-6.100E+00,2.191E-14
-3.9560E-02,-5.900E+00,2.191E-14
-3.9520E-02,-5.900E+00,8.000E-02
-3.9480E-02,-5.900E+00,8.000E-02
-3.9440E-02,-5.900E+00,1.600E-01
-3.9400E-02,-5.900E+00,2.191E-14
-3.9360E-02,-5.900E+00,1.600E-01
-3.9320E-02,-5.900E+00,1.600E-01
-3.9280E-02,-5.900E+00,8.000E-02
-3.9240E-02,-5.900E+00,2.191E-14
-3.9200E-02,-5.900E+00,1.600E-01
-3.9160E-02,-6.100E+00,8.000E-02
-3.9120E-02,-5.900E+00,2.191E-14
-3.9080E-02,-5.900E+00,8.000E-02
-3.9040E-02,-5.700E+00,8.000E-02
-3.9000E-02,-5.900E+00,8.000E-02
-3.8960E-02,-5.900E+00,2.191E-14
-3.8919E-02,-5.900E+00,8.000E-02
-3.8879E-02,-5.900E+00,8.000E-02
-3.8839E-02,-6.100E+00,1.600E-01
-3.8799E-02,-6.100E+00,8.000E-02
-3.8759E-02,-5.900E+00,2.191E-14
-3.8719E-02,-5.900E+00,2.191E-14
-3.8679E-02,-5.900E+00,8.000E-02
-3.8639E-02,-5.700E+00,8.000E-02
-3.8599E-02,-5.900E+00,8.000E-02
-3.8559E-02,-5.900E+00,8.000E-02
-3.8519E-02,-6.100E+00,8.000E-02
-3.8479E-02,-6.100E+00,1.600E-01
-3.8439E-02,-6.100E+00,2.191E-14
-3.8399E-02,-5.900E+00,2.191E-14
-3.8359E-02,-5.900E+00,1.600E-01
-3.8319E-02,-5.900E+00,2.191E-14
-3.8279E-02,-5.900E+00,1.600E-01
-3.8239E-02,-5.900E+00,8.000E-02
-3.8199E-02,-5.900E+00,-8.000E-02
-3.8159E-02,-6.100E+00,8.000E-02
-3.8119E-02,-6.100E+00,2.191E-14
-3.8079E-02,-5.900E+00,8.000E-02
-3.8039E-02,-5.900E+00,8.000E-02
-3.7999E-02,-5.900E+00,1.600E-01
-3.7959E-02,-5.900E+00,8.000E-02
-3.7919E-02,-5.700E+00,1.600E-01
-3.7879E-02,-5.900E+00,8.000E-02
-3.7839E-02,-5.900E+00,1.600E-01
-3.7799E-02,-5.900E+00,2.191E-14
-3.7759E-02,-5.700E+00,8.000E-02
-3.7719E-02,-5.900E+00,1.600E-01
-3.7679E-02,-6.100E+00,2.191E-14
-3.7639E-02,-5.900E+00,8.000E-02
-3.7599E-02,-5.900E+00,2.191E-14
-3.7559E-02,-5.900E+00,2.191E-14
-3.7519E-02,-5.900E+00,8.000E-02
-3.7479E-02,-5.900E+00,8.000E-02
-3.7439E-02,-6.100E+00,2.191E-14
-3.7399E-02,-5.900E+00,8.000E-02
-3.7359E-02,-6.100E+00,2.191E-14
-3.7319E-02,-5.900E+00,2.191E-14
-3.7279E-02,-5.900E+00,8.000E-02
-3.7239E-02,-5.900E+00,1.600E-01
-3.7199E-02,-5.900E+00,1.600E-01
-3.7159E-02,-5.900E+00,8.000E-02
-3.7119E-02,-5.900E+00,2.400E-01
-3.7079E-02,-5.900E+00,1.600E-01
-3.7039E-02,-5.900E+00,2.191E-14
-3.6999E-02,-6.100E+00,8.000E-02
-3.6959E-02,-5.900E+00,8.000E-02
-3.6918E-02,-5.900E+00,8.000E-02
-3.6878E-02,-5.900E+00,8.000E-02
-3.6838E-02,-6.100E+00,8.000E-02
-3.6798E-02,-5.900E+00,8.000E-02
-3.6758E-02,-5.900E+00,8.000E-02
-3.6718E-02,-5.900E+00,8.000E-02
-3.6678E-02,-5.900E+00,8.000E-02
-3.6638E-02,-5.900E+00,8.000E-02
-3.6598E-02,-5.900E+00,8.000E-02
-3.6558E-02,-5.900E+00,8.000E-02
-3.6518E-02,-5.900E+00,2.191E-14
-3.6478E-02,-5.700E+00,8.000E-02
-3.6438E-02,-5.700E+00,1.600E-01
-3.6398E-02,-5.900E+00,2.191E-14
-3.6358E-02,-5.900E+00,8.000E-02
-3.6318E-02,-5.900E+00,2.191E-14
-3.6278E-02,-5.900E+00,1.600E-01
-3.6238E-02,-6.100E+00,1.600E-01
-3.6198E-02,-6.100E+00,8.000E-02
-3.6158E-02,-5.900E+00,-8.000E-02
-3.6118E-02,-5.900E+00,2.191E-14
-3.6078E-02,-5.700E+00,1.600E-01
-3.6038E-02,-5.900E+00,1.600E-01
-3.5998E-02,-6.100E+00,1.600E-01
-3.5958E-02,-6.100E+00,2.191E-14
-3.5918E-02,-6.100E+00,8.000E-02
-3.5878E-02,-5.900E+00,2.191E-14
-3.5838E-02,-6.100E+00,1.600E-01
-3.5798E-02,-5.900E+00,1.600E-01
-3.5758E-02,-5.700E+00,1.600E-01
-3.5718E-02,-5.900E+00,1.600E-01
-3.5678E-02,-5.900E+00,2.191E-14
-3.5638E-02,-5.900E+00,2.191E-14
-3.5598E-02,-5.900E+00,8.000E-02
-3.5558E-02,-5.900E+00,-8.000E-02
-3.5518E-02,-5.900E+00,8.000E-02
-3.5478E-02,-6.100E+00,2.400E-01
-3.5438E-02,-6.100E+00,8.000E-02
-3.5398E-02,-5.900E+00,1.600E-01
-3.5358E-02,-5.900E+00,2.191E-14
-3.5318E-02,-5.700E+00,2.191E-14
-3.5278E-02,-5.900E+00,8.000E-02
-3.5238E-02,-5.900E+00,1.600E-01
-3.5198E-02,-5.900E+00,8.000E-02
-3.5158E-02,-5.900E+00,8.000E-02
-3.5118E-02,-6.100E+00,8.000E-02
-3.5078E-02,-6.100E+00,2.191E-14
-3.5038E-02,-6.100E+00,8.000E-02
-3.4998E-02,-5.700E+00,8.000E-02
-3.4958E-02,-5.700E+00,2.191E-14
-3.4917E-02,-5.900E+00,2.191E-14
-3.4877E-02,-5.900E+00,2.191E-14
-3.4837E-02,-5.900E+00,8.000E-02
-3.4797E-02,-5.900E+00,1.600E-01
-3.4757E-02,-5.900E+00,2.191E-14
-3.4717E-02,-5.900E+00,8.000E-02
-3.4677E-02,-5.900E+00,2.191E-14
-3.4637E-02,-6.100E+00,1.600E-01
-3.4597E-02,-5.900E+00,8.000E-02
-3.4557E-02,-5.700E+00,8.000E-02
-3.4517E-02,-5.900E+00,8.000E-02
-3.4477E-02,-5.900E+00,1.600E-01
-3.4437E-02,-5.900E+00,2.191E-14
-3.4397E-02,-6.100E+00,2.191E-14
-3.4357E-02,-5.900E+00,8.000E-02
-3.4317E-02,-6.100E+00,8.000E-02
-3.4277E-02,-5.700E+00,8.000E-02
-3.4237E-02,-5.700E+00,2.191E-14
-3.4197E-02,-5.900E+00,8.000E-02
-3.4157E-02,-5.700E+00,1.600E-01
-3.4117E-02,-5.900E+00,8.000E-02
-3.4077E-02,-5.700E+00,8.000E-02
-3.4037E-02,-5.900E+00,1.600E-01
-3.3997E-02,-5.900E+00,1.600E-01
-3.3957E-02,-5.900E+00,1.600E-01
-3.3917E-02,-5.900E+00,1.600E-01
-3.3877E-02,-5.900E+00,-8.000E-02
-3.3837E-02,-5.700E+00,2.191E-14
-3.3797E-02,-5.900E+00,2.191E-14
-3.3757E-02,-6.100E+00,1.600E-01
-3.3717E-02,-5.700E+00,1.600E-01
-3.3677E-02,-5.900E+00,8.000E-02
-3.3637E-02,-6.100E+00,8.000E-02
-3.3597E-02,-6.100E+00,2.400E-01
-3.3557E-02,-5.900E+00,8.000E-02
-3.3517E-02,-5.900E+00,1.600E-01
-3.3477E-02,-5.900E+00,1.600E-01
-3.3437E-02,-5.700E+00,8.000E-02
-3.3397E-02,-5.700E+00,8.000E-02
-3.3357E-02,-5.900E+00,8.000E-02
-3.3317E-02,-5.900E+00,1.600E-01
-3.3277E-02,-5.900E+00,8.000E-02
-3.3237E-02,-6.100E+00,8.000E-02
-3.3197E-02,-5.900E+00,8.000E-02
-3.3157E-02,-5.700E+00,2.191E-14
-3.3117E-02,-5.900E+00,8.000E-02
-3.3077E-02,-5.900E+00,2.191E-14
-3.3037E-02,-5.900E+00,8.000E-02
-3.2997E-02,-5.900E+00,1.600E-01
-3.2957E-02,-5.900E+00,1.600E-01
-3.2916E-02,-6.100E+00,2.191E-14
-3.2876E-02,-5.900E+00,8.000E-02
-3.2836E-02,-6.100E+00,2.191E-14
-3.2796E-02,-5.900E+00,1.600E-01
-3.2756E-02,-5.700E+00,1.600E-01
-3.2716E-02,-5.900E+00,1.600E-01
-3.2676E-02,-5.900E+00,2.191E-14
-3.2636E-02,-5.700E+00,1.600E-01
-3.2596E-02,-5.900E+00,1.600E-01
-3.2556E-02,-5.900E+00,8.000E-02
-3.2516E-02,-5.900E+00,8.000E-02
-3.2476E-02,-5.900E+00,2.191E-14
-3.2436E-02,-5.700E+00,8.000E-02
-3.2396E-02,-5.900E+00,8.000E-02
-3.2356E-02,-5.700E+00,8.000E-02
-3.2316E-02,-5.900E+00,1.600E-01
-3.2276E-02,-5.900E+00,8.000E-02
-3.2236E-02,-6.100E+00,8.000E-02
-3.2196E-02,-6.100E+00,8.000E-02
-3.2156E-02,-5.900E+00,2.191E-14
-3.2116E-02,-6.100E+00,8.000E-02
-3.2076E-02,-5.900E+00,-8.000E-02
-3.2036E-02,-5.900E+00,2.191E-14
-3.1996E-02,-5.900E+00,8.000E-02
-3.1956E-02,-5.900E+00,8.000E-02
-3.1916E-02,-5.900E+00,1.600E-01
-3.1876E-02,-6.100E+00,8.000E-02
-3.1836E-02,-5.900E+00,3.200E-01
-3.1796E-02,-5.900E+00,1.600E-01
-3.1756E-02,-5.900E+00,8.000E-02
-3.1716E-02,-6.100E+00,2.191E-14
-3.1676E-02,-5.700E+00,2.191E-14
-3.1636E-02,-5.700E+00,2.400E-01
-3.1596E-02,-5.900E+00,2.191E-14
-3.1556E-02,-5.900E+00,-8.000E-02
-3.1516E-02,-5.900E+00,2.191E-14
-3.1476E-02,-6.100E+00,8.000E-02
-3.1436E-02,-6.100E+00,8.000E-02
-3.1396E-02,-5.900E+00,8.000E-02
-3.1356E-02,-5.900E+00,1.600E-01
-3.1316E-02,-5.700E+00,1.600E-01
-3.1276E-02,-5.900E+00,-8.000E-02
-3.1236E-02,-5.900E+00,8.000E-02
-3.1196E-02,-5.700E+00,8.000E-02
-3.1156E-02,-5.900E+00,8.000E-02
-3.1116E-02,-6.100E+00,1.600E-01
-3.1076E-02,-6.100E+00,2.191E-14
-3.1036E-02,-5.900E+00,8.000E-02
-3.0996E-02,-6.100E+00,8.000E-02
-3.0956E-02,-5.900E+00,8.000E-02
-3.0915E-02,-5.700E+00,8.000E-02
-3.0875E-02,-5.900E+00,1.600E-01
-3.0835E-02,-5.900E+00,8.000E-02
-3.0795E-02,-5.900E+00,1.600E-01
-3.0755E-02,-5.900E+00,-8.000E-02
-3.0715E-02,-5.900E+00,8.000E-02
-3.0675E-02,-6.100E+00,8.000E-02
-3.0635E-02,-6.100E+00,8.000E-02
-3.0595E-02,-6.100E+00,1.600E-01
-3.0555E-02,-5.900E+00,1.600E-01
-3.0515E-02,-5.900E+00,8.000E-02
-3.0475E-02,-6.100E+00,8.000E-02
-3.0435E-02,-5.900E+00,8.000E-02
-3.0395E-02,-5.900E+00,2.191E-14
-3.0355E-02,-6.100E+00,-8.000E-02
-3.0315E-02,-6.100E+00,8.000E-02
-3.0275E-02,-6.100E+00,8.000E-02
-3.0235E-02,-6.100E+00,2.191E-14
-3.0195E-02,-5.900E+00,8.000E-02
-3.0155E-02,-5.900E+00,2.191E-14
-3.0115E-02,-5.700E+00,8.000E-02
-3.0075E-02,-5.700E+00,2.191E-14
-3.0035E-02,-5.900E+00,8.000E-02
-2.9995E-02,-5.900E+00,8.000E-02
-2.9955E-02,-5.900E+00,8.000E-02
-2.9915E-02,-6.100E+00,8.000E-02
-2.9875E-02,-6.100E+00,8.000E-02
-2.9835E-02,-5.700E+00,8.000E-02
-2.9795E-02,-5.900E+00,1.600E-01
-2.9755E-02,-5.700E+00,8.000E-02
-2.9715E-02,-5.900E+00,8.000E-02
-2.9675E-02,-5.900E+00,2.400E-01
-2.9635E-02,-6.100E+00,2.191E-14
-2.9595E-02,-5.900E+00,2.191E-14
-2.9555E-02,-5.900E+00,8.000E-02
-2.9515E-02,-5.900E+00,1.600E-01
-2.9475E-02,-5.900E+00,8.000E-02
-2.9435E-02,-5.900E+00,8.000E-02
-2.9395E-02,-5.900E+00,2.191E-14
-2.9355E-02,-5.700E+00,2.191E-14
-2.9315E-02,-5.900E+00,8.000E-02
-2.9275E-02,-5.900E+00,1.600E-01
-2.9235E-02,-5.700E+00,8.000E-02
-2.9195E-02,-6.100E+00,2.191E-14
-2.9155E-02,-6.100E+00,2.191E-14
-2.9115E-02,-6.100E+00,1.600E-01
-2.9075E-02,-5.900E+00,8.000E-02
-2.9035E-02,-5.700E+00,2.191E-14
-2.8995E-02,-5.700E+00,2.191E-14
-2.8955E-02,-6.100E+00,8.000E-02
-2.8914E-02,-5.900E+00,8.000E-02
-2.8874E-02,-5.900E+00,1.600E-01
-2.8834E-02,-5.900E+00,2.191E-14
-2.8794E-02,-5.900E+00,8.000E-02
-2.8754E-02,-6.300E+00,8.000E-02
-2.8714E-02,-5.900E+00,2.191E-14
-2.8674E-02,-5.900E+00,8.000E-02
-2.8634E-02,-5.700E+00,8.000E-02
-2.8594E-02,-5.900E+00,2.191E-14
-2.8554E-02,-5.900E+00,1.600E-01
-2.8514E-02,-5.900E+00,1.600E-01
-2.8474E-02,-5.900E+00,8.000E-02
-2.8434E-02,-5.900E+00,1.600E-01
-2.8394E-02,-5.900E+00,1.600E-01
-2.8354E-02,-5.900E+00,2.191E-14
-2.8314E-02,-5.900E+00,8.000E-02
-2.8274E-02,-5.900E+00,2.191E-14
-2.8234E-02,-5.900E+00,2.400E-01
-2.8194E-02,-5.900E+00,2.400E-01
-2.8154E-02,-5.900E+00,8.000E-02
-2.8114E-02,-6.100E+00,8.000E-02
-2.8074E-02,-5.900E+00,1.600E-01
-2.8034E-02,-6.100E+00,8.000E-02
-2.7994E-02,-5.900E+00,8.000E-02
-2.7954E-02,-5.900E+00,1.600E-01
-2.7914E-02,-5.700E+00,2.191E-14
-2.7874E-02,-5.900E+00,8.000E-02
-2.7834E-02,-5.900E+00,8.000E-02
-2.7794E-02,-5.900E+00,8.000E-02
-2.7754E-02,-5.500E+00,8.000E-02
-2.7714E-02,-5.900E+00,8.000E-02
-2.7674E-02,-5.900E+00,8.000E-02
-2.7634E-02,-6.100E+00,1.600E-01
-2.7594E-02,-5.900E+00,8.000E-02
-2.7554E-02,-5.900E+00,2.191E-14
-2.7514E-02,-5.900E+00,8.000E-02
-2.7474E-02,-5.900E+00,2.191E-14
-2.7434E-02,-5.900E+00,1.600E-01
-2.7394E-02,-6.100E+00,8.000E-02
-2.7354E-02,-5.900E+00,8.000E-02
-2.7314E-02,-5.900E+00,2.191E-14
-2.7274E-02,-6.100E+00,2.191E-14
-2.7234E-02,-5.900E+00,8.000E-02
-2.7194E-02,-5.900E+00,8.000E-02
-2.7154E-02,-5.700E+00,2.191E-14
-2.7114E-02,-5.900E+00,2.191E-14
-2.7074E-02,-5.900E+00,2.191E-14
-2.7034E-02,-5.700E+00,8.000E-02
-2.6994E-02,-6.100E+00,8.000E-02
-2.6954E-02,-5.900E+00,8.000E-02
-2.6913E-02,-5.900E+00,1.600E-01
-2.6873E-02,-5.900E+00,1.600E-01
-2.6833E-02,-5.900E+00,8.000E-02
-2.6793E-02,-5.900E+00,2.191E-14
-2.6753E-02,-5.900E+00,8.000E-02
-2.6713E-02,-5.900E+00,1.600E-01
-2.6673E-02,-5.900E+00,1.600E-01
-2.6633E-02,-5.900E+00,-8.000E-02
-2.6593E-02,-5.900E+00,8.000E-02
-2.6553E-02,-6.100E+00,1.600E-01
-2.6513E-02,-5.900E+00,2.191E-14
-2.6473E-02,-5.900E+00,8.000E-02
-2.6433E-02,-5.900E+00,8.000E-02
-2.6393E-02,-5.700E+00,1.600E-01
-2.6353E-02,-5.900E+00,2.191E-14
-2.6313E-02,-5.900E+00,2.191E-14
-2.6273E-02,-5.900E+00,1.600E-01
-2.6233E-02,-6.100E+00,1.600E-01
-2.6193E-02,-5.900E+00,1.600E-01
-2.6153E-02,-5.900E+00,1.600E-01
-2.6113E-02,-6.100E+00,8.000E-02
-2.6073E-02,-5.900E+00,2.191E-14
-2.6033E-02,-5.700E+00,8.000E-02
-2.5993E-02,-5.900E+00,2.191E-14
-2.5953E-02,-5.900E+00,2.191E-14
-2.5913E-02,-5.900E+00,8.000E-02
-2.5873E-02,-5.900E+00,2.191E-14
-2.5833E-02,-6.100E+00,1.600E-01
-2.5793E-02,-6.100E+00,8.000E-02
-2.5753E-02,-5.900E+00,2.191E-14
-2.5713E-02,-5.900E+00,1.600E-01
-2.5673E-02,-5.900E+00,2.191E-14
-2.5633E-02,-5.900E+00,8.000E-02
-2.5593E-02,-5.900E+00,8.000E-02
-2.5553E-02,-5.900E+00,8.000E-02
-2.5513E-02,-5.900E+00,8.000E-02
-2.5473E-02,-5.900E+00,2.191E-14
-2.5433E-02,-5.900E+00,8.000E-02
-2.5393E-02,-5.900E+00,8.000E-02
-2.5353E-02,-5.900E+00,8.000E-02
-2.5313E-02,-5.700E+00,1.600E-01
-2.5273E-02,-5.700E+00,1.600E-01
-2.5233E-02,-5.900E+00,8.000E-02
-2.5193E-02,-5.900E+00,8.000E-02
-2.5153E-02,-6.100E+00,8.000E-02
-2.5113E-02,-5.900E+00,8.000E-02
-2.5073E-02,-5.900E+00,1.600E-01
-2.5033E-02,-5.900E+00,-8.000E-02
-2.4993E-02,-5.900E+00,8.000E-02
-2.4953E-02,-5.700E+00,8.000E-02
-2.4912E-02,-5.900E+00,1.600E-01
-2.4872E-02,-5.700E+00,8.000E-02
-2.4832E-02,-5.700E+00,8.000E-02
-2.4792E-02,-5.900E+00,8.000E-02
-2.4752E-02,-6.100E+00,1.600E-01
-2.4712E-02,-6.100E+00,2.191E-14
-2.4672E-02,-6.100E+00,8.000E-02
-2.4632E-02,-6.100E+00,2.191E-14
-2.4592E-02,-5.900E+00,8.000E-02
-2.4552E-02,-5.500E+00,8.000E-02
-2.4512E-02,-5.900E+00,8.000E-02
-2.4472E-02,-5.700E+00,2.191E-14
-2.4432E-02,-5.700E+00,8.000E-02
-2.4392E-02,-5.900E+00,2.191E-14
-2.4352E-02,-5.900E+00,2.191E-14
-2.4312E-02,-5.900E+00,8.000E-02
-2.4272E-02,-5.900E+00,8.000E-02
-2.4232E-02,-5.900E+00,8.000E-02
-2.4192E-02,-5.900E+00,1.600E-01
-2.4152E-02,-5.700E+00,8.000E-02
-2.4112E-02,-5.900E+00,1.600E-01
-2.4072E-02,-5.900E+00,1.600E-01
-2.4032E-02,-5.900E+00,8.000E-02
-2.3992E-02,-5.900E+00,8.000E-02
-2.3952E-02,-6.100E+00,8.000E-02
-2.3912E-02,-5.900E+00,2.191E-14
-2.3872E-02,-5.900E+00,8.000E-02
-2.3832E-02,-5.900E+00,8.000E-02
-2.3792E-02,-5.700E+00,2.191E-14
-2.3752E-02,-5.900E+00,8.000E-02
-2.3712E-02,-5.900E+00,1.600E-01
-2.3672E-02,-5.700E+00,8.000E-02
-2.3632E-02,-5.900E+00,8.000E-02
-2.3592E-02,-5.900E+00,2.191E-14
-2.3552E-02,-6.100E+00,2.191E-14
-2.3512E-02,-5.700E+00,1.600E-01
-2.3472E-02,-5.900E+00,8.000E-02
-2.3432E-02,-5.900E+00,8.000E-02
-2.3392E-02,-5.900E+00,8.000E-02
-2.3352E-02,-5.900E+00,1.600E-01
-2.3312E-02,-5.900E+00,8.000E-02
-2.3272E-02,-5.700E+00,8.000E-02
-2.3232E-02,-6.100E+00,2.191E-14
-2.3192E-02,-6.100E+00,8.000E-02
-2.3152E-02,-6.100E+00,2.191E-14
-2.3112E-02,-5.700E+00,8.000E-02
-2.3072E-02,-5.900E+00,2.191E-14
-2.3032E-02,-5.900E+00,8.000E-02
-2.2992E-02,-5.900E+00,2.400E-01
-2.2952E-02,-5.900E+00,1.600E-01
-2.2911E-02,-6.100E+00,1.600E-01
-2.2871E-02,-5.900E+00,8.000E-02
-2.2831E-02,-6.100E+00,1.600E-01
-2.2791E-02,-6.100E+00,1.600E-01
-2.2751E-02,-6.100E+00,8.000E-02
-2.2711E-02,-5.900E+00,8.000E-02
-2.2671E-02,-5.900E+00,2.191E-14
-2.2631E-02,-5.900E+00,2.191E-14
-2.2591E-02,-5.900E+00,-8.000E-02
-2.2551E-02,-5.900E+00,2.191E-14
-2.2511E-02,-5.900E+00,8.000E-02
-2.2471E-02,-6.100E+00,8.000E-02
-2.2431E-02,-6.100E+00,8.000E-02
-2.2391E-02,-6.100E+00,1.600E-01
-2.2351E-02,-5.900E+00,8.000E-02
-2.2311E-02,-5.700E+00,8.000E-02
-2.2271E-02,-5.900E+00,1.600E-01
-2.2231E-02,-5.900E+00,8.000E-02
-2.2191E-02,-5.900E+00,8.000E-02
-2.2151E-02,-5.900E+00,1.600E-01
-2.2111E-02,-5.700E+00,1.600E-01
-2.2071E-02,-5.900E+00,1.600E-01
-2.2031E-02,-5.900E+00,8.000E-02
-2.1991E-02,-5.900E+00,1.600E-01
-2.1951E-02,-5.900E+00,2.191E-14
-2.1911E-02,-5.700E+00,8.000E-02
-2.1871E-02,-5.900E+00,1.600E-01
-2.1831E-02,-5.900E+00,8.000E-02
-2.1791E-02,-5.900E+00,8.000E-02
-2.1751E-02,-6.100E+00,2.191E-14
-2.1711E-02,-5.900E+00,8.000E-02
-2.1671E-02,-5.900E+00,2.400E-01
-2.1631E-02,-5.900E+00,8.000E-02
-2.1591E-02,-5.900E+00,2.191E-14
-2.1551E-02,-5.700E+00,8.000E-02
-2.1511E-02,-5.900E+00,2.400E-01
-2.1471E-02,-5.900E+00,8.000E-02
-2.1431E-02,-5.900E+00,2.191E-14
-2.1391E-02,-6.100E+00,1.600E-01
-2.1351E-02,-5.900E+00,2.191E-14
-2.1311E-02,-5.900E+00,8.000E-02
-2.1271E-02,-5.900E+00,1.600E-01
-2.1231E-02,-5.700E+00,2.191E-14
-2.1191E-02,-5.900E+00,8.000E-02
-2.1151E-02,-5.900E+00,8.000E-02
-2.1111E-02,-5.700E+00,-8.000E-02
-2.1071E-02,-5.900E+00,8.000E-02
-2.1031E-02,-5.900E+00,1.600E-01
-2.0991E-02,-6.100E+00,8.000E-02
-2.0951E-02,-5.900E+00,8.000E-02
-2.0910E-02,-6.100E+00,8.000E-02
-2.0870E-02,-5.900E+00,8.000E-02
-2.0830E-02,-5.900E+00,1.600E-01
-2.0790E-02,-5.700E+00,8.000E-02
-2.0750E-02,-5.900E+00,1.600E-01
-2.0710E-02,-5.700E+00,8.000E-02
-2.0670E-02,-5.900E+00,2.191E-14
-2.0630E-02,-5.900E+00,8.000E-02
-2.0590E-02,-5.900E+00,8.000E-02
-2.0550E-02,-5.900E+00,8.000E-02
-2.0510E-02,-5.900E+00,8.000E-02
-2.0470E-02,-5.900E+00,8.000E-02
-2.0430E-02,-5.900E+00,8.000E-02
-2.0390E-02,-5.700E+00,1.600E-01
-2.0350E-02,-5.900E+00,8.000E-02
-2.0310E-02,-5.900E+00,2.400E-01
-2.0270E-02,-5.900E+00,8.000E-02
-2.0230E-02,-6.100E+00,8.000E-02
-2.0190E-02,-6.100E+00,8.000E-02
-2.0150E-02,-5.900E+00,8.000E-02
-2.0110E-02,-5.900E+00,8.000E-02
-2.0070E-02,-5.900E+00,2.191E-14
-2.0030E-02,-5.900E+00,2.191E-14
-1.9990E-02,-5.700E+00,8.000E-02
-1.9950E-02,-5.900E+00,8.000E-02
-1.9910E-02,-5.700E+00,2.191E-14
-1.9870E-02,-6.100E+00,8.000E-02
-1.9830E-02,-6.100E+00,2.191E-14
-1.9790E-02,-5.900E+00,2.191E-14
-1.9750E-02,-5.900E+00,1.600E-01
-1.9710E-02,-6.100E+00,1.600E-01
-1.9670E-02,-5.900E+00,8.000E-02
-1.9630E-02,-5.900E+00,8.000E-02
-1.9590E-02,-5.900E+00,8.000E-02
-1.9550E-02,-5.900E+00,2.191E-14
-1.9510E-02,-5.900E+00,1.600E-01
-1.9470E-02,-6.100E+00,8.000E-02
-1.9430E-02,-6.100E+00,1.600E-01
-1.9390E-02,-6.100E+00,2.191E-14
-1.9350E-02,-5.700E+00,1.600E-01
-1.9310E-02,-5.700E+00,2.191E-14
-1.9270E-02,-5.700E+00,2.191E-14
-1.9230E-02,-5.900E+00,2.191E-14
-1.9190E-02,-5.900E+00,1.600E-01
-1.9150E-02,-5.900E+00,1.600E-01
-1.9110E-02,-5.900E+00,8.000E-02
-1.9070E-02,-6.100E+00,1.600E-01
-1.9030E-02,-6.100E+00,8.000E-02
-1.8990E-02,-5.900E+00,1.600E-01
-1.8950E-02,-5.900E+00,8.000E-02
-1.8909E-02,-6.100E+00,8.000E-02
-1.8869E-02,-5.900E+00,1.600E-01
-1.8829E-02,-5.900E+00,2.191E-14
-1.8789E-02,-6.100E+00,8.000E-02
-1.8749E-02,-5.900E+00,2.191E-14
-1.8709E-02,-5.900E+00,8.000E-02
-1.8669E-02,-6.100E+00,8.000E-02
-1.8629E-02,-5.700E+00,8.000E-02
-1.8589E-02,-5.700E+00,2.400E-01
-1.8549E-02,-5.700E+00,2.191E-14
-1.8509E-02,-5.700E+00,2.191E-14
-1.8469E-02,-5.700E+00,2.191E-14
-1.8429E-02,-5.900E+00,8.000E-02
-1.8389E-02,-6.100E+00,8.000E-02
-1.8349E-02,-5.900E+00,8.000E-02
-1.8309E-02,-5.900E+00,8.000E-02
-1.8269E-02,-5.900E+00,1.600E-01
-1.8229E-02,-5.900E+00,8.000E-02
-1.8189E-02,-5.900E+00,1.600E-01
-1.8149E-02,-5.900E+00,8.000E-02
-1.8109E-02,-5.900E+00,1.600E-01
-1.8069E-02,-5.900E+00,2.191E-14
-1.8029E-02,-5.900E+00,8.000E-02
-1.7989E-02,-5.900E+00,8.000E-02
-1.7949E-02,-6.100E+00,1.600E-01
-1.7909E-02,-5.900E+00,1.600E-01
-1.7869E-02,-5.700E+00,2.191E-14
-1.7829E-02,-5.700E+00,1.600E-01
-1.7789E-02,-5.900E+00,1.600E-01
-1.7749E-02,-5.900E+00,2.191E-14
-1.7709E-02,-5.900E+00,8.000E-02
-1.7669E-02,-5.900E+00,2.191E-14
-1.7629E-02,-6.100E+00,1.600E-01
-1.7589E-02,-6.100E+00,8.000E-02
-1.7549E-02,-6.100E+00,1.600E-01
-1.7509E-02,-5.900E+00,8.000E-02
-1.7469E-02,-5.900E+00,2.191E-14
-1.7429E-02,-5.700E+00,2.400E-01
-1.7389E-02,-5.700E+00,8.000E-02
-1.7349E-02,-5.900E+00,8.000E-02
-1.7309E-02,-5.900E+00,2.191E-14
-1.7269E-02,-5.900E+00,8.000E-02
-1.7229E-02,-5.900E+00,1.600E-01
-1.7189E-02,-6.100E+00,1.600E-01
-1.7149E-02,-5.900E+00,8.000E-02
-1.7109E-02,-5.900E+00,8.000E-02
-1.7069E-02,-5.700E+00,2.191E-14
-1.7029E-02,-5.900E+00,8.000E-02
-1.6989E-02,-5.900E+00,1.600E-01
-1.6949E-02,-5.900E+00,8.000E-02
-1.6908E-02,-5.900E+00,2.191E-14
-1.6868E-02,-5.900E+00,8.000E-02
-1.6828E-02,-6.100E+00,2.191E-14
-1.6788E-02,-5.900E+00,2.191E-14
-1.6748E-02,-5.900E+00,1.600E-01
-1.6708E-02,-5.900E+00,8.000E-02
-1.6668E-02,-5.900E+00,8.000E-02
-1.6628E-02,-5.700E+00,8.000E-02
-1.6588E-02,-5.900E+00,8.000E-02
-1.6548E-02,-5.900E+00,8.000E-02
-1.6508E-02,-5.900E+00,1.600E-01
-1.6468E-02,-6.100E+00,8.000E-02
-1.6428E-02,-5.900E+00,8.000E-02
-1.6388E-02,-5.900E+00,1.600E-01
-1.6348E-02,-5.900E+00,8.000E-02
-1.6308E-02,-5.700E+00,8.000E-02
-1.6268E-02,-5.900E+00,2.191E-14
-1.6228E-02,-5.900E+00,8.000E-02
-1.6188E-02,-5.900E+00,8.000E-02
-1.6148E-02,-5.900E+00,8.000E-02
-1.6108E-02,-6.100E+00,8.000E-02
-1.6068E-02,-6.100E+00,8.000E-02
-1.6028E-02,-5.900E+00,-8.000E-02
-1.5988E-02,-5.900E+00,1.600E-01
-1.5948E-02,-5.900E+00,2.191E-14
-1.5908E-02,-5.900E+00,8.000E-02
-1.5868E-02,-5.900E+00,8.000E-02
-1.5828E-02,-5.900E+00,1.600E-01
-1.5788E-02,-6.100E+00,8.000E-02
-1.5748E-02,-5.900E+00,2.191E-14
-1.5708E-02,-6.100E+00,8.000E-02
-1.5668E-02,-6.100E+00,2.191E-14
-1.5628E-02,-5.900E+00,8.000E-02
-1.5588E-02,-5.900E+00,8.000E-02
-1.5548E-02,-5.900E+00,2.191E-14
-1.5508E-02,-5.900E+00,8.000E-02
-1.5468E-02,-5.900E+00,8.000E-02
-1.5428E-02,-6.100E+00,8.000E-02
-1.5388E-02,-5.900E+00,8.000E-02
-1.5348E-02,-6.100E+00,-8.000E-02
-1.5308E-02,-5.900E+00,-8.000E-02
-1.5268E-02,-6.100E+00,2.191E-14
-1.5228E-02,-5.900E+00,1.600E-01
-1.5188E-02,-5.700E+00,8.000E-02
-1.5148E-02,-5.700E+00,8.000E-02
-1.5108E-02,-5.900E+00,8.000E-02
-1.5068E-02,-5.900E+00,8.000E-02
-1.5028E-02,-5.900E+00,1.600E-01
-1.4988E-02,-5.900E+00,8.000E-02
-1.4948E-02,-5.900E+00,8.000E-02
-1.4907E-02,-5.900E+00,8.000E-02
-1.4867E-02,-5.900E+00,8.000E-02
-1.4827E-02,-5.700E+00,2.191E-14
-1.4787E-02,-5.900E+00,8.000E-02
-1.4747E-02,-5.900E+00,2.191E-14
-1.4707E-02,-5.900E+00,8.000E-02
-1.4667E-02,-5.900E+00,8.000E-02
-1.4627E-02,-6.100E+00,8.000E-02
-1.4587E-02,-5.900E+00,2.191E-14
-1.4547E-02,-5.700E+00,8.000E-02
-1.4507E-02,-5.700E+00,8.000E-02
-1.4467E-02,-5.700E+00,8.000E-02
-1.4427E-02,-5.900E+00,8.000E-02
-1.4387E-02,-5.900E+00,8.000E-02
-1.4347E-02,-5.900E+00,2.191E-14
-1.4307E-02,-6.100E+00,8.000E-02
-1.4267E-02,-6.100E+00,2.191E-14
-1.4227E-02,-6.100E+00,8.000E-02
-1.4187E-02,-6.100E+00,8.000E-02
-1.4147E-02,-5.900E+00,1.600E-01
-1.4107E-02,-5.900E+00,8.000E-02
-1.4067E-02,-5.900E+00,8.000E-02
-1.4027E-02,-5.700E+00,2.191E-14
-1.3987E-02,-5.700E+00,-8.000E-02
-1.3947E-02,-5.900E+00,8.000E-02
-1.3907E-02,-6.100E+00,2.191E-14
-1.3867E-02,-6.100E+00,8.000E-02
-1.3827E-02,-5.900E+00,8.000E-02
-1.3787E-02,-5.900E+00,2.191E-14
-1.3747E-02,-5.900E+00,8.000E-02
-1.3707E-02,-5.900E+00,8.000E-02
-1.3667E-02,-5.900E+00,1.600E-01
-1.3627E-02,-6.100E+00,8.000E-02
-1.3587E-02,-5.900E+00,8.000E-02
-1.3547E-02,-6.100E+00,8.000E-02
-1.3507E-02,-5.900E+00,2.191E-14
-1.3467E-02,-6.100E+00,-8.000E-02
-1.3427E-02,-5.900E+00,1.600E-01
-1.3387E-02,-5.900E+00,8.000E-02
-1.3347E-02,-5.700E+00,2.191E-14
-1.3307E-02,-5.900E+00,1.600E-01
-1.3267E-02,-5.900E+00,8.000E-02
-1.3227E-02,-6.100E+00,8.000E-02
-1.3187E-02,-5.900E+00,1.600E-01
-1.3147E-02,-5.900E+00,2.191E-14
-1.3107E-02,-6.100E+00,8.000E-02
-1.3067E-02,-5.900E+00,8.000E-02
-1.3027E-02,-5.700E+00,8.000E-02
-1.2987E-02,-5.900E+00,2.191E-14
-1.2947E-02,-5.900E+00,8.000E-02
-1.2906E-02,-5.900E+00,2.191E-14
-1.2866E-02,-6.100E+00,8.000E-02
-1.2826E-02,-6.100E+00,8.000E-02
-1.2786E-02,-5.900E+00,8.000E-02
-1.2746E-02,-6.100E+00,1.600E-01
-1.2706E-02,-6.100E+00,8.000E-02
-1.2666E-02,-5.700E+00,1.600E-01
-1.2626E-02,-5.900E+00,8.000E-02
-1.2586E-02,-5.900E+00,2.191E-14
-1.2546E-02,-5.900E+00,8.000E-02
-1.2506E-02,-5.900E+00,1.600E-01
-1.2466E-02,-6.100E+00,2.191E-14
-1.2426E-02,-6.100E+00,8.000E-02
-1.2386E-02,-6.100E+00,2.191E-14
-1.2346E-02,-6.100E+00,8.000E-02
-1.2306E-02,-5.900E+00,1.600E-01
-1.2266E-02,-5.700E+00,8.000E-02
-1.2226E-02,-5.900E+00,8.000E-02
-1.2186E-02,-5.900E+00,8.000E-02
-1.2146E-02,-5.900E+00,1.600E-01
-1.2106E-02,-6.100E+00,8.000E-02
-1.2066E-02,-6.100E+00,1.600E-01
-1.2026E-02,-6.100E+00,8.000E-02
-1.1986E-02,-5.900E+00,2.400E-01
-1.1946E-02,-5.900E+00,2.191E-14
-1.1906E-02,-5.700E+00,8.000E-02
-1.1866E-02,-5.900E+00,1.600E-01
-1.1826E-02,-5.900E+00,8.000E-02
-1.1786E-02,-5.900E+00,1.600E-01
-1.1746E-02,-5.900E+00,1.600E-01
-1.1706E-02,-6.100E+00,2.191E-14
-1.1666E-02,-6.100E+00,8.000E-02
-1.1626E-02,-6.100E+00,1.600E-01
-1.1586E-02,-5.900E+00,2.191E-14
-1.1546E-02,-5.900E+00,8.000E-02
-1.1506E-02,-5.500E+00,1.600E-01
-1.1466E-02,-5.900E+00,8.000E-02
-1.1426E-02,-5.900E+00,8.000E-02
-1.1386E-02,-6.100E+00,8.000E-02
-1.1346E-02,-6.100E+00,-8.000E-02
-1.1306E-02,-6.100E+00,1.600E-01
-1.1266E-02,-6.100E+00,2.191E-14
-1.1226E-02,-5.900E+00,8.000E-02
-1.1186E-02,-5.900E+00,2.400E-01
-1.1146E-02,-5.700E+00,2.191E-14
-1.1106E-02,-5.900E+00,8.000E-02
-1.1066E-02,-5.900E+00,2.191E-14
-1.1026E-02,-6.100E+00,8.000E-02
-1.0986E-02,-5.700E+00,8.000E-02
-1.0946E-02,-5.900E+00,8.000E-02
-1.0905E-02,-5.900E+00,8.000E-02
-1.0865E-02,-5.900E+00,2.400E-01
-1.0825E-02,-5.900E+00,1.600E-01
-1.0785E-02,-5.700E+00,2.191E-14
-1.0745E-02,-5.900E+00,2.191E-14
-1.0705E-02,-5.900E+00,8.000E-02
-1.0665E-02,-5.900E+00,2.191E-14
-1.0625E-02,-5.900E+00,8.000E-02
-1.0585E-02,-5.700E+00,8.000E-02
-1.0545E-02,-5.900E+00,8.000E-02
-1.0505E-02,-5.900E+00,8.000E-02
-1.0465E-02,-5.900E+00,2.191E-14
-1.0425E-02,-5.900E+00,2.191E-14
-1.0385E-02,-5.900E+00,1.600E-01
-1.0345E-02,-5.900E+00,2.400E-01
-1.0305E-02,-5.900E+00,8.000E-02
-1.0265E-02,-5.900E+00,8.000E-02
-1.0225E-02,-5.900E+00,8.000E-02
-1.0185E-02,-5.900E+00,2.191E-14
-1.0145E-02,-5.900E+00,8.000E-02
-1.0105E-02,-6.100E+00,8.000E-02
-1.0065E-02,-5.900E+00,1.600E-01
-1.0025E-02,-5.900E+00,2.191E-14
-9.9850E-03,-5.900E+00,1.600E-01
-9.9450E-03,-5.900E+00,-8.000E-02
-9.9050E-03,-5.900E+00,8.000E-02
-9.8650E-03,-6.100E+00,2.191E-14
-9.8250E-03,-5.900E+00,8.000E-02
-9.7849E-03,-6.100E+00,8.000E-02
-9.7449E-03,-5.900E+00,1.600E-01
-9.7049E-03,-6.100E+00,1.600E-01
-9.6649E-03,-5.700E+00,2.191E-14
-9.6249E-03,-5.900E+00,1.600E-01
-9.5848E-03,-5.900E+00,8.000E-02
-9.5448E-03,-5.900E+00,8.000E-02
-9.5048E-03,-5.900E+00,8.000E-02
-9.4648E-03,-5.900E+00,1.600E-01
-9.4248E-03,-5.900E+00,8.000E-02
-9.3847E-03,-6.100E+00,8.000E-02
-9.3447E-03,-6.100E+00,8.000E-02
-9.3047E-03,-5.700E+00,8.000E-02
-9.2647E-03,-5.700E+00,1.600E-01
-9.2247E-03,-6.100E+00,8.000E-02
-9.1846E-03,-5.900E+00,8.000E-02
-9.1446E-03,-5.900E+00,8.000E-02
-9.1046E-03,-5.900E+00,8.000E-02
-9.0646E-03,-5.900E+00,1.600E-01
-9.0246E-03,-5.900E+00,8.000E-02
-8.9845E-03,-5.900E+00,8.000E-02
-8.9445E-03,-5.900E+00,8.000E-02
-8.9045E-03,-5.900E+00,2.191E-14
-8.8645E-03,-5.900E+00,8.000E-02
-8.8245E-03,-5.900E+00,8.000E-02
-8.7844E-03,-5.900E+00,2.191E-14
-8.7444E-03,-5.900E+00,8.000E-02
-8.7044E-03,-5.900E+00,2.191E-14
-8.6644E-03,-6.100E+00,2.191E-14
-8.6244E-03,-5.900E+00,8.000E-02
-8.5843E-03,-5.900E+00,1.600E-01
-8.5443E-03,-5.900E+00,8.000E-02
-8.5043E-03,-6.100E+00,2.191E-14
-8.4643E-03,-5.900E+00,2.400E-01
-8.4243E-03,-6.100E+00,1.600E-01
-8.3842E-03,-6.100E+00,2.191E-14
-8.3442E-03,-5.900E+00,2.191E-14
-8.3042E-03,-6.100E+00,8.000E-02
-8.2642E-03,-5.900E+00,1.600E-01
-8.2242E-03,-5.900E+00,2.400E-01
-8.1841E-03,-5.700E+00,2.191E-14
-8.1441E-03,-5.900E+00,2.191E-14
-8.1041E-03,-5.700E+00,1.600E-01
-8.0641E-03,-5.900E+00,1.600E-01
-8.0241E-03,-5.900E+00,8.000E-02
-7.9840E-03,-6.100E+00,1.600E-01
-7.9440E-03,-5.900E+00,2.191E-14
-7.9040E-03,-6.100E+00,8.000E-02
-7.8640E-03,-6.100E+00,8.000E-02
-7.8240E-03,-5.900E+00,8.000E-02
-7.7839E-03,-5.700E+00,2.191E-14
-7.7439E-03,-5.900E+00,8.000E-02
-7.7039E-03,-5.900E+00,2.191E-14
-7.6639E-03,-6.100E+00,8.000E-02
-7.6239E-03,-5.900E+00,1.600E-01
-7.5838E-03,-5.900E+00,1.600E-01
-7.5438E-03,-6.100E+00,8.000E-02
-7.5038E-03,-5.900E+00,8.000E-02
-7.4638E-03,-6.100E+00,1.600E-01
-7.4238E-03,-5.700E+00,8.000E-02
-7.3837E-03,-5.900E+00,2.191E-14
-7.3437E-03,-5.900E+00,8.000E-02
-7.3037E-03,-5.700E+00,8.000E-02
-7.2637E-03,-5.900E+00,1.600E-01
-7.2237E-03,-5.900E+00,2.191E-14
-7.1836E-03,-5.900E+00,2.191E-14
-7.1436E-03,-5.900E+00,2.191E-14
-7.1036E-03,-5.900E+00,2.191E-14
-7.0636E-03,-5.900E+00,1.600E-01
-7.0236E-03,-5.900E+00,8.000E-02
-6.9835E-03,-5.700E+00,2.191E-14
-6.9435E-03,-5.700E+00,2.191E-14
-6.9035E-03,-5.900E+00,1.600E-01
-6.8635E-03,-5.900E+00,2.191E-14
-6.8235E-03,-5.700E+00,8.000E-02
-6.7834E-03,-6.100E+00,8.000E-02
-6.7434E-03,-6.100E+00,8.000E-02
-6.7034E-03,-5.900E+00,8.000E-02
-6.6634E-03,-5.900E+00,8.000E-02
-6.6234E-03,-5.900E+00,8.000E-02
-6.5833E-03,-5.700E+00,2.191E-14
-6.5433E-03,-5.900E+00,1.600E-01
-6.5033E-03,-5.900E+00,2.191E-14
-6.4633E-03,-5.900E+00,1.600E-01
-6.4233E-03,-5.900E+00,8.000E-02
-6.3832E-03,-5.900E+00,8.000E-02
-6.3432E-03,-5.900E+00,8.000E-02
-6.3032E-03,-6.100E+00,8.000E-02
-6.2632E-03,-5.900E+00,8.000E-02
-6.2232E-03,-5.900E+00,1.600E-01
-6.1831E-03,-5.900E+00,1.600E-01
-6.1431E-03,-5.900E+00,2.191E-14
-6.1031E-03,-5.900E+00,2.191E-14
-6.0631E-03,-5.900E+00,8.000E-02
-6.0231E-03,-5.900E+00,8.000E-02
-5.9830E-03,-5.900E+00,1.600E-01
-5.9430E-03,-5.900E+00,8.000E-02
-5.9030E-03,-5.700E+00,2.191E-14
-5.8630E-03,-5.900E+00,8.000E-02
-5.8230E-03,-5.900E+00,8.000E-02
-5.7829E-03,-5.900E+00,-8.000E-02
-5.7429E-03,-5.900E+00,8.000E-02
-5.7029E-03,-5.900E+00,8.000E-02
-5.6629E-03,-6.100E+00,1.600E-01
-5.6229E-03,-6.100E+00,2.400E-01
-5.5828E-03,-5.900E+00,8.000E-02
-5.5428E-03,-5.500E+00,2.400E-01
-5.5028E-03,-5.900E+00,2.191E-14
-5.4628E-03,-5.900E+00,8.000E-02
-5.4228E-03,-5.900E+00,8.000E-02
-5.3827E-03,-5.900E+00,8.000E-02
-5.3427E-03,-5.900E+00,1.600E-01
-5.3027E-03,-5.900E+00,8.000E-02
-5.2627E-03,-6.100E+00,8.000E-02
-5.2227E-03,-5.900E+00,1.600E-01
-5.1826E-03,-5.700E+00,2.191E-14
-5.1426E-03,-5.900E+00,2.191E-14
-5.1026E-03,-5.900E+00,8.000E-02
-5.0626E-03,-5.900E+00,2.400E-01
-5.0226E-03,-5.900E+00,8.000E-02
-4.9825E-03,-5.900E+00,1.600E-01
-4.9425E-03,-6.100E+00,8.000E-02
-4.9025E-03,-6.100E+00,8.000E-02
-4.8625E-03,-5.900E+00,8.000E-02
-4.8225E-03,-5.900E+00,2.191E-14
-4.7824E-03,-5.900E+00,8.000E-02
-4.7424E-03,-5.900E+00,8.000E-02
-4.7024E-03,-5.900E+00,8.000E-02
-4.6624E-03,-5.900E+00,1.600E-01
-4.6224E-03,-6.100E+00,1.600E-01
-4.5823E-03,-5.900E+00,1.600E-01
-4.5423E-03,-5.700E+00,2.191E-14
-4.5023E-03,-5.900E+00,8.000E-02
-4.4623E-03,-5.900E+00,8.000E-02
-4.4223E-03,-5.900E+00,1.600E-01
-4.3822E-03,-5.700E+00,8.000E-02
-4.3422E-03,-5.900E+00,1.600E-01
-4.3022E-03,-5.900E+00,8.000E-02
-4.2622E-03,-5.900E+00,8.000E-02
-4.2222E-03,-6.100E+00,8.000E-02
-4.1821E-03,-6.100E+00,8.000E-02
-4.1421E-03,-5.900E+00,8.000E-02
-4.1021E-03,-5.900E+00,2.191E-14
-4.0621E-03,-5.900E+00,8.000E-02
-4.0221E-03,-5.900E+00,8.000E-02
-3.9820E-03,-6.100E+00,8.000E-02
-3.9420E-03,-5.900E+00,1.600E-01
-3.9020E-03,-5.900E+00,8.000E-02
-3.8620E-03,-5.900E+00,8.000E-02
-3.8220E-03,-5.900E+00,1.600E-01
-3.7819E-03,-6.100E+00,8.000E-02
-3.7419E-03,-5.900E+00,8.000E-02
-3.7019E-03,-5.900E+00,8.000E-02
-3.6619E-03,-5.900E+00,1.600E-01
-3.6219E-03,-5.900E+00,8.000E-02
-3.5818E-03,-5.900E+00,2.191E-14
-3.5418E-03,-5.900E+00,2.191E-14
-3.5018E-03,-5.900E+00,8.000E-02
-3.4618E-03,-5.900E+00,2.191E-14
-3.4218E-03,-5.700E+00,1.600E-01
-3.3817E-03,-6.100E+00,2.400E-01
-3.3417E-03,-5.900E+00,1.600E-01
-3.3017E-03,-5.700E+00,2.191E-14
-3.2617E-03,-5.900E+00,8.000E-02
-3.2217E-03,-5.900E+00,8.000E-02
-3.1816E-03,-5.900E+00,-8.000E-02
-3.1416E-03,-5.900E+00,1.600E-01
-3.1016E-03,-5.900E+00,1.600E-01
-3.0616E-03,-5.900E+00,2.400E-01
-3.0216E-03,-5.900E+00,8.000E-02
-2.9815E-03,-5.700E+00,1.600E-01
-2.9415E-03,-5.900E+00,8.000E-02
-2.9015E-03,-5.900E+00,8.000E-02
-2.8615E-03,-6.100E+00,8.000E-02
-2.8215E-03,-5.700E+00,-8.000E-02
-2.7814E-03,-5.900E+00,8.000E-02
-2.7414E-03,-6.100E+00,8.000E-02
-2.7014E-03,-5.900E+00,8.000E-02
-2.6614E-03,-6.100E+00,1.600E-01
-2.6214E-03,-5.900E+00,2.191E-14
-2.5813E-03,-5.900E+00,8.000E-02
-2.5413E-03,-5.900E+00,2.191E-14
-2.5013E-03,-5.900E+00,8.000E-02
-2.4613E-03,-5.900E+00,2.191E-14
-2.4213E-03,-5.900E+00,8.000E-02
-2.3812E-03,-5.700E+00,8.000E-02
-2.3412E-03,-5.900E+00,8.000E-02
-2.3012E-03,-5.900E+00,8.000E-02
-2.2612E-03,-6.100E+00,8.000E-02
-2.2212E-03,-5.700E+00,8.000E-02
-2.1811E-03,-5.700E+00,2.191E-14
-2.1411E-03,-5.700E+00,1.600E-01
-2.1011E-03,-6.100E+00,2.191E-14
-2.0611E-03,-6.100E+00,1.600E-01
-2.0211E-03,-5.900E+00,2.400E-01
-1.9810E-03,-5.900E+00,2.191E-14
-1.9410E-03,-5.900E+00,1.600E-01
-1.9010E-03,-5.900E+00,8.000E-02
-1.8610E-03,-6.100E+00,8.000E-02
-1.8210E-03,-5.900E+00,1.600E-01
-1.7809E-03,-5.900E+00,1.600E-01
-1.7409E-03,-5.900E+00,1.600E-01
-1.7009E-03,-5.900E+00,1.600E-01
-1.6609E-03,-5.900E+00,8.000E-02
-1.6209E-03,-6.100E+00,8.000E-02
-1.5808E-03,-6.100E+00,1.600E-01
-1.5408E-03,-6.100E+00,8.000E-02
-1.5008E-03,-5.700E+00,2.191E-14
-1.4608E-03,-5.700E+00,1.600E-01
-1.4208E-03,-5.700E+00,8.000E-02
-1.3807E-03,-5.900E+00,2.191E-14
-1.3407E-03,-5.900E+00,8.000E-02
-1.3007E-03,-5.900E+00,8.000E-02
-1.2607E-03,-5.900E+00,2.191E-14
-1.2207E-03,-5.900E+00,8.000E-02
-1.1806E-03,-6.100E+00,1.600E-01
-1.1406E-03,-5.900E+00,8.000E-02
-1.1006E-03,-5.900E+00,8.000E-02
-1.0606E-03,-5.900E+00,1.600E-01
-1.0206E-03,-5.700E+00,8.000E-02
-9.8054E-04,-5.900E+00,8.000E-02
-9.4052E-04,-6.100E+00,8.000E-02
-9.0050E-04,-6.100E+00,8.000E-02
-8.6048E-04,-5.900E+00,8.000E-02
-8.2046E-04,-6.100E+00,2.191E-14
-7.8044E-04,-6.100E+00,2.191E-14
-7.4042E-04,-5.900E+00,8.000E-02
-7.0040E-04,-5.900E+00,1.600E-01
-6.6038E-04,-5.700E+00,1.600E-01
-6.2036E-04,-5.900E+00,8.000E-02
-5.8034E-04,-5.900E+00,8.000E-02
-5.4032E-04,-5.900E+00,8.000E-02
-5.0030E-04,-6.100E+00,8.000E-02
-4.6028E-04,-5.900E+00,8.000E-02
-4.2026E-04,-6.100E+00,1.600E-01
-3.8024E-04,-5.900E+00,1.600E-01
-3.4022E-04,-5.900E+00,8.000E-02
-3.0020E-04,-5.900E+00,1.600E-01
-2.6018E-04,-5.900E+00,2.400E-01
-2.2016E-04,-5.700E+00,1.600E-01
-1.8014E-04,-6.100E+00,8.000E-02
-1.4012E-04,-5.900E+00,1.600E-01
-1.0010E-04,-5.700E+00,2.400E-01
-6.0077E-05,-6.100E+00,2.191E-14
-2.0057E-05,-6.100E+00,8.000E-02
1.9963E-05,-5.900E+00,1.600E-01
5.9983E-05,-5.900E+00,8.000E-02
1.0000E-04,-5.900E+00,8.000E-02
1.4002E-04,-5.900E+00,1.600E-01
1.8004E-04,-6.100E+00,1.600E-01
2.2006E-04,-5.900E+00,8.000E-02
2.6008E-04,-5.700E+00,8.000E-02
3.0010E-04,-5.900E+00,1.600E-01
3.4012E-04,-6.100E+00,8.000E-02
3.8014E-04,-5.900E+00,1.600E-01
4.2016E-04,-5.700E+00,8.000E-02
4.6018E-04,-5.900E+00,8.000E-02
5.0020E-04,-5.900E+00,1.600E-01
5.4022E-04,-6.100E+00,2.191E-14
5.8024E-04,-5.900E+00,2.191E-14
6.2026E-04,-5.900E+00,2.191E-14
6.6028E-04,-5.900E+00,3.200E-01
7.0030E-04,-5.900E+00,8.000E-02
7.4032E-04,-5.700E+00,8.000E-02
7.8034E-04,-5.700E+00,2.191E-14
8.2036E-04,-5.900E+00,8.000E-02
8.6038E-04,-5.700E+00,8.000E-02
9.0040E-04,-5.900E+00,1.600E-01
9.4042E-04,-5.900E+00,1.600E-01
9.8044E-04,-5.900E+00,2.191E-14
1.0205E-03,-5.900E+00,2.191E-14
1.0605E-03,-5.900E+00,2.191E-14
1.1005E-03,-6.100E+00,8.000E-02
1.1405E-03,-5.900E+00,8.000E-02
1.1805E-03,-5.900E+00,2.191E-14
1.2206E-03,-5.900E+00,2.191E-14
1.2606E-03,-5.900E+00,1.600E-01
1.3006E-03,-5.700E+00,8.000E-02
1.3406E-03,-5.900E+00,1.600E-01
1.3806E-03,-5.900E+00,1.600E-01
1.4207E-03,-6.100E+00,2.191E-14
1.4607E-03,-5.900E+00,2.191E-14
1.5007E-03,-5.700E+00,1.600E-01
1.5407E-03,-5.900E+00,2.191E-14
1.5807E-03,-5.900E+00,8.000E-02
1.6208E-03,-5.700E+00,8.000E-02
1.6608E-03,-5.900E+00,2.191E-14
1.7008E-03,-5.900E+00,1.600E-01
1.7408E-03,-5.900E+00,2.191E-14
1.7808E-03,-5.900E+00,8.000E-02
1.8209E-03,-5.900E+00,8.000E-02
1.8609E-03,-5.700E+00,8.000E-02
1.9009E-03,-5.900E+00,1.600E-01
1.9409E-03,-5.900E+00,2.400E-01
1.9809E-03,-5.900E+00,2.191E-14
2.0210E-03,-5.900E+00,1.600E-01
2.0610E-03,-6.100E+00,2.191E-14
2.1010E-03,-6.100E+00,8.000E-02
2.1410E-03,-5.900E+00,8.000E-02
2.1810E-03,-5.900E+00,1.600E-01
2.2211E-03,-5.900E+00,2.191E-14
2.2611E-03,-5.900E+00,1.600E-01
2.3011E-03,-5.900E+00,2.191E-14
2.3411E-03,-5.700E+00,8.000E-02
2.3811E-03,-5.900E+00,2.191E-14
2.4212E-03,-5.900E+00,2.191E-14
2.4612E-03,-6.100E+00,2.400E-01
2.5012E-03,-6.100E+00,8.000E-02
2.5412E-03,-6.100E+00,-8.000E-02
2.5812E-03,-6.100E+00,2.400E-01
2.6213E-03,-5.900E+00,8.000E-02
2.6613E-03,-5.700E+00,1.600E-01
2.7013E-03,-5.700E+00,1.600E-01
2.7413E-03,-5.900E+00,2.191E-14
2.7813E-03,-5.900E+00,8.000E-02
2.8214E-03,-5.900E+00,1.600E-01
2.8614E-03,-6.100E+00,8.000E-02
2.9014E-03,-6.100E+00,1.600E-01
2.9414E-03,-6.100E+00,8.000E-02
2.9814E-03,-5.900E+00,8.000E-02
3.0215E-03,-5.900E+00,2.191E-14
3.0615E-03,-5.900E+00,2.191E-14
3.1015E-03,-5.900E+00,1.600E-01
3.1415E-03,-5.900E+00,1.600E-01
3.1815E-03,-5.900E+00,2.191E-14
3.2216E-03,-5.900E+00,-8.000E-02
3.2616E-03,-5.900E+00,8.000E-02
3.3016E-03,-6.100E+00,1.600E-01
3.3416E-03,-5.900E+00,1.600E-01
3.3816E-03,-5.700E+00,2.191E-14
3.4217E-03,-5.900E+00,8.000E-02
3.4617E-03,-5.700E+00,1.600E-01
3.5017E-03,-5.900E+00,8.000E-02
3.5417E-03,-5.900E+00,2.191E-14
3.5817E-03,-5.900E+00,2.191E-14
3.6218E-03,-5.900E+00,1.600E-01
3.6618E-03,-5.900E+00,2.191E-14
3.7018E-03,-6.100E+00,8.000E-02
3.7418E-03,-5.500E+00,8.000E-02
3.7818E-03,-5.700E+00,8.000E-02
3.8219E-03,-5.900E+00,2.191E-14
3.8619E-03,-6.100E+00,1.600E-01
3.9019E-03,-6.100E+00,8.000E-02
3.9419E-03,-5.900E+00,2.191E-14
3.9819E-03,-6.100E+00,8.000E-02
4.0220E-03,-5.900E+00,8.000E-02
4.0620E-03,-6.100E+00,1.600E-01
4.1020E-03,-5.900E+00,8.000E-02
4.1420E-03,-5.900E+00,2.191E-14
4.1820E-03,-5.900E+00,8.000E-02
4.2221E-03,-5.900E+00,1.600E-01
4.2621E-03,-5.900E+00,1.600E-01
4.3021E-03,-5.900E+00,2.191E-14
4.3421E-03,-6.100E+00,8.000E-02
4.3821E-03,-5.900E+00,8.000E-02
4.4222E-03,-5.900E+00,8.000E-02
4.4622E-03,-5.900E+00,-8.000E-02
4.5022E-03,-5.900E+00,2.191E-14
4.5422E-03,-5.700E+00,8.000E-02
4.5822E-03,-5.700E+00,8.000E-02
4.6223E-03,-5.900E+00,2.191E-14
4.6623E-03,-5.700E+00,8.000E-02
4.7023E-03,-5.900E+00,1.600E-01
4.7423E-03,-5.900E+00,1.600E-01
4.7823E-03,-5.900E+00,1.600E-01
4.8224E-03,-6.100E+00,8.000E-02
4.8624E-03,-6.100E+00,2.191E-14
4.9024E-03,-5.700E+00,2.191E-14
4.9424E-03,-5.900E+00,1.600E-01
4.9824E-03,-5.900E+00,1.600E-01
5.0225E-03,-5.700E+00,1.600E-01
5.0625E-03,-5.900E+00,8.000E-02
5.1025E-03,-5.900E+00,2.191E-14
5.1425E-03,-5.900E+00,2.191E-14
5.1825E-03,-6.100E+00,1.600E-01
5.2226E-03,-5.900E+00,8.000E-02
5.2626E-03,-5.900E+00,8.000E-02
5.3026E-03,-5.700E+00,1.600E-01
5.3426E-03,-5.900E+00,1.600E-01
5.3826E-03,-5.900E+00,1.600E-01
5.4227E-03,-6.100E+00,8.000E-02
5.4627E-03,-5.900E+00,8.000E-02
5.5027E-03,-5.900E+00,2.400E-01
5.5427E-03,-5.900E+00,2.191E-14
5.5827E-03,-6.100E+00,1.600E-01
5.6228E-03,-5.900E+00,1.600E-01
5.6628E-03,-5.900E+00,1.600E-01
5.7028E-03,-5.700E+00,8.000E-02
5.7428E-03,-5.900E+00,2.191E-14
5.7828E-03,-5.900E+00,8.000E-02
5.8229E-03,-6.100E+00,1.600E-01
5.8629E-03,-5.900E+00,8.000E-02
5.9029E-03,-6.100E+00,8.000E-02
5.9429E-03,-5.900E+00,8.000E-02
5.9829E-03,-5.900E+00,8.000E-02
6.0230E-03,-5.900E+00,1.600E-01
6.0630E-03,-5.900E+00,8.000E-02
6.1030E-03,-5.900E+00,2.191E-14
6.1430E-03,-5.900E+00,8.000E-02
6.1830E-03,-5.900E+00,8.000E-02
6.2231E-03,-5.900E+00,8.000E-02
6.2631E-03,-5.900E+00,2.191E-14
6.3031E-03,-5.900E+00,2.191E-14
6.3431E-03,-5.900E+00,8.000E-02
6.3831E-03,-5.700E+00,2.191E-14
6.4232E-03,-5.900E+00,8.000E-02
6.4632E-03,-5.900E+00,2.191E-14
6.5032E-03,-5.700E+00,2.191E-14
6.5432E-03,-5.900E+00,2.191E-14
6.5832E-03,-6.100E+00,8.000E-02
6.6233E-03,-6.100E+00,8.000E-02
6.6633E-03,-6.100E+00,8.000E-02
6.7033E-03,-5.900E+00,8.000E-02
6.7433E-03,-5.700E+00,2.400E-01
6.7833E-03,-5.700E+00,8.000E-02
6.8234E-03,-5.900E+00,8.000E-02
6.8634E-03,-5.900E+00,2.400E-01
6.9034E-03,-6.100E+00,8.000E-02
6.9434E-03,-6.100E+00,8.000E-02
6.9834E-03,-6.100E+00,2.191E-14
7.0235E-03,-6.100E+00,2.191E-14
7.0635E-03,-5.900E+00,8.000E-02
7.1035E-03,-5.900E+00,8.000E-02
7.1435E-03,-5.900E+00,1.600E-01
7.1835E-03,-5.700E+00,8.000E-02
7.2236E-03,-6.100E+00,2.191E-14
7.2636E-03,-5.900E+00,8.000E-02
7.3036E-03,-6.100E+00,8.000E-02
7.3436E-03,-5.900E+00,2.191E-14
7.3836E-03,-6.100E+00,-8.000E-02
7.4237E-03,-5.900E+00,1.600E-01
7.4637E-03,-5.700E+00,1.600E-01
7.5037E-03,-5.900E+00,8.000E-02
7.5437E-03,-5.900E+00,1.600E-01
7.5837E-03,-5.700E+00,8.000E-02
7.6238E-03,-5.900E+00,8.000E-02
7.6638E-03,-5.900E+00,2.191E-14
7.7038E-03,-5.900E+00,1.600E-01
7.7438E-03,-6.100E+00,1.600E-01
7.7838E-03,-5.900E+00,8.000E-02
7.8239E-03,-6.100E+00,-8.000E-02
7.8639E-03,-5.900E+00,2.191E-14
7.9039E-03,-5.900E+00,2.191E-14
7.9439E-03,-5.900E+00,2.191E-14
7.9839E-03,-5.900E+00,8.000E-02
8.0240E-03,-6.100E+00,1.600E-01
8.0640E-03,-5.900E+00,1.600E-01
8.1040E-03,-5.900E+00,8.000E-02
8.1440E-03,-6.100E+00,2.191E-14
8.1840E-03,-5.900E+00,2.191E-14
8.2241E-03,-5.900E+00,2.191E-14
8.2641E-03,-5.700E+00,-8.000E-02
8.3041E-03,-5.900E+00,-8.000E-02
8.3441E-03,-5.900E+00,8.000E-02
8.3841E-03,-5.900E+00,1.600E-01
8.4242E-03,-5.900E+00,8.000E-02
8.4642E-03,-5.900E+00,2.191E-14
8.5042E-03,-6.100E+00,2.191E-14
8.5442E-03,-5.900E+00,1.600E-01
8.5842E-03,-5.900E+00,8.000E-02
8.6243E-03,-5.900E+00,8.000E-02
8.6643E-03,-5.900E+00,8.000E-02
8.7043E-03,-5.900E+00,1.600E-01
8.7443E-03,-5.700E+00,1.600E-01
8.7843E-03,-5.900E+00,8.000E-02
8.8244E-03,-5.900E+00,1.600E-01
8.8644E-03,-5.900E+00,8.000E-02
8.9044E-03,-5.900E+00,2.191E-14
8.9444E-03,-5.900E+00,8.000E-02
8.9844E-03,-5.700E+00,2.191E-14
9.0245E-03,-5.900E+00,8.000E-02
9.0645E-03,-5.900E+00,1.600E-01
9.1045E-03,-5.900E+00,2.400E-01
9.1445E-03,-6.100E+00,2.191E-14
9.1845E-03,-5.900E+00,2.191E-14
9.2246E-03,-5.900E+00,1.600E-01
9.2646E-03,-5.900E+00,1.600E-01
9.3046E-03,-5.900E+00,8.000E-02
9.3446E-03,-5.900E+00,-8.000E-02
9.3846E-03,-5.900E+00,1.600E-01
9.4247E-03,-5.700E+00,8.000E-02
9.4647E-03,-6.100E+00,1.600E-01
9.5047E-03,-6.100E+00,8.000E-02
9.5447E-03,-6.100E+00,8.000E-02
9.5847E-03,-6.100E+00,2.191E-14
9.6248E-03,-6.100E+00,1.600E-01
9.6648E-03,-6.100E+00,1.600E-01
9.7048E-03,-5.900E+00,1.600E-01
9.7448E-03,-5.900E+00,2.191E-14
9.7848E-03,-5.900E+00,1.600E-01
9.8249E-03,-5.900E+00,8.000E-02
9.8649E-03,-5.700E+00,8.000E-02
9.9049E-03,-5.900E+00,-1.600E-01
9.9449E-03,-5.900E+00,8.000E-02
9.9849E-03,-5.900E+00,8.000E-02
1.0025E-02,-5.900E+00,2.191E-14
1.0065E-02,-5.700E+00,2.191E-14
1.0105E-02,-5.700E+00,2.191E-14
1.0145E-02,-5.700E+00,1.600E-01
1.0185E-02,-5.900E+00,1.600E-01
1.0225E-02,-5.900E+00,8.000E-02
1.0265E-02,-5.900E+00,8.000E-02
1.0305E-02,-5.900E+00,8.000E-02
1.0345E-02,-5.700E+00,2.191E-14
1.0385E-02,-6.100E+00,1.600E-01
1.0425E-02,-5.900E+00,8.000E-02
1.0465E-02,-5.700E+00,1.600E-01
1.0505E-02,-6.100E+00,8.000E-02
1.0545E-02,-5.900E+00,2.191E-14
1.0585E-02,-5.900E+00,8.000E-02
1.0625E-02,-5.900E+00,8.000E-02
1.0665E-02,-5.900E+00,2.400E-01
1.0705E-02,-5.900E+00,8.000E-02
1.0745E-02,-6.100E+00,8.000E-02
1.0785E-02,-5.900E+00,2.191E-14
1.0825E-02,-5.700E+00,1.600E-01
1.0865E-02,-5.700E+00,8.000E-02
1.0905E-02,-5.900E+00,8.000E-02
1.0945E-02,-5.900E+00,8.000E-02
1.0985E-02,-5.900E+00,2.191E-14
1.1025E-02,-6.100E+00,1.600E-01
1.1065E-02,-5.900E+00,8.000E-02
1.1106E-02,-6.100E+00,8.000E-02
1.1146E-02,-5.900E+00,1.600E-01
1.1186E-02,-5.900E+00,2.191E-14
1.1226E-02,-5.900E+00,2.191E-14
1.1266E-02,-5.700E+00,8.000E-02
1.1306E-02,-5.900E+00,1.600E-01
1.1346E-02,-5.900E+00,2.191E-14
1.1386E-02,-5.900E+00,8.000E-02
1.1426E-02,-5.900E+00,8.000E-02
1.1466E-02,-5.700E+00,8.000E-02
1.1506E-02,-6.100E+00,-8.000E-02
1.1546E-02,-5.900E+00,8.000E-02
1.1586E-02,-5.900E+00,8.000E-02
1.1626E-02,-5.900E+00,2.191E-14
1.1666E-02,-5.900E+00,8.000E-02
1.1706E-02,-5.900E+00,8.000E-02
1.1746E-02,-6.100E+00,1.600E-01
1.1786E-02,-5.900E+00,2.191E-14
1.1826E-02,-5.900E+00,8.000E-02
1.1866E-02,-6.100E+00,2.191E-14
1.1906E-02,-6.100E+00,8.000E-02
1.1946E-02,-5.900E+00,2.400E-01
1.1986E-02,-5.900E+00,1.600E-01
1.2026E-02,-5.900E+00,2.191E-14
1.2066E-02,-5.900E+00,1.600E-01
1.2106E-02,-5.900E+00,8.000E-02
1.2146E-02,-5.900E+00,2.191E-14
1.2186E-02,-5.900E+00,2.191E-14
1.2226E-02,-5.900E+00,8.000E-02
1.2266E-02,-5.900E+00,8.000E-02
1.2306E-02,-5.900E+00,8.000E-02
1.2346E-02,-5.900E+00,1.600E-01
1.2386E-02,-6.100E+00,8.000E-02
1.2426E-02,-5.900E+00,1.600E-01
1.2466E-02,-5.900E+00,2.191E-14
1.2506E-02,-6.100E+00,8.000E-02
1.2546E-02,-5.900E+00,2.191E-14
1.2586E-02,-5.900E+00,2.191E-14
1.2626E-02,-6.100E+00,2.191E-14
1.2666E-02,-5.900E+00,8.000E-02
1.2706E-02,-5.900E+00,2.191E-14
1.2746E-02,-5.700E+00,2.191E-14
1.2786E-02,-5.900E+00,1.600E-01
1.2826E-02,-5.700E+00,8.000E-02
1.2866E-02,-5.700E+00,2.191E-14
1.2906E-02,-5.900E+00,8.000E-02
1.2946E-02,-5.900E+00,8.000E-02
1.2986E-02,-5.900E+00,2.191E-14
1.3026E-02,-5.900E+00,2.191E-14
1.3066E-02,-5.900E+00,1.600E-01
1.3107E-02,-5.900E+00,2.191E-14
1.3147E-02,-5.900E+00,2.191E-14
1.3187E-02,-6.100E+00,8.000E-02
1.3227E-02,-5.700E+00,1.600E-01
1.3267E-02,-6.100E+00,1.600E-01
1.3307E-02,-5.900E+00,8.000E-02
1.3347E-02,-5.900E+00,2.191E-14
1.3387E-02,-5.900E+00,1.600E-01
1.3427E-02,-6.100E+00,2.191E-14
1.3467E-02,-5.900E+00,1.600E-01
1.3507E-02,-5.900E+00,8.000E-02
1.3547E-02,-5.700E+00,8.000E-02
1.3587E-02,-5.900E+00,8.000E-02
1.3627E-02,-5.900E+00,2.400E-01
1.3667E-02,-5.900E+00,2.191E-14
1.3707E-02,-5.900E+00,8.000E-02
1.3747E-02,-6.100E+00,8.000E-02
1.3787E-02,-5.900E+00,8.000E-02
1.3827E-02,-5.700E+00,8.000E-02
1.3867E-02,-5.900E+00,8.000E-02
1.3907E-02,-5.900E+00,2.191E-14
1.3947E-02,-6.100E+00,1.600E-01
1.3987E-02,-5.900E+00,8.000E-02
1.4027E-02,-5.900E+00,2.191E-14
1.4067E-02,-5.700E+00,2.191E-14
1.4107E-02,-5.900E+00,2.191E-14
1.4147E-02,-6.100E+00,8.000E-02
1.4187E-02,-5.900E+00,1.600E-01
1.4227E-02,-5.700E+00,1.600E-01
1.4267E-02,-5.900E+00,8.000E-02
1.4307E-02,-5.900E+00,8.000E-02
1.4347E-02,-5.900E+00,8.000E-02
1.4387E-02,-5.900E+00,1.600E-01
1.4427E-02,-5.900E+00,8.000E-02
1.4467E-02,-5.900E+00,2.191E-14
1.4507E-02,-6.100E+00,2.191E-14
1.4547E-02,-5.900E+00,1.600E-01
1.4587E-02,-5.700E+00,8.000E-02
1.4627E-02,-5.900E+00,8.000E-02
1.4667E-02,-5.900E+00,1.600E-01
1.4707E-02,-5.900E+00,-8.000E-02
1.4747E-02,-5.900E+00,8.000E-02
1.4787E-02,-6.100E+00,1.600E-01
1.4827E-02,-5.900E+00,2.191E-14
1.4867E-02,-5.900E+00,8.000E-02
1.4907E-02,-5.900E+00,8.000E-02
1.4947E-02,-5.900E+00,1.600E-01
1.4987E-02,-5.700E+00,1.600E-01
1.5027E-02,-5.700E+00,8.000E-02
1.5067E-02,-5.900E+00,2.191E-14
1.5108E-02,-5.900E+00,8.000E-02
1.5148E-02,-5.900E+00,1.600E-01
1.5188E-02,-5.900E+00,1.600E-01
1.5228E-02,-5.900E+00,8.000E-02
1.5268E-02,-5.900E+00,8.000E-02
1.5308E-02,-5.500E+00,2.191E-14
1.5348E-02,-5.900E+00,1.600E-01
1.5388E-02,-5.900E+00,8.000E-02
1.5428E-02,-5.900E+00,2.191E-14
1.5468E-02,-5.900E+00,1.600E-01
1.5508E-02,-5.900E+00,8.000E-02
1.5548E-02,-5.900E+00,8.000E-02
1.5588E-02,-5.900E+00,8.000E-02
1.5628E-02,-6.100E+00,2.400E-01
1.5668E-02,-5.900E+00,2.191E-14
1.5708E-02,-5.900E+00,2.191E-14
1.5748E-02,-5.900E+00,8.000E-02
1.5788E-02,-5.900E+00,8.000E-02
1.5828E-02,-5.700E+00,1.600E-01
1.5868E-02,-5.900E+00,2.191E-14
1.5908E-02,-6.100E+00,8.000E-02
1.5948E-02,-5.900E+00,8.000E-02
1.5988E-02,-5.900E+00,2.191E-14
1.6028E-02,-5.900E+00,1.600E-01
1.6068E-02,-5.700E+00,1.600E-01
1.6108E-02,-5.900E+00,8.000E-02
1.6148E-02,-5.700E+00,8.000E-02
1.6188E-02,-5.900E+00,8.000E-02
1.6228E-02,-6.100E+00,8.000E-02
1.6268E-02,-5.900E+00,8.000E-02
1.6308E-02,-6.100E+00,8.000E-02
1.6348E-02,-5.900E+00,8.000E-02
1.6388E-02,-5.900E+00,8.000E-02
1.6428E-02,-5.700E+00,2.191E-14
1.6468E-02,-5.900E+00,2.191E-14
1.6508E-02,-5.900E+00,1.600E-01
1.6548E-02,-5.700E+00,8.000E-02
1.6588E-02,-5.900E+00,8.000E-02
1.6628E-02,-5.900E+00,1.600E-01
1.6668E-02,-5.900E+00,2.191E-14
1.6708E-02,-5.900E+00,-8.000E-02
1.6748E-02,-6.100E+00,1.600E-01
1.6788E-02,-6.100E+00,8.000E-02
1.6828E-02,-5.900E+00,1.600E-01
1.6868E-02,-5.900E+00,1.600E-01
1.6908E-02,-5.900E+00,8.000E-02
1.6948E-02,-5.700E+00,8.000E-02
1.6988E-02,-5.900E+00,1.600E-01
1.7028E-02,-5.900E+00,8.000E-02
1.7068E-02,-5.900E+00,8.000E-02
1.7109E-02,-5.900E+00,8.000E-02
1.7149E-02,-6.100E+00,2.191E-14
1.7189E-02,-5.900E+00,8.000E-02
1.7229E-02,-5.900E+00,8.000E-02
1.7269E-02,-5.900E+00,8.000E-02
1.7309E-02,-5.900E+00,2.191E-14
1.7349E-02,-5.700E+00,8.000E-02
1.7389E-02,-5.900E+00,8.000E-02
1.7429E-02,-5.900E+00,8.000E-02
1.7469E-02,-5.900E+00,1.600E-01
1.7509E-02,-5.700E+00,2.191E-14
1.7549E-02,-5.700E+00,8.000E-02
1.7589E-02,-5.900E+00,8.000E-02
1.7629E-02,-5.900E+00,-8.000E-02
1.7669E-02,-5.900E+00,1.600E-01
1.7709E-02,-5.700E+00,1.600E-01
1.7749E-02,-6.100E+00,-8.000E-02
1.7789E-02,-6.100E+00,1.600E-01
1.7829E-02,-6.100E+00,1.600E-01
1.7869E-02,-5.900E+00,8.000E-02
1.7909E-02,-5.900E+00,2.191E-14
1.7949E-02,-5.700E+00,1.600E-01
1.7989E-02,-5.900E+00,8.000E-02
1.8029E-02,-5.700E+00,8.000E-02
1.8069E-02,-5.900E+00,2.191E-14
1.8109E-02,-5.900E+00,2.191E-14
1.8149E-02,-5.900E+00,8.000E-02
1.8189E-02,-6.100E+00,8.000E-02
1.8229E-02,-5.900E+00,8.000E-02
1.8269E-02,-5.900E+00,1.600E-01
1.8309E-02,-5.700E+00,2.191E-14
1.8349E-02,-5.700E+00,2.400E-01
1.8389E-02,-5.700E+00,8.000E-02
1.8429E-02,-5.900E+00,2.191E-14
1.8469E-02,-6.100E+00,8.000E-02
1.8509E-02,-5.900E+00,1.600E-01
1.8549E-02,-5.900E+00,8.000E-02
1.8589E-02,-6.100E+00,1.600E-01
1.8629E-02,-5.900E+00,8.000E-02
1.8669E-02,-5.900E+00,1.600E-01
1.8709E-02,-5.700E+00,2.191E-14
1.8749E-02,-5.900E+00,8.000E-02
1.8789E-02,-5.900E+00,8.000E-02
1.8829E-02,-5.900E+00,8.000E-02
1.8869E-02,-5.700E+00,8.000E-02
1.8909E-02,-6.100E+00,1.600E-01
1.8949E-02,-5.900E+00,8.000E-02
1.8989E-02,-6.100E+00,8.000E-02
1.9029E-02,-5.900E+00,8.000E-02
1.9069E-02,-5.900E+00,8.000E-02
1.9110E-02,-5.900E+00,-8.000E-02
1.9150E-02,-5.900E+00,8.000E-02
1.9190E-02,-5.900E+00,2.191E-14
1.9230E-02,-5.700E+00,8.000E-02
1.9270E-02,-5.900E+00,8.000E-02
1.9310E-02,-5.900E+00,8.000E-02
1.9350E-02,-5.900E+00,2.191E-14
1.9390E-02,-5.900E+00,2.191E-14
1.9430E-02,-5.900E+00,1.600E-01
1.9470E-02,-5.900E+00,8.000E-02
1.9510E-02,-5.900E+00,1.600E-01
1.9550E-02,-6.100E+00,1.600E-01
1.9590E-02,-5.900E+00,1.600E-01
1.9630E-02,-6.100E+00,2.191E-14
1.9670E-02,-5.900E+00,1.600E-01
1.9710E-02,-6.100E+00,2.400E-01
1.9750E-02,-5.900E+00,8.000E-02
1.9790E-02,-5.900E+00,8.000E-02
1.9830E-02,-5.900E+00,2.191E-14
1.9870E-02,-5.700E+00,1.600E-01
1.9910E-02,-5.900E+00,2.191E-14
1.9950E-02,-5.900E+00,8.000E-02
1.9990E-02,-6.100E+00,8.000E-02
2.0030E-02,-5.900E+00,8.000E-02
2.0070E-02,-6.100E+00,2.191E-14
2.0110E-02,-6.100E+00,1.600E-01
2.0150E-02,-5.700E+00,8.000E-02
2.0190E-02,-5.900E+00,8.000E-02
2.0230E-02,-5.900E+00,1.600E-01
2.0270E-02,-5.700E+00,1.600E-01
2.0310E-02,-5.900E+00,8.000E-02
2.0350E-02,-6.100E+00,2.191E-14
2.0390E-02,-6.100E+00,8.000E-02
2.0430E-02,-5.900E+00,2.191E-14
2.0470E-02,-6.100E+00,8.000E-02
2.0510E-02,-6.100E+00,2.191E-14
2.0550E-02,-5.900E+00,8.000E-02
2.0590E-02,-5.900E+00,2.191E-14
2.0630E-02,-5.700E+00,8.000E-02
2.0670E-02,-5.900E+00,8.000E-02
2.0710E-02,-6.100E+00,8.000E-02
2.0750E-02,-5.900E+00,8.000E-02
2.0790E-02,-6.100E+00,2.400E-01
2.0830E-02,-5.900E+00,2.191E-14
2.0870E-02,-5.900E+00,1.600E-01
2.0910E-02,-5.900E+00,1.600E-01
2.0950E-02,-5.900E+00,1.600E-01
2.0990E-02,-5.700E+00,1.600E-01
2.1030E-02,-5.700E+00,8.000E-02
2.1070E-02,-5.900E+00,1.600E-01
2.1111E-02,-5.900E+00,2.191E-14
2.1151E-02,-6.100E+00,2.191E-14
2.1191E-02,-5.900E+00,8.000E-02
2.1231E-02,-5.900E+00,8.000E-02
2.1271E-02,-5.900E+00,8.000E-02
2.1311E-02,-5.700E+00,2.191E-14
2.1351E-02,-6.100E+00,8.000E-02
2.1391E-02,-5.900E+00,8.000E-02
2.1431E-02,-5.900E+00,-8.000E-02
2.1471E-02,-6.100E+00,2.400E-01
2.1511E-02,-5.900E+00,2.191E-14
2.1551E-02,-5.900E+00,8.000E-02
2.1591E-02,-5.900E+00,2.191E-14
2.1631E-02,-5.700E+00,1.600E-01
2.1671E-02,-5.700E+00,8.000E-02
2.1711E-02,-5.900E+00,8.000E-02
2.1751E-02,-5.900E+00,2.191E-14
2.1791E-02,-5.900E+00,2.400E-01
2.1831E-02,-5.900E+00,8.000E-02
2.1871E-02,-5.900E+00,2.191E-14
2.1911E-02,-6.100E+00,8.000E-02
2.1951E-02,-6.100E+00,8.000E-02
2.1991E-02,-5.900E+00,1.600E-01
2.2031E-02,-5.500E+00,8.000E-02
2.2071E-02,-5.900E+00,8.000E-02
2.2111E-02,-5.700E+00,2.400E-01
2.2151E-02,-6.100E+00,2.191E-14
2.2191E-02,-5.900E+00,1.600E-01
2.2231E-02,-5.900E+00,2.191E-14
2.2271E-02,-5.900E+00,8.000E-02
2.2311E-02,-5.900E+00,8.000E-02
2.2351E-02,-6.100E+00,2.191E-14
2.2391E-02,-5.900E+00,-8.000E-02
2.2431E-02,-5.900E+00,8.000E-02
2.2471E-02,-5.900E+00,8.000E-02
2.2511E-02,-5.900E+00,8.000E-02
2.2551E-02,-5.900E+00,2.191E-14
2.2591E-02,-5.900E+00,8.000E-02
2.2631E-02,-6.100E+00,8.000E-02
2.2671E-02,-5.900E+00,2.191E-14
2.2711E-02,-5.900E+00,-8.000E-02
2.2751E-02,-5.700E+00,8.000E-02
2.2791E-02,-5.700E+00,8.000E-02
2.2831E-02,-5.900E+00,8.000E-02
2.2871E-02,-6.100E+00,2.191E-14
2.2911E-02,-5.700E+00,8.000E-02
2.2951E-02,-5.900E+00,1.600E-01
2.2991E-02,-5.900E+00,8.000E-02
2.3031E-02,-6.100E+00,8.000E-02
2.3071E-02,-5.900E+00,8.000E-02
2.3111E-02,-6.100E+00,8.000E-02
2.3152E-02,-5.900E+00,8.000E-02
2.3192E-02,-5.700E+00,8.000E-02
2.3232E-02,-5.700E+00,8.000E-02
2.3272E-02,-6.100E+00,2.400E-01
2.3312E-02,-6.100E+00,1.600E-01
2.3352E-02,-5.900E+00,8.000E-02
2.3392E-02,-6.100E+00,8.000E-02
2.3432E-02,-5.900E+00,1.600E-01
2.3472E-02,-5.900E+00,1.600E-01
2.3512E-02,-5.900E+00,2.191E-14
2.3552E-02,-5.700E+00,8.000E-02
2.3592E-02,-5.900E+00,1.600E-01
2.3632E-02,-5.700E+00,8.000E-02
2.3672E-02,-5.900E+00,8.000E-02
2.3712E-02,-5.900E+00,2.191E-14
2.3752E-02,-5.900E+00,1.600E-01
2.3792E-02,-5.900E+00,2.191E-14
2.3832E-02,-6.100E+00,8.000E-02
2.3872E-02,-5.900E+00,2.191E-14
2.3912E-02,-5.900E+00,8.000E-02
2.3952E-02,-5.700E+00,8.000E-02
2.3992E-02,-6.100E+00,1.600E-01
2.4032E-02,-6.100E+00,2.191E-14
2.4072E-02,-5.700E+00,2.191E-14
2.4112E-02,-5.700E+00,8.000E-02
2.4152E-02,-5.900E+00,1.600E-01
2.4192E-02,-5.700E+00,8.000E-02
2.4232E-02,-5.900E+00,8.000E-02
2.4272E-02,-5.900E+00,2.191E-14
2.4312E-02,-5.900E+00,8.000E-02
2.4352E-02,-5.700E+00,1.600E-01
2.4392E-02,-5.700E+00,8.000E-02
2.4432E-02,-5.900E+00,2.191E-14
2.4472E-02,-6.100E+00,2.191E-14
2.4512E-02,-6.100E+00,8.000E-02
2.4552E-02,-6.100E+00,1.600E-01
2.4592E-02,-5.900E+00,1.600E-01
2.4632E-02,-5.900E+00,8.000E-02
2.4672E-02,-5.900E+00,8.000E-02
2.4712E-02,-5.900E+00,1.600E-01
2.4752E-02,-5.700E+00,1.600E-01
2.4792E-02,-5.700E+00,2.191E-14
2.4832E-02,-5.900E+00,-8.000E-02
2.4872E-02,-5.900E+00,8.000E-02
2.4912E-02,-5.900E+00,1.600E-01
2.4952E-02,-6.100E+00,8.000E-02
2.4992E-02,-6.100E+00,1.600E-01
2.5032E-02,-5.900E+00,2.191E-14
2.5072E-02,-5.900E+00,8.000E-02
2.5112E-02,-5.900E+00,1.600E-01
2.5153E-02,-5.900E+00,1.600E-01
2.5193E-02,-5.900E+00,3.200E-01
2.5233E-02,-5.900E+00,8.000E-02
2.5273E-02,-6.100E+00,1.600E-01
2.5313E-02,-6.100E+00,8.000E-02
2.5353E-02,-5.900E+00,8.000E-02
2.5393E-02,-5.700E+00,8.000E-02
2.5433E-02,-5.900E+00,2.191E-14
2.5473E-02,-5.900E+00,8.000E-02
2.5513E-02,-5.900E+00,2.191E-14
2.5553E-02,-5.900E+00,1.600E-01
2.5593E-02,-6.100E+00,8.000E-02
2.5633E-02,-5.900E+00,2.191E-14
2.5673E-02,-6.100E+00,8.000E-02
2.5713E-02,-5.900E+00,8.000E-02
2.5753E-02,-5.900E+00,-8.000E-02
2.5793E-02,-5.900E+00,1.600E-01
2.5833E-02,-5.900E+00,1.600E-01
2.5873E-02,-5.700E+00,8.000E-02
2.5913E-02,-6.100E+00,8.000E-02
2.5953E-02,-5.700E+00,8.000E-02
2.5993E-02,-5.900E+00,8.000E-02
2.6033E-02,-5.900E+00,8.000E-02
2.6073E-02,-6.100E+00,2.191E-14
2.6113E-02,-5.900E+00,8.000E-02
2.6153E-02,-5.900E+00,2.191E-14
2.6193E-02,-5.900E+00,2.191E-14
2.6233E-02,-5.900E+00,2.191E-14
2.6273E-02,-5.900E+00,8.000E-02
2.6313E-02,-5.900E+00,1.600E-01
2.6353E-02,-5.900E+00,8.000E-02
2.6393E-02,-5.900E+00,8.000E-02
2.6433E-02,-6.100E+00,8.000E-02
2.6473E-02,-5.900E+00,-8.000E-02
2.6513E-02,-5.900E+00,8.000E-02
2.6553E-02,-5.900E+00,1.600E-01
2.6593E-02,-5.900E+00,1.600E-01
2.6633E-02,-5.900E+00,1.600E-01
2.6673E-02,-5.900E+00,2.191E-14
2.6713E-02,-5.900E+00,2.191E-14
2.6753E-02,-5.900E+00,1.600E-01
2.6793E-02,-6.100E+00,8.000E-02
2.6833E-02,-5.900E+00,2.191E-14
2.6873E-02,-5.900E+00,2.191E-14
2.6913E-02,-5.700E+00,2.191E-14
2.6953E-02,-5.900E+00,1.600E-01
2.6993E-02,-5.900E+00,2.400E-01
2.7033E-02,-5.900E+00,8.000E-02
2.7073E-02,-5.900E+00,2.191E-14
2.7113E-02,-6.100E+00,8.000E-02
2.7154E-02,-6.100E+00,2.191E-14
2.7194E-02,-5.900E+00,8.000E-02
2.7234E-02,-5.700E+00,8.000E-02
2.7274E-02,-5.900E+00,8.000E-02
2.7314E-02,-5.900E+00,8.000E-02
2.7354E-02,-5.900E+00,1.600E-01
2.7394E-02,-5.700E+00,2.191E-14
2.7434E-02,-5.900E+00,2.191E-14
2.7474E-02,-5.900E+00,8.000E-02
2.7514E-02,-5.900E+00,8.000E-02
2.7554E-02,-5.900E+00,8.000E-02
2.7594E-02,-5.700E+00,8.000E-02
2.7634E-02,-5.900E+00,8.000E-02
2.7674E-02,-5.900E+00,1.600E-01
2.7714E-02,-5.900E+00,1.600E-01
2.7754E-02,-5.900E+00,2.191E-14
2.7794E-02,-5.900E+00,8.000E-02
2.7834E-02,-5.900E+00,2.191E-14
2.7874E-02,-6.100E+00,1.600E-01
2.7914E-02,-6.100E+00,8.000E-02
2.7954E-02,-5.900E+00,8.000E-02
2.7994E-02,-5.900E+00,8.000E-02
2.8034E-02,-5.900E+00,2.191E-14
2.8074E-02,-5.900E+00,1.600E-01
2.8114E-02,-5.900E+00,8.000E-02
2.8154E-02,-5.900E+00,8.000E-02
2.8194E-02,-5.900E+00,8.000E-02
2.8234E-02,-5.900E+00,2.191E-14
2.8274E-02,-5.900E+00,1.600E-01
2.8314E-02,-5.900E+00,8.000E-02
2.8354E-02,-5.900E+00,8.000E-02
2.8394E-02,-5.700E+00,2.191E-14
2.8434E-02,-5.900E+00,8.000E-02
2.8474E-02,-5.900E+00,1.600E-01
2.8514E-02,-5.900E+00,8.000E-02
2.8554E-02,-6.100E+00,8.000E-02
2.8594E-02,-5.900E+00,8.000E-02
2.8634E-02,-6.100E+00,-8.000E-02
2.8674E-02,-6.100E+00,8.000E-02
2.8714E-02,-5.900E+00,1.600E-01
2.8754E-02,-5.900E+00,1.600E-01
2.8794E-02,-5.900E+00,8.000E-02
2.8834E-02,-5.900E+00,8.000E-02
2.8874E-02,-5.900E+00,2.191E-14
2.8914E-02,-5.900E+00,8.000E-02
2.8954E-02,-6.100E+00,2.191E-14
2.8994E-02,-5.900E+00,8.000E-02
2.9034E-02,-5.900E+00,8.000E-02
2.9074E-02,-5.700E+00,1.600E-01
2.9114E-02,-5.700E+00,8.000E-02
2.9155E-02,-5.900E+00,8.000E-02
2.9195E-02,-5.900E+00,8.000E-02
2.9235E-02,-5.900E+00,8.000E-02
2.9275E-02,-5.900E+00,8.000E-02
2.9315E-02,-6.100E+00,1.600E-01
2.9355E-02,-5.900E+00,8.000E-02
2.9395E-02,-5.900E+00,8.000E-02
2.9435E-02,-5.900E+00,1.600E-01
2.9475E-02,-5.900E+00,1.600E-01
2.9515E-02,-5.900E+00,1.600E-01
2.9555E-02,-5.900E+00,8.000E-02
2.9595E-02,-5.900E+00,8.000E-02
2.9635E-02,-6.100E+00,1.600E-01
2.9675E-02,-5.700E+00,8.000E-02
2.9715E-02,-5.900E+00,1.600E-01
2.9755E-02,-6.100E+00,-8.000E-02
2.9795E-02,-5.700E+00,2.191E-14
2.9835E-02,-5.900E+00,1.600E-01
2.9875E-02,-5.900E+00,8.000E-02
2.9915E-02,-5.900E+00,1.600E-01
2.9955E-02,-6.100E+00,2.400E-01
2.9995E-02,-5.900E+00,8.000E-02
3.0035E-02,-6.100E+00,2.191E-14
3.0075E-02,-6.100E+00,1.600E-01
3.0115E-02,-5.700E+00,2.191E-14
3.0155E-02,-5.700E+00,2.191E-14
3.0195E-02,-5.900E+00,2.191E-14
3.0235E-02,-5.700E+00,2.191E-14
3.0275E-02,-5.900E+00,2.400E-01
3.0315E-02,-5.900E+00,8.000E-02
3.0355E-02,-6.100E+00,8.000E-02
3.0395E-02,-5.900E+00,8.000E-02
3.0435E-02,-6.100E+00,8.000E-02
3.0475E-02,-5.900E+00,2.191E-14
3.0515E-02,-6.100E+00,2.191E-14
3.0555E-02,-5.900E+00,2.191E-14
3.0595E-02,-6.100E+00,8.000E-02
3.0635E-02,-5.900E+00,2.191E-14
3.0675E-02,-6.100E+00,1.600E-01
3.0715E-02,-5.900E+00,2.191E-14
3.0755E-02,-5.900E+00,2.191E-14
3.0795E-02,-5.900E+00,2.191E-14
3.0835E-02,-6.100E+00,2.191E-14
3.0875E-02,-6.100E+00,8.000E-02
3.0915E-02,-6.100E+00,8.000E-02
3.0955E-02,-5.900E+00,1.600E-01
3.0995E-02,-5.700E+00,2.191E-14
3.1035E-02,-5.900E+00,8.000E-02
3.1075E-02,-5.900E+00,8.000E-02
3.1115E-02,-5.900E+00,2.191E-14
3.1156E-02,-5.900E+00,8.000E-02
3.1196E-02,-5.900E+00,2.191E-14
3.1236E-02,-5.900E+00,8.000E-02
3.1276E-02,-5.900E+00,2.191E-14
3.1316E-02,-5.700E+00,2.191E-14
3.1356E-02,-5.700E+00,8.000E-02
3.1396E-02,-5.700E+00,8.000E-02
3.1436E-02,-5.900E+00,1.600E-01
3.1476E-02,-5.900E+00,8.000E-02
3.1516E-02,-5.900E+00,8.000E-02
3.1556E-02,-6.100E+00,8.000E-02
3.1596E-02,-6.100E+00,2.191E-14
3.1636E-02,-5.900E+00,1.600E-01
3.1676E-02,-5.700E+00,1.600E-01
3.1716E-02,-5.900E+00,2.400E-01
3.1756E-02,-5.700E+00,8.000E-02
3.1796E-02,-5.900E+00,8.000E-02
3.1836E-02,-5.900E+00,-8.000E-02
3.1876E-02,-5.900E+00,8.000E-02
3.1916E-02,-5.900E+00,2.400E-01
3.1956E-02,-5.900E+00,8.000E-02
3.1996E-02,-5.900E+00,2.191E-14
3.2036E-02,-6.100E+00,1.600E-01
3.2076E-02,-5.900E+00,-8.000E-02
3.2116E-02,-5.900E+00,2.191E-14
3.2156E-02,-5.900E+00,2.191E-14
3.2196E-02,-5.900E+00,8.000E-02
3.2236E-02,-6.100E+00,1.600E-01
3.2276E-02,-5.900E+00,8.000E-02
3.2316E-02,-6.100E+00,8.000E-02
3.2356E-02,-6.100E+00,8.000E-02
3.2396E-02,-5.900E+00,8.000E-02
3.2436E-02,-5.900E+00,8.000E-02
3.2476E-02,-5.900E+00,8.000E-02
3.2516E-02,-5.900E+00,1.600E-01
3.2556E-02,-5.900E+00,1.600E-01
3.2596E-02,-5.900E+00,8.000E-02
3.2636E-02,-6.100E+00,8.000E-02
3.2676E-02,-5.900E+00,2.191E-14
3.2716E-02,-6.100E+00,2.191E-14
3.2756E-02,-6.100E+00,8.000E-02
3.2796E-02,-5.900E+00,8.000E-02
3.2836E-02,-5.700E+00,1.600E-01
3.2876E-02,-5.900E+00,8.000E-02
3.2916E-02,-5.900E+00,8.000E-02
3.2956E-02,-5.900E+00,2.400E-01
3.2996E-02,-5.900E+00,8.000E-02
3.3036E-02,-6.100E+00,8.000E-02
3.3076E-02,-5.900E+00,8.000E-02
3.3116E-02,-6.100E+00,8.000E-02
3.3157E-02,-5.900E+00,-8.000E-02
3.3197E-02,-5.900E+00,1.600E-01
3.3237E-02,-6.100E+00,8.000E-02
3.3277E-02,-5.900E+00,2.191E-14
3.3317E-02,-5.900E+00,2.191E-14
3.3357E-02,-5.900E+00,8.000E-02
3.3397E-02,-5.900E+00,1.600E-01
3.3437E-02,-6.100E+00,2.191E-14
3.3477E-02,-5.900E+00,1.600E-01
3.3517E-02,-6.100E+00,2.191E-14
3.3557E-02,-5.700E+00,8.000E-02
3.3597E-02,-5.700E+00,1.600E-01
3.3637E-02,-5.700E+00,1.600E-01
3.3677E-02,-6.100E+00,1.600E-01
3.3717E-02,-5.900E+00,1.600E-01
3.3757E-02,-5.900E+00,2.191E-14
3.3797E-02,-6.100E+00,1.600E-01
3.3837E-02,-6.100E+00,8.000E-02
3.3877E-02,-6.100E+00,1.600E-01
3.3917E-02,-5.900E+00,2.191E-14
3.3957E-02,-5.900E+00,8.000E-02
3.3997E-02,-5.900E+00,2.191E-14
3.4037E-02,-5.700E+00,8.000E-02
3.4077E-02,-6.100E+00,8.000E-02
3.4117E-02,-5.900E+00,8.000E-02
3.4157E-02,-6.100E+00,1.600E-01
3.4197E-02,-5.900E+00,8.000E-02
3.4237E-02,-6.100E+00,1.600E-01
3.4277E-02,-5.900E+00,8.000E-02
3.4317E-02,-5.900E+00,8.000E-02
3.4357E-02,-5.900E+00,2.191E-14
3.4397E-02,-5.900E+00,1.600E-01
3.4437E-02,-6.100E+00,8.000E-02
3.4477E-02,-5.900E+00,8.000E-02
3.4517E-02,-5.900E+00,8.000E-02
3.4557E-02,-5.900E+00,8.000E-02
3.4597E-02,-5.900E+00,8.000E-02
3.4637E-02,-5.900E+00,2.191E-14
3.4677E-02,-5.900E+00,1.600E-01
3.4717E-02,-5.900E+00,8.000E-02
3.4757E-02,-5.900E+00,1.600E-01
3.4797E-02,-5.700E+00,2.191E-14
3.4837E-02,-5.900E+00,2.191E-14
3.4877E-02,-5.900E+00,8.000E-02
3.4917E-02,-5.900E+00,8.000E-02
3.4957E-02,-6.100E+00,2.191E-14
3.4997E-02,-5.900E+00,8.000E-02
3.5037E-02,-5.900E+00,8.000E-02
3.5077E-02,-5.700E+00,-8.000E-02
3.5117E-02,-5.700E+00,8.000E-02
3.5158E-02,-5.900E+00,2.191E-14
3.5198E-02,-5.700E+00,2.191E-14
3.5238E-02,-6.100E+00,8.000E-02
3.5278E-02,-5.900E+00,2.191E-14
3.5318E-02,-5.900E+00,8.000E-02
3.5358E-02,-5.900E+00,8.000E-02
3.5398E-02,-5.900E+00,2.191E-14
3.5438E-02,-5.900E+00,1.600E-01
3.5478E-02,-5.900E+00,8.000E-02
3.5518E-02,-5.900E+00,8.000E-02
3.5558E-02,-5.900E+00,2.191E-14
3.5598E-02,-5.900E+00,8.000E-02
3.5638E-02,-5.900E+00,1.600E-01
3.5678E-02,-5.900E+00,2.191E-14
3.5718E-02,-6.100E+00,1.600E-01
3.5758E-02,-5.900E+00,1.600E-01
3.5798E-02,-5.900E+00,1.600E-01
3.5838E-02,-5.900E+00,8.000E-02
3.5878E-02,-5.900E+00,8.000E-02
3.5918E-02,-5.900E+00,8.000E-02
3.5958E-02,-5.900E+00,1.600E-01
3.5998E-02,-5.700E+00,1.600E-01
3.6038E-02,-6.100E+00,8.000E-02
3.6078E-02,-5.900E+00,2.191E-14
3.6118E-02,-6.100E+00,1.600E-01
3.6158E-02,-5.700E+00,2.191E-14
3.6198E-02,-5.900E+00,8.000E-02
3.6238E-02,-5.900E+00,2.191E-14
3.6278E-02,-5.900E+00,2.191E-14
3.6318E-02,-6.100E+00,8.000E-02
3.6358E-02,-6.100E+00,1.600E-01
3.6398E-02,-5.900E+00,8.000E-02
3.6438E-02,-5.900E+00,1.600E-01
3.6478E-02,-6.100E+00,8.000E-02
3.6518E-02,-5.900E+00,1.600E-01
3.6558E-02,-5.900E+00,8.000E-02
3.6598E-02,-5.700E+00,8.000E-02
3.6638E-02,-5.900E+00,1.600E-01
3.6678E-02,-5.900E+00,8.000E-02
3.6718E-02,-5.900E+00,1.600E-01
3.6758E-02,-5.700E+00,8.000E-02
3.6798E-02,-6.100E+00,1.600E-01
3.6838E-02,-6.100E+00,1.600E-01
3.6878E-02,-5.900E+00,8.000E-02
3.6918E-02,-5.700E+00,8.000E-02
3.6958E-02,-5.900E+00,8.000E-02
3.6998E-02,-5.900E+00,1.600E-01
3.7038E-02,-5.900E+00,2.191E-14
3.7078E-02,-5.900E+00,8.000E-02
3.7118E-02,-5.700E+00,8.000E-02
3.7159E-02,-5.900E+00,2.191E-14
3.7199E-02,-5.900E+00,1.600E-01
3.7239E-02,-6.100E+00,8.000E-02
3.7279E-02,-5.700E+00,8.000E-02
3.7319E-02,-6.100E+00,1.600E-01
3.7359E-02,-5.900E+00,8.000E-02
3.7399E-02,-5.700E+00,8.000E-02
3.7439E-02,-5.900E+00,2.191E-14
3.7479E-02,-5.900E+00,8.000E-02
3.7519E-02,-6.100E+00,8.000E-02
3.7559E-02,-6.100E+00,2.191E-14
3.7599E-02,-6.100E+00,1.600E-01
3.7639E-02,-5.900E+00,8.000E-02
3.7679E-02,-5.900E+00,8.000E-02
3.7719E-02,-5.900E+00,8.000E-02
3.7759E-02,-5.900E+00,8.000E-02
3.7799E-02,-5.700E+00,2.191E-14
3.7839E-02,-5.900E+00,8.000E-02
3.7879E-02,-5.900E+00,1.600E-01
3.7919E-02,-5.900E+00,2.191E-14
3.7959E-02,-6.100E+00,1.600E-01
3.7999E-02,-5.900E+00,2.191E-14
3.8039E-02,-5.900E+00,2.191E-14
3.8079E-02,-5.900E+00,1.600E-01
3.8119E-02,-5.900E+00,8.000E-02
3.8159E-02,-5.900E+00,8.000E-02
3.8199E-02,-5.900E+00,1.600E-01
3.8239E-02,-5.900E+00,8.000E-02
3.8279E-02,-6.100E+00,1.600E-01
3.8319E-02,-5.900E+00,2.191E-14
3.8359E-02,-6.100E+00,8.000E-02
3.8399E-02,-5.900E+00,2.191E-14
3.8439E-02,-5.900E+00,8.000E-02
3.8479E-02,-5.700E+00,8.000E-02
3.8519E-02,-5.900E+00,1.600E-01
3.8559E-02,-5.900E+00,8.000E-02
3.8599E-02,-5.900E+00,8.000E-02
3.8639E-02,-5.900E+00,8.000E-02
3.8679E-02,-5.900E+00,2.191E-14
3.8719E-02,-6.100E+00,2.191E-14
3.8759E-02,-5.900E+00,8.000E-02
3.8799E-02,-5.700E+00,8.000E-02
3.8839E-02,-5.700E+00,1.600E-01
3.8879E-02,-5.900E+00,8.000E-02
3.8919E-02,-5.900E+00,2.400E-01
3.8959E-02,-5.900E+00,8.000E-02
3.8999E-02,-5.900E+00,2.191E-14
3.9039E-02,-6.100E+00,2.191E-14
3.9079E-02,-5.900E+00,2.191E-14
3.9119E-02,-5.900E+00,8.000E-02
3.9160E-02,-5.900E+00,1.600E-01
3.9200E-02,-5.900E+00,8.000E-02
3.9240E-02,-5.900E+00,2.191E-14
3.9280E-02,-5.700E+00,2.191E-14
3.9320E-02,-5.900E+00,2.400E-01
3.9360E-02,-5.900E+00,8.000E-02
3.9400E-02,-5.900E+00,2.191E-14
3.9440E-02,-5.900E+00,8.000E-02
3.9480E-02,-5.900E+00,1.600E-01
3.9520E-02,-5.700E+00,8.000E-02
3.9560E-02,-5.700E+00,8.000E-02
3.9600E-02,-5.900E+00,1.600E-01
3.9640E-02,-5.700E+00,2.191E-14
3.9680E-02,-5.900E+00,8.000E-02
3.9720E-02,-6.100E+00,1.600E-01
3.9760E-02,-5.900E+00,8.000E-02
3.9800E-02,-6.100E+00,8.000E-02
3.9840E-02,-6.100E+00,1.600E-01
3.9880E-02,-6.100E+00,8.000E-02
3.9920E-02,-5.700E+00,8.000E-02
3.9960E-02,-5.900E+00,1.600E-01
4.0000E-02,-5.900E+00,1.600E-01
4.0040E-02,-5.700E+00,2.191E-14
4.0080E-02,-5.900E+00,8.000E-02
4.0120E-02,-5.900E+00,8.000E-02
4.0160E-02,-5.900E+00,1.600E-01
4.0200E-02,-5.900E+00,8.000E-02
4.0240E-02,-6.100E+00,8.000E-02
4.0280E-02,-5.900E+00,1.600E-01
4.0320E-02,-5.700E+00,1.600E-01
4.0360E-02,-5.900E+00,1.600E-01
4.0400E-02,-5.900E+00,2.191E-14
4.0440E-02,-6.100E+00,2.400E-01
4.0480E-02,-6.100E+00,1.600E-01
4.0520E-02,-6.100E+00,1.600E-01
4.0560E-02,-5.900E+00,8.000E-02
4.0600E-02,-5.900E+00,2.191E-14
4.0640E-02,-5.700E+00,8.000E-02
4.0680E-02,-5.700E+00,2.191E-14
4.0720E-02,-5.900E+00,1.600E-01
4.0760E-02,-5.900E+00,8.000E-02
4.0800E-02,-5.900E+00,8.000E-02
4.0840E-02,-5.900E+00,8.000E-02
4.0880E-02,-5.900E+00,8.000E-02
4.0920E-02,-5.900E+00,1.600E-01
4.0960E-02,-6.100E+00,-8.000E-02
4.1000E-02,-5.900E+00,2.191E-14
4.1040E-02,-5.900E+00,2.191E-14
4.1080E-02,-5.900E+00,8.000E-02
4.1120E-02,-5.700E+00,8.000E-02
4.1161E-02,-5.900E+00,2.191E-14
4.1201E-02,-5.900E+00,2.191E-14
4.1241E-02,-6.100E+00,8.000E-02
4.1281E-02,-6.100E+00,8.000E-02
4.1321E-02,-5.900E+00,8.000E-02
4.1361E-02,-6.100E+00,8.000E-02
4.1401E-02,-5.900E+00,1.600E-01
4.1441E-02,-5.900E+00,2.191E-14
4.1481E-02,-5.700E+00,1.600E-01
4.1521E-02,-5.700E+00,2.191E-14
4.1561E-02,-5.900E+00,1.600E-01
4.1601E-02,-5.900E+00,-8.000E-02
4.1641E-02,-5.900E+00,1.600E-01
4.1681E-02,-5.900E+00,8.000E-02
4.1721E-02,-5.900E+00,8.000E-02
4.1761E-02,-5.900E+00,8.000E-02
4.1801E-02,-5.700E+00,8.000E-02
4.1841E-02,-6.100E+00,2.191E-14
4.1881E-02,-5.900E+00,8.000E-02
4.1921E-02,-5.900E+00,8.000E-02
4.1961E-02,-5.900E+00,8.000E-02
4.2001E-02,-5.900E+00,8.000E-02
4.2041E-02,-5.900E+00,8.000E-02
4.2081E-02,-6.100E+00,8.000E-02
4.2121E-02,-5.900E+00,2.191E-14
4.2161E-02,-5.900E+00,8.000E-02
4.2201E-02,-5.900E+00,8.000E-02
4.2241E-02,-5.900E+00,1.600E-01
4.2281E-02,-6.100E+00,8.000E-02
4.2321E-02,-5.900E+00,2.400E-01
4.2361E-02,-5.700E+00,8.000E-02
4.2401E-02,-5.900E+00,1.600E-01
4.2441E-02,-5.900E+00,1.600E-01
4.2481E-02,-6.100E+00,1.600E-01
4.2521E-02,-5.700E+00,8.000E-02
4.2561E-02,-5.900E+00,1.600E-01
4.2601E-02,-5.900E+00,2.191E-14
4.2641E-02,-5.900E+00,1.600E-01
4.2681E-02,-5.900E+00,2.191E-14
4.2721E-02,-6.100E+00,8.000E-02
4.2761E-02,-5.900E+00,8.000E-02
4.2801E-02,-5.900E+00,8.000E-02
4.2841E-02,-5.900E+00,8.000E-02
4.2881E-02,-5.700E+00,1.600E-01
4.2921E-02,-5.900E+00,8.000E-02
4.2961E-02,-5.900E+00,1.600E-01
4.3001E-02,-5.900E+00,8.000E-02
4.3041E-02,-5.900E+00,2.191E-14
4.3081E-02,-5.900E+00,1.600E-01
4.3121E-02,-5.900E+00,8.000E-02
4.3162E-02,-5.900E+00,1.600E-01
4.3202E-02,-6.100E+00,2.400E-01
4.3242E-02,-5.900E+00,8.000E-02
4.3282E-02,-5.900E+00,2.191E-14
4.3322E-02,-5.900E+00,8.000E-02
4.3362E-02,-5.900E+00,8.000E-02
4.3402E-02,-5.900E+00,1.600E-01
4.3442E-02,-6.100E+00,1.600E-01
4.3482E-02,-5.900E+00,8.000E-02
4.3522E-02,-5.900E+00,1.600E-01
4.3562E-02,-5.900E+00,8.000E-02
4.3602E-02,-5.900E+00,2.191E-14
4.3642E-02,-5.900E+00,1.600E-01
4.3682E-02,-5.900E+00,8.000E-02
4.3722E-02,-5.900E+00,8.000E-02
4.3762E-02,-5.700E+00,8.000E-02
4.3802E-02,-5.900E+00,8.000E-02
4.3842E-02,-6.100E+00,8.000E-02
4.3882E-02,-5.900E+00,1.600E-01
4.3922E-02,-6.100E+00,1.600E-01
4.3962E-02,-6.100E+00,2.191E-14
4.4002E-02,-5.900E+00,8.000E-02
4.4042E-02,-5.700E+00,8.000E-02
4.4082E-02,-5.700E+00,8.000E-02
4.4122E-02,-5.900E+00,8.000E-02
4.4162E-02,-5.900E+00,8.000E-02
4.4202E-02,-5.900E+00,2.191E-14
4.4242E-02,-5.900E+00,1.600E-01
4.4282E-02,-5.900E+00,8.000E-02
4.4322E-02,-6.100E+00,8.000E-02
4.4362E-02,-5.900E+00,2.191E-14
4.4402E-02,-5.700E+00,2.191E-14
4.4442E-02,-5.900E+00,1.600E-01
4.4482E-02,-5.900E+00,2.191E-14
4.4522E-02,-5.900E+00,8.000E-02
4.4562E-02,-5.900E+00,8.000E-02
4.4602E-02,-5.700E+00,2.191E-14
4.4642E-02,-5.900E+00,8.000E-02
4.4682E-02,-6.100E+00,1.600E-01
4.4722E-02,-5.900E+00,8.000E-02
4.4762E-02,-5.700E+00,8.000E-02
4.4802E-02,-5.900E+00,2.191E-14
4.4842E-02,-5.700E+00,2.191E-14
4.4882E-02,-5.900E+00,2.400E-01
4.4922E-02,-6.100E+00,1.600E-01
4.4962E-02,-6.100E+00,2.191E-14
4.5002E-02,-5.900E+00,2.400E-01
4.5042E-02,-6.100E+00,2.191E-14
4.5082E-02,-5.900E+00,1.600E-01
4.5122E-02,-5.900E+00,2.191E-14
4.5163E-02,-5.900E+00,1.600E-01
4.5203E-02,-5.700E+00,8.000E-02
4.5243E-02,-5.900E+00,1.600E-01
4.5283E-02,-5.900E+00,8.000E-02
4.5323E-02,-5.900E+00,2.191E-14
4.5363E-02,-6.100E+00,1.600E-01
4.5403E-02,-6.100E+00,2.191E-14
4.5443E-02,-5.900E+00,1.600E-01
4.5483E-02,-5.900E+00,8.000E-02
4.5523E-02,-5.700E+00,2.191E-14
4.5563E-02,-5.700E+00,8.000E-02
4.5603E-02,-5.900E+00,1.600E-01
4.5643E-02,-5.900E+00,1.600E-01
4.5683E-02,-5.900E+00,8.000E-02
4.5723E-02,-5.900E+00,1.600E-01
4.5763E-02,-6.100E+00,8.000E-02
4.5803E-02,-5.900E+00,8.000E-02
4.5843E-02,-5.900E+00,8.000E-02
4.5883E-02,-5.900E+00,8.000E-02
4.5923E-02,-5.700E+00,8.000E-02
4.5963E-02,-5.900E+00,8.000E-02
4.6003E-02,-5.900E+00,8.000E-02
4.6043E-02,-5.900E+00,8.000E-02
4.6083E-02,-5.900E+00,2.191E-14
4.6123E-02,-6.100E+00,2.191E-14
4.6163E-02,-5.900E+00,2.191E-14
4.6203E-02,-5.900E+00,1.600E-01
4.6243E-02,-5.700E+00,1.600E-01
4.6283E-02,-5.900E+00,8.000E-02
4.6323E-02,-5.900E+00,1.600E-01
4.6363E-02,-5.900E+00,8.000E-02
4.6403E-02,-5.900E+00,2.400E-01
4.6443E-02,-5.700E+00,1.600E-01
4.6483E-02,-5.900E+00,8.000E-02
4.6523E-02,-5.900E+00,8.000E-02
4.6563E-02,-5.900E+00,8.000E-02
4.6603E-02,-5.900E+00,8.000E-02
4.6643E-02,-5.900E+00,8.000E-02
4.6683E-02,-5.900E+00,8.000E-02
4.6723E-02,-6.100E+00,8.000E-02
4.6763E-02,-6.100E+00,8.000E-02
4.6803E-02,-5.900E+00,1.600E-01
4.6843E-02,-5.900E+00,1.600E-01
4.6883E-02,-5.900E+00,2.191E-14
4.6923E-02,-5.900E+00,1.600E-01
4.6963E-02,-6.100E+00,1.600E-01
4.7003E-02,-5.900E+00,8.000E-02
4.7043E-02,-5.700E+00,8.000E-02
4.7083E-02,-5.900E+00,2.191E-14
4.7123E-02,-5.900E+00,1.600E-01
4.7164E-02,-5.900E+00,1.600E-01
4.7204E-02,-5.900E+00,8.000E-02
4.7244E-02,-5.900E+00,8.000E-02
4.7284E-02,-5.700E+00,8.000E-02
4.7324E-02,-6.100E+00,8.000E-02
4.7364E-02,-5.900E+00,2.191E-14
4.7404E-02,-5.900E+00,8.000E-02
4.7444E-02,-5.900E+00,-8.000E-02
4.7484E-02,-6.100E+00,8.000E-02
4.7524E-02,-5.900E+00,2.191E-14
4.7564E-02,-5.900E+00,2.191E-14
4.7604E-02,-6.100E+00,8.000E-02
4.7644E-02,-5.900E+00,1.600E-01
4.7684E-02,-5.900E+00,1.600E-01
4.7724E-02,-5.900E+00,-8.000E-02
4.7764E-02,-5.700E+00,1.600E-01
4.7804E-02,-5.900E+00,2.400E-01
4.7844E-02,-5.900E+00,8.000E-02
4.7884E-02,-5.900E+00,1.600E-01
4.7924E-02,-5.900E+00,8.000E-02
4.7964E-02,-5.900E+00,1.600E-01
4.8004E-02,-6.100E+00,8.000E-02
4.8044E-02,-6.300E+00,8.000E-02
4.8084E-02,-5.900E+00,1.600E-01
4.8124E-02,-5.900E+00,2.191E-14
4.8164E-02,-5.900E+00,8.000E-02
4.8204E-02,-5.900E+00,8.000E-02
4.8244E-02,-5.900E+00,1.600E-01
4.8284E-02,-5.900E+00,1.600E-01
4.8324E-02,-5.900E+00,2.191E-14
4.8364E-02,-6.100E+00,1.600E-01
4.8404E-02,-5.900E+00,1.600E-01
4.8444E-02,-5.900E+00,2.400E-01
4.8484E-02,-5.900E+00,8.000E-02
4.8524E-02,-5.700E+00,8.000E-02
4.8564E-02,-5.900E+00,8.000E-02
4.8604E-02,-5.900E+00,8.000E-02
4.8644E-02,-5.900E+00,8.000E-02
4.8684E-02,-5.900E+00,8.000E-02
4.8724E-02,-6.100E+00,2.191E-14
4.8764E-02,-5.900E+00,8.000E-02
4.8804E-02,-5.900E+00,2.191E-14
4.8844E-02,-5.700E+00,8.000E-02
4.8884E-02,-5.900E+00,8.000E-02
4.8924E-02,-5.900E+00,8.000E-02
4.8964E-02,-5.900E+00,8.000E-02
4.9004E-02,-6.100E+00,2.191E-14
4.9044E-02,-6.100E+00,1.600E-01
4.9084E-02,-6.100E+00,1.600E-01
4.9124E-02,-6.100E+00,8.000E-02
4.9165E-02,-5.900E+00,8.000E-02
4.9205E-02,-5.700E+00,8.000E-02
4.9245E-02,-5.700E+00,2.191E-14
4.9285E-02,-6.100E+00,1.600E-01
4.9325E-02,-6.100E+00,1.600E-01
4.9365E-02,-5.900E+00,8.000E-02
4.9405E-02,-5.900E+00,1.600E-01
4.9445E-02,-6.100E+00,1.600E-01
4.9485E-02,-5.900E+00,1.600E-01
4.9525E-02,-6.100E+00,2.191E-14
4.9565E-02,-5.900E+00,2.400E-01
4.9605E-02,-5.700E+00,8.000E-02
4.9645E-02,-5.900E+00,8.000E-02
4.9685E-02,-5.900E+00,2.191E-14
4.9725E-02,-5.900E+00,1.600E-01
4.9765E-02,-5.700E+00,8.000E-02
4.9805E-02,-5.700E+00,2.191E-14
4.9845E-02,-5.900E+00,1.600E-01
4.9885E-02,-5.900E+00,8.000E-02
4.9925E-02,-5.900E+00,2.191E-14
4.9965E-02,-5.900E+00,1.600E-01
5.0005E-02,-5.700E+00,8.000E-02
5.0045E-02,-5.900E+00,8.000E-02
5.0085E-02,-5.900E+00,8.000E-02
5.0125E-02,-6.100E+00,8.000E-02
5.0165E-02,-6.100E+00,2.191E-14
5.0205E-02,-5.900E+00,1.600E-01
5.0245E-02,-6.100E+00,8.000E-02
5.0285E-02,-5.900E+00,2.191E-14
5.0325E-02,-5.700E+00,8.000E-02
5.0365E-02,-5.900E+00,8.000E-02
5.0405E-02,-5.900E+00,-8.000E-02
5.0445E-02,-5.900E+00,8.000E-02
5.0485E-02,-5.900E+00,2.191E-14
5.0525E-02,-5.900E+00,8.000E-02
5.0565E-02,-5.900E+00,8.000E-02
5.0605E-02,-5.900E+00,8.000E-02
5.0645E-02,-5.900E+00,2.400E-01
5.0685E-02,-5.900E+00,8.000E-02
5.0725E-02,-5.900E+00,8.000E-02
5.0765E-02,-5.900E+00,2.191E-14
5.0805E-02,-5.900E+00,2.191E-14
5.0845E-02,-5.900E+00,8.000E-02
5.0885E-02,-5.900E+00,2.191E-14
5.0925E-02,-5.900E+00,8.000E-02
5.0965E-02,-6.100E+00,2.191E-14
5.1005E-02,-6.100E+00,8.000E-02
5.1045E-02,-5.900E+00,8.000E-02
5.1085E-02,-5.700E+00,8.000E-02
5.1125E-02,-5.900E+00,1.600E-01
5.1166E-02,-5.900E+00,8.000E-02
5.1206E-02,-5.900E+00,8.000E-02
5.1246E-02,-5.900E+00,8.000E-02
5.1286E-02,-5.900E+00,2.191E-14
5.1326E-02,-6.100E+00,1.600E-01
5.1366E-02,-6.100E+00,8.000E-02
5.1406E-02,-5.900E+00,1.600E-01
5.1446E-02,-5.900E+00,2.191E-14
5.1486E-02,-5.700E+00,2.191E-14
5.1526E-02,-5.900E+00,1.600E-01
5.1566E-02,-5.700E+00,2.191E-14
5.1606E-02,-5.900E+00,2.191E-14
5.1646E-02,-5.700E+00,8.000E-02
5.1686E-02,-6.100E+00,8.000E-02
5.1726E-02,-5.900E+00,8.000E-02
5.1766E-02,-5.900E+00,2.191E-14
5.1806E-02,-5.900E+00,8.000E-02
5.1846E-02,-5.900E+00,2.191E-14
5.1886E-02,-6.100E+00,2.191E-14
5.1926E-02,-5.900E+00,2.191E-14
5.1966E-02,-5.900E+00,1.600E-01
5.2006E-02,-5.900E+00,8.000E-02
5.2046E-02,-5.900E+00,1.600E-01
5.2086E-02,-6.100E+00,8.000E-02
5.2126E-02,-6.100E+00,2.191E-14
5.2166E-02,-5.900E+00,-8.000E-02
5.2206E-02,-5.900E+00,2.191E-14
5.2246E-02,-5.900E+00,8.000E-02
5.2286E-02,-5.900E+00,8.000E-02
5.2326E-02,-5.900E+00,8.000E-02
5.2366E-02,-6.100E+00,2.191E-14
5.2406E-02,-5.900E+00,2.191E-14
5.2446E-02,-5.900E+00,1.600E-01
5.2486E-02,-6.100E+00,2.191E-14
5.2526E-02,-5.900E+00,8.000E-02
5.2566E-02,-5.700E+00,2.400E-01
5.2606E-02,-5.900E+00,8.000E-02
5.2646E-02,-5.900E+00,8.000E-02
5.2686E-02,-5.900E+00,2.191E-14
5.2726E-02,-5.900E+00,8.000E-02
5.2766E-02,-6.100E+00,8.000E-02
5.2806E-02,-5.900E+00,2.191E-14
5.2846E-02,-5.900E+00,8.000E-02
5.2886E-02,-5.900E+00,2.191E-14
5.2926E-02,-5.900E+00,8.000E-02
5.2966E-02,-5.900E+00,8.000E-02
5.3006E-02,-6.100E+00,1.600E-01
5.3046E-02,-5.900E+00,2.191E-14
5.3086E-02,-5.900E+00,1.600E-01
5.3126E-02,-6.100E+00,2.191E-14
5.3167E-02,-6.100E+00,8.000E-02
5.3207E-02,-6.100E+00,2.191E-14
5.3247E-02,-5.900E+00,8.000E-02
5.3287E-02,-6.100E+00,8.000E-02
5.3327E-02,-5.900E+00,2.191E-14
5.3367E-02,-5.900E+00,8.000E-02
5.3407E-02,-5.900E+00,8.000E-02
5.3447E-02,-5.900E+00,8.000E-02
5.3487E-02,-5.900E+00,1.600E-01
5.3527E-02,-5.700E+00,8.000E-02
5.3567E-02,-6.100E+00,2.191E-14
5.3607E-02,-6.100E+00,2.191E-14
5.3647E-02,-5.900E+00,8.000E-02
5.3687E-02,-5.700E+00,1.600E-01
5.3727E-02,-5.900E+00,1.600E-01
5.3767E-02,-5.700E+00,2.191E-14
5.3807E-02,-5.700E+00,8.000E-02
5.3847E-02,-6.100E+00,8.000E-02
5.3887E-02,-6.100E+00,8.000E-02
5.3927E-02,-6.100E+00,8.000E-02
5.3967E-02,-5.900E+00,2.400E-01
5.4007E-02,-6.100E+00,2.191E-14
5.4047E-02,-5.900E+00,8.000E-02
5.4087E-02,-5.900E+00,1.600E-01
5.4127E-02,-5.700E+00,8.000E-02
5.4167E-02,-5.900E+00,2.191E-14
5.4207E-02,-5.900E+00,2.191E-14
5.4247E-02,-5.700E+00,8.000E-02
5.4287E-02,-6.100E+00,8.000E-02
5.4327E-02,-6.100E+00,8.000E-02
5.4367E-02,-5.900E+00,1.600E-01
5.4407E-02,-5.900E+00,8.000E-02
5.4447E-02,-5.700E+00,8.000E-02
5.4487E-02,-5.900E+00,8.000E-02
5.4527E-02,-5.900E+00,2.400E-01
5.4567E-02,-5.900E+00,1.600E-01
5.4607E-02,-6.100E+00,2.191E-14
5.4647E-02,-5.900E+00,8.000E-02
5.4687E-02,-5.900E+00,8.000E-02
5.4727E-02,-6.100E+00,8.000E-02
5.4767E-02,-5.900E+00,8.000E-02
5.4807E-02,-5.900E+00,8.000E-02
5.4847E-02,-5.700E+00,-8.000E-02
5.4887E-02,-5.900E+00,8.000E-02
5.4927E-02,-5.900E+00,8.000E-02
5.4967E-02,-5.900E+00,2.191E-14
5.5007E-02,-5.900E+00,1.600E-01
5.5047E-02,-6.100E+00,-8.000E-02
5.5087E-02,-6.100E+00,8.000E-02
5.5127E-02,-6.100E+00,8.000E-02
5.5168E-02,-5.700E+00,8.000E-02
5.5208E-02,-5.700E+00,1.600E-01
5.5248E-02,-5.900E+00,8.000E-02
5.5288E-02,-5.700E+00,8.000E-02
5.5328E-02,-5.700E+00,8.000E-02
5.5368E-02,-5.900E+00,1.600E-01
5.5408E-02,-5.900E+00,8.000E-02
5.5448E-02,-5.900E+00,2.191E-14
5.5488E-02,-5.900E+00,1.600E-01
5.5528E-02,-5.900E+00,8.000E-02
5.5568E-02,-5.900E+00,1.600E-01
5.5608E-02,-5.900E+00,1.600E-01
5.5648E-02,-6.100E+00,1.600E-01
5.5688E-02,-5.900E+00,8.000E-02
5.5728E-02,-6.100E+00,8.000E-02
5.5768E-02,-6.100E+00,8.000E-02
5.5808E-02,-5.900E+00,8.000E-02
5.5848E-02,-6.100E+00,2.191E-14
5.5888E-02,-6.100E+00,8.000E-02
5.5928E-02,-5.700E+00,1.600E-01
5.5968E-02,-5.700E+00,8.000E-02
5.6008E-02,-5.700E+00,8.000E-02
5.6048E-02,-5.900E+00,8.000E-02
5.6088E-02,-5.900E+00,2.191E-14
5.6128E-02,-5.900E+00,8.000E-02
5.6168E-02,-6.100E+00,8.000E-02
5.6208E-02,-5.900E+00,2.191E-14
5.6248E-02,-6.100E+00,1.600E-01
5.6288E-02,-5.700E+00,2.400E-01
5.6328E-02,-5.900E+00,8.000E-02
5.6368E-02,-5.900E+00,2.191E-14
5.6408E-02,-6.100E+00,2.400E-01
5.6448E-02,-5.900E+00,8.000E-02
5.6488E-02,-6.100E+00,-8.000E-02
5.6528E-02,-6.100E+00,1.600E-01
5.6568E-02,-6.100E+00,8.000E-02
5.6608E-02,-5.900E+00,8.000E-02
5.6648E-02,-5.900E+00,8.000E-02
5.6688E-02,-5.900E+00,8.000E-02
5.6728E-02,-5.900E+00,8.000E-02
5.6768E-02,-5.900E+00,8.000E-02
5.6808E-02,-6.100E+00,8.000E-02
5.6848E-02,-6.100E+00,2.400E-01
5.6888E-02,-6.100E+00,8.000E-02
5.6928E-02,-5.900E+00,8.000E-02
5.6968E-02,-6.100E+00,8.000E-02
5.7008E-02,-5.900E+00,2.191E-14
5.7048E-02,-5.700E+00,8.000E-02
5.7088E-02,-5.900E+00,8.000E-02
5.7128E-02,-5.700E+00,-1.600E-01
5.7169E-02,-5.700E+00,1.600E-01
5.7209E-02,-6.100E+00,8.000E-02
5.7249E-02,-5.900E+00,8.000E-02
5.7289E-02,-6.100E+00,1.600E-01
5.7329E-02,-5.900E+00,8.000E-02
5.7369E-02,-5.900E+00,2.191E-14
5.7409E-02,-5.700E+00,2.400E-01
5.7449E-02,-5.900E+00,2.191E-14
5.7489E-02,-5.900E+00,8.000E-02
5.7529E-02,-5.700E+00,1.600E-01
5.7569E-02,-5.900E+00,2.191E-14
5.7609E-02,-5.900E+00,2.191E-14
5.7649E-02,-5.900E+00,8.000E-02
5.7689E-02,-5.900E+00,8.000E-02
5.7729E-02,-6.100E+00,8.000E-02
5.7769E-02,-5.900E+00,8.000E-02
5.7809E-02,-5.900E+00,8.000E-02
5.7849E-02,-5.900E+00,8.000E-02
5.7889E-02,-5.900E+00,2.400E-01
5.7929E-02,-5.900E+00,2.191E-14
5.7969E-02,-5.900E+00,8.000E-02
5.8009E-02,-6.100E+00,1.600E-01
5.8049E-02,-5.900E+00,8.000E-02
5.8089E-02,-5.900E+00,2.191E-14
5.8129E-02,-5.900E+00,1.600E-01
5.8169E-02,-5.700E+00,2.191E-14
5.8209E-02,-5.900E+00,2.191E-14
5.8249E-02,-5.900E+00,8.000E-02
5.8289E-02,-5.900E+00,2.191E-14
5.8329E-02,-5.900E+00,8.000E-02
5.8369E-02,-5.900E+00,1.600E-01
5.8409E-02,-6.100E+00,1.600E-01
5.8449E-02,-5.900E+00,2.191E-14
5.8489E-02,-5.900E+00,2.191E-14
5.8529E-02,-5.900E+00,8.000E-02
5.8569E-02,-5.900E+00,1.600E-01
5.8609E-02,-5.900E+00,1.600E-01
5.8649E-02,-5.900E+00,2.191E-14
5.8689E-02,-5.900E+00,1.600E-01
5.8729E-02,-5.900E+00,8.000E-02
5.8769E-02,-6.100E+00,2.191E-14
5.8809E-02,-6.100E+00,8.000E-02
5.8849E-02,-6.100E+00,2.191E-14
5.8889E-02,-5.700E+00,1.600E-01
5.8929E-02,-5.900E+00,2.191E-14
5.8969E-02,-5.900E+00,8.000E-02
5.9009E-02,-5.900E+00,2.400E-01
5.9049E-02,-6.100E+00,2.191E-14
5.9089E-02,-5.900E+00,8.000E-02
5.9129E-02,-5.900E+00,8.000E-02
5.9170E-02,-6.100E+00,2.191E-14
5.9210E-02,-5.900E+00,8.000E-02
5.9250E-02,-5.900E+00,2.191E-14
5.9290E-02,-5.900E+00,8.000E-02
5.9330E-02,-5.900E+00,1.600E-01
5.9370E-02,-5.900E+00,8.000E-02
5.9410E-02,-5.900E+00,1.600E-01
5.9450E-02,-5.900E+00,1.600E-01
5.9490E-02,-5.900E+00,2.191E-14
5.9530E-02,-6.100E+00,2.191E-14
5.9570E-02,-6.100E+00,8.000E-02
5.9610E-02,-5.900E+00,8.000E-02
5.9650E-02,-5.700E+00,2.191E-14
5.9690E-02,-5.900E+00,1.600E-01
5.9730E-02,-5.900E+00,8.000E-02
5.9770E-02,-5.900E+00,8.000E-02
5.9810E-02,-6.100E+00,8.000E-02
5.9850E-02,-5.900E+00,2.191E-14
5.9890E-02,-5.900E+00,8.000E-02
5.9930E-02,-6.100E+00,2.191E-14
5.9970E-02,-5.900E+00,8.000E-02
6.0010E-02,-5.900E+00,2.191E-14
6.0050E-02,-5.900E+00,1.600E-01
6.0090E-02,-5.900E+00,2.191E-14
6.0130E-02,-5.900E+00,8.000E-02
6.0170E-02,-5.900E+00,8.000E-02
6.0210E-02,-6.100E+00,-8.000E-02
6.0250E-02,-5.900E+00,8.000E-02
6.0290E-02,-5.900E+00,1.600E-01
6.0330E-02,-5.900E+00,8.000E-02
6.0370E-02,-5.900E+00,1.600E-01
6.0410E-02,-5.900E+00,-8.000E-02
6.0450E-02,-5.900E+00,8.000E-02
6.0490E-02,-5.900E+00,2.191E-14
6.0530E-02,-5.700E+00,2.191E-14
6.0570E-02,-5.900E+00,8.000E-02
6.0610E-02,-5.900E+00,2.191E-14
6.0650E-02,-5.900E+00,-8.000E-02
6.0690E-02,-5.900E+00,2.191E-14
6.0730E-02,-6.100E+00,1.600E-01
6.0770E-02,-5.900E+00,2.191E-14
6.0810E-02,-5.900E+00,2.191E-14
6.0850E-02,-5.900E+00,1.600E-01
6.0890E-02,-5.900E+00,1.600E-01
6.0930E-02,-5.900E+00,8.000E-02
6.0970E-02,-5.900E+00,8.000E-02
6.1010E-02,-5.900E+00,2.400E-01
6.1050E-02,-5.900E+00,8.000E-02
6.1090E-02,-5.900E+00,1.600E-01
6.1130E-02,-5.900E+00,1.600E-01
6.1171E-02,-5.900E+00,8.000E-02
6.1211E-02,-5.900E+00,8.000E-02
6.1251E-02,-6.100E+00,1.600E-01
6.1291E-02,-5.900E+00,8.000E-02
6.1331E-02,-5.900E+00,-8.000E-02
6.1371E-02,-6.100E+00,8.000E-02
6.1411E-02,-6.100E+00,8.000E-02
6.1451E-02,-6.100E+00,1.600E-01
6.1491E-02,-5.900E+00,-8.000E-02
6.1531E-02,-6.100E+00,8.000E-02
6.1571E-02,-5.700E+00,1.600E-01
6.1611E-02,-5.900E+00,2.191E-14
6.1651E-02,-5.900E+00,1.600E-01
6.1691E-02,-5.900E+00,8.000E-02
6.1731E-02,-6.100E+00,2.400E-01
6.1771E-02,-6.100E+00,2.191E-14
6.1811E-02,-5.900E+00,8.000E-02
6.1851E-02,-5.900E+00,1.600E-01
6.1891E-02,-5.700E+00,1.600E-01
6.1931E-02,-5.900E+00,8.000E-02
6.1971E-02,-5.900E+00,2.191E-14
6.2011E-02,-5.900E+00,8.000E-02
6.2051E-02,-5.900E+00,8.000E-02
6.2091E-02,-5.900E+00,-8.000E-02
6.2131E-02,-6.100E+00,1.600E-01
6.2171E-02,-5.900E+00,2.191E-14
6.2211E-02,-6.100E+00,2.191E-14
6.2251E-02,-5.700E+00,1.600E-01
6.2291E-02,-5.700E+00,2.191E-14
6.2331E-02,-5.900E+00,8.000E-02
6.2371E-02,-5.900E+00,8.000E-02
6.2411E-02,-6.100E+00,2.191E-14
6.2451E-02,-6.100E+00,8.000E-02
6.2491E-02,-5.900E+00,1.600E-01
6.2531E-02,-5.900E+00,2.191E-14
6.2571E-02,-5.900E+00,1.600E-01
6.2611E-02,-5.900E+00,2.191E-14
6.2651E-02,-5.900E+00,8.000E-02
6.2691E-02,-5.900E+00,8.000E-02
6.2731E-02,-5.900E+00,1.600E-01
6.2771E-02,-6.100E+00,1.600E-01
6.2811E-02,-5.900E+00,2.191E-14
6.2851E-02,-5.900E+00,1.600E-01
6.2891E-02,-5.900E+00,1.600E-01
6.2931E-02,-5.900E+00,8.000E-02
6.2971E-02,-5.900E+00,8.000E-02
6.3011E-02,-5.700E+00,8.000E-02
6.3051E-02,-5.900E+00,2.191E-14
6.3091E-02,-5.900E+00,1.600E-01
6.3131E-02,-5.900E+00,8.000E-02
6.3172E-02,-5.900E+00,8.000E-02
6.3212E-02,-5.900E+00,8.000E-02
6.3252E-02,-6.100E+00,1.600E-01
6.3292E-02,-5.900E+00,2.191E-14
6.3332E-02,-6.100E+00,8.000E-02
6.3372E-02,-5.900E+00,8.000E-02
6.3412E-02,-5.900E+00,8.000E-02
6.3452E-02,-5.900E+00,8.000E-02
6.3492E-02,-5.700E+00,2.400E-01
6.3532E-02,-5.900E+00,8.000E-02
6.3572E-02,-5.900E+00,1.600E-01
6.3612E-02,-5.900E+00,2.191E-14
6.3652E-02,-6.100E+00,1.600E-01
6.3692E-02,-6.100E+00,2.191E-14
6.3732E-02,-5.700E+00,8.000E-02
6.3772E-02,-5.700E+00,8.000E-02
6.3812E-02,-5.900E+00,8.000E-02
6.3852E-02,-5.900E+00,2.191E-14
6.3892E-02,-5.900E+00,1.600E-01
6.3932E-02,-6.100E+00,8.000E-02
6.3972E-02,-5.900E+00,8.000E-02
6.4012E-02,-6.100E+00,-8.000E-02
6.4052E-02,-5.900E+00,8.000E-02
6.4092E-02,-6.100E+00,8.000E-02
6.4132E-02,-5.900E+00,2.191E-14
6.4172E-02,-6.100E+00,2.191E-14
6.4212E-02,-5.700E+00,8.000E-02
6.4252E-02,-6.100E+00,8.000E-02
6.4292E-02,-5.900E+00,8.000E-02
6.4332E-02,-5.900E+00,2.191E-14
6.4372E-02,-6.100E+00,8.000E-02
6.4412E-02,-6.100E+00,2.191E-14
6.4452E-02,-5.900E+00,8.000E-02
6.4492E-02,-5.900E+00,8.000E-02
6.4532E-02,-5.900E+00,2.191E-14
6.4572E-02,-5.900E+00,2.191E-14
6.4612E-02,-5.900E+00,2.400E-01
6.4652E-02,-6.100E+00,8.000E-02
6.4692E-02,-5.900E+00,2.191E-14
6.4732E-02,-5.900E+00,1.600E-01
6.4772E-02,-6.100E+00,8.000E-02
6.4812E-02,-6.100E+00,2.400E-01
6.4852E-02,-5.900E+00,-8.000E-02
6.4892E-02,-5.900E+00,8.000E-02
6.4932E-02,-5.900E+00,8.000E-02
6.4972E-02,-5.900E+00,-8.000E-02
6.5012E-02,-5.900E+00,8.000E-02
6.5052E-02,-5.700E+00,2.191E-14
6.5092E-02,-6.100E+00,1.600E-01
6.5132E-02,-5.900E+00,8.000E-02
6.5173E-02,-5.900E+00,2.191E-14
6.5213E-02,-5.900E+00,8.000E-02
6.5253E-02,-5.900E+00,2.191E-14
6.5293E-02,-5.900E+00,8.000E-02
6.5333E-02,-5.900E+00,2.400E-01
6.5373E-02,-5.900E+00,8.000E-02
6.5413E-02,-5.900E+00,8.000E-02
6.5453E-02,-5.900E+00,8.000E-02
6.5493E-02,-6.100E+00,1.600E-01
6.5533E-02,-6.100E+00,2.191E-14
6.5573E-02,-6.100E+00,8.000E-02
6.5613E-02,-5.700E+00,2.191E-14
6.5653E-02,-5.900E+00,2.191E-14
6.5693E-02,-5.900E+00,2.191E-14
6.5733E-02,-5.900E+00,1.600E-01
6.5773E-02,-5.900E+00,2.191E-14
6.5813E-02,-6.100E+00,1.600E-01
6.5853E-02,-5.900E+00,1.600E-01
6.5893E-02,-5.900E+00,8.000E-02
6.5933E-02,-6.100E+00,1.600E-01
6.5973E-02,-5.900E+00,8.000E-02
6.6013E-02,-5.700E+00,8.000E-02
6.6053E-02,-5.700E+00,1.600E-01
6.6093E-02,-5.900E+00,8.000E-02
6.6133E-02,-6.100E+00,8.000E-02
6.6173E-02,-5.900E+00,2.191E-14
6.6213E-02,-5.900E+00,8.000E-02
6.6253E-02,-6.100E+00,2.191E-14
6.6293E-02,-6.100E+00,2.191E-14
6.6333E-02,-5.900E+00,2.191E-14
6.6373E-02,-5.900E+00,2.191E-14
6.6413E-02,-6.100E+00,8.000E-02
6.6453E-02,-6.100E+00,1.600E-01
6.6493E-02,-5.900E+00,8.000E-02
6.6533E-02,-6.100E+00,8.000E-02
6.6573E-02,-6.100E+00,8.000E-02
6.6613E-02,-6.100E+00,2.191E-14
6.6653E-02,-6.100E+00,8.000E-02
6.6693E-02,-5.900E+00,8.000E-02
6.6733E-02,-5.700E+00,8.000E-02
6.6773E-02,-5.900E+00,8.000E-02
6.6813E-02,-5.500E+00,8.000E-02
6.6853E-02,-6.100E+00,8.000E-02
6.6893E-02,-5.900E+00,2.191E-14
6.6933E-02,-6.100E+00,2.191E-14
6.6973E-02,-5.900E+00,8.000E-02
6.7013E-02,-6.100E+00,8.000E-02
6.7053E-02,-6.100E+00,2.191E-14
6.7093E-02,-5.900E+00,2.191E-14
6.7133E-02,-5.900E+00,2.191E-14
6.7174E-02,-5.700E+00,2.191E-14
6.7214E-02,-5.900E+00,8.000E-02
6.7254E-02,-5.900E+00,8.000E-02
6.7294E-02,-5.700E+00,8.000E-02
6.7334E-02,-6.100E+00,8.000E-02
6.7374E-02,-6.100E+00,2.191E-14
6.7414E-02,-5.900E+00,2.191E-14
6.7454E-02,-6.100E+00,2.191E-14
6.7494E-02,-5.700E+00,8.000E-02
6.7534E-02,-5.900E+00,2.191E-14
6.7574E-02,-5.900E+00,2.400E-01
6.7614E-02,-5.900E+00,2.191E-14
6.7654E-02,-5.900E+00,8.000E-02
6.7694E-02,-5.900E+00,8.000E-02
6.7734E-02,-5.900E+00,1.600E-01
6.7774E-02,-5.900E+00,1.600E-01
6.7814E-02,-5.900E+00,2.191E-14
6.7854E-02,-5.900E+00,8.000E-02
6.7894E-02,-5.900E+00,8.000E-02
6.7934E-02,-5.900E+00,8.000E-02
6.7974E-02,-5.900E+00,8.000E-02
6.8014E-02,-5.900E+00,2.191E-14
6.8054E-02,-5.900E+00,2.191E-14
6.8094E-02,-5.900E+00,1.600E-01
6.8134E-02,-6.100E+00,8.000E-02
6.8174E-02,-5.900E+00,2.191E-14
6.8214E-02,-5.900E+00,8.000E-02
6.8254E-02,-5.700E+00,1.600E-01
6.8294E-02,-5.900E+00,8.000E-02
6.8334E-02,-5.900E+00,8.000E-02
6.8374E-02,-5.900E+00,8.000E-02
6.8414E-02,-5.900E+00,8.000E-02
6.8454E-02,-5.900E+00,2.191E-14
6.8494E-02,-6.100E+00,8.000E-02
6.8534E-02,-5.900E+00,8.000E-02
6.8574E-02,-5.700E+00,-8.000E-02
6.8614E-02,-5.700E+00,8.000E-02
6.8654E-02,-5.900E+00,1.600E-01
6.8694E-02,-5.900E+00,1.600E-01
6.8734E-02,-5.900E+00,8.000E-02
6.8774E-02,-5.900E+00,-8.000E-02
6.8814E-02,-5.900E+00,-8.000E-02
6.8854E-02,-6.100E+00,8.000E-02
6.8894E-02,-6.100E+00,1.600E-01
6.8934E-02,-5.900E+00,2.191E-14
6.8974E-02,-5.700E+00,2.191E-14
6.9014E-02,-5.900E+00,8.000E-02
6.9054E-02,-5.900E+00,1.600E-01
6.9094E-02,-5.900E+00,2.400E-01
6.9134E-02,-5.900E+00,1.600E-01
6.9175E-02,-5.900E+00,8.000E-02
6.9215E-02,-6.100E+00,8.000E-02
6.9255E-02,-5.900E+00,8.000E-02
6.9295E-02,-6.100E+00,1.600E-01
6.9335E-02,-5.900E+00,2.191E-14
6.9375E-02,-6.100E+00,2.191E-14
6.9415E-02,-5.900E+00,8.000E-02
6.9455E-02,-5.900E+00,8.000E-02
6.9495E-02,-5.700E+00,8.000E-02
6.9535E-02,-5.900E+00,1.600E-01
6.9575E-02,-6.100E+00,1.600E-01
6.9615E-02,-5.900E+00,2.191E-14
6.9655E-02,-5.900E+00,1.600E-01
6.9695E-02,-5.700E+00,8.000E-02
6.9735E-02,-5.500E+00,8.000E-02
6.9775E-02,-5.900E+00,1.600E-01
6.9815E-02,-5.900E+00,8.000E-02
6.9855E-02,-5.900E+00,1.600E-01
6.9895E-02,-5.900E+00,8.000E-02
6.9935E-02,-6.100E+00,2.191E-14
6.9975E-02,-6.100E+00,8.000E-02
7.0015E-02,-5.900E+00,2.191E-14
7.0055E-02,-5.900E+00,8.000E-02
7.0095E-02,-5.900E+00,-8.000E-02
7.0135E-02,-5.900E+00,2.191E-14
7.0175E-02,-5.900E+00,8.000E-02
7.0215E-02,-6.100E+00,1.600E-01
7.0255E-02,-5.900E+00,8.000E-02
7.0295E-02,-6.100E+00,1.600E-01
7.0335E-02,-5.900E+00,1.600E-01
7.0375E-02,-5.900E+00,2.191E-14
7.0415E-02,-5.900E+00,8.000E-02
7.0455E-02,-5.900E+00,8.000E-02
7.0495E-02,-5.900E+00,1.600E-01
7.0535E-02,-5.700E+00,8.000E-02
7.0575E-02,-5.900E+00,8.000E-02
7.0615E-02,-5.900E+00,8.000E-02
7.0655E-02,-6.100E+00,1.600E-01
7.0695E-02,-5.900E+00,2.191E-14
7.0735E-02,-6.100E+00,8.000E-02
7.0775E-02,-5.700E+00,1.600E-01
7.0815E-02,-5.700E+00,8.000E-02
7.0855E-02,-5.900E+00,2.191E-14
7.0895E-02,-5.900E+00,2.191E-14
7.0935E-02,-5.900E+00,8.000E-02
7.0975E-02,-5.900E+00,1.600E-01
7.1015E-02,-5.900E+00,2.191E-14
7.1055E-02,-5.900E+00,8.000E-02
7.1095E-02,-5.900E+00,1.600E-01
7.1135E-02,-5.900E+00,8.000E-02
7.1176E-02,-5.700E+00,1.600E-01
7.1216E-02,-5.900E+00,1.600E-01
7.1256E-02,-5.700E+00,2.191E-14
7.1296E-02,-5.900E+00,1.600E-01
7.1336E-02,-5.900E+00,2.191E-14
7.1376E-02,-6.100E+00,1.600E-01
7.1416E-02,-5.900E+00,1.600E-01
7.1456E-02,-5.900E+00,8.000E-02
7.1496E-02,-6.100E+00,8.000E-02
7.1536E-02,-5.900E+00,1.600E-01
7.1576E-02,-5.900E+00,8.000E-02
7.1616E-02,-5.500E+00,1.600E-01
7.1656E-02,-5.900E+00,1.600E-01
7.1696E-02,-5.900E+00,8.000E-02
7.1736E-02,-6.100E+00,8.000E-02
7.1776E-02,-5.900E+00,8.000E-02
7.1816E-02,-5.700E+00,1.600E-01
7.1856E-02,-5.900E+00,8.000E-02
7.1896E-02,-5.900E+00,8.000E-02
7.1936E-02,-5.900E+00,1.600E-01
7.1976E-02,-5.900E+00,8.000E-02
7.2016E-02,-5.900E+00,8.000E-02
7.2056E-02,-5.900E+00,1.600E-01
7.2096E-02,-5.900E+00,1.600E-01
7.2136E-02,-5.900E+00,8.000E-02
7.2176E-02,-6.100E+00,8.000E-02
7.2216E-02,-6.100E+00,1.600E-01
7.2256E-02,-5.900E+00,8.000E-02
7.2296E-02,-5.900E+00,1.600E-01
7.2336E-02,-5.900E+00,2.191E-14
7.2376E-02,-5.900E+00,1.600E-01
7.2416E-02,-5.700E+00,8.000E-02
7.2456E-02,-5.900E+00,1.600E-01
7.2496E-02,-5.900E+00,8.000E-02
7.2536E-02,-6.100E+00,2.191E-14
7.2576E-02,-6.100E+00,1.600E-01
7.2616E-02,-6.100E+00,8.000E-02
7.2656E-02,-5.900E+00,8.000E-02
7.2696E-02,-5.900E+00,2.191E-14
7.2736E-02,-5.900E+00,8.000E-02
7.2776E-02,-5.900E+00,2.400E-01
7.2816E-02,-5.900E+00,1.600E-01
7.2856E-02,-5.900E+00,8.000E-02
7.2896E-02,-5.900E+00,2.191E-14
7.2936E-02,-5.900E+00,2.400E-01
7.2976E-02,-6.100E+00,8.000E-02
7.3016E-02,-6.100E+00,1.600E-01
7.3056E-02,-5.900E+00,8.000E-02
7.3096E-02,-5.900E+00,8.000E-02
7.3136E-02,-5.900E+00,8.000E-02
7.3177E-02,-6.100E+00,-8.000E-02
7.3217E-02,-5.900E+00,2.191E-14
7.3257E-02,-5.900E+00,2.191E-14
7.3297E-02,-5.900E+00,8.000E-02
7.3337E-02,-6.100E+00,8.000E-02
7.3377E-02,-6.100E+00,8.000E-02
7.3417E-02,-5.900E+00,8.000E-02
7.3457E-02,-5.900E+00,2.191E-14
7.3497E-02,-5.900E+00,1.600E-01
7.3537E-02,-5.700E+00,1.600E-01
7.3577E-02,-6.100E+00,2.191E-14
7.3617E-02,-5.900E+00,2.191E-14
7.3657E-02,-5.900E+00,8.000E-02
7.3697E-02,-5.900E+00,8.000E-02
7.3737E-02,-6.100E+00,8.000E-02
7.3777E-02,-5.900E+00,1.600E-01
7.3817E-02,-5.900E+00,8.000E-02
7.3857E-02,-5.900E+00,8.000E-02
7.3897E-02,-5.700E+00,1.600E-01
7.3937E-02,-5.900E+00,8.000E-02
7.3977E-02,-6.100E+00,1.600E-01
7.4017E-02,-5.900E+00,1.600E-01
7.4057E-02,-5.900E+00,2.191E-14
7.4097E-02,-5.900E+00,8.000E-02
7.4137E-02,-6.100E+00,8.000E-02
7.4177E-02,-5.700E+00,8.000E-02
7.4217E-02,-5.900E+00,1.600E-01
7.4257E-02,-5.900E+00,8.000E-02
7.4297E-02,-5.900E+00,8.000E-02
7.4337E-02,-5.900E+00,2.191E-14
7.4377E-02,-6.100E+00,2.191E-14
7.4417E-02,-5.900E+00,2.191E-14
7.4457E-02,-5.900E+00,8.000E-02
7.4497E-02,-5.900E+00,8.000E-02
7.4537E-02,-5.900E+00,8.000E-02
7.4577E-02,-5.900E+00,8.000E-02
7.4617E-02,-5.900E+00,1.600E-01
7.4657E-02,-5.900E+00,1.600E-01
7.4697E-02,-5.900E+00,2.191E-14
7.4737E-02,-6.100E+00,-8.000E-02
7.4777E-02,-5.900E+00,8.000E-02
7.4817E-02,-5.900E+00,8.000E-02
7.4857E-02,-5.900E+00,2.191E-14
7.4897E-02,-5.900E+00,1.600E-01
7.4937E-02,-5.900E+00,1.600E-01
7.4977E-02,-5.900E+00,2.191E-14
7.5017E-02,-5.700E+00,8.000E-02
7.5057E-02,-5.900E+00,2.191E-14
7.5097E-02,-5.900E+00,8.000E-02
7.5137E-02,-5.900E+00,2.191E-14
7.5178E-02,-5.900E+00,1.600E-01
7.5218E-02,-5.900E+00,1.600E-01
7.5258E-02,-5.900E+00,8.000E-02
7.5298E-02,-5.700E+00,1.600E-01
7.5338E-02,-5.700E+00,1.600E-01
7.5378E-02,-5.900E+00,8.000E-02
7.5418E-02,-5.900E+00,8.000E-02
7.5458E-02,-6.100E+00,8.000E-02
7.5498E-02,-5.900E+00,8.000E-02
7.5538E-02,-5.900E+00,8.000E-02
7.5578E-02,-5.900E+00,8.000E-02
7.5618E-02,-5.900E+00,1.600E-01
7.5658E-02,-5.900E+00,1.600E-01
7.5698E-02,-5.700E+00,2.191E-14
7.5738E-02,-5.900E+00,2.191E-14
7.5778E-02,-5.900E+00,8.000E-02
7.5818E-02,-6.100E+00,2.191E-14
7.5858E-02,-5.900E+00,2.191E-14
7.5898E-02,-5.900E+00,1.600E-01
7.5938E-02,-5.900E+00,2.191E-14
7.5978E-02,-6.100E+00,8.000E-02
7.6018E-02,-5.900E+00,2.191E-14
7.6058E-02,-5.900E+00,8.000E-02
7.6098E-02,-5.900E+00,2.191E-14
7.6138E-02,-5.700E+00,1.600E-01
7.6178E-02,-5.900E+00,8.000E-02
7.6218E-02,-5.900E+00,2.191E-14
7.6258E-02,-5.900E+00,8.000E-02
7.6298E-02,-6.100E+00,2.191E-14
7.6338E-02,-5.900E+00,8.000E-02
7.6378E-02,-5.900E+00,8.000E-02
7.6418E-02,-5.900E+00,2.400E-01
7.6458E-02,-5.900E+00,8.000E-02
7.6498E-02,-5.900E+00,8.000E-02
7.6538E-02,-6.100E+00,2.191E-14
7.6578E-02,-6.100E+00,2.400E-01
7.6618E-02,-6.100E+00,2.191E-14
7.6658E-02,-5.900E+00,8.000E-02
7.6698E-02,-6.100E+00,8.000E-02
7.6738E-02,-5.900E+00,1.600E-01
7.6778E-02,-5.900E+00,2.191E-14
7.6818E-02,-5.900E+00,2.191E-14
7.6858E-02,-5.900E+00,8.000E-02
7.6898E-02,-5.900E+00,2.400E-01
7.6938E-02,-5.900E+00,1.600E-01
7.6978E-02,-6.100E+00,1.600E-01
7.7018E-02,-6.100E+00,1.600E-01
7.7058E-02,-5.900E+00,1.600E-01
7.7098E-02,-5.900E+00,2.400E-01
7.7138E-02,-5.700E+00,8.000E-02
7.7179E-02,-5.900E+00,1.600E-01
7.7219E-02,-5.900E+00,8.000E-02
7.7259E-02,-5.900E+00,8.000E-02
7.7299E-02,-5.900E+00,1.600E-01
7.7339E-02,-5.900E+00,8.000E-02
7.7379E-02,-6.100E+00,1.600E-01
7.7419E-02,-5.900E+00,1.600E-01
7.7459E-02,-6.100E+00,2.191E-14
7.7499E-02,-5.900E+00,2.191E-14
7.7539E-02,-5.900E+00,1.600E-01
7.7579E-02,-5.900E+00,1.600E-01
7.7619E-02,-5.700E+00,8.000E-02
7.7659E-02,-5.700E+00,8.000E-02
7.7699E-02,-5.900E+00,8.000E-02
7.7739E-02,-5.900E+00,8.000E-02
7.7779E-02,-5.700E+00,2.400E-01
7.7819E-02,-5.900E+00,8.000E-02
7.7859E-02,-5.900E+00,8.000E-02
7.7899E-02,-5.900E+00,2.191E-14
7.7939E-02,-5.900E+00,8.000E-02
7.7979E-02,-5.900E+00,8.000E-02
7.8019E-02,-5.900E+00,2.191E-14
7.8059E-02,-5.900E+00,2.191E-14
7.8099E-02,-5.900E+00,8.000E-02
7.8139E-02,-5.900E+00,2.191E-14
7.8179E-02,-5.900E+00,1.600E-01
7.8219E-02,-5.900E+00,2.191E-14
7.8259E-02,-6.100E+00,8.000E-02
7.8299E-02,-5.700E+00,1.600E-01
7.8339E-02,-5.900E+00,8.000E-02
7.8379E-02,-5.900E+00,8.000E-02
7.8419E-02,-5.700E+00,8.000E-02
7.8459E-02,-5.900E+00,8.000E-02
7.8499E-02,-6.100E+00,2.191E-14
7.8539E-02,-6.100E+00,8.000E-02
7.8579E-02,-5.900E+00,2.191E-14
7.8619E-02,-5.900E+00,2.191E-14
7.8659E-02,-5.900E+00,8.000E-02
7.8699E-02,-5.900E+00,1.600E-01
7.8739E-02,-5.900E+00,1.600E-01
7.8779E-02,-5.900E+00,1.600E-01
7.8819E-02,-5.900E+00,8.000E-02
7.8859E-02,-6.100E+00,1.600E-01
7.8899E-02,-5.900E+00,2.191E-14
7.8939E-02,-5.900E+00,8.000E-02
7.8979E-02,-5.900E+00,1.600E-01
7.9019E-02,-5.700E+00,1.600E-01
7.9059E-02,-5.900E+00,8.000E-02
7.9099E-02,-5.900E+00,2.191E-14
7.9139E-02,-5.900E+00,1.600E-01
7.9180E-02,-6.100E+00,1.600E-01
7.9220E-02,-6.100E+00,1.600E-01
7.9260E-02,-5.900E+00,1.600E-01
7.9300E-02,-6.100E+00,1.600E-01
7.9340E-02,-5.900E+00,8.000E-02
7.9380E-02,-5.900E+00,8.000E-02
7.9420E-02,-5.900E+00,8.000E-02
7.9460E-02,-5.900E+00,2.191E-14
7.9500E-02,-5.900E+00,2.191E-14
7.9540E-02,-5.900E+00,1.600E-01
7.9580E-02,-5.900E+00,1.600E-01
7.9620E-02,-6.100E+00,8.000E-02
7.9660E-02,-5.900E+00,1.600E-01
7.9700E-02,-6.100E+00,2.191E-14
7.9740E-02,-5.900E+00,8.000E-02
7.9780E-02,-5.900E+00,2.191E-14
7.9820E-02,-5.700E+00,8.000E-02
7.9860E-02,-5.900E+00,2.191E-14
7.9900E-02,-5.900E+00,8.000E-02
7.9940E-02,-5.900E+00,2.191E-14
7.9980E-02,-6.100E+00,8.000E-02
8.0020E-02,-6.100E+00,1.600E-01
8.0060E-02,-5.900E+00,8.000E-02
8.0100E-02,-5.900E+00,1.600E-01
8.0140E-02,-5.900E+00,8.000E-02
8.0180E-02,-5.700E+00,8.000E-02
8.0220E-02,-5.900E+00,1.600E-01
8.0260E-02,-5.700E+00,1.600E-01
8.0300E-02,-5.900E+00,2.191E-14
8.0340E-02,-5.900E+00,8.000E-02
8.0380E-02,-6.100E+00,8.000E-02
8.0420E-02,-5.900E+00,2.400E-01
8.0460E-02,-5.900E+00,8.000E-02
8.0500E-02,-5.900E+00,1.600E-01
8.0540E-02,-5.700E+00,2.191E-14
8.0580E-02,-5.900E+00,8.000E-02
8.0620E-02,-5.900E+00,2.191E-14
8.0660E-02,-5.900E+00,2.191E-14
8.0700E-02,-5.900E+00,8.000E-02
8.0740E-02,-5.900E+00,8.000E-02
8.0780E-02,-6.100E+00,8.000E-02
8.0820E-02,-6.100E+00,2.191E-14
8.0860E-02,-5.900E+00,1.600E-01
8.0900E-02,-5.900E+00,2.191E-14
8.0940E-02,-5.900E+00,1.600E-01
8.0980E-02,-5.700E+00,8.000E-02
8.1020E-02,-5.900E+00,-8.000E-02
8.1060E-02,-5.900E+00,1.600E-01
8.1100E-02,-5.900E+00,8.000E-02
8.1140E-02,-5.900E+00,2.191E-14
8.1181E-02,-5.900E+00,8.000E-02
8.1221E-02,-5.900E+00,8.000E-02
8.1261E-02,-6.100E+00,8.000E-02
8.1301E-02,-5.900E+00,8.000E-02
8.1341E-02,-5.900E+00,8.000E-02
8.1381E-02,-5.900E+00,2.400E-01
8.1421E-02,-5.900E+00,8.000E-02
8.1461E-02,-5.900E+00,1.600E-01
8.1501E-02,-6.100E+00,-8.000E-02
8.1541E-02,-6.100E+00,8.000E-02
8.1581E-02,-6.100E+00,1.600E-01
8.1621E-02,-5.700E+00,8.000E-02
8.1661E-02,-5.900E+00,8.000E-02
8.1701E-02,-5.900E+00,8.000E-02
8.1741E-02,-5.900E+00,8.000E-02
8.1781E-02,-6.100E+00,2.191E-14
8.1821E-02,-5.900E+00,1.600E-01
8.1861E-02,-5.900E+00,8.000E-02
8.1901E-02,-6.100E+00,8.000E-02
8.1941E-02,-5.900E+00,8.000E-02
8.1981E-02,-6.100E+00,1.600E-01
8.2021E-02,-5.700E+00,8.000E-02
8.2061E-02,-5.900E+00,8.000E-02
8.2101E-02,-5.900E+00,8.000E-02
8.2141E-02,-6.100E+00,8.000E-02
8.2181E-02,-6.100E+00,1.600E-01
8.2221E-02,-5.900E+00,1.600E-01
8.2261E-02,-6.100E+00,8.000E-02
8.2301E-02,-6.100E+00,8.000E-02
8.2341E-02,-5.900E+00,1.600E-01
8.2381E-02,-5.900E+00,8.000E-02
8.2421E-02,-5.900E+00,1.600E-01
8.2461E-02,-5.700E+00,1.600E-01
8.2501E-02,-5.900E+00,2.191E-14
8.2541E-02,-5.700E+00,2.191E-14
8.2581E-02,-6.100E+00,2.191E-14
8.2621E-02,-6.100E+00,8.000E-02
8.2661E-02,-6.100E+00,2.191E-14
8.2701E-02,-6.100E+00,8.000E-02
8.2741E-02,-5.900E+00,1.600E-01
8.2781E-02,-5.700E+00,2.191E-14
8.2821E-02,-5.900E+00,8.000E-02
8.2861E-02,-5.900E+00,2.191E-14
8.2901E-02,-6.100E+00,2.191E-14
8.2941E-02,-6.100E+00,2.191E-14
8.2981E-02,-6.100E+00,8.000E-02
8.3021E-02,-5.900E+00,8.000E-02
8.3061E-02,-5.900E+00,2.191E-14
8.3101E-02,-5.900E+00,2.191E-14
8.3141E-02,-5.700E+00,8.000E-02
8.3182E-02,-5.900E+00,2.191E-14
8.3222E-02,-5.900E+00,8.000E-02
8.3262E-02,-6.100E+00,8.000E-02
8.3302E-02,-5.900E+00,1.600E-01
8.3342E-02,-5.900E+00,8.000E-02
8.3382E-02,-6.100E+00,2.191E-14
8.3422E-02,-5.900E+00,1.600E-01
8.3462E-02,-6.100E+00,2.191E-14
8.3502E-02,-5.900E+00,8.000E-02
8.3542E-02,-5.900E+00,8.000E-02
8.3582E-02,-5.700E+00,2.191E-14
8.3622E-02,-6.100E+00,2.191E-14
8.3662E-02,-5.900E+00,8.000E-02
8.3702E-02,-6.100E+00,1.600E-01
8.3742E-02,-6.100E+00,2.400E-01
8.3782E-02,-5.900E+00,8.000E-02
8.3822E-02,-6.100E+00,8.000E-02
8.3862E-02,-5.700E+00,8.000E-02
8.3902E-02,-5.700E+00,8.000E-02
8.3942E-02,-5.900E+00,8.000E-02
8.3982E-02,-5.900E+00,2.191E-14
8.4022E-02,-6.300E+00,8.000E-02
8.4062E-02,-6.100E+00,2.191E-14
8.4102E-02,-5.900E+00,8.000E-02
8.4142E-02,-5.900E+00,1.600E-01
8.4182E-02,-6.100E+00,8.000E-02
8.4222E-02,-5.700E+00,8.000E-02
8.4262E-02,-5.900E+00,2.191E-14
8.4302E-02,-5.900E+00,1.600E-01
8.4342E-02,-6.100E+00,8.000E-02
8.4382E-02,-5.900E+00,1.600E-01
8.4422E-02,-5.900E+00,1.600E-01
8.4462E-02,-5.900E+00,1.600E-01
8.4502E-02,-6.100E+00,8.000E-02
8.4542E-02,-5.900E+00,8.000E-02
8.4582E-02,-5.900E+00,8.000E-02
8.4622E-02,-5.900E+00,1.600E-01
8.4662E-02,-5.900E+00,1.600E-01
8.4702E-02,-5.900E+00,8.000E-02
8.4742E-02,-5.900E+00,1.600E-01
8.4782E-02,-6.100E+00,1.600E-01
8.4822E-02,-5.900E+00,8.000E-02
8.4862E-02,-5.900E+00,2.191E-14
8.4902E-02,-6.100E+00,1.600E-01
8.4942E-02,-5.700E+00,1.600E-01
8.4982E-02,-5.900E+00,8.000E-02
8.5022E-02,-5.700E+00,2.400E-01
8.5062E-02,-5.700E+00,1.600E-01
8.5102E-02,-6.100E+00,8.000E-02
8.5142E-02,-5.900E+00,2.191E-14
8.5183E-02,-6.100E+00,8.000E-02
8.5223E-02,-6.100E+00,8.000E-02
8.5263E-02,-6.100E+00,2.191E-14
8.5303E-02,-5.700E+00,2.191E-14
8.5343E-02,-5.900E+00,8.000E-02
8.5383E-02,-5.900E+00,2.191E-14
8.5423E-02,-5.900E+00,1.600E-01
8.5463E-02,-5.900E+00,-8.000E-02
8.5503E-02,-5.900E+00,2.191E-14
8.5543E-02,-5.900E+00,2.191E-14
8.5583E-02,-6.100E+00,2.400E-01
8.5623E-02,-5.900E+00,8.000E-02
8.5663E-02,-6.100E+00,8.000E-02
8.5703E-02,-5.900E+00,8.000E-02
8.5743E-02,-5.700E+00,8.000E-02
8.5783E-02,-5.900E+00,8.000E-02
8.5823E-02,-5.900E+00,8.000E-02
8.5863E-02,-5.900E+00,8.000E-02
8.5903E-02,-5.900E+00,8.000E-02
8.5943E-02,-6.100E+00,2.191E-14
8.5983E-02,-5.900E+00,8.000E-02
8.6023E-02,-5.900E+00,2.191E-14
8.6063E-02,-5.900E+00,2.191E-14
8.6103E-02,-5.900E+00,2.191E-14
8.6143E-02,-5.900E+00,8.000E-02
8.6183E-02,-5.700E+00,8.000E-02
8.6223E-02,-5.700E+00,1.600E-01
8.6263E-02,-5.900E+00,8.000E-02
8.6303E-02,-6.100E+00,8.000E-02
8.6343E-02,-5.900E+00,1.600E-01
8.6383E-02,-5.900E+00,2.191E-14
8.6423E-02,-5.900E+00,8.000E-02
8.6463E-02,-6.100E+00,2.191E-14
8.6503E-02,-5.900E+00,2.191E-14
8.6543E-02,-5.900E+00,1.600E-01
8.6583E-02,-6.100E+00,8.000E-02
8.6623E-02,-5.900E+00,2.191E-14
8.6663E-02,-5.900E+00,8.000E-02
8.6703E-02,-5.900E+00,8.000E-02
8.6743E-02,-6.100E+00,8.000E-02
8.6783E-02,-5.700E+00,2.191E-14
8.6823E-02,-5.700E+00,1.600E-01
8.6863E-02,-6.100E+00,1.600E-01
8.6903E-02,-5.900E+00,2.191E-14
8.6943E-02,-5.900E+00,8.000E-02
8.6983E-02,-5.900E+00,2.400E-01
8.7023E-02,-5.700E+00,8.000E-02
8.7063E-02,-5.900E+00,8.000E-02
8.7103E-02,-5.900E+00,8.000E-02
8.7143E-02,-6.100E+00,1.600E-01
8.7184E-02,-5.900E+00,8.000E-02
8.7224E-02,-5.900E+00,8.000E-02
8.7264E-02,-5.900E+00,2.191E-14
8.7304E-02,-5.700E+00,8.000E-02
8.7344E-02,-5.900E+00,2.191E-14
8.7384E-02,-6.100E+00,8.000E-02
8.7424E-02,-6.100E+00,8.000E-02
8.7464E-02,-5.900E+00,8.000E-02
8.7504E-02,-5.900E+00,2.191E-14
8.7544E-02,-5.900E+00,8.000E-02
8.7584E-02,-5.900E+00,1.600E-01
8.7624E-02,-5.900E+00,1.600E-01
8.7664E-02,-5.900E+00,8.000E-02
8.7704E-02,-5.900E+00,8.000E-02
8.7744E-02,-5.900E+00,2.191E-14
8.7784E-02,-5.900E+00,8.000E-02
8.7824E-02,-5.900E+00,8.000E-02
8.7864E-02,-6.100E+00,1.600E-01
8.7904E-02,-6.100E+00,1.600E-01
8.7944E-02,-5.900E+00,2.191E-14
8.7984E-02,-5.900E+00,2.191E-14
8.8024E-02,-5.900E+00,8.000E-02
8.8064E-02,-5.900E+00,8.000E-02
8.8104E-02,-5.900E+00,2.191E-14
8.8144E-02,-5.700E+00,2.191E-14
8.8184E-02,-5.900E+00,8.000E-02
8.8224E-02,-6.100E+00,8.000E-02
8.8264E-02,-6.100E+00,2.191E-14
8.8304E-02,-5.900E+00,8.000E-02
8.8344E-02,-5.900E+00,8.000E-02
8.8384E-02,-5.900E+00,8.000E-02
8.8424E-02,-5.900E+00,1.600E-01
8.8464E-02,-5.900E+00,8.000E-02
8.8504E-02,-5.900E+00,8.000E-02
8.8544E-02,-6.100E+00,8.000E-02
8.8584E-02,-6.100E+00,1.600E-01
8.8624E-02,-6.100E+00,8.000E-02
8.8664E-02,-5.900E+00,1.600E-01
8.8704E-02,-5.900E+00,8.000E-02
8.8744E-02,-5.900E+00,8.000E-02
8.8784E-02,-5.900E+00,8.000E-02
8.8824E-02,-5.900E+00,1.600E-01
8.8864E-02,-6.100E+00,2.400E-01
8.8904E-02,-6.100E+00,2.191E-14
8.8944E-02,-6.100E+00,2.191E-14
8.8984E-02,-5.900E+00,2.191E-14
8.9024E-02,-6.100E+00,1.600E-01
8.9064E-02,-5.900E+00,8.000E-02
8.9104E-02,-5.900E+00,1.600E-01
8.9144E-02,-5.900E+00,8.000E-02
8.9185E-02,-6.100E+00,8.000E-02
8.9225E-02,-6.100E+00,8.000E-02
8.9265E-02,-5.900E+00,1.600E-01
8.9305E-02,-6.100E+00,2.191E-14
8.9345E-02,-6.100E+00,1.600E-01
8.9385E-02,-6.100E+00,8.000E-02
8.9425E-02,-5.900E+00,8.000E-02
8.9465E-02,-5.900E+00,8.000E-02
8.9505E-02,-5.700E+00,2.191E-14
8.9545E-02,-5.900E+00,8.000E-02
8.9585E-02,-5.700E+00,2.191E-14
8.9625E-02,-6.100E+00,8.000E-02
8.9665E-02,-6.100E+00,8.000E-02
8.9705E-02,-6.100E+00,2.191E-14
8.9745E-02,-5.900E+00,1.600E-01
8.9785E-02,-5.900E+00,2.191E-14
8.9825E-02,-5.900E+00,8.000E-02
8.9865E-02,-5.900E+00,8.000E-02
8.9905E-02,-5.900E+00,8.000E-02
8.9945E-02,-5.900E+00,2.191E-14
8.9985E-02,-5.900E+00,1.600E-01
9.0025E-02,-5.900E+00,8.000E-02
9.0065E-02,-5.900E+00,1.600E-01
9.0105E-02,-6.100E+00,8.000E-02
9.0145E-02,-5.900E+00,8.000E-02
9.0185E-02,-5.700E+00,1.600E-01
9.0225E-02,-5.700E+00,8.000E-02
9.0265E-02,-5.900E+00,8.000E-02
9.0305E-02,-5.900E+00,1.600E-01
9.0345E-02,-6.100E+00,8.000E-02
9.0385E-02,-5.700E+00,2.191E-14
9.0425E-02,-6.100E+00,8.000E-02
9.0465E-02,-5.700E+00,2.191E-14
9.0505E-02,-6.100E+00,8.000E-02
9.0545E-02,-5.900E+00,1.600E-01
9.0585E-02,-5.900E+00,8.000E-02
9.0625E-02,-5.900E+00,2.191E-14
9.0665E-02,-5.900E+00,8.000E-02
9.0705E-02,-5.900E+00,1.600E-01
9.0745E-02,-6.100E+00,1.600E-01
9.0785E-02,-5.900E+00,-8.000E-02
9.0825E-02,-6.100E+00,8.000E-02
9.0865E-02,-6.100E+00,8.000E-02
9.0905E-02,-5.900E+00,2.191E-14
9.0945E-02,-5.900E+00,8.000E-02
9.0985E-02,-5.900E+00,2.191E-14
9.1025E-02,-5.900E+00,1.600E-01
9.1065E-02,-5.700E+00,2.191E-14
9.1105E-02,-5.900E+00,-8.000E-02
9.1145E-02,-6.100E+00,8.000E-02
9.1186E-02,-5.900E+00,1.600E-01
9.1226E-02,-6.100E+00,8.000E-02
9.1266E-02,-5.900E+00,8.000E-02
9.1306E-02,-5.900E+00,8.000E-02
9.1346E-02,-5.900E+00,8.000E-02
9.1386E-02,-5.900E+00,8.000E-02
9.1426E-02,-5.900E+00,1.600E-01
9.1466E-02,-5.900E+00,8.000E-02
9.1506E-02,-5.900E+00,2.191E-14
9.1546E-02,-5.900E+00,2.191E-14
9.1586E-02,-5.900E+00,1.600E-01
9.1626E-02,-5.900E+00,1.600E-01
9.1666E-02,-5.900E+00,8.000E-02
9.1706E-02,-5.900E+00,1.600E-01
9.1746E-02,-5.900E+00,1.600E-01
9.1786E-02,-5.900E+00,1.600E-01
9.1826E-02,-5.900E+00,2.191E-14
9.1866E-02,-5.900E+00,2.191E-14
9.1906E-02,-5.900E+00,2.400E-01
9.1946E-02,-6.100E+00,8.000E-02
9.1986E-02,-6.100E+00,8.000E-02
9.2026E-02,-5.900E+00,8.000E-02
9.2066E-02,-5.900E+00,8.000E-02
9.2106E-02,-5.900E+00,1.600E-01
9.2146E-02,-5.900E+00,8.000E-02
9.2186E-02,-5.900E+00,2.191E-14
9.2226E-02,-5.900E+00,1.600E-01
9.2266E-02,-6.100E+00,1.600E-01
9.2306E-02,-5.900E+00,8.000E-02
9.2346E-02,-6.100E+00,2.191E-14
9.2386E-02,-6.100E+00,1.600E-01
9.2426E-02,-5.900E+00,8.000E-02
9.2466E-02,-5.700E+00,2.191E-14
9.2506E-02,-5.700E+00,8.000E-02
9.2546E-02,-5.900E+00,8.000E-02
9.2586E-02,-6.100E+00,2.191E-14
9.2626E-02,-6.100E+00,1.600E-01
9.2666E-02,-5.900E+00,8.000E-02
9.2706E-02,-5.900E+00,8.000E-02
9.2746E-02,-5.900E+00,2.400E-01
9.2786E-02,-5.900E+00,8.000E-02
9.2826E-02,-5.900E+00,1.600E-01
9.2866E-02,-5.700E+00,8.000E-02
9.2906E-02,-5.700E+00,1.600E-01
9.2946E-02,-5.900E+00,8.000E-02
9.2986E-02,-5.900E+00,2.191E-14
9.3026E-02,-6.100E+00,8.000E-02
9.3066E-02,-6.100E+00,1.600E-01
9.3106E-02,-6.100E+00,8.000E-02
9.3146E-02,-5.900E+00,8.000E-02
9.3187E-02,-5.900E+00,8.000E-02
9.3227E-02,-5.900E+00,8.000E-02
9.3267E-02,-5.900E+00,8.000E-02
9.3307E-02,-5.900E+00,8.000E-02
9.3347E-02,-5.900E+00,8.000E-02
9.3387E-02,-5.900E+00,8.000E-02
9.3427E-02,-5.900E+00,8.000E-02
9.3467E-02,-6.100E+00,2.191E-14
9.3507E-02,-5.900E+00,1.600E-01
9.3547E-02,-5.900E+00,2.191E-14
9.3587E-02,-5.900E+00,1.600E-01
9.3627E-02,-5.700E+00,1.600E-01
9.3667E-02,-5.900E+00,8.000E-02
9.3707E-02,-5.900E+00,8.000E-02
9.3747E-02,-5.900E+00,8.000E-02
9.3787E-02,-6.100E+00,8.000E-02
9.3827E-02,-6.100E+00,1.600E-01
9.3867E-02,-5.900E+00,8.000E-02
9.3907E-02,-5.700E+00,2.191E-14
9.3947E-02,-5.900E+00,8.000E-02
9.3987E-02,-5.700E+00,8.000E-02
9.4027E-02,-5.900E+00,1.600E-01
9.4067E-02,-5.700E+00,1.600E-01
9.4107E-02,-5.900E+00,2.191E-14
9.4147E-02,-5.900E+00,8.000E-02
9.4187E-02,-5.900E+00,2.191E-14
9.4227E-02,-6.100E+00,1.600E-01
9.4267E-02,-5.900E+00,2.191E-14
9.4307E-02,-5.900E+00,8.000E-02
9.4347E-02,-5.900E+00,8.000E-02
9.4387E-02,-5.900E+00,8.000E-02
9.4427E-02,-5.900E+00,2.191E-14
9.4467E-02,-5.900E+00,8.000E-02
9.4507E-02,-5.700E+00,1.600E-01
9.4547E-02,-6.100E+00,2.191E-14
9.4587E-02,-5.900E+00,-8.000E-02
9.4627E-02,-5.900E+00,1.600E-01
9.4667E-02,-5.700E+00,2.191E-14
9.4707E-02,-6.100E+00,2.191E-14
9.4747E-02,-5.900E+00,2.191E-14
9.4787E-02,-5.900E+00,8.000E-02
9.4827E-02,-5.900E+00,8.000E-02
9.4867E-02,-5.900E+00,8.000E-02
9.4907E-02,-5.900E+00,2.191E-14
9.4947E-02,-6.100E+00,8.000E-02
9.4987E-02,-6.100E+00,-8.000E-02
9.5027E-02,-5.700E+00,1.600E-01
9.5067E-02,-5.900E+00,2.191E-14
9.5107E-02,-5.900E+00,8.000E-02
9.5147E-02,-5.700E+00,8.000E-02
9.5188E-02,-5.900E+00,1.600E-01
9.5228E-02,-6.100E+00,2.191E-14
9.5268E-02,-5.900E+00,1.600E-01
9.5308E-02,-5.900E+00,1.600E-01
9.5348E-02,-6.100E+00,8.000E-02
9.5388E-02,-5.900E+00,8.000E-02
9.5428E-02,-5.700E+00,8.000E-02
9.5468E-02,-5.900E+00,8.000E-02
9.5508E-02,-5.900E+00,1.600E-01
9.5548E-02,-5.900E+00,8.000E-02
9.5588E-02,-5.900E+00,8.000E-02
9.5628E-02,-6.100E+00,1.600E-01
9.5668E-02,-5.900E+00,8.000E-02
9.5708E-02,-6.100E+00,8.000E-02
9.5748E-02,-5.900E+00,1.600E-01
9.5788E-02,-5.900E+00,2.191E-14
9.5828E-02,-5.900E+00,8.000E-02
9.5868E-02,-5.900E+00,2.191E-14
9.5908E-02,-5.900E+00,8.000E-02
9.5948E-02,-5.900E+00,8.000E-02
9.5988E-02,-5.900E+00,8.000E-02
9.6028E-02,-5.900E+00,8.000E-02
9.6068E-02,-6.100E+00,2.191E-14
9.6108E-02,-6.100E+00,8.000E-02
9.6148E-02,-5.900E+00,8.000E-02
9.6188E-02,-5.900E+00,8.000E-02
9.6228E-02,-5.700E+00,2.191E-14
9.6268E-02,-5.900E+00,8.000E-02
9.6308E-02,-5.900E+00,8.000E-02
9.6348E-02,-6.100E+00,2.191E-14
9.6388E-02,-5.900E+00,2.191E-14
9.6428E-02,-6.100E+00,2.191E-14
9.6468E-02,-6.100E+00,2.191E-14
9.6508E-02,-5.900E+00,8.000E-02
9.6548E-02,-5.900E+00,1.600E-01
9.6588E-02,-5.900E+00,1.600E-01
9.6628E-02,-6.100E+00,1.600E-01
9.6668E-02,-5.900E+00,8.000E-02
9.6708E-02,-5.900E+00,1.600E-01
9.6748E-02,-5.900E+00,8.000E-02
9.6788E-02,-5.900E+00,2.191E-14
9.6828E-02,-5.900E+00,2.191E-14
9.6868E-02,-5.700E+00,2.191E-14
9.6908E-02,-5.700E+00,8.000E-02
9.6948E-02,-6.100E+00,1.600E-01
9.6988E-02,-5.700E+00,8.000E-02
9.7028E-02,-5.900E+00,8.000E-02
9.7068E-02,-5.900E+00,8.000E-02
9.7108E-02,-5.900E+00,8.000E-02
9.7148E-02,-6.100E+00,1.600E-01
9.7189E-02,-6.100E+00,8.000E-02
9.7229E-02,-5.900E+00,8.000E-02
9.7269E-02,-5.900E+00,1.600E-01
9.7309E-02,-5.900E+00,8.000E-02
9.7349E-02,-5.900E+00,8.000E-02
9.7389E-02,-6.100E+00,8.000E-02
9.7429E-02,-5.900E+00,1.600E-01
9.7469E-02,-6.100E+00,1.600E-01
9.7509E-02,-6.100E+00,1.600E-01
9.7549E-02,-6.100E+00,8.000E-02
9.7589E-02,-6.100E+00,8.000E-02
9.7629E-02,-5.900E+00,8.000E-02
9.7669E-02,-5.900E+00,1.600E-01
9.7709E-02,-6.100E+00,2.191E-14
9.7749E-02,-5.900E+00,8.000E-02
9.7789E-02,-5.900E+00,2.191E-14
9.7829E-02,-5.900E+00,2.400E-01
9.7869E-02,-5.900E+00,1.600E-01
9.7909E-02,-5.900E+00,8.000E-02
9.7949E-02,-5.900E+00,1.600E-01
9.7989E-02,-5.900E+00,8.000E-02
9.8029E-02,-5.700E+00,2.191E-14
9.8069E-02,-5.700E+00,1.600E-01
9.8109E-02,-5.900E+00,8.000E-02
9.8149E-02,-5.900E+00,1.600E-01
9.8189E-02,-6.100E+00,1.600E-01
9.8229E-02,-6.100E+00,1.600E-01
9.8269E-02,-5.900E+00,2.191E-14
9.8309E-02,-6.100E+00,8.000E-02
9.8349E-02,-5.900E+00,8.000E-02
9.8389E-02,-5.900E+00,8.000E-02
9.8429E-02,-5.900E+00,1.600E-01
9.8469E-02,-5.700E+00,8.000E-02
9.8509E-02,-6.100E+00,2.191E-14
9.8549E-02,-5.700E+00,8.000E-02
9.8589E-02,-5.900E+00,1.600E-01
9.8629E-02,-6.100E+00,1.600E-01
9.8669E-02,-5.900E+00,8.000E-02
9.8709E-02,-6.100E+00,-1.600E-01
9.8749E-02,-5.900E+00,8.000E-02
9.8789E-02,-5.900E+00,2.191E-14
9.8829E-02,-5.900E+00,2.400E-01
9.8869E-02,-5.900E+00,1.600E-01
9.8909E-02,-5.900E+00,1.600E-01
9.8949E-02,-5.900E+00,2.191E-14
9.8989E-02,-5.900E+00,8.000E-02
9.9029E-02,-5.900E+00,1.600E-01
9.9069E-02,-6.100E+00,8.000E-02
9.9109E-02,-5.900E+00,1.600E-01
9.9149E-02,-5.900E+00,2.191E-14
9.9190E-02,-5.700E+00,8.000E-02
9.9230E-02,-5.900E+00,8.000E-02
9.9270E-02,-5.700E+00,2.191E-14
9.9310E-02,-5.900E+00,2.191E-14
9.9350E-02,-5.900E+00,8.000E-02
9.9390E-02,-5.700E+00,2.191E-14
9.9430E-02,-5.900E+00,8.000E-02
9.9470E-02,-5.900E+00,8.000E-02
9.9510E-02,-5.900E+00,2.191E-14
9.9550E-02,-5.900E+00,2.191E-14
9.9590E-02,-5.900E+00,8.000E-02
9.9630E-02,-5.900E+00,-1.600E-01
9.9670E-02,-5.900E+00,1.600E-01
9.9710E-02,-6.100E+00,8.000E-02
9.9750E-02,-5.900E+00,1.600E-01
9.9790E-02,-5.900E+00,8.000E-02
9.9830E-02,-6.100E+00,1.600E-01
9.9870E-02,-5.700E+00,8.000E-02
9.9910E-02,-5.700E+00,8.000E-02
9.9950E-02,-5.500E+00,2.191E-14
9.9990E-02,-5.900E+00,1.600E-01
1.0003E-01,-5.900E+00,2.191E-14
1.0007E-01,-6.100E+00,2.191E-14
1.0011E-01,-5.900E+00,1.600E-01
1.0015E-01,-6.100E+00,8.000E-02
1.0019E-01,-6.100E+00,1.600E-01
1.0023E-01,-6.100E+00,8.000E-02
1.0027E-01,-5.900E+00,1.600E-01
1.0031E-01,-5.700E+00,2.191E-14
1.0035E-01,-5.900E+00,1.600E-01
1.0039E-01,-5.900E+00,8.000E-02
1.0043E-01,-6.100E+00,2.191E-14
1.0047E-01,-5.900E+00,8.000E-02
1.0051E-01,-6.100E+00,8.000E-02
1.0055E-01,-6.100E+00,1.600E-01
1.0059E-01,-5.900E+00,2.191E-14
1.0063E-01,-5.900E+00,1.600E-01
1.0067E-01,-6.100E+00,2.191E-14
1.0071E-01,-5.900E+00,2.191E-14
1.0075E-01,-5.700E+00,8.000E-02
1.0079E-01,-5.900E+00,8.000E-02
1.0083E-01,-6.100E+00,1.600E-01
1.0087E-01,-6.100E+00,8.000E-02
1.0091E-01,-6.100E+00,8.000E-02
1.0095E-01,-5.900E+00,1.600E-01
1.0099E-01,-5.700E+00,8.000E-02
1.0103E-01,-6.100E+00,8.000E-02
1.0107E-01,-5.900E+00,1.600E-01
1.0111E-01,-5.900E+00,8.000E-02
1.0115E-01,-5.900E+00,2.191E-14
1.0119E-01,-5.900E+00,2.191E-14
1.0123E-01,-6.100E+00,8.000E-02
1.0127E-01,-6.100E+00,1.600E-01
1.0131E-01,-6.100E+00,2.191E-14
1.0135E-01,-5.900E+00,1.600E-01
1.0139E-01,-5.900E+00,2.191E-14
1.0143E-01,-5.900E+00,8.000E-02
1.0147E-01,-5.900E+00,1.600E-01
1.0151E-01,-5.900E+00,8.000E-02
1.0155E-01,-5.900E+00,8.000E-02
1.0159E-01,-5.900E+00,1.600E-01
1.0163E-01,-5.900E+00,1.600E-01
1.0167E-01,-6.100E+00,8.000E-02
1.0171E-01,-5.700E+00,1.600E-01
1.0175E-01,-5.900E+00,8.000E-02
1.0179E-01,-5.700E+00,2.191E-14
1.0183E-01,-5.900E+00,8.000E-02
1.0187E-01,-5.900E+00,1.600E-01
1.0191E-01,-5.700E+00,2.191E-14
1.0195E-01,-6.100E+00,1.600E-01
1.0199E-01,-5.900E+00,8.000E-02
1.0203E-01,-5.900E+00,1.600E-01
1.0207E-01,-5.900E+00,8.000E-02
1.0211E-01,-5.700E+00,8.000E-02
1.0215E-01,-5.900E+00,1.600E-01
1.0219E-01,-5.900E+00,8.000E-02
1.0223E-01,-5.900E+00,1.600E-01
1.0227E-01,-6.100E+00,2.191E-14
1.0231E-01,-5.900E+00,1.600E-01
1.0235E-01,-5.900E+00,8.000E-02
1.0239E-01,-5.900E+00,8.000E-02
1.0243E-01,-5.900E+00,-8.000E-02
1.0247E-01,-5.900E+00,8.000E-02
1.0251E-01,-5.900E+00,2.191E-14
1.0255E-01,-5.700E+00,8.000E-02
1.0259E-01,-5.900E+00,8.000E-02
1.0263E-01,-5.900E+00,2.191E-14
1.0267E-01,-5.900E+00,8.000E-02
1.0271E-01,-6.100E+00,1.600E-01
1.0275E-01,-6.100E+00,8.000E-02
1.0279E-01,-5.900E+00,8.000E-02
1.0283E-01,-5.900E+00,8.000E-02
1.0287E-01,-5.700E+00,1.600E-01
1.0291E-01,-5.900E+00,2.191E-14
1.0295E-01,-5.700E+00,8.000E-02
1.0299E-01,-5.900E+00,1.600E-01
1.0303E-01,-5.900E+00,1.600E-01
1.0307E-01,-6.100E+00,2.191E-14
1.0311E-01,-6.100E+00,8.000E-02
1.0315E-01,-5.900E+00,8.000E-02
1.0319E-01,-6.100E+00,1.600E-01
1.0323E-01,-5.700E+00,-8.000E-02
1.0327E-01,-5.900E+00,2.191E-14
1.0331E-01,-5.900E+00,2.191E-14
1.0335E-01,-5.900E+00,2.400E-01
1.0339E-01,-5.900E+00,2.191E-14
1.0343E-01,-5.900E+00,2.191E-14
1.0347E-01,-5.900E+00,2.400E-01
1.0351E-01,-6.100E+00,8.000E-02
1.0355E-01,-5.900E+00,8.000E-02
1.0359E-01,-5.700E+00,2.191E-14
1.0363E-01,-5.900E+00,8.000E-02
1.0367E-01,-5.700E+00,2.191E-14
1.0371E-01,-5.900E+00,2.191E-14
1.0375E-01,-5.700E+00,8.000E-02
1.0379E-01,-5.900E+00,2.191E-14
1.0383E-01,-5.700E+00,1.600E-01
1.0387E-01,-6.100E+00,8.000E-02
1.0391E-01,-5.700E+00,2.191E-14
1.0395E-01,-5.900E+00,8.000E-02
1.0399E-01,-5.500E+00,8.000E-02
1.0403E-01,-5.900E+00,2.191E-14
1.0407E-01,-5.900E+00,1.600E-01
1.0411E-01,-6.100E+00,2.191E-14
1.0415E-01,-6.100E+00,2.191E-14
1.0419E-01,-5.900E+00,8.000E-02
1.0423E-01,-5.900E+00,8.000E-02
1.0427E-01,-5.900E+00,1.600E-01
1.0431E-01,-6.100E+00,1.600E-01
1.0435E-01,-5.900E+00,2.191E-14
1.0439E-01,-5.700E+00,8.000E-02
1.0443E-01,-5.900E+00,8.000E-02
1.0447E-01,-5.900E+00,1.600E-01
1.0451E-01,-5.700E+00,2.191E-14
1.0455E-01,-6.100E+00,8.000E-02
1.0459E-01,-5.900E+00,2.191E-14
1.0463E-01,-6.100E+00,1.600E-01
1.0467E-01,-6.100E+00,1.600E-01
1.0471E-01,-5.700E+00,2.191E-14
1.0475E-01,-5.900E+00,8.000E-02
1.0479E-01,-5.900E+00,1.600E-01
1.0483E-01,-5.900E+00,8.000E-02
1.0487E-01,-5.900E+00,2.191E-14
1.0491E-01,-6.100E+00,8.000E-02
1.0495E-01,-5.900E+00,2.191E-14
1.0499E-01,-5.900E+00,2.191E-14
1.0503E-01,-6.100E+00,8.000E-02
1.0507E-01,-5.900E+00,8.000E-02
1.0511E-01,-5.900E+00,1.600E-01
1.0515E-01,-5.900E+00,2.191E-14
1.0519E-01,-5.900E+00,2.400E-01
1.0523E-01,-5.900E+00,2.400E-01
1.0527E-01,-6.100E+00,2.400E-01
1.0531E-01,-6.100E+00,8.000E-02
1.0535E-01,-6.100E+00,8.000E-02
1.0539E-01,-6.100E+00,1.600E-01
1.0543E-01,-5.900E+00,1.600E-01
1.0547E-01,-5.900E+00,1.600E-01
1.0551E-01,-5.900E+00,1.600E-01
1.0555E-01,-5.900E+00,8.000E-02
1.0559E-01,-5.900E+00,8.000E-02
1.0563E-01,-5.900E+00,8.000E-02
1.0567E-01,-5.900E+00,2.191E-14
1.0571E-01,-5.900E+00,1.600E-01
1.0575E-01,-5.900E+00,1.600E-01
1.0579E-01,-6.100E+00,8.000E-02
1.0583E-01,-5.900E+00,2.191E-14
1.0587E-01,-5.900E+00,8.000E-02
1.0591E-01,-5.700E+00,2.400E-01
1.0595E-01,-5.900E+00,2.191E-14
1.0599E-01,-5.900E+00,2.191E-14
1.0603E-01,-5.900E+00,2.400E-01
1.0607E-01,-5.900E+00,1.600E-01
1.0611E-01,-6.100E+00,8.000E-02
1.0615E-01,-6.100E+00,1.600E-01
1.0619E-01,-6.100E+00,8.000E-02
1.0623E-01,-5.700E+00,8.000E-02
1.0627E-01,-5.900E+00,8.000E-02
1.0631E-01,-5.900E+00,8.000E-02
1.0635E-01,-5.900E+00,2.191E-14
1.0639E-01,-5.700E+00,8.000E-02
1.0643E-01,-6.100E+00,1.600E-01
1.0647E-01,-5.900E+00,2.191E-14
1.0651E-01,-5.900E+00,8.000E-02
1.0655E-01,-5.700E+00,2.191E-14
1.0659E-01,-5.700E+00,8.000E-02
1.0663E-01,-5.900E+00,1.600E-01
1.0667E-01,-5.900E+00,8.000E-02
1.0671E-01,-5.700E+00,1.600E-01
1.0675E-01,-5.900E+00,2.191E-14
1.0679E-01,-5.900E+00,1.600E-01
1.0683E-01,-6.100E+00,8.000E-02
1.0687E-01,-6.100E+00,2.191E-14
1.0691E-01,-6.100E+00,8.000E-02
1.0695E-01,-5.900E+00,2.191E-14
1.0699E-01,-5.900E+00,1.600E-01
1.0703E-01,-5.900E+00,1.600E-01
1.0707E-01,-5.900E+00,8.000E-02
1.0711E-01,-6.100E+00,8.000E-02
1.0715E-01,-5.900E+00,8.000E-02
1.0719E-01,-6.100E+00,2.191E-14
1.0723E-01,-6.100E+00,2.191E-14
1.0727E-01,-5.900E+00,8.000E-02
1.0731E-01,-5.900E+00,2.191E-14
1.0735E-01,-6.100E+00,8.000E-02
1.0739E-01,-6.100E+00,8.000E-02
1.0743E-01,-6.100E+00,8.000E-02
1.0747E-01,-5.900E+00,2.191E-14
1.0751E-01,-5.900E+00,1.600E-01
1.0755E-01,-6.100E+00,8.000E-02
1.0759E-01,-6.100E+00,8.000E-02
1.0763E-01,-6.100E+00,2.191E-14
1.0767E-01,-5.900E+00,1.600E-01
1.0771E-01,-5.900E+00,1.600E-01
1.0775E-01,-5.900E+00,1.600E-01
1.0779E-01,-5.900E+00,2.191E-14
1.0783E-01,-5.900E+00,8.000E-02
1.0787E-01,-6.100E+00,1.600E-01
1.0791E-01,-5.900E+00,2.191E-14
1.0795E-01,-6.100E+00,8.000E-02
1.0799E-01,-6.100E+00,8.000E-02
1.0803E-01,-5.900E+00,2.191E-14
1.0807E-01,-5.900E+00,8.000E-02
1.0811E-01,-5.700E+00,1.600E-01
1.0815E-01,-5.900E+00,2.191E-14
1.0819E-01,-5.700E+00,2.191E-14
1.0823E-01,-5.900E+00,8.000E-02
1.0827E-01,-5.900E+00,1.600E-01
1.0831E-01,-5.900E+00,2.400E-01
1.0835E-01,-6.100E+00,8.000E-02
1.0839E-01,-5.900E+00,2.191E-14
1.0843E-01,-5.900E+00,2.191E-14
1.0847E-01,-5.700E+00,1.600E-01
1.0851E-01,-5.700E+00,8.000E-02
1.0855E-01,-5.900E+00,2.191E-14
1.0859E-01,-5.900E+00,1.600E-01
1.0863E-01,-5.900E+00,-8.000E-02
1.0867E-01,-6.100E+00,8.000E-02
1.0871E-01,-6.100E+00,8.000E-02
1.0875E-01,-5.900E+00,-8.000E-02
1.0879E-01,-5.900E+00,1.600E-01
1.0883E-01,-5.900E+00,2.191E-14
1.0887E-01,-5.900E+00,8.000E-02
1.0891E-01,-5.900E+00,8.000E-02
1.0895E-01,-5.900E+00,8.000E-02
1.0899E-01,-5.900E+00,2.191E-14
1.0903E-01,-5.900E+00,2.191E-14
1.0907E-01,-5.900E+00,8.000E-02
1.0911E-01,-5.900E+00,8.000E-02
1.0915E-01,-6.100E+00,8.000E-02
1.0919E-01,-5.700E+00,8.000E-02
1.0923E-01,-5.900E+00,8.000E-02
1.0927E-01,-5.900E+00,2.400E-01
1.0931E-01,-5.900E+00,2.191E-14
1.0935E-01,-6.100E+00,1.600E-01
1.0939E-01,-5.900E+00,8.000E-02
1.0943E-01,-5.900E+00,1.600E-01
1.0947E-01,-5.900E+00,2.191E-14
1.0951E-01,-6.100E+00,8.000E-02
1.0955E-01,-5.900E+00,1.600E-01
1.0959E-01,-5.700E+00,8.000E-02
1.0963E-01,-5.900E+00,2.191E-14
1.0967E-01,-5.900E+00,8.000E-02
1.0971E-01,-5.900E+00,8.000E-02
1.0975E-01,-5.900E+00,2.191E-14
1.0979E-01,-5.900E+00,1.600E-01
1.0983E-01,-5.900E+00,1.600E-01
1.0987E-01,-5.900E+00,1.600E-01
1.0991E-01,-5.900E+00,8.000E-02
1.0995E-01,-5.900E+00,1.600E-01
1.0999E-01,-5.900E+00,8.000E-02
1.1003E-01,-5.900E+00,8.000E-02
1.1007E-01,-5.700E+00,2.191E-14
1.1011E-01,-5.900E+00,2.191E-14
1.1015E-01,-5.900E+00,8.000E-02
1.1020E-01,-6.100E+00,8.000E-02
1.1024E-01,-5.900E+00,8.000E-02
1.1028E-01,-5.900E+00,1.600E-01
1.1032E-01,-5.700E+00,1.600E-01
1.1036E-01,-5.900E+00,1.600E-01
1.1040E-01,-5.900E+00,8.000E-02
1.1044E-01,-5.700E+00,1.600E-01
1.1048E-01,-5.900E+00,8.000E-02
1.1052E-01,-5.900E+00,8.000E-02
1.1056E-01,-5.700E+00,2.191E-14
1.1060E-01,-5.900E+00,8.000E-02
1.1064E-01,-6.100E+00,8.000E-02
1.1068E-01,-5.900E+00,1.600E-01
1.1072E-01,-5.900E+00,1.600E-01
1.1076E-01,-5.900E+00,8.000E-02
1.1080E-01,-5.700E+00,8.000E-02
1.1084E-01,-5.900E+00,8.000E-02
1.1088E-01,-5.900E+00,2.400E-01
1.1092E-01,-5.900E+00,2.191E-14
1.1096E-01,-6.100E+00,2.191E-14
1.1100E-01,-5.900E+00,1.600E-01
1.1104E-01,-5.900E+00,8.000E-02
1.1108E-01,-5.900E+00,-8.000E-02
1.1112E-01,-5.900E+00,2.191E-14
1.1116E-01,-5.900E+00,8.000E-02
1.1120E-01,-5.900E+00,-8.000E-02
1.1124E-01,-6.100E+00,8.000E-02
1.1128E-01,-5.900E+00,2.191E-14
1.1132E-01,-6.100E+00,1.600E-01
1.1136E-01,-5.900E+00,8.000E-02
1.1140E-01,-5.900E+00,1.600E-01
1.1144E-01,-5.700E+00,2.191E-14
1.1148E-01,-5.900E+00,2.191E-14
1.1152E-01,-5.900E+00,8.000E-02
1.1156E-01,-5.700E+00,1.600E-01
1.1160E-01,-6.100E+00,1.600E-01
1.1164E-01,-5.900E+00,8.000E-02
1.1168E-01,-6.100E+00,8.000E-02
1.1172E-01,-6.100E+00,8.000E-02
1.1176E-01,-6.100E+00,1.600E-01
1.1180E-01,-5.700E+00,8.000E-02
1.1184E-01,-5.700E+00,2.191E-14
1.1188E-01,-5.900E+00,8.000E-02
1.1192E-01,-6.100E+00,8.000E-02
1.1196E-01,-5.900E+00,2.191E-14
1.1200E-01,-5.900E+00,8.000E-02
1.1204E-01,-5.900E+00,-8.000E-02
1.1208E-01,-6.100E+00,8.000E-02
1.1212E-01,-5.900E+00,1.600E-01
1.1216E-01,-5.900E+00,1.600E-01
1.1220E-01,-5.900E+00,1.600E-01
1.1224E-01,-5.900E+00,2.191E-14
1.1228E-01,-5.900E+00,1.600E-01
1.1232E-01,-6.100E+00,1.600E-01
1.1236E-01,-5.900E+00,1.600E-01
1.1240E-01,-5.900E+00,8.000E-02
1.1244E-01,-5.900E+00,8.000E-02
1.1248E-01,-5.900E+00,2.400E-01
1.1252E-01,-6.100E+00,8.000E-02
1.1256E-01,-5.700E+00,2.400E-01
1.1260E-01,-5.900E+00,8.000E-02
1.1264E-01,-5.900E+00,8.000E-02
1.1268E-01,-5.900E+00,-8.000E-02
1.1272E-01,-6.100E+00,8.000E-02
1.1276E-01,-5.900E+00,1.600E-01
1.1280E-01,-6.100E+00,8.000E-02
1.1284E-01,-6.100E+00,2.191E-14
1.1288E-01,-5.900E+00,8.000E-02
1.1292E-01,-5.900E+00,8.000E-02
1.1296E-01,-5.900E+00,2.191E-14
1.1300E-01,-5.900E+00,8.000E-02
1.1304E-01,-5.900E+00,1.600E-01
1.1308E-01,-5.700E+00,8.000E-02
1.1312E-01,-5.900E+00,1.600E-01
1.1316E-01,-5.900E+00,2.191E-14
1.1320E-01,-6.100E+00,8.000E-02
1.1324E-01,-6.100E+00,8.000E-02
1.1328E-01,-5.900E+00,1.600E-01
1.1332E-01,-5.900E+00,8.000E-02
1.1336E-01,-5.900E+00,8.000E-02
1.1340E-01,-5.900E+00,2.191E-14
1.1344E-01,-5.900E+00,1.600E-01
1.1348E-01,-5.900E+00,2.191E-14
1.1352E-01,-5.900E+00,8.000E-02
1.1356E-01,-6.100E+00,8.000E-02
1.1360E-01,-5.900E+00,2.191E-14
1.1364E-01,-6.100E+00,2.191E-14
1.1368E-01,-5.900E+00,2.191E-14
1.1372E-01,-5.700E+00,8.000E-02
1.1376E-01,-5.700E+00,1.600E-01
1.1380E-01,-5.900E+00,8.000E-02
1.1384E-01,-5.900E+00,8.000E-02
1.1388E-01,-5.900E+00,2.191E-14
1.1392E-01,-5.900E+00,1.600E-01
1.1396E-01,-5.700E+00,8.000E-02
1.1400E-01,-5.900E+00,2.191E-14
1.1404E-01,-5.700E+00,8.000E-02
1.1408E-01,-5.900E+00,8.000E-02
1.1412E-01,-5.700E+00,8.000E-02
1.1416E-01,-5.900E+00,2.400E-01
1.1420E-01,-5.700E+00,8.000E-02
1.1424E-01,-5.700E+00,8.000E-02
1.1428E-01,-5.900E+00,8.000E-02
1.1432E-01,-5.900E+00,-8.000E-02
1.1436E-01,-5.900E+00,1.600E-01
1.1440E-01,-5.900E+00,2.191E-14
1.1444E-01,-5.900E+00,8.000E-02
1.1448E-01,-5.900E+00,1.600E-01
1.1452E-01,-5.900E+00,8.000E-02
1.1456E-01,-5.900E+00,8.000E-02
1.1460E-01,-5.900E+00,8.000E-02
1.1464E-01,-6.100E+00,8.000E-02
1.1468E-01,-5.900E+00,2.191E-14
1.1472E-01,-6.100E+00,8.000E-02
1.1476E-01,-5.900E+00,8.000E-02
1.1480E-01,-5.900E+00,2.400E-01
1.1484E-01,-5.900E+00,1.600E-01
1.1488E-01,-5.900E+00,8.000E-02
1.1492E-01,-5.900E+00,1.600E-01
1.1496E-01,-5.700E+00,1.600E-01
1.1500E-01,-5.900E+00,2.191E-14
1.1504E-01,-5.900E+00,1.600E-01
1.1508E-01,-6.100E+00,8.000E-02
1.1512E-01,-5.900E+00,1.600E-01
1.1516E-01,-5.900E+00,1.600E-01
1.1520E-01,-5.900E+00,8.000E-02
1.1524E-01,-5.900E+00,8.000E-02
1.1528E-01,-5.700E+00,8.000E-02
1.1532E-01,-5.900E+00,8.000E-02
1.1536E-01,-6.100E+00,-8.000E-02
1.1540E-01,-5.900E+00,8.000E-02
1.1544E-01,-5.900E+00,8.000E-02
1.1548E-01,-5.900E+00,8.000E-02
1.1552E-01,-5.700E+00,8.000E-02
1.1556E-01,-5.700E+00,1.600E-01
1.1560E-01,-5.900E+00,1.600E-01
1.1564E-01,-5.900E+00,1.600E-01
1.1568E-01,-5.900E+00,8.000E-02
1.1572E-01,-6.100E+00,1.600E-01
1.1576E-01,-5.900E+00,8.000E-02
1.1580E-01,-5.700E+00,2.191E-14
1.1584E-01,-5.900E+00,8.000E-02
1.1588E-01,-5.900E+00,8.000E-02
1.1592E-01,-5.700E+00,8.000E-02
1.1596E-01,-6.100E+00,8.000E-02
1.1600E-01,-6.100E+00,8.000E-02
1.1604E-01,-5.900E+00,8.000E-02
1.1608E-01,-5.900E+00,1.600E-01
1.1612E-01,-5.700E+00,8.000E-02
1.1616E-01,-5.900E+00,8.000E-02
1.1620E-01,-6.100E+00,8.000E-02
1.1624E-01,-6.100E+00,8.000E-02
1.1628E-01,-5.900E+00,2.191E-14
1.1632E-01,-5.900E+00,8.000E-02
1.1636E-01,-5.900E+00,2.191E-14
1.1640E-01,-5.900E+00,8.000E-02
1.1644E-01,-5.700E+00,2.191E-14
1.1648E-01,-6.100E+00,1.600E-01
1.1652E-01,-6.100E+00,8.000E-02
1.1656E-01,-6.100E+00,1.600E-01
1.1660E-01,-6.100E+00,8.000E-02
1.1664E-01,-5.700E+00,2.191E-14
1.1668E-01,-5.900E+00,2.191E-14
1.1672E-01,-5.900E+00,8.000E-02
1.1676E-01,-6.100E+00,8.000E-02
1.1680E-01,-6.100E+00,8.000E-02
1.1684E-01,-5.700E+00,2.191E-14
1.1688E-01,-5.900E+00,2.191E-14
1.1692E-01,-5.900E+00,2.191E-14
1.1696E-01,-5.900E+00,1.600E-01
1.1700E-01,-5.900E+00,8.000E-02
1.1704E-01,-5.900E+00,2.191E-14
1.1708E-01,-5.900E+00,2.191E-14
1.1712E-01,-5.900E+00,1.600E-01
1.1716E-01,-5.900E+00,2.191E-14
1.1720E-01,-5.700E+00,1.600E-01
1.1724E-01,-6.100E+00,8.000E-02
1.1728E-01,-5.900E+00,8.000E-02
1.1732E-01,-5.900E+00,8.000E-02
1.1736E-01,-5.900E+00,2.191E-14
1.1740E-01,-5.700E+00,1.600E-01
1.1744E-01,-5.900E+00,2.191E-14
1.1748E-01,-5.900E+00,8.000E-02
1.1752E-01,-5.700E+00,8.000E-02
1.1756E-01,-6.100E+00,8.000E-02
1.1760E-01,-5.900E+00,8.000E-02
1.1764E-01,-6.100E+00,8.000E-02
1.1768E-01,-6.100E+00,8.000E-02
1.1772E-01,-6.100E+00,-8.000E-02
1.1776E-01,-5.700E+00,8.000E-02
1.1780E-01,-5.900E+00,8.000E-02
1.1784E-01,-5.700E+00,8.000E-02
1.1788E-01,-5.900E+00,2.191E-14
1.1792E-01,-5.900E+00,8.000E-02
1.1796E-01,-6.100E+00,8.000E-02
1.1800E-01,-6.100E+00,2.191E-14
1.1804E-01,-5.900E+00,8.000E-02
1.1808E-01,-6.100E+00,8.000E-02
1.1812E-01,-5.900E+00,8.000E-02
1.1816E-01,-6.100E+00,1.600E-01
1.1820E-01,-5.700E+00,2.191E-14
1.1824E-01,-5.900E+00,1.600E-01
1.1828E-01,-5.900E+00,1.600E-01
1.1832E-01,-5.900E+00,1.600E-01
1.1836E-01,-6.100E+00,2.400E-01
1.1840E-01,-6.100E+00,2.191E-14
1.1844E-01,-5.900E+00,1.600E-01
1.1848E-01,-5.700E+00,1.600E-01
1.1852E-01,-5.700E+00,1.600E-01
1.1856E-01,-5.900E+00,1.600E-01
1.1860E-01,-5.900E+00,2.191E-14
1.1864E-01,-6.100E+00,8.000E-02
1.1868E-01,-5.900E+00,8.000E-02
1.1872E-01,-5.700E+00,8.000E-02
1.1876E-01,-5.900E+00,8.000E-02
1.1880E-01,-6.100E+00,8.000E-02
1.1884E-01,-5.900E+00,2.191E-14
1.1888E-01,-5.700E+00,1.600E-01
1.1892E-01,-5.700E+00,8.000E-02
1.1896E-01,-5.900E+00,8.000E-02
1.1900E-01,-5.900E+00,8.000E-02
1.1904E-01,-5.900E+00,1.600E-01
1.1908E-01,-5.900E+00,2.400E-01
1.1912E-01,-5.900E+00,2.191E-14
1.1916E-01,-6.100E+00,2.400E-01
1.1920E-01,-6.100E+00,1.600E-01
1.1924E-01,-6.100E+00,2.191E-14
1.1928E-01,-5.900E+00,8.000E-02
1.1932E-01,-5.900E+00,2.191E-14
1.1936E-01,-5.700E+00,8.000E-02
1.1940E-01,-6.100E+00,1.600E-01
1.1944E-01,-5.900E+00,8.000E-02
1.1948E-01,-6.100E+00,8.000E-02
1.1952E-01,-5.900E+00,1.600E-01
1.1956E-01,-5.900E+00,-8.000E-02
1.1960E-01,-5.900E+00,1.600E-01
1.1964E-01,-5.700E+00,8.000E-02
1.1968E-01,-5.900E+00,8.000E-02
1.1972E-01,-5.900E+00,8.000E-02
1.1976E-01,-5.700E+00,2.191E-14
1.1980E-01,-6.100E+00,2.191E-14
1.1984E-01,-5.700E+00,8.000E-02
1.1988E-01,-6.100E+00,8.000E-02
1.1992E-01,-6.100E+00,8.000E-02
1.1996E-01,-5.900E+00,8.000E-02
